/* The font vlw file can be converted to a byte array using:

   https://tomeko.net/online_tools/file_to_hex.php?lang=en

   Paste the byte array into a sketch tab and add two lines
   at the start with a unique font name:

                const uint8_t  fontName[] PROGMEM = {

   At the end add:

        };

   See example below. Include the tab in the main sketch, e.g.:

        #include "NotoSans15.h"
*/


const uint8_t  NotoSansDisplay15[] PROGMEM = {
0x00, 0x00, 0x01, 0x0B, 0x00, 0x00, 0x00, 0x0B, 0x00, 0x00, 0x00, 0x0F, 0x00, 0x00, 0x00, 0x00, 
0x00, 0x00, 0x00, 0x0B, 0x00, 0x00, 0x00, 0x04, 0x00, 0x00, 0x00, 0x21, 0x00, 0x00, 0x00, 0x0A, 
0x00, 0x00, 0x00, 0x03, 0x00, 0x00, 0x00, 0x04, 0x00, 0x00, 0x00, 0x0A, 0x00, 0x00, 0x00, 0x01, 
0x00, 0x00, 0x00, 0x00, 0x00, 0x00, 0x00, 0x22, 0x00, 0x00, 0x00, 0x03, 0x00, 0x00, 0x00, 0x05, 
0x00, 0x00, 0x00, 0x06, 0x00, 0x00, 0x00, 0x0A, 0x00, 0x00, 0x00, 0x01, 0x00, 0x00, 0x00, 0x00, 
0x00, 0x00, 0x00, 0x23, 0x00, 0x00, 0x00, 0x0A, 0x00, 0x00, 0x00, 0x09, 0x00, 0x00, 0x00, 0x09, 
0x00, 0x00, 0x00, 0x0A, 0x00, 0x00, 0x00, 0x00, 0x00, 0x00, 0x00, 0x00, 0x00, 0x00, 0x00, 0x24, 
0x00, 0x00, 0x00, 0x0C, 0x00, 0x00, 0x00, 0x08, 0x00, 0x00, 0x00, 0x08, 0x00, 0x00, 0x00, 0x0B, 
0x00, 0x00, 0x00, 0x00, 0x00, 0x00, 0x00, 0x00, 0x00, 0x00, 0x00, 0x25, 0x00, 0x00, 0x00, 0x0A, 
0x00, 0x00, 0x00, 0x0C, 0x00, 0x00, 0x00, 0x0C, 0x00, 0x00, 0x00, 0x0A, 0x00, 0x00, 0x00, 0x00, 
0x00, 0x00, 0x00, 0x00, 0x00, 0x00, 0x00, 0x26, 0x00, 0x00, 0x00, 0x0A, 0x00, 0x00, 0x00, 0x0B, 
0x00, 0x00, 0x00, 0x0B, 0x00, 0x00, 0x00, 0x0A, 0x00, 0x00, 0x00, 0x00, 0x00, 0x00, 0x00, 0x00, 
0x00, 0x00, 0x00, 0x27, 0x00, 0x00, 0x00, 0x03, 0x00, 0x00, 0x00, 0x03, 0x00, 0x00, 0x00, 0x03, 
0x00, 0x00, 0x00, 0x0A, 0x00, 0x00, 0x00, 0x00, 0x00, 0x00, 0x00, 0x00, 0x00, 0x00, 0x00, 0x28, 
0x00, 0x00, 0x00, 0x0D, 0x00, 0x00, 0x00, 0x05, 0x00, 0x00, 0x00, 0x04, 0x00, 0x00, 0x00, 0x0A, 
0x00, 0x00, 0x00, 0x00, 0x00, 0x00, 0x00, 0x00, 0x00, 0x00, 0x00, 0x29, 0x00, 0x00, 0x00, 0x0D, 
0x00, 0x00, 0x00, 0x05, 0x00, 0x00, 0x00, 0x05, 0x00, 0x00, 0x00, 0x0A, 0x00, 0x00, 0x00, 0x00, 
0x00, 0x00, 0x00, 0x00, 0x00, 0x00, 0x00, 0x2A, 0x00, 0x00, 0x00, 0x07, 0x00, 0x00, 0x00, 0x08, 
0x00, 0x00, 0x00, 0x08, 0x00, 0x00, 0x00, 0x0B, 0x00, 0x00, 0x00, 0x00, 0x00, 0x00, 0x00, 0x00, 
0x00, 0x00, 0x00, 0x2B, 0x00, 0x00, 0x00, 0x07, 0x00, 0x00, 0x00, 0x07, 0x00, 0x00, 0x00, 0x09, 
0x00, 0x00, 0x00, 0x09, 0x00, 0x00, 0x00, 0x01, 0x00, 0x00, 0x00, 0x00, 0x00, 0x00, 0x00, 0x2C, 
0x00, 0x00, 0x00, 0x04, 0x00, 0x00, 0x00, 0x03, 0x00, 0x00, 0x00, 0x04, 0x00, 0x00, 0x00, 0x02, 
0x00, 0x00, 0x00, 0x00, 0x00, 0x00, 0x00, 0x00, 0x00, 0x00, 0x00, 0x2D, 0x00, 0x00, 0x00, 0x02, 
0x00, 0x00, 0x00, 0x03, 0x00, 0x00, 0x00, 0x05, 0x00, 0x00, 0x00, 0x05, 0x00, 0x00, 0x00, 0x01, 
0x00, 0x00, 0x00, 0x00, 0x00, 0x00, 0x00, 0x2E, 0x00, 0x00, 0x00, 0x02, 0x00, 0x00, 0x00, 0x03, 
0x00, 0x00, 0x00, 0x03, 0x00, 0x00, 0x00, 0x02, 0x00, 0x00, 0x00, 0x00, 0x00, 0x00, 0x00, 0x00, 
0x00, 0x00, 0x00, 0x2F, 0x00, 0x00, 0x00, 0x0A, 0x00, 0x00, 0x00, 0x06, 0x00, 0x00, 0x00, 0x05, 
0x00, 0x00, 0x00, 0x0A, 0x00, 0x00, 0x00, 0x00, 0x00, 0x00, 0x00, 0x00, 0x00, 0x00, 0x00, 0x30, 
0x00, 0x00, 0x00, 0x0A, 0x00, 0x00, 0x00, 0x08, 0x00, 0x00, 0x00, 0x08, 0x00, 0x00, 0x00, 0x0A, 
0x00, 0x00, 0x00, 0x00, 0x00, 0x00, 0x00, 0x00, 0x00, 0x00, 0x00, 0x31, 0x00, 0x00, 0x00, 0x0A, 
0x00, 0x00, 0x00, 0x05, 0x00, 0x00, 0x00, 0x08, 0x00, 0x00, 0x00, 0x0A, 0x00, 0x00, 0x00, 0x01, 
0x00, 0x00, 0x00, 0x00, 0x00, 0x00, 0x00, 0x32, 0x00, 0x00, 0x00, 0x0A, 0x00, 0x00, 0x00, 0x07, 
0x00, 0x00, 0x00, 0x08, 0x00, 0x00, 0x00, 0x0A, 0x00, 0x00, 0x00, 0x01, 0x00, 0x00, 0x00, 0x00, 
0x00, 0x00, 0x00, 0x33, 0x00, 0x00, 0x00, 0x0A, 0x00, 0x00, 0x00, 0x08, 0x00, 0x00, 0x00, 0x08, 
0x00, 0x00, 0x00, 0x0A, 0x00, 0x00, 0x00, 0x00, 0x00, 0x00, 0x00, 0x00, 0x00, 0x00, 0x00, 0x34, 
0x00, 0x00, 0x00, 0x0A, 0x00, 0x00, 0x00, 0x08, 0x00, 0x00, 0x00, 0x08, 0x00, 0x00, 0x00, 0x0A, 
0x00, 0x00, 0x00, 0x01, 0x00, 0x00, 0x00, 0x00, 0x00, 0x00, 0x00, 0x35, 0x00, 0x00, 0x00, 0x0A, 
0x00, 0x00, 0x00, 0x08, 0x00, 0x00, 0x00, 0x08, 0x00, 0x00, 0x00, 0x0A, 0x00, 0x00, 0x00, 0x00, 
0x00, 0x00, 0x00, 0x00, 0x00, 0x00, 0x00, 0x36, 0x00, 0x00, 0x00, 0x0A, 0x00, 0x00, 0x00, 0x08, 
0x00, 0x00, 0x00, 0x08, 0x00, 0x00, 0x00, 0x0A, 0x00, 0x00, 0x00, 0x00, 0x00, 0x00, 0x00, 0x00, 
0x00, 0x00, 0x00, 0x37, 0x00, 0x00, 0x00, 0x0A, 0x00, 0x00, 0x00, 0x07, 0x00, 0x00, 0x00, 0x08, 
0x00, 0x00, 0x00, 0x0A, 0x00, 0x00, 0x00, 0x01, 0x00, 0x00, 0x00, 0x00, 0x00, 0x00, 0x00, 0x38, 
0x00, 0x00, 0x00, 0x0A, 0x00, 0x00, 0x00, 0x08, 0x00, 0x00, 0x00, 0x08, 0x00, 0x00, 0x00, 0x0A, 
0x00, 0x00, 0x00, 0x00, 0x00, 0x00, 0x00, 0x00, 0x00, 0x00, 0x00, 0x39, 0x00, 0x00, 0x00, 0x0A, 
0x00, 0x00, 0x00, 0x08, 0x00, 0x00, 0x00, 0x08, 0x00, 0x00, 0x00, 0x0A, 0x00, 0x00, 0x00, 0x00, 
0x00, 0x00, 0x00, 0x00, 0x00, 0x00, 0x00, 0x3A, 0x00, 0x00, 0x00, 0x08, 0x00, 0x00, 0x00, 0x03, 
0x00, 0x00, 0x00, 0x03, 0x00, 0x00, 0x00, 0x08, 0x00, 0x00, 0x00, 0x00, 0x00, 0x00, 0x00, 0x00, 
0x00, 0x00, 0x00, 0x3B, 0x00, 0x00, 0x00, 0x0A, 0x00, 0x00, 0x00, 0x03, 0x00, 0x00, 0x00, 0x03, 
0x00, 0x00, 0x00, 0x08, 0x00, 0x00, 0x00, 0x00, 0x00, 0x00, 0x00, 0x00, 0x00, 0x00, 0x00, 0x3C, 
0x00, 0x00, 0x00, 0x08, 0x00, 0x00, 0x00, 0x07, 0x00, 0x00, 0x00, 0x08, 0x00, 0x00, 0x00, 0x09, 
0x00, 0x00, 0x00, 0x01, 0x00, 0x00, 0x00, 0x00, 0x00, 0x00, 0x00, 0x3D, 0x00, 0x00, 0x00, 0x05, 
0x00, 0x00, 0x00, 0x06, 0x00, 0x00, 0x00, 0x08, 0x00, 0x00, 0x00, 0x07, 0x00, 0x00, 0x00, 0x01, 
0x00, 0x00, 0x00, 0x00, 0x00, 0x00, 0x00, 0x3E, 0x00, 0x00, 0x00, 0x08, 0x00, 0x00, 0x00, 0x07, 
0x00, 0x00, 0x00, 0x08, 0x00, 0x00, 0x00, 0x09, 0x00, 0x00, 0x00, 0x01, 0x00, 0x00, 0x00, 0x00, 
0x00, 0x00, 0x00, 0x3F, 0x00, 0x00, 0x00, 0x0A, 0x00, 0x00, 0x00, 0x07, 0x00, 0x00, 0x00, 0x07, 
0x00, 0x00, 0x00, 0x0A, 0x00, 0x00, 0x00, 0x00, 0x00, 0x00, 0x00, 0x00, 0x00, 0x00, 0x00, 0x40, 
0x00, 0x00, 0x00, 0x0C, 0x00, 0x00, 0x00, 0x0D, 0x00, 0x00, 0x00, 0x0D, 0x00, 0x00, 0x00, 0x0A, 
0x00, 0x00, 0x00, 0x00, 0x00, 0x00, 0x00, 0x00, 0x00, 0x00, 0x00, 0x41, 0x00, 0x00, 0x00, 0x0A, 
0x00, 0x00, 0x00, 0x0A, 0x00, 0x00, 0x00, 0x09, 0x00, 0x00, 0x00, 0x0A, 0x00, 0x00, 0x00, 0x00, 
0x00, 0x00, 0x00, 0x00, 0x00, 0x00, 0x00, 0x42, 0x00, 0x00, 0x00, 0x0A, 0x00, 0x00, 0x00, 0x09, 
0x00, 0x00, 0x00, 0x0A, 0x00, 0x00, 0x00, 0x0A, 0x00, 0x00, 0x00, 0x01, 0x00, 0x00, 0x00, 0x00, 
0x00, 0x00, 0x00, 0x43, 0x00, 0x00, 0x00, 0x0A, 0x00, 0x00, 0x00, 0x09, 0x00, 0x00, 0x00, 0x09, 
0x00, 0x00, 0x00, 0x0A, 0x00, 0x00, 0x00, 0x00, 0x00, 0x00, 0x00, 0x00, 0x00, 0x00, 0x00, 0x44, 
0x00, 0x00, 0x00, 0x0A, 0x00, 0x00, 0x00, 0x0A, 0x00, 0x00, 0x00, 0x0B, 0x00, 0x00, 0x00, 0x0A, 
0x00, 0x00, 0x00, 0x01, 0x00, 0x00, 0x00, 0x00, 0x00, 0x00, 0x00, 0x45, 0x00, 0x00, 0x00, 0x0A, 
0x00, 0x00, 0x00, 0x07, 0x00, 0x00, 0x00, 0x08, 0x00, 0x00, 0x00, 0x0A, 0x00, 0x00, 0x00, 0x01, 
0x00, 0x00, 0x00, 0x00, 0x00, 0x00, 0x00, 0x46, 0x00, 0x00, 0x00, 0x0A, 0x00, 0x00, 0x00, 0x07, 
0x00, 0x00, 0x00, 0x08, 0x00, 0x00, 0x00, 0x0A, 0x00, 0x00, 0x00, 0x01, 0x00, 0x00, 0x00, 0x00, 
0x00, 0x00, 0x00, 0x47, 0x00, 0x00, 0x00, 0x0A, 0x00, 0x00, 0x00, 0x0A, 0x00, 0x00, 0x00, 0x0A, 
0x00, 0x00, 0x00, 0x0A, 0x00, 0x00, 0x00, 0x00, 0x00, 0x00, 0x00, 0x00, 0x00, 0x00, 0x00, 0x48, 
0x00, 0x00, 0x00, 0x0A, 0x00, 0x00, 0x00, 0x09, 0x00, 0x00, 0x00, 0x0A, 0x00, 0x00, 0x00, 0x0A, 
0x00, 0x00, 0x00, 0x01, 0x00, 0x00, 0x00, 0x00, 0x00, 0x00, 0x00, 0x49, 0x00, 0x00, 0x00, 0x0A, 
0x00, 0x00, 0x00, 0x05, 0x00, 0x00, 0x00, 0x05, 0x00, 0x00, 0x00, 0x0A, 0x00, 0x00, 0x00, 0x00, 
0x00, 0x00, 0x00, 0x00, 0x00, 0x00, 0x00, 0x4A, 0x00, 0x00, 0x00, 0x0E, 0x00, 0x00, 0x00, 0x05, 
0x00, 0x00, 0x00, 0x04, 0x00, 0x00, 0x00, 0x0A, 0xFF, 0xFF, 0xFF, 0xFF, 0x00, 0x00, 0x00, 0x00, 
0x00, 0x00, 0x00, 0x4B, 0x00, 0x00, 0x00, 0x0A, 0x00, 0x00, 0x00, 0x09, 0x00, 0x00, 0x00, 0x09, 
0x00, 0x00, 0x00, 0x0A, 0x00, 0x00, 0x00, 0x01, 0x00, 0x00, 0x00, 0x00, 0x00, 0x00, 0x00, 0x4C, 
0x00, 0x00, 0x00, 0x0A, 0x00, 0x00, 0x00, 0x07, 0x00, 0x00, 0x00, 0x08, 0x00, 0x00, 0x00, 0x0A, 
0x00, 0x00, 0x00, 0x01, 0x00, 0x00, 0x00, 0x00, 0x00, 0x00, 0x00, 0x4D, 0x00, 0x00, 0x00, 0x0A, 
0x00, 0x00, 0x00, 0x0C, 0x00, 0x00, 0x00, 0x0D, 0x00, 0x00, 0x00, 0x0A, 0x00, 0x00, 0x00, 0x01, 
0x00, 0x00, 0x00, 0x00, 0x00, 0x00, 0x00, 0x4E, 0x00, 0x00, 0x00, 0x0A, 0x00, 0x00, 0x00, 0x0A, 
0x00, 0x00, 0x00, 0x0B, 0x00, 0x00, 0x00, 0x0A, 0x00, 0x00, 0x00, 0x01, 0x00, 0x00, 0x00, 0x00, 
0x00, 0x00, 0x00, 0x4F, 0x00, 0x00, 0x00, 0x0A, 0x00, 0x00, 0x00, 0x0B, 0x00, 0x00, 0x00, 0x0B, 
0x00, 0x00, 0x00, 0x0A, 0x00, 0x00, 0x00, 0x00, 0x00, 0x00, 0x00, 0x00, 0x00, 0x00, 0x00, 0x50, 
0x00, 0x00, 0x00, 0x0A, 0x00, 0x00, 0x00, 0x08, 0x00, 0x00, 0x00, 0x09, 0x00, 0x00, 0x00, 0x0A, 
0x00, 0x00, 0x00, 0x01, 0x00, 0x00, 0x00, 0x00, 0x00, 0x00, 0x00, 0x51, 0x00, 0x00, 0x00, 0x0D, 
0x00, 0x00, 0x00, 0x0B, 0x00, 0x00, 0x00, 0x0B, 0x00, 0x00, 0x00, 0x0A, 0x00, 0x00, 0x00, 0x00, 
0x00, 0x00, 0x00, 0x00, 0x00, 0x00, 0x00, 0x52, 0x00, 0x00, 0x00, 0x0A, 0x00, 0x00, 0x00, 0x08, 
0x00, 0x00, 0x00, 0x09, 0x00, 0x00, 0x00, 0x0A, 0x00, 0x00, 0x00, 0x01, 0x00, 0x00, 0x00, 0x00, 
0x00, 0x00, 0x00, 0x53, 0x00, 0x00, 0x00, 0x0A, 0x00, 0x00, 0x00, 0x08, 0x00, 0x00, 0x00, 0x08, 
0x00, 0x00, 0x00, 0x0A, 0x00, 0x00, 0x00, 0x00, 0x00, 0x00, 0x00, 0x00, 0x00, 0x00, 0x00, 0x54, 
0x00, 0x00, 0x00, 0x0A, 0x00, 0x00, 0x00, 0x08, 0x00, 0x00, 0x00, 0x0A, 0x00, 0x00, 0x00, 0x0A, 
0x00, 0x00, 0x00, 0x01, 0x00, 0x00, 0x00, 0x00, 0x00, 0x00, 0x00, 0x55, 0x00, 0x00, 0x00, 0x0A, 
0x00, 0x00, 0x00, 0x09, 0x00, 0x00, 0x00, 0x0A, 0x00, 0x00, 0x00, 0x0A, 0x00, 0x00, 0x00, 0x01, 
0x00, 0x00, 0x00, 0x00, 0x00, 0x00, 0x00, 0x56, 0x00, 0x00, 0x00, 0x0A, 0x00, 0x00, 0x00, 0x09, 
0x00, 0x00, 0x00, 0x09, 0x00, 0x00, 0x00, 0x0A, 0x00, 0x00, 0x00, 0x00, 0x00, 0x00, 0x00, 0x00, 
0x00, 0x00, 0x00, 0x57, 0x00, 0x00, 0x00, 0x0A, 0x00, 0x00, 0x00, 0x0D, 0x00, 0x00, 0x00, 0x0D, 
0x00, 0x00, 0x00, 0x0A, 0x00, 0x00, 0x00, 0x00, 0x00, 0x00, 0x00, 0x00, 0x00, 0x00, 0x00, 0x58, 
0x00, 0x00, 0x00, 0x0A, 0x00, 0x00, 0x00, 0x09, 0x00, 0x00, 0x00, 0x08, 0x00, 0x00, 0x00, 0x0A, 
0x00, 0x00, 0x00, 0x00, 0x00, 0x00, 0x00, 0x00, 0x00, 0x00, 0x00, 0x59, 0x00, 0x00, 0x00, 0x0A, 
0x00, 0x00, 0x00, 0x09, 0x00, 0x00, 0x00, 0x08, 0x00, 0x00, 0x00, 0x0A, 0x00, 0x00, 0x00, 0x00, 
0x00, 0x00, 0x00, 0x00, 0x00, 0x00, 0x00, 0x5A, 0x00, 0x00, 0x00, 0x0A, 0x00, 0x00, 0x00, 0x07, 
0x00, 0x00, 0x00, 0x09, 0x00, 0x00, 0x00, 0x0A, 0x00, 0x00, 0x00, 0x01, 0x00, 0x00, 0x00, 0x00, 
0x00, 0x00, 0x00, 0x5B, 0x00, 0x00, 0x00, 0x0E, 0x00, 0x00, 0x00, 0x04, 0x00, 0x00, 0x00, 0x04, 
0x00, 0x00, 0x00, 0x0A, 0x00, 0x00, 0x00, 0x00, 0x00, 0x00, 0x00, 0x00, 0x00, 0x00, 0x00, 0x5C, 
0x00, 0x00, 0x00, 0x0A, 0x00, 0x00, 0x00, 0x06, 0x00, 0x00, 0x00, 0x05, 0x00, 0x00, 0x00, 0x0A, 
0x00, 0x00, 0x00, 0x00, 0x00, 0x00, 0x00, 0x00, 0x00, 0x00, 0x00, 0x5D, 0x00, 0x00, 0x00, 0x0E, 
0x00, 0x00, 0x00, 0x05, 0x00, 0x00, 0x00, 0x05, 0x00, 0x00, 0x00, 0x0A, 0x00, 0x00, 0x00, 0x00, 
0x00, 0x00, 0x00, 0x00, 0x00, 0x00, 0x00, 0x5E, 0x00, 0x00, 0x00, 0x07, 0x00, 0x00, 0x00, 0x08, 
0x00, 0x00, 0x00, 0x08, 0x00, 0x00, 0x00, 0x0B, 0x00, 0x00, 0x00, 0x00, 0x00, 0x00, 0x00, 0x00, 
0x00, 0x00, 0x00, 0x5F, 0x00, 0x00, 0x00, 0x02, 0x00, 0x00, 0x00, 0x08, 0x00, 0x00, 0x00, 0x06, 
0xFF, 0xFF, 0xFF, 0xFF, 0xFF, 0xFF, 0xFF, 0xFF, 0x00, 0x00, 0x00, 0x00, 0x00, 0x00, 0x00, 0x60, 
0x00, 0x00, 0x00, 0x03, 0x00, 0x00, 0x00, 0x04, 0x00, 0x00, 0x00, 0x04, 0x00, 0x00, 0x00, 0x0C, 
0x00, 0x00, 0x00, 0x00, 0x00, 0x00, 0x00, 0x00, 0x00, 0x00, 0x00, 0x61, 0x00, 0x00, 0x00, 0x08, 
0x00, 0x00, 0x00, 0x08, 0x00, 0x00, 0x00, 0x08, 0x00, 0x00, 0x00, 0x08, 0x00, 0x00, 0x00, 0x00, 
0x00, 0x00, 0x00, 0x00, 0x00, 0x00, 0x00, 0x62, 0x00, 0x00, 0x00, 0x0B, 0x00, 0x00, 0x00, 0x08, 
0x00, 0x00, 0x00, 0x08, 0x00, 0x00, 0x00, 0x0B, 0x00, 0x00, 0x00, 0x00, 0x00, 0x00, 0x00, 0x00, 
0x00, 0x00, 0x00, 0x63, 0x00, 0x00, 0x00, 0x08, 0x00, 0x00, 0x00, 0x07, 0x00, 0x00, 0x00, 0x07, 
0x00, 0x00, 0x00, 0x08, 0x00, 0x00, 0x00, 0x00, 0x00, 0x00, 0x00, 0x00, 0x00, 0x00, 0x00, 0x64, 
0x00, 0x00, 0x00, 0x0B, 0x00, 0x00, 0x00, 0x08, 0x00, 0x00, 0x00, 0x08, 0x00, 0x00, 0x00, 0x0B, 
0x00, 0x00, 0x00, 0x00, 0x00, 0x00, 0x00, 0x00, 0x00, 0x00, 0x00, 0x65, 0x00, 0x00, 0x00, 0x08, 
0x00, 0x00, 0x00, 0x08, 0x00, 0x00, 0x00, 0x08, 0x00, 0x00, 0x00, 0x08, 0x00, 0x00, 0x00, 0x00, 
0x00, 0x00, 0x00, 0x00, 0x00, 0x00, 0x00, 0x66, 0x00, 0x00, 0x00, 0x0B, 0x00, 0x00, 0x00, 0x06, 
0x00, 0x00, 0x00, 0x05, 0x00, 0x00, 0x00, 0x0B, 0x00, 0x00, 0x00, 0x00, 0x00, 0x00, 0x00, 0x00, 
0x00, 0x00, 0x00, 0x67, 0x00, 0x00, 0x00, 0x0C, 0x00, 0x00, 0x00, 0x08, 0x00, 0x00, 0x00, 0x08, 
0x00, 0x00, 0x00, 0x08, 0x00, 0x00, 0x00, 0x00, 0x00, 0x00, 0x00, 0x00, 0x00, 0x00, 0x00, 0x68, 
0x00, 0x00, 0x00, 0x0B, 0x00, 0x00, 0x00, 0x08, 0x00, 0x00, 0x00, 0x08, 0x00, 0x00, 0x00, 0x0B, 
0x00, 0x00, 0x00, 0x00, 0x00, 0x00, 0x00, 0x00, 0x00, 0x00, 0x00, 0x69, 0x00, 0x00, 0x00, 0x0B, 
0x00, 0x00, 0x00, 0x03, 0x00, 0x00, 0x00, 0x03, 0x00, 0x00, 0x00, 0x0B, 0x00, 0x00, 0x00, 0x00, 
0x00, 0x00, 0x00, 0x00, 0x00, 0x00, 0x00, 0x6A, 0x00, 0x00, 0x00, 0x0F, 0x00, 0x00, 0x00, 0x05, 
0x00, 0x00, 0x00, 0x04, 0x00, 0x00, 0x00, 0x0B, 0xFF, 0xFF, 0xFF, 0xFF, 0x00, 0x00, 0x00, 0x00, 
0x00, 0x00, 0x00, 0x6B, 0x00, 0x00, 0x00, 0x0B, 0x00, 0x00, 0x00, 0x08, 0x00, 0x00, 0x00, 0x07, 
0x00, 0x00, 0x00, 0x0B, 0x00, 0x00, 0x00, 0x00, 0x00, 0x00, 0x00, 0x00, 0x00, 0x00, 0x00, 0x6C, 
0x00, 0x00, 0x00, 0x0B, 0x00, 0x00, 0x00, 0x03, 0x00, 0x00, 0x00, 0x03, 0x00, 0x00, 0x00, 0x0B, 
0x00, 0x00, 0x00, 0x00, 0x00, 0x00, 0x00, 0x00, 0x00, 0x00, 0x00, 0x6D, 0x00, 0x00, 0x00, 0x08, 
0x00, 0x00, 0x00, 0x0D, 0x00, 0x00, 0x00, 0x0D, 0x00, 0x00, 0x00, 0x08, 0x00, 0x00, 0x00, 0x00, 
0x00, 0x00, 0x00, 0x00, 0x00, 0x00, 0x00, 0x6E, 0x00, 0x00, 0x00, 0x08, 0x00, 0x00, 0x00, 0x08, 
0x00, 0x00, 0x00, 0x08, 0x00, 0x00, 0x00, 0x08, 0x00, 0x00, 0x00, 0x00, 0x00, 0x00, 0x00, 0x00, 
0x00, 0x00, 0x00, 0x6F, 0x00, 0x00, 0x00, 0x08, 0x00, 0x00, 0x00, 0x09, 0x00, 0x00, 0x00, 0x09, 
0x00, 0x00, 0x00, 0x08, 0x00, 0x00, 0x00, 0x00, 0x00, 0x00, 0x00, 0x00, 0x00, 0x00, 0x00, 0x70, 
0x00, 0x00, 0x00, 0x0C, 0x00, 0x00, 0x00, 0x08, 0x00, 0x00, 0x00, 0x08, 0x00, 0x00, 0x00, 0x08, 
0x00, 0x00, 0x00, 0x00, 0x00, 0x00, 0x00, 0x00, 0x00, 0x00, 0x00, 0x71, 0x00, 0x00, 0x00, 0x0C, 
0x00, 0x00, 0x00, 0x08, 0x00, 0x00, 0x00, 0x08, 0x00, 0x00, 0x00, 0x08, 0x00, 0x00, 0x00, 0x00, 
0x00, 0x00, 0x00, 0x00, 0x00, 0x00, 0x00, 0x72, 0x00, 0x00, 0x00, 0x08, 0x00, 0x00, 0x00, 0x06, 
0x00, 0x00, 0x00, 0x05, 0x00, 0x00, 0x00, 0x08, 0x00, 0x00, 0x00, 0x00, 0x00, 0x00, 0x00, 0x00, 
0x00, 0x00, 0x00, 0x73, 0x00, 0x00, 0x00, 0x08, 0x00, 0x00, 0x00, 0x07, 0x00, 0x00, 0x00, 0x07, 
0x00, 0x00, 0x00, 0x08, 0x00, 0x00, 0x00, 0x00, 0x00, 0x00, 0x00, 0x00, 0x00, 0x00, 0x00, 0x74, 
0x00, 0x00, 0x00, 0x0A, 0x00, 0x00, 0x00, 0x06, 0x00, 0x00, 0x00, 0x06, 0x00, 0x00, 0x00, 0x0A, 
0x00, 0x00, 0x00, 0x00, 0x00, 0x00, 0x00, 0x00, 0x00, 0x00, 0x00, 0x75, 0x00, 0x00, 0x00, 0x08, 
0x00, 0x00, 0x00, 0x08, 0x00, 0x00, 0x00, 0x08, 0x00, 0x00, 0x00, 0x08, 0x00, 0x00, 0x00, 0x00, 
0x00, 0x00, 0x00, 0x00, 0x00, 0x00, 0x00, 0x76, 0x00, 0x00, 0x00, 0x08, 0x00, 0x00, 0x00, 0x08, 
0x00, 0x00, 0x00, 0x07, 0x00, 0x00, 0x00, 0x08, 0x00, 0x00, 0x00, 0x00, 0x00, 0x00, 0x00, 0x00, 
0x00, 0x00, 0x00, 0x77, 0x00, 0x00, 0x00, 0x08, 0x00, 0x00, 0x00, 0x0B, 0x00, 0x00, 0x00, 0x0B, 
0x00, 0x00, 0x00, 0x08, 0x00, 0x00, 0x00, 0x00, 0x00, 0x00, 0x00, 0x00, 0x00, 0x00, 0x00, 0x78, 
0x00, 0x00, 0x00, 0x08, 0x00, 0x00, 0x00, 0x08, 0x00, 0x00, 0x00, 0x08, 0x00, 0x00, 0x00, 0x08, 
0x00, 0x00, 0x00, 0x00, 0x00, 0x00, 0x00, 0x00, 0x00, 0x00, 0x00, 0x79, 0x00, 0x00, 0x00, 0x0C, 
0x00, 0x00, 0x00, 0x09, 0x00, 0x00, 0x00, 0x07, 0x00, 0x00, 0x00, 0x08, 0xFF, 0xFF, 0xFF, 0xFF, 
0x00, 0x00, 0x00, 0x00, 0x00, 0x00, 0x00, 0x7A, 0x00, 0x00, 0x00, 0x08, 0x00, 0x00, 0x00, 0x05, 
0x00, 0x00, 0x00, 0x07, 0x00, 0x00, 0x00, 0x08, 0x00, 0x00, 0x00, 0x01, 0x00, 0x00, 0x00, 0x00, 
0x00, 0x00, 0x00, 0x7B, 0x00, 0x00, 0x00, 0x0E, 0x00, 0x00, 0x00, 0x05, 0x00, 0x00, 0x00, 0x05, 
0x00, 0x00, 0x00, 0x0A, 0x00, 0x00, 0x00, 0x00, 0x00, 0x00, 0x00, 0x00, 0x00, 0x00, 0x00, 0x7C, 
0x00, 0x00, 0x00, 0x0F, 0x00, 0x00, 0x00, 0x03, 0x00, 0x00, 0x00, 0x08, 0x00, 0x00, 0x00, 0x0B, 
0x00, 0x00, 0x00, 0x03, 0x00, 0x00, 0x00, 0x00, 0x00, 0x00, 0x00, 0x7D, 0x00, 0x00, 0x00, 0x0E, 
0x00, 0x00, 0x00, 0x05, 0x00, 0x00, 0x00, 0x05, 0x00, 0x00, 0x00, 0x0A, 0x00, 0x00, 0x00, 0x00, 
0x00, 0x00, 0x00, 0x00, 0x00, 0x00, 0x00, 0x7E, 0x00, 0x00, 0x00, 0x03, 0x00, 0x00, 0x00, 0x07, 
0x00, 0x00, 0x00, 0x09, 0x00, 0x00, 0x00, 0x06, 0x00, 0x00, 0x00, 0x01, 0x00, 0x00, 0x00, 0x00, 
0x00, 0x00, 0x00, 0xA0, 0x00, 0x00, 0x00, 0x01, 0x00, 0x00, 0x00, 0x01, 0x00, 0x00, 0x00, 0x04, 
0x00, 0x00, 0x00, 0x1E, 0xFF, 0xFF, 0xFF, 0xF1, 0x00, 0x00, 0x00, 0x00, 0x00, 0x00, 0x00, 0xA1, 
0x00, 0x00, 0x00, 0x0B, 0x00, 0x00, 0x00, 0x03, 0x00, 0x00, 0x00, 0x04, 0x00, 0x00, 0x00, 0x08, 
0x00, 0x00, 0x00, 0x01, 0x00, 0x00, 0x00, 0x00, 0x00, 0x00, 0x00, 0xA2, 0x00, 0x00, 0x00, 0x0A, 
0x00, 0x00, 0x00, 0x07, 0x00, 0x00, 0x00, 0x09, 0x00, 0x00, 0x00, 0x0A, 0x00, 0x00, 0x00, 0x01, 
0x00, 0x00, 0x00, 0x00, 0x00, 0x00, 0x00, 0xA3, 0x00, 0x00, 0x00, 0x0A, 0x00, 0x00, 0x00, 0x07, 
0x00, 0x00, 0x00, 0x09, 0x00, 0x00, 0x00, 0x0A, 0x00, 0x00, 0x00, 0x01, 0x00, 0x00, 0x00, 0x00, 
0x00, 0x00, 0x00, 0xA4, 0x00, 0x00, 0x00, 0x08, 0x00, 0x00, 0x00, 0x07, 0x00, 0x00, 0x00, 0x08, 
0x00, 0x00, 0x00, 0x09, 0x00, 0x00, 0x00, 0x01, 0x00, 0x00, 0x00, 0x00, 0x00, 0x00, 0x00, 0xA5, 
0x00, 0x00, 0x00, 0x0A, 0x00, 0x00, 0x00, 0x09, 0x00, 0x00, 0x00, 0x08, 0x00, 0x00, 0x00, 0x0A, 
0x00, 0x00, 0x00, 0x00, 0x00, 0x00, 0x00, 0x00, 0x00, 0x00, 0x00, 0xA6, 0x00, 0x00, 0x00, 0x0F, 
0x00, 0x00, 0x00, 0x03, 0x00, 0x00, 0x00, 0x08, 0x00, 0x00, 0x00, 0x0B, 0x00, 0x00, 0x00, 0x03, 
0x00, 0x00, 0x00, 0x00, 0x00, 0x00, 0x00, 0xA7, 0x00, 0x00, 0x00, 0x0B, 0x00, 0x00, 0x00, 0x07, 
0x00, 0x00, 0x00, 0x07, 0x00, 0x00, 0x00, 0x0B, 0x00, 0x00, 0x00, 0x00, 0x00, 0x00, 0x00, 0x00, 
0x00, 0x00, 0x00, 0xA8, 0x00, 0x00, 0x00, 0x02, 0x00, 0x00, 0x00, 0x06, 0x00, 0x00, 0x00, 0x08, 
0x00, 0x00, 0x00, 0x0B, 0x00, 0x00, 0x00, 0x01, 0x00, 0x00, 0x00, 0x00, 0x00, 0x00, 0x00, 0xA9, 
0x00, 0x00, 0x00, 0x0C, 0x00, 0x00, 0x00, 0x0C, 0x00, 0x00, 0x00, 0x0C, 0x00, 0x00, 0x00, 0x0B, 
0x00, 0x00, 0x00, 0x00, 0x00, 0x00, 0x00, 0x00, 0x00, 0x00, 0x00, 0xAA, 0x00, 0x00, 0x00, 0x04, 
0x00, 0x00, 0x00, 0x04, 0x00, 0x00, 0x00, 0x05, 0x00, 0x00, 0x00, 0x0A, 0x00, 0x00, 0x00, 0x00, 
0x00, 0x00, 0x00, 0x00, 0x00, 0x00, 0x00, 0xAB, 0x00, 0x00, 0x00, 0x07, 0x00, 0x00, 0x00, 0x07, 
0x00, 0x00, 0x00, 0x08, 0x00, 0x00, 0x00, 0x07, 0x00, 0x00, 0x00, 0x01, 0x00, 0x00, 0x00, 0x00, 
0x00, 0x00, 0x00, 0xAC, 0x00, 0x00, 0x00, 0x05, 0x00, 0x00, 0x00, 0x08, 0x00, 0x00, 0x00, 0x09, 
0x00, 0x00, 0x00, 0x06, 0x00, 0x00, 0x00, 0x01, 0x00, 0x00, 0x00, 0x00, 0x00, 0x00, 0x00, 0xAD, 
0x00, 0x00, 0x00, 0x02, 0x00, 0x00, 0x00, 0x03, 0x00, 0x00, 0x00, 0x05, 0x00, 0x00, 0x00, 0x05, 
0x00, 0x00, 0x00, 0x01, 0x00, 0x00, 0x00, 0x00, 0x00, 0x00, 0x00, 0xAE, 0x00, 0x00, 0x00, 0x0C, 
0x00, 0x00, 0x00, 0x0C, 0x00, 0x00, 0x00, 0x0C, 0x00, 0x00, 0x00, 0x0B, 0x00, 0x00, 0x00, 0x00, 
0x00, 0x00, 0x00, 0x00, 0x00, 0x00, 0x00, 0xAF, 0x00, 0x00, 0x00, 0x02, 0x00, 0x00, 0x00, 0x09, 
0x00, 0x00, 0x00, 0x07, 0x00, 0x00, 0x00, 0x0C, 0xFF, 0xFF, 0xFF, 0xFF, 0x00, 0x00, 0x00, 0x00, 
0x00, 0x00, 0x00, 0xB0, 0x00, 0x00, 0x00, 0x06, 0x00, 0x00, 0x00, 0x06, 0x00, 0x00, 0x00, 0x06, 
0x00, 0x00, 0x00, 0x0B, 0x00, 0x00, 0x00, 0x00, 0x00, 0x00, 0x00, 0x00, 0x00, 0x00, 0x00, 0xB1, 
0x00, 0x00, 0x00, 0x09, 0x00, 0x00, 0x00, 0x07, 0x00, 0x00, 0x00, 0x09, 0x00, 0x00, 0x00, 0x09, 
0x00, 0x00, 0x00, 0x01, 0x00, 0x00, 0x00, 0x00, 0x00, 0x00, 0x00, 0xB4, 0x00, 0x00, 0x00, 0x03, 
0x00, 0x00, 0x00, 0x04, 0x00, 0x00, 0x00, 0x04, 0x00, 0x00, 0x00, 0x0C, 0x00, 0x00, 0x00, 0x00, 
0x00, 0x00, 0x00, 0x00, 0x00, 0x00, 0x00, 0xB5, 0x00, 0x00, 0x00, 0x0C, 0x00, 0x00, 0x00, 0x08, 
0x00, 0x00, 0x00, 0x08, 0x00, 0x00, 0x00, 0x08, 0x00, 0x00, 0x00, 0x00, 0x00, 0x00, 0x00, 0x00, 
0x00, 0x00, 0x00, 0xB6, 0x00, 0x00, 0x00, 0x0E, 0x00, 0x00, 0x00, 0x09, 0x00, 0x00, 0x00, 0x0A, 
0x00, 0x00, 0x00, 0x0B, 0x00, 0x00, 0x00, 0x00, 0x00, 0x00, 0x00, 0x00, 0x00, 0x00, 0x00, 0xB7, 
0x00, 0x00, 0x00, 0x02, 0x00, 0x00, 0x00, 0x03, 0x00, 0x00, 0x00, 0x03, 0x00, 0x00, 0x00, 0x06, 
0x00, 0x00, 0x00, 0x00, 0x00, 0x00, 0x00, 0x00, 0x00, 0x00, 0x00, 0xB8, 0x00, 0x00, 0x00, 0x04, 
0x00, 0x00, 0x00, 0x05, 0x00, 0x00, 0x00, 0x04, 0x00, 0x00, 0x00, 0x00, 0xFF, 0xFF, 0xFF, 0xFF, 
0x00, 0x00, 0x00, 0x00, 0x00, 0x00, 0x00, 0xBA, 0x00, 0x00, 0x00, 0x05, 0x00, 0x00, 0x00, 0x05, 
0x00, 0x00, 0x00, 0x05, 0x00, 0x00, 0x00, 0x0A, 0x00, 0x00, 0x00, 0x00, 0x00, 0x00, 0x00, 0x00, 
0x00, 0x00, 0x00, 0xBB, 0x00, 0x00, 0x00, 0x07, 0x00, 0x00, 0x00, 0x07, 0x00, 0x00, 0x00, 0x08, 
0x00, 0x00, 0x00, 0x07, 0x00, 0x00, 0x00, 0x00, 0x00, 0x00, 0x00, 0x00, 0x00, 0x00, 0x00, 0xBF, 
0x00, 0x00, 0x00, 0x0C, 0x00, 0x00, 0x00, 0x07, 0x00, 0x00, 0x00, 0x07, 0x00, 0x00, 0x00, 0x08, 
0x00, 0x00, 0x00, 0x00, 0x00, 0x00, 0x00, 0x00, 0x00, 0x00, 0x00, 0xC0, 0x00, 0x00, 0x00, 0x0E, 
0x00, 0x00, 0x00, 0x0A, 0x00, 0x00, 0x00, 0x09, 0x00, 0x00, 0x00, 0x0E, 0x00, 0x00, 0x00, 0x00, 
0x00, 0x00, 0x00, 0x00, 0x00, 0x00, 0x00, 0xC1, 0x00, 0x00, 0x00, 0x0E, 0x00, 0x00, 0x00, 0x0A, 
0x00, 0x00, 0x00, 0x09, 0x00, 0x00, 0x00, 0x0E, 0x00, 0x00, 0x00, 0x00, 0x00, 0x00, 0x00, 0x00, 
0x00, 0x00, 0x00, 0xC2, 0x00, 0x00, 0x00, 0x0E, 0x00, 0x00, 0x00, 0x0A, 0x00, 0x00, 0x00, 0x09, 
0x00, 0x00, 0x00, 0x0E, 0x00, 0x00, 0x00, 0x00, 0x00, 0x00, 0x00, 0x00, 0x00, 0x00, 0x00, 0xC3, 
0x00, 0x00, 0x00, 0x0D, 0x00, 0x00, 0x00, 0x0A, 0x00, 0x00, 0x00, 0x09, 0x00, 0x00, 0x00, 0x0D, 
0x00, 0x00, 0x00, 0x00, 0x00, 0x00, 0x00, 0x00, 0x00, 0x00, 0x00, 0xC4, 0x00, 0x00, 0x00, 0x0D, 
0x00, 0x00, 0x00, 0x0A, 0x00, 0x00, 0x00, 0x0A, 0x00, 0x00, 0x00, 0x0D, 0x00, 0x00, 0x00, 0x00, 
0x00, 0x00, 0x00, 0x00, 0x00, 0x00, 0x00, 0xC5, 0x00, 0x00, 0x00, 0x0D, 0x00, 0x00, 0x00, 0x0B, 
0x00, 0x00, 0x00, 0x09, 0x00, 0x00, 0x00, 0x0D, 0xFF, 0xFF, 0xFF, 0xFF, 0x00, 0x00, 0x00, 0x00, 
0x00, 0x00, 0x00, 0xC6, 0x00, 0x00, 0x00, 0x0A, 0x00, 0x00, 0x00, 0x0D, 0x00, 0x00, 0x00, 0x0D, 
0x00, 0x00, 0x00, 0x0A, 0x00, 0x00, 0x00, 0x00, 0x00, 0x00, 0x00, 0x00, 0x00, 0x00, 0x00, 0xC7, 
0x00, 0x00, 0x00, 0x0E, 0x00, 0x00, 0x00, 0x09, 0x00, 0x00, 0x00, 0x09, 0x00, 0x00, 0x00, 0x0A, 
0x00, 0x00, 0x00, 0x00, 0x00, 0x00, 0x00, 0x00, 0x00, 0x00, 0x00, 0xC8, 0x00, 0x00, 0x00, 0x0E, 
0x00, 0x00, 0x00, 0x07, 0x00, 0x00, 0x00, 0x08, 0x00, 0x00, 0x00, 0x0E, 0x00, 0x00, 0x00, 0x01, 
0x00, 0x00, 0x00, 0x00, 0x00, 0x00, 0x00, 0xC9, 0x00, 0x00, 0x00, 0x0E, 0x00, 0x00, 0x00, 0x07, 
0x00, 0x00, 0x00, 0x08, 0x00, 0x00, 0x00, 0x0E, 0x00, 0x00, 0x00, 0x01, 0x00, 0x00, 0x00, 0x00, 
0x00, 0x00, 0x00, 0xCA, 0x00, 0x00, 0x00, 0x0E, 0x00, 0x00, 0x00, 0x07, 0x00, 0x00, 0x00, 0x08, 
0x00, 0x00, 0x00, 0x0E, 0x00, 0x00, 0x00, 0x01, 0x00, 0x00, 0x00, 0x00, 0x00, 0x00, 0x00, 0xCB, 
0x00, 0x00, 0x00, 0x0D, 0x00, 0x00, 0x00, 0x07, 0x00, 0x00, 0x00, 0x09, 0x00, 0x00, 0x00, 0x0D, 
0x00, 0x00, 0x00, 0x01, 0x00, 0x00, 0x00, 0x00, 0x00, 0x00, 0x00, 0xCC, 0x00, 0x00, 0x00, 0x0E, 
0x00, 0x00, 0x00, 0x05, 0x00, 0x00, 0x00, 0x05, 0x00, 0x00, 0x00, 0x0E, 0x00, 0x00, 0x00, 0x00, 
0x00, 0x00, 0x00, 0x00, 0x00, 0x00, 0x00, 0xCD, 0x00, 0x00, 0x00, 0x0E, 0x00, 0x00, 0x00, 0x05, 
0x00, 0x00, 0x00, 0x05, 0x00, 0x00, 0x00, 0x0E, 0x00, 0x00, 0x00, 0x00, 0x00, 0x00, 0x00, 0x00, 
0x00, 0x00, 0x00, 0xCE, 0x00, 0x00, 0x00, 0x0E, 0x00, 0x00, 0x00, 0x05, 0x00, 0x00, 0x00, 0x05, 
0x00, 0x00, 0x00, 0x0E, 0x00, 0x00, 0x00, 0x00, 0x00, 0x00, 0x00, 0x00, 0x00, 0x00, 0x00, 0xCF, 
0x00, 0x00, 0x00, 0x0D, 0x00, 0x00, 0x00, 0x05, 0x00, 0x00, 0x00, 0x05, 0x00, 0x00, 0x00, 0x0D, 
0x00, 0x00, 0x00, 0x00, 0x00, 0x00, 0x00, 0x00, 0x00, 0x00, 0x00, 0xD1, 0x00, 0x00, 0x00, 0x0D, 
0x00, 0x00, 0x00, 0x0A, 0x00, 0x00, 0x00, 0x0B, 0x00, 0x00, 0x00, 0x0D, 0x00, 0x00, 0x00, 0x01, 
0x00, 0x00, 0x00, 0x00, 0x00, 0x00, 0x00, 0xD2, 0x00, 0x00, 0x00, 0x0E, 0x00, 0x00, 0x00, 0x0B, 
0x00, 0x00, 0x00, 0x0B, 0x00, 0x00, 0x00, 0x0E, 0x00, 0x00, 0x00, 0x00, 0x00, 0x00, 0x00, 0x00, 
0x00, 0x00, 0x00, 0xD3, 0x00, 0x00, 0x00, 0x0E, 0x00, 0x00, 0x00, 0x0B, 0x00, 0x00, 0x00, 0x0B, 
0x00, 0x00, 0x00, 0x0E, 0x00, 0x00, 0x00, 0x00, 0x00, 0x00, 0x00, 0x00, 0x00, 0x00, 0x00, 0xD4, 
0x00, 0x00, 0x00, 0x0E, 0x00, 0x00, 0x00, 0x0B, 0x00, 0x00, 0x00, 0x0B, 0x00, 0x00, 0x00, 0x0E, 
0x00, 0x00, 0x00, 0x00, 0x00, 0x00, 0x00, 0x00, 0x00, 0x00, 0x00, 0xD5, 0x00, 0x00, 0x00, 0x0E, 
0x00, 0x00, 0x00, 0x0B, 0x00, 0x00, 0x00, 0x0B, 0x00, 0x00, 0x00, 0x0E, 0x00, 0x00, 0x00, 0x00, 
0x00, 0x00, 0x00, 0x00, 0x00, 0x00, 0x00, 0xD6, 0x00, 0x00, 0x00, 0x0D, 0x00, 0x00, 0x00, 0x0B, 
0x00, 0x00, 0x00, 0x0B, 0x00, 0x00, 0x00, 0x0D, 0x00, 0x00, 0x00, 0x00, 0x00, 0x00, 0x00, 0x00, 
0x00, 0x00, 0x00, 0xD7, 0x00, 0x00, 0x00, 0x08, 0x00, 0x00, 0x00, 0x08, 0x00, 0x00, 0x00, 0x08, 
0x00, 0x00, 0x00, 0x09, 0x00, 0x00, 0x00, 0x00, 0x00, 0x00, 0x00, 0x00, 0x00, 0x00, 0x00, 0xD8, 
0x00, 0x00, 0x00, 0x0C, 0x00, 0x00, 0x00, 0x0B, 0x00, 0x00, 0x00, 0x0B, 0x00, 0x00, 0x00, 0x0B, 
0x00, 0x00, 0x00, 0x00, 0x00, 0x00, 0x00, 0x00, 0x00, 0x00, 0x00, 0xD9, 0x00, 0x00, 0x00, 0x0E, 
0x00, 0x00, 0x00, 0x09, 0x00, 0x00, 0x00, 0x0A, 0x00, 0x00, 0x00, 0x0E, 0x00, 0x00, 0x00, 0x01, 
0x00, 0x00, 0x00, 0x00, 0x00, 0x00, 0x00, 0xDA, 0x00, 0x00, 0x00, 0x0E, 0x00, 0x00, 0x00, 0x09, 
0x00, 0x00, 0x00, 0x0A, 0x00, 0x00, 0x00, 0x0E, 0x00, 0x00, 0x00, 0x01, 0x00, 0x00, 0x00, 0x00, 
0x00, 0x00, 0x00, 0xDB, 0x00, 0x00, 0x00, 0x0E, 0x00, 0x00, 0x00, 0x09, 0x00, 0x00, 0x00, 0x0A, 
0x00, 0x00, 0x00, 0x0E, 0x00, 0x00, 0x00, 0x01, 0x00, 0x00, 0x00, 0x00, 0x00, 0x00, 0x00, 0xDC, 
0x00, 0x00, 0x00, 0x0D, 0x00, 0x00, 0x00, 0x09, 0x00, 0x00, 0x00, 0x0A, 0x00, 0x00, 0x00, 0x0D, 
0x00, 0x00, 0x00, 0x01, 0x00, 0x00, 0x00, 0x00, 0x00, 0x00, 0x00, 0xDD, 0x00, 0x00, 0x00, 0x0E, 
0x00, 0x00, 0x00, 0x09, 0x00, 0x00, 0x00, 0x08, 0x00, 0x00, 0x00, 0x0E, 0x00, 0x00, 0x00, 0x00, 
0x00, 0x00, 0x00, 0x00, 0x00, 0x00, 0x00, 0xDF, 0x00, 0x00, 0x00, 0x0B, 0x00, 0x00, 0x00, 0x09, 
0x00, 0x00, 0x00, 0x09, 0x00, 0x00, 0x00, 0x0B, 0x00, 0x00, 0x00, 0x00, 0x00, 0x00, 0x00, 0x00, 
0x00, 0x00, 0x00, 0xE0, 0x00, 0x00, 0x00, 0x0B, 0x00, 0x00, 0x00, 0x08, 0x00, 0x00, 0x00, 0x08, 
0x00, 0x00, 0x00, 0x0B, 0x00, 0x00, 0x00, 0x00, 0x00, 0x00, 0x00, 0x00, 0x00, 0x00, 0x00, 0xE1, 
0x00, 0x00, 0x00, 0x0B, 0x00, 0x00, 0x00, 0x08, 0x00, 0x00, 0x00, 0x08, 0x00, 0x00, 0x00, 0x0B, 
0x00, 0x00, 0x00, 0x00, 0x00, 0x00, 0x00, 0x00, 0x00, 0x00, 0x00, 0xE2, 0x00, 0x00, 0x00, 0x0B, 
0x00, 0x00, 0x00, 0x08, 0x00, 0x00, 0x00, 0x08, 0x00, 0x00, 0x00, 0x0B, 0x00, 0x00, 0x00, 0x00, 
0x00, 0x00, 0x00, 0x00, 0x00, 0x00, 0x00, 0xE3, 0x00, 0x00, 0x00, 0x0A, 0x00, 0x00, 0x00, 0x08, 
0x00, 0x00, 0x00, 0x08, 0x00, 0x00, 0x00, 0x0A, 0x00, 0x00, 0x00, 0x00, 0x00, 0x00, 0x00, 0x00, 
0x00, 0x00, 0x00, 0xE4, 0x00, 0x00, 0x00, 0x0A, 0x00, 0x00, 0x00, 0x08, 0x00, 0x00, 0x00, 0x08, 
0x00, 0x00, 0x00, 0x0A, 0x00, 0x00, 0x00, 0x00, 0x00, 0x00, 0x00, 0x00, 0x00, 0x00, 0x00, 0xE5, 
0x00, 0x00, 0x00, 0x0C, 0x00, 0x00, 0x00, 0x08, 0x00, 0x00, 0x00, 0x08, 0x00, 0x00, 0x00, 0x0C, 
0x00, 0x00, 0x00, 0x00, 0x00, 0x00, 0x00, 0x00, 0x00, 0x00, 0x00, 0xE6, 0x00, 0x00, 0x00, 0x08, 
0x00, 0x00, 0x00, 0x0D, 0x00, 0x00, 0x00, 0x0D, 0x00, 0x00, 0x00, 0x08, 0x00, 0x00, 0x00, 0x00, 
0x00, 0x00, 0x00, 0x00, 0x00, 0x00, 0x00, 0xE7, 0x00, 0x00, 0x00, 0x0C, 0x00, 0x00, 0x00, 0x07, 
0x00, 0x00, 0x00, 0x07, 0x00, 0x00, 0x00, 0x08, 0x00, 0x00, 0x00, 0x00, 0x00, 0x00, 0x00, 0x00, 
0x00, 0x00, 0x00, 0xE8, 0x00, 0x00, 0x00, 0x0B, 0x00, 0x00, 0x00, 0x08, 0x00, 0x00, 0x00, 0x08, 
0x00, 0x00, 0x00, 0x0B, 0x00, 0x00, 0x00, 0x00, 0x00, 0x00, 0x00, 0x00, 0x00, 0x00, 0x00, 0xE9, 
0x00, 0x00, 0x00, 0x0B, 0x00, 0x00, 0x00, 0x08, 0x00, 0x00, 0x00, 0x08, 0x00, 0x00, 0x00, 0x0B, 
0x00, 0x00, 0x00, 0x00, 0x00, 0x00, 0x00, 0x00, 0x00, 0x00, 0x00, 0xEA, 0x00, 0x00, 0x00, 0x0B, 
0x00, 0x00, 0x00, 0x08, 0x00, 0x00, 0x00, 0x08, 0x00, 0x00, 0x00, 0x0B, 0x00, 0x00, 0x00, 0x00, 
0x00, 0x00, 0x00, 0x00, 0x00, 0x00, 0x00, 0xEB, 0x00, 0x00, 0x00, 0x0A, 0x00, 0x00, 0x00, 0x08, 
0x00, 0x00, 0x00, 0x08, 0x00, 0x00, 0x00, 0x0A, 0x00, 0x00, 0x00, 0x00, 0x00, 0x00, 0x00, 0x00, 
0x00, 0x00, 0x00, 0xEC, 0x00, 0x00, 0x00, 0x0B, 0x00, 0x00, 0x00, 0x04, 0x00, 0x00, 0x00, 0x03, 
0x00, 0x00, 0x00, 0x0B, 0xFF, 0xFF, 0xFF, 0xFF, 0x00, 0x00, 0x00, 0x00, 0x00, 0x00, 0x00, 0xED, 
0x00, 0x00, 0x00, 0x0B, 0x00, 0x00, 0x00, 0x04, 0x00, 0x00, 0x00, 0x03, 0x00, 0x00, 0x00, 0x0B, 
0x00, 0x00, 0x00, 0x00, 0x00, 0x00, 0x00, 0x00, 0x00, 0x00, 0x00, 0xEE, 0x00, 0x00, 0x00, 0x0B, 
0x00, 0x00, 0x00, 0x06, 0x00, 0x00, 0x00, 0x03, 0x00, 0x00, 0x00, 0x0B, 0xFF, 0xFF, 0xFF, 0xFE, 
0x00, 0x00, 0x00, 0x00, 0x00, 0x00, 0x00, 0xEF, 0x00, 0x00, 0x00, 0x0A, 0x00, 0x00, 0x00, 0x05, 
0x00, 0x00, 0x00, 0x04, 0x00, 0x00, 0x00, 0x0A, 0xFF, 0xFF, 0xFF, 0xFF, 0x00, 0x00, 0x00, 0x00, 
0x00, 0x00, 0x00, 0xF1, 0x00, 0x00, 0x00, 0x0A, 0x00, 0x00, 0x00, 0x08, 0x00, 0x00, 0x00, 0x08, 
0x00, 0x00, 0x00, 0x0A, 0x00, 0x00, 0x00, 0x00, 0x00, 0x00, 0x00, 0x00, 0x00, 0x00, 0x00, 0xF2, 
0x00, 0x00, 0x00, 0x0B, 0x00, 0x00, 0x00, 0x09, 0x00, 0x00, 0x00, 0x09, 0x00, 0x00, 0x00, 0x0B, 
0x00, 0x00, 0x00, 0x00, 0x00, 0x00, 0x00, 0x00, 0x00, 0x00, 0x00, 0xF3, 0x00, 0x00, 0x00, 0x0B, 
0x00, 0x00, 0x00, 0x09, 0x00, 0x00, 0x00, 0x09, 0x00, 0x00, 0x00, 0x0B, 0x00, 0x00, 0x00, 0x00, 
0x00, 0x00, 0x00, 0x00, 0x00, 0x00, 0x00, 0xF4, 0x00, 0x00, 0x00, 0x0B, 0x00, 0x00, 0x00, 0x09, 
0x00, 0x00, 0x00, 0x09, 0x00, 0x00, 0x00, 0x0B, 0x00, 0x00, 0x00, 0x00, 0x00, 0x00, 0x00, 0x00, 
0x00, 0x00, 0x00, 0xF5, 0x00, 0x00, 0x00, 0x0A, 0x00, 0x00, 0x00, 0x09, 0x00, 0x00, 0x00, 0x09, 
0x00, 0x00, 0x00, 0x0A, 0x00, 0x00, 0x00, 0x00, 0x00, 0x00, 0x00, 0x00, 0x00, 0x00, 0x00, 0xF6, 
0x00, 0x00, 0x00, 0x0A, 0x00, 0x00, 0x00, 0x09, 0x00, 0x00, 0x00, 0x09, 0x00, 0x00, 0x00, 0x0A, 
0x00, 0x00, 0x00, 0x00, 0x00, 0x00, 0x00, 0x00, 0x00, 0x00, 0x00, 0xF7, 0x00, 0x00, 0x00, 0x07, 
0x00, 0x00, 0x00, 0x07, 0x00, 0x00, 0x00, 0x09, 0x00, 0x00, 0x00, 0x09, 0x00, 0x00, 0x00, 0x01, 
0x00, 0x00, 0x00, 0x00, 0x00, 0x00, 0x00, 0xF8, 0x00, 0x00, 0x00, 0x0A, 0x00, 0x00, 0x00, 0x09, 
0x00, 0x00, 0x00, 0x09, 0x00, 0x00, 0x00, 0x09, 0x00, 0x00, 0x00, 0x00, 0x00, 0x00, 0x00, 0x00, 
0x00, 0x00, 0x00, 0xF9, 0x00, 0x00, 0x00, 0x0B, 0x00, 0x00, 0x00, 0x08, 0x00, 0x00, 0x00, 0x08, 
0x00, 0x00, 0x00, 0x0B, 0x00, 0x00, 0x00, 0x00, 0x00, 0x00, 0x00, 0x00, 0x00, 0x00, 0x00, 0xFA, 
0x00, 0x00, 0x00, 0x0B, 0x00, 0x00, 0x00, 0x08, 0x00, 0x00, 0x00, 0x08, 0x00, 0x00, 0x00, 0x0B, 
0x00, 0x00, 0x00, 0x00, 0x00, 0x00, 0x00, 0x00, 0x00, 0x00, 0x00, 0xFB, 0x00, 0x00, 0x00, 0x0B, 
0x00, 0x00, 0x00, 0x08, 0x00, 0x00, 0x00, 0x08, 0x00, 0x00, 0x00, 0x0B, 0x00, 0x00, 0x00, 0x00, 
0x00, 0x00, 0x00, 0x00, 0x00, 0x00, 0x00, 0xFC, 0x00, 0x00, 0x00, 0x0A, 0x00, 0x00, 0x00, 0x08, 
0x00, 0x00, 0x00, 0x08, 0x00, 0x00, 0x00, 0x0A, 0x00, 0x00, 0x00, 0x00, 0x00, 0x00, 0x00, 0x00, 
0x00, 0x00, 0x00, 0xFD, 0x00, 0x00, 0x00, 0x0F, 0x00, 0x00, 0x00, 0x09, 0x00, 0x00, 0x00, 0x07, 
0x00, 0x00, 0x00, 0x0B, 0xFF, 0xFF, 0xFF, 0xFF, 0x00, 0x00, 0x00, 0x00, 0x00, 0x00, 0x00, 0xFF, 
0x00, 0x00, 0x00, 0x0E, 0x00, 0x00, 0x00, 0x08, 0x00, 0x00, 0x00, 0x08, 0x00, 0x00, 0x00, 0x0A, 
0x00, 0x00, 0x00, 0x00, 0x00, 0x00, 0x00, 0x00, 0x00, 0x00, 0x01, 0x02, 0x00, 0x00, 0x00, 0x0E, 
0x00, 0x00, 0x00, 0x0A, 0x00, 0x00, 0x00, 0x09, 0x00, 0x00, 0x00, 0x0E, 0xFF, 0xFF, 0xFF, 0xFF, 
0x00, 0x00, 0x00, 0x00, 0x00, 0x00, 0x01, 0x03, 0x00, 0x00, 0x00, 0x0B, 0x00, 0x00, 0x00, 0x08, 
0x00, 0x00, 0x00, 0x08, 0x00, 0x00, 0x00, 0x0B, 0x00, 0x00, 0x00, 0x00, 0x00, 0x00, 0x00, 0x00, 
0x00, 0x00, 0x01, 0x04, 0x00, 0x00, 0x00, 0x0E, 0x00, 0x00, 0x00, 0x0B, 0x00, 0x00, 0x00, 0x09, 
0x00, 0x00, 0x00, 0x0A, 0xFF, 0xFF, 0xFF, 0xFF, 0x00, 0x00, 0x00, 0x00, 0x00, 0x00, 0x01, 0x05, 
0x00, 0x00, 0x00, 0x0C, 0x00, 0x00, 0x00, 0x08, 0x00, 0x00, 0x00, 0x08, 0x00, 0x00, 0x00, 0x08, 
0x00, 0x00, 0x00, 0x00, 0x00, 0x00, 0x00, 0x00, 0x00, 0x00, 0x01, 0x06, 0x00, 0x00, 0x00, 0x0E, 
0x00, 0x00, 0x00, 0x09, 0x00, 0x00, 0x00, 0x09, 0x00, 0x00, 0x00, 0x0E, 0x00, 0x00, 0x00, 0x00, 
0x00, 0x00, 0x00, 0x00, 0x00, 0x00, 0x01, 0x07, 0x00, 0x00, 0x00, 0x0B, 0x00, 0x00, 0x00, 0x07, 
0x00, 0x00, 0x00, 0x07, 0x00, 0x00, 0x00, 0x0B, 0x00, 0x00, 0x00, 0x00, 0x00, 0x00, 0x00, 0x00, 
0x00, 0x00, 0x01, 0x0C, 0x00, 0x00, 0x00, 0x0E, 0x00, 0x00, 0x00, 0x09, 0x00, 0x00, 0x00, 0x09, 
0x00, 0x00, 0x00, 0x0E, 0x00, 0x00, 0x00, 0x00, 0x00, 0x00, 0x00, 0x00, 0x00, 0x00, 0x01, 0x0D, 
0x00, 0x00, 0x00, 0x0B, 0x00, 0x00, 0x00, 0x07, 0x00, 0x00, 0x00, 0x07, 0x00, 0x00, 0x00, 0x0B, 
0x00, 0x00, 0x00, 0x00, 0x00, 0x00, 0x00, 0x00, 0x00, 0x00, 0x01, 0x0E, 0x00, 0x00, 0x00, 0x0E, 
0x00, 0x00, 0x00, 0x0A, 0x00, 0x00, 0x00, 0x0B, 0x00, 0x00, 0x00, 0x0E, 0x00, 0x00, 0x00, 0x01, 
0x00, 0x00, 0x00, 0x00, 0x00, 0x00, 0x01, 0x0F, 0x00, 0x00, 0x00, 0x0B, 0x00, 0x00, 0x00, 0x0A, 
0x00, 0x00, 0x00, 0x09, 0x00, 0x00, 0x00, 0x0B, 0x00, 0x00, 0x00, 0x00, 0x00, 0x00, 0x00, 0x00, 
0x00, 0x00, 0x01, 0x10, 0x00, 0x00, 0x00, 0x0A, 0x00, 0x00, 0x00, 0x0A, 0x00, 0x00, 0x00, 0x0B, 
0x00, 0x00, 0x00, 0x0A, 0x00, 0x00, 0x00, 0x01, 0x00, 0x00, 0x00, 0x00, 0x00, 0x00, 0x01, 0x11, 
0x00, 0x00, 0x00, 0x0B, 0x00, 0x00, 0x00, 0x09, 0x00, 0x00, 0x00, 0x08, 0x00, 0x00, 0x00, 0x0B, 
0x00, 0x00, 0x00, 0x00, 0x00, 0x00, 0x00, 0x00, 0x00, 0x00, 0x01, 0x18, 0x00, 0x00, 0x00, 0x0E, 
0x00, 0x00, 0x00, 0x07, 0x00, 0x00, 0x00, 0x08, 0x00, 0x00, 0x00, 0x0A, 0x00, 0x00, 0x00, 0x01, 
0x00, 0x00, 0x00, 0x00, 0x00, 0x00, 0x01, 0x19, 0x00, 0x00, 0x00, 0x0C, 0x00, 0x00, 0x00, 0x08, 
0x00, 0x00, 0x00, 0x08, 0x00, 0x00, 0x00, 0x08, 0x00, 0x00, 0x00, 0x00, 0x00, 0x00, 0x00, 0x00, 
0x00, 0x00, 0x01, 0x1A, 0x00, 0x00, 0x00, 0x0E, 0x00, 0x00, 0x00, 0x07, 0x00, 0x00, 0x00, 0x08, 
0x00, 0x00, 0x00, 0x0E, 0x00, 0x00, 0x00, 0x01, 0x00, 0x00, 0x00, 0x00, 0x00, 0x00, 0x01, 0x1B, 
0x00, 0x00, 0x00, 0x0B, 0x00, 0x00, 0x00, 0x08, 0x00, 0x00, 0x00, 0x08, 0x00, 0x00, 0x00, 0x0B, 
0x00, 0x00, 0x00, 0x00, 0x00, 0x00, 0x00, 0x00, 0x00, 0x00, 0x01, 0x31, 0x00, 0x00, 0x00, 0x08, 
0x00, 0x00, 0x00, 0x03, 0x00, 0x00, 0x00, 0x03, 0x00, 0x00, 0x00, 0x08, 0x00, 0x00, 0x00, 0x00, 
0x00, 0x00, 0x00, 0x00, 0x00, 0x00, 0x01, 0x39, 0x00, 0x00, 0x00, 0x0E, 0x00, 0x00, 0x00, 0x07, 
0x00, 0x00, 0x00, 0x08, 0x00, 0x00, 0x00, 0x0E, 0x00, 0x00, 0x00, 0x01, 0x00, 0x00, 0x00, 0x00, 
0x00, 0x00, 0x01, 0x3A, 0x00, 0x00, 0x00, 0x0F, 0x00, 0x00, 0x00, 0x04, 0x00, 0x00, 0x00, 0x03, 
0x00, 0x00, 0x00, 0x0F, 0x00, 0x00, 0x00, 0x00, 0x00, 0x00, 0x00, 0x00, 0x00, 0x00, 0x01, 0x3D, 
0x00, 0x00, 0x00, 0x0A, 0x00, 0x00, 0x00, 0x07, 0x00, 0x00, 0x00, 0x08, 0x00, 0x00, 0x00, 0x0A, 
0x00, 0x00, 0x00, 0x01, 0x00, 0x00, 0x00, 0x00, 0x00, 0x00, 0x01, 0x3E, 0x00, 0x00, 0x00, 0x0B, 
0x00, 0x00, 0x00, 0x05, 0x00, 0x00, 0x00, 0x03, 0x00, 0x00, 0x00, 0x0B, 0x00, 0x00, 0x00, 0x00, 
0x00, 0x00, 0x00, 0x00, 0x00, 0x00, 0x01, 0x41, 0x00, 0x00, 0x00, 0x0A, 0x00, 0x00, 0x00, 0x08, 
0x00, 0x00, 0x00, 0x08, 0x00, 0x00, 0x00, 0x0A, 0x00, 0x00, 0x00, 0x00, 0x00, 0x00, 0x00, 0x00, 
0x00, 0x00, 0x01, 0x42, 0x00, 0x00, 0x00, 0x0B, 0x00, 0x00, 0x00, 0x05, 0x00, 0x00, 0x00, 0x03, 
0x00, 0x00, 0x00, 0x0B, 0xFF, 0xFF, 0xFF, 0xFF, 0x00, 0x00, 0x00, 0x00, 0x00, 0x00, 0x01, 0x43, 
0x00, 0x00, 0x00, 0x0E, 0x00, 0x00, 0x00, 0x0A, 0x00, 0x00, 0x00, 0x0B, 0x00, 0x00, 0x00, 0x0E, 
0x00, 0x00, 0x00, 0x01, 0x00, 0x00, 0x00, 0x00, 0x00, 0x00, 0x01, 0x44, 0x00, 0x00, 0x00, 0x0B, 
0x00, 0x00, 0x00, 0x08, 0x00, 0x00, 0x00, 0x08, 0x00, 0x00, 0x00, 0x0B, 0x00, 0x00, 0x00, 0x00, 
0x00, 0x00, 0x00, 0x00, 0x00, 0x00, 0x01, 0x47, 0x00, 0x00, 0x00, 0x0E, 0x00, 0x00, 0x00, 0x0A, 
0x00, 0x00, 0x00, 0x0B, 0x00, 0x00, 0x00, 0x0E, 0x00, 0x00, 0x00, 0x01, 0x00, 0x00, 0x00, 0x00, 
0x00, 0x00, 0x01, 0x48, 0x00, 0x00, 0x00, 0x0B, 0x00, 0x00, 0x00, 0x08, 0x00, 0x00, 0x00, 0x08, 
0x00, 0x00, 0x00, 0x0B, 0x00, 0x00, 0x00, 0x00, 0x00, 0x00, 0x00, 0x00, 0x00, 0x00, 0x01, 0x50, 
0x00, 0x00, 0x00, 0x0E, 0x00, 0x00, 0x00, 0x0B, 0x00, 0x00, 0x00, 0x0B, 0x00, 0x00, 0x00, 0x0E, 
0x00, 0x00, 0x00, 0x00, 0x00, 0x00, 0x00, 0x00, 0x00, 0x00, 0x01, 0x51, 0x00, 0x00, 0x00, 0x0B, 
0x00, 0x00, 0x00, 0x09, 0x00, 0x00, 0x00, 0x09, 0x00, 0x00, 0x00, 0x0B, 0x00, 0x00, 0x00, 0x00, 
0x00, 0x00, 0x00, 0x00, 0x00, 0x00, 0x01, 0x52, 0x00, 0x00, 0x00, 0x0A, 0x00, 0x00, 0x00, 0x0D, 
0x00, 0x00, 0x00, 0x0D, 0x00, 0x00, 0x00, 0x0A, 0x00, 0x00, 0x00, 0x00, 0x00, 0x00, 0x00, 0x00, 
0x00, 0x00, 0x01, 0x53, 0x00, 0x00, 0x00, 0x08, 0x00, 0x00, 0x00, 0x0E, 0x00, 0x00, 0x00, 0x0E, 
0x00, 0x00, 0x00, 0x08, 0x00, 0x00, 0x00, 0x00, 0x00, 0x00, 0x00, 0x00, 0x00, 0x00, 0x01, 0x54, 
0x00, 0x00, 0x00, 0x0E, 0x00, 0x00, 0x00, 0x08, 0x00, 0x00, 0x00, 0x09, 0x00, 0x00, 0x00, 0x0E, 
0x00, 0x00, 0x00, 0x01, 0x00, 0x00, 0x00, 0x00, 0x00, 0x00, 0x01, 0x55, 0x00, 0x00, 0x00, 0x0B, 
0x00, 0x00, 0x00, 0x06, 0x00, 0x00, 0x00, 0x05, 0x00, 0x00, 0x00, 0x0B, 0x00, 0x00, 0x00, 0x00, 
0x00, 0x00, 0x00, 0x00, 0x00, 0x00, 0x01, 0x58, 0x00, 0x00, 0x00, 0x0E, 0x00, 0x00, 0x00, 0x08, 
0x00, 0x00, 0x00, 0x09, 0x00, 0x00, 0x00, 0x0E, 0x00, 0x00, 0x00, 0x01, 0x00, 0x00, 0x00, 0x00, 
0x00, 0x00, 0x01, 0x59, 0x00, 0x00, 0x00, 0x0B, 0x00, 0x00, 0x00, 0x06, 0x00, 0x00, 0x00, 0x05, 
0x00, 0x00, 0x00, 0x0B, 0x00, 0x00, 0x00, 0x00, 0x00, 0x00, 0x00, 0x00, 0x00, 0x00, 0x01, 0x5A, 
0x00, 0x00, 0x00, 0x0E, 0x00, 0x00, 0x00, 0x08, 0x00, 0x00, 0x00, 0x08, 0x00, 0x00, 0x00, 0x0E, 
0x00, 0x00, 0x00, 0x00, 0x00, 0x00, 0x00, 0x00, 0x00, 0x00, 0x01, 0x5B, 0x00, 0x00, 0x00, 0x0B, 
0x00, 0x00, 0x00, 0x07, 0x00, 0x00, 0x00, 0x07, 0x00, 0x00, 0x00, 0x0B, 0x00, 0x00, 0x00, 0x00, 
0x00, 0x00, 0x00, 0x00, 0x00, 0x00, 0x01, 0x5E, 0x00, 0x00, 0x00, 0x0E, 0x00, 0x00, 0x00, 0x08, 
0x00, 0x00, 0x00, 0x08, 0x00, 0x00, 0x00, 0x0A, 0x00, 0x00, 0x00, 0x00, 0x00, 0x00, 0x00, 0x00, 
0x00, 0x00, 0x01, 0x5F, 0x00, 0x00, 0x00, 0x0C, 0x00, 0x00, 0x00, 0x07, 0x00, 0x00, 0x00, 0x07, 
0x00, 0x00, 0x00, 0x08, 0x00, 0x00, 0x00, 0x00, 0x00, 0x00, 0x00, 0x00, 0x00, 0x00, 0x01, 0x60, 
0x00, 0x00, 0x00, 0x0E, 0x00, 0x00, 0x00, 0x08, 0x00, 0x00, 0x00, 0x08, 0x00, 0x00, 0x00, 0x0E, 
0x00, 0x00, 0x00, 0x00, 0x00, 0x00, 0x00, 0x00, 0x00, 0x00, 0x01, 0x61, 0x00, 0x00, 0x00, 0x0B, 
0x00, 0x00, 0x00, 0x07, 0x00, 0x00, 0x00, 0x07, 0x00, 0x00, 0x00, 0x0B, 0x00, 0x00, 0x00, 0x00, 
0x00, 0x00, 0x00, 0x00, 0x00, 0x00, 0x01, 0x62, 0x00, 0x00, 0x00, 0x0E, 0x00, 0x00, 0x00, 0x08, 
0x00, 0x00, 0x00, 0x0A, 0x00, 0x00, 0x00, 0x0A, 0x00, 0x00, 0x00, 0x01, 0x00, 0x00, 0x00, 0x00, 
0x00, 0x00, 0x01, 0x63, 0x00, 0x00, 0x00, 0x0D, 0x00, 0x00, 0x00, 0x06, 0x00, 0x00, 0x00, 0x06, 
0x00, 0x00, 0x00, 0x09, 0x00, 0x00, 0x00, 0x00, 0x00, 0x00, 0x00, 0x00, 0x00, 0x00, 0x01, 0x64, 
0x00, 0x00, 0x00, 0x0E, 0x00, 0x00, 0x00, 0x08, 0x00, 0x00, 0x00, 0x0A, 0x00, 0x00, 0x00, 0x0E, 
0x00, 0x00, 0x00, 0x01, 0x00, 0x00, 0x00, 0x00, 0x00, 0x00, 0x01, 0x65, 0x00, 0x00, 0x00, 0x0B, 
0x00, 0x00, 0x00, 0x08, 0x00, 0x00, 0x00, 0x06, 0x00, 0x00, 0x00, 0x0B, 0x00, 0x00, 0x00, 0x00, 
0x00, 0x00, 0x00, 0x00, 0x00, 0x00, 0x01, 0x6E, 0x00, 0x00, 0x00, 0x0F, 0x00, 0x00, 0x00, 0x09, 
0x00, 0x00, 0x00, 0x0A, 0x00, 0x00, 0x00, 0x0F, 0x00, 0x00, 0x00, 0x01, 0x00, 0x00, 0x00, 0x00, 
0x00, 0x00, 0x01, 0x6F, 0x00, 0x00, 0x00, 0x0C, 0x00, 0x00, 0x00, 0x08, 0x00, 0x00, 0x00, 0x08, 
0x00, 0x00, 0x00, 0x0C, 0x00, 0x00, 0x00, 0x00, 0x00, 0x00, 0x00, 0x00, 0x00, 0x00, 0x01, 0x70, 
0x00, 0x00, 0x00, 0x0E, 0x00, 0x00, 0x00, 0x09, 0x00, 0x00, 0x00, 0x0A, 0x00, 0x00, 0x00, 0x0E, 
0x00, 0x00, 0x00, 0x01, 0x00, 0x00, 0x00, 0x00, 0x00, 0x00, 0x01, 0x71, 0x00, 0x00, 0x00, 0x0B, 
0x00, 0x00, 0x00, 0x08, 0x00, 0x00, 0x00, 0x08, 0x00, 0x00, 0x00, 0x0B, 0x00, 0x00, 0x00, 0x00, 
0x00, 0x00, 0x00, 0x00, 0x00, 0x00, 0x01, 0x78, 0x00, 0x00, 0x00, 0x0D, 0x00, 0x00, 0x00, 0x0A, 
0x00, 0x00, 0x00, 0x08, 0x00, 0x00, 0x00, 0x0D, 0xFF, 0xFF, 0xFF, 0xFF, 0x00, 0x00, 0x00, 0x00, 
0x00, 0x00, 0x01, 0x79, 0x00, 0x00, 0x00, 0x0E, 0x00, 0x00, 0x00, 0x07, 0x00, 0x00, 0x00, 0x09, 
0x00, 0x00, 0x00, 0x0E, 0x00, 0x00, 0x00, 0x01, 0x00, 0x00, 0x00, 0x00, 0x00, 0x00, 0x01, 0x7A, 
0x00, 0x00, 0x00, 0x0B, 0x00, 0x00, 0x00, 0x05, 0x00, 0x00, 0x00, 0x07, 0x00, 0x00, 0x00, 0x0B, 
0x00, 0x00, 0x00, 0x01, 0x00, 0x00, 0x00, 0x00, 0x00, 0x00, 0x01, 0x7B, 0x00, 0x00, 0x00, 0x0D, 
0x00, 0x00, 0x00, 0x07, 0x00, 0x00, 0x00, 0x09, 0x00, 0x00, 0x00, 0x0D, 0x00, 0x00, 0x00, 0x01, 
0x00, 0x00, 0x00, 0x00, 0x00, 0x00, 0x01, 0x7C, 0x00, 0x00, 0x00, 0x0B, 0x00, 0x00, 0x00, 0x05, 
0x00, 0x00, 0x00, 0x07, 0x00, 0x00, 0x00, 0x0B, 0x00, 0x00, 0x00, 0x01, 0x00, 0x00, 0x00, 0x00, 
0x00, 0x00, 0x01, 0x7D, 0x00, 0x00, 0x00, 0x0E, 0x00, 0x00, 0x00, 0x07, 0x00, 0x00, 0x00, 0x09, 
0x00, 0x00, 0x00, 0x0E, 0x00, 0x00, 0x00, 0x01, 0x00, 0x00, 0x00, 0x00, 0x00, 0x00, 0x01, 0x7E, 
0x00, 0x00, 0x00, 0x0B, 0x00, 0x00, 0x00, 0x05, 0x00, 0x00, 0x00, 0x07, 0x00, 0x00, 0x00, 0x0B, 
0x00, 0x00, 0x00, 0x01, 0x00, 0x00, 0x00, 0x00, 0x00, 0x00, 0x01, 0x92, 0x00, 0x00, 0x00, 0x0F, 
0x00, 0x00, 0x00, 0x08, 0x00, 0x00, 0x00, 0x06, 0x00, 0x00, 0x00, 0x0B, 0xFF, 0xFF, 0xFF, 0xFF, 
0x00, 0x00, 0x00, 0x00, 0x00, 0x00, 0x02, 0xC6, 0x00, 0x00, 0x00, 0x03, 0x00, 0x00, 0x00, 0x06, 
0x00, 0x00, 0x00, 0x06, 0x00, 0x00, 0x00, 0x0C, 0x00, 0x00, 0x00, 0x00, 0x00, 0x00, 0x00, 0x00, 
0x00, 0x00, 0x02, 0xC7, 0x00, 0x00, 0x00, 0x03, 0x00, 0x00, 0x00, 0x06, 0x00, 0x00, 0x00, 0x06, 
0x00, 0x00, 0x00, 0x0C, 0x00, 0x00, 0x00, 0x00, 0x00, 0x00, 0x00, 0x00, 0x00, 0x00, 0x02, 0xD8, 
0x00, 0x00, 0x00, 0x03, 0x00, 0x00, 0x00, 0x05, 0x00, 0x00, 0x00, 0x06, 0x00, 0x00, 0x00, 0x0B, 
0x00, 0x00, 0x00, 0x01, 0x00, 0x00, 0x00, 0x00, 0x00, 0x00, 0x02, 0xD9, 0x00, 0x00, 0x00, 0x02, 
0x00, 0x00, 0x00, 0x03, 0x00, 0x00, 0x00, 0x03, 0x00, 0x00, 0x00, 0x0B, 0x00, 0x00, 0x00, 0x00, 
0x00, 0x00, 0x00, 0x00, 0x00, 0x00, 0x02, 0xDA, 0x00, 0x00, 0x00, 0x04, 0x00, 0x00, 0x00, 0x05, 
0x00, 0x00, 0x00, 0x05, 0x00, 0x00, 0x00, 0x0C, 0x00, 0x00, 0x00, 0x00, 0x00, 0x00, 0x00, 0x00, 
0x00, 0x00, 0x02, 0xDB, 0x00, 0x00, 0x00, 0x05, 0x00, 0x00, 0x00, 0x04, 0x00, 0x00, 0x00, 0x04, 
0x00, 0x00, 0x00, 0x01, 0x00, 0x00, 0x00, 0x00, 0x00, 0x00, 0x00, 0x00, 0x00, 0x00, 0x02, 0xDC, 
0x00, 0x00, 0x00, 0x03, 0x00, 0x00, 0x00, 0x06, 0x00, 0x00, 0x00, 0x06, 0x00, 0x00, 0x00, 0x0B, 
0x00, 0x00, 0x00, 0x00, 0x00, 0x00, 0x00, 0x00, 0x00, 0x00, 0x02, 0xDD, 0x00, 0x00, 0x00, 0x03, 
0x00, 0x00, 0x00, 0x06, 0x00, 0x00, 0x00, 0x06, 0x00, 0x00, 0x00, 0x0C, 0x00, 0x00, 0x00, 0x00, 
0x00, 0x00, 0x00, 0x00, 0x00, 0x00, 0x03, 0xA9, 0x00, 0x00, 0x00, 0x0A, 0x00, 0x00, 0x00, 0x0B, 
0x00, 0x00, 0x00, 0x0C, 0x00, 0x00, 0x00, 0x0A, 0x00, 0x00, 0x00, 0x01, 0x00, 0x00, 0x00, 0x00, 
0x00, 0x00, 0x03, 0xC0, 0x00, 0x00, 0x00, 0x08, 0x00, 0x00, 0x00, 0x09, 0x00, 0x00, 0x00, 0x09, 
0x00, 0x00, 0x00, 0x08, 0x00, 0x00, 0x00, 0x00, 0x00, 0x00, 0x00, 0x00, 0x00, 0x00, 0x20, 0x13, 
0x00, 0x00, 0x00, 0x02, 0x00, 0x00, 0x00, 0x06, 0x00, 0x00, 0x00, 0x08, 0x00, 0x00, 0x00, 0x05, 
0x00, 0x00, 0x00, 0x01, 0x00, 0x00, 0x00, 0x00, 0x00, 0x00, 0x20, 0x14, 0x00, 0x00, 0x00, 0x02, 
0x00, 0x00, 0x00, 0x0D, 0x00, 0x00, 0x00, 0x0F, 0x00, 0x00, 0x00, 0x05, 0x00, 0x00, 0x00, 0x01, 
0x00, 0x00, 0x00, 0x00, 0x00, 0x00, 0x20, 0x18, 0x00, 0x00, 0x00, 0x03, 0x00, 0x00, 0x00, 0x03, 
0x00, 0x00, 0x00, 0x03, 0x00, 0x00, 0x00, 0x0A, 0x00, 0x00, 0x00, 0x00, 0x00, 0x00, 0x00, 0x00, 
0x00, 0x00, 0x20, 0x19, 0x00, 0x00, 0x00, 0x03, 0x00, 0x00, 0x00, 0x03, 0x00, 0x00, 0x00, 0x03, 
0x00, 0x00, 0x00, 0x0A, 0x00, 0x00, 0x00, 0x00, 0x00, 0x00, 0x00, 0x00, 0x00, 0x00, 0x20, 0x1A, 
0x00, 0x00, 0x00, 0x04, 0x00, 0x00, 0x00, 0x03, 0x00, 0x00, 0x00, 0x04, 0x00, 0x00, 0x00, 0x02, 
0x00, 0x00, 0x00, 0x00, 0x00, 0x00, 0x00, 0x00, 0x00, 0x00, 0x20, 0x1C, 0x00, 0x00, 0x00, 0x03, 
0x00, 0x00, 0x00, 0x05, 0x00, 0x00, 0x00, 0x05, 0x00, 0x00, 0x00, 0x0A, 0x00, 0x00, 0x00, 0x00, 
0x00, 0x00, 0x00, 0x00, 0x00, 0x00, 0x20, 0x1D, 0x00, 0x00, 0x00, 0x03, 0x00, 0x00, 0x00, 0x05, 
0x00, 0x00, 0x00, 0x05, 0x00, 0x00, 0x00, 0x0A, 0x00, 0x00, 0x00, 0x00, 0x00, 0x00, 0x00, 0x00, 
0x00, 0x00, 0x20, 0x1E, 0x00, 0x00, 0x00, 0x04, 0x00, 0x00, 0x00, 0x06, 0x00, 0x00, 0x00, 0x06, 
0x00, 0x00, 0x00, 0x02, 0x00, 0x00, 0x00, 0x00, 0x00, 0x00, 0x00, 0x00, 0x00, 0x00, 0x20, 0x20, 
0x00, 0x00, 0x00, 0x0B, 0x00, 0x00, 0x00, 0x07, 0x00, 0x00, 0x00, 0x07, 0x00, 0x00, 0x00, 0x0B, 
0x00, 0x00, 0x00, 0x00, 0x00, 0x00, 0x00, 0x00, 0x00, 0x00, 0x20, 0x21, 0x00, 0x00, 0x00, 0x0B, 
0x00, 0x00, 0x00, 0x06, 0x00, 0x00, 0x00, 0x08, 0x00, 0x00, 0x00, 0x0B, 0x00, 0x00, 0x00, 0x01, 
0x00, 0x00, 0x00, 0x00, 0x00, 0x00, 0x20, 0x22, 0x00, 0x00, 0x00, 0x04, 0x00, 0x00, 0x00, 0x03, 
0x00, 0x00, 0x00, 0x05, 0x00, 0x00, 0x00, 0x08, 0x00, 0x00, 0x00, 0x01, 0x00, 0x00, 0x00, 0x00, 
0x00, 0x00, 0x20, 0x26, 0x00, 0x00, 0x00, 0x02, 0x00, 0x00, 0x00, 0x0B, 0x00, 0x00, 0x00, 0x0B, 
0x00, 0x00, 0x00, 0x02, 0x00, 0x00, 0x00, 0x00, 0x00, 0x00, 0x00, 0x00, 0x00, 0x00, 0x20, 0x30, 
0x00, 0x00, 0x00, 0x0A, 0x00, 0x00, 0x00, 0x11, 0x00, 0x00, 0x00, 0x11, 0x00, 0x00, 0x00, 0x0A, 
0x00, 0x00, 0x00, 0x00, 0x00, 0x00, 0x00, 0x00, 0x00, 0x00, 0x20, 0x39, 0x00, 0x00, 0x00, 0x07, 
0x00, 0x00, 0x00, 0x04, 0x00, 0x00, 0x00, 0x04, 0x00, 0x00, 0x00, 0x07, 0x00, 0x00, 0x00, 0x01, 
0x00, 0x00, 0x00, 0x00, 0x00, 0x00, 0x20, 0x3A, 0x00, 0x00, 0x00, 0x07, 0x00, 0x00, 0x00, 0x04, 
0x00, 0x00, 0x00, 0x04, 0x00, 0x00, 0x00, 0x07, 0x00, 0x00, 0x00, 0x00, 0x00, 0x00, 0x00, 0x00, 
0x00, 0x00, 0x20, 0x44, 0x00, 0x00, 0x00, 0x0A, 0x00, 0x00, 0x00, 0x08, 0x00, 0x00, 0x00, 0x02, 
0x00, 0x00, 0x00, 0x0A, 0xFF, 0xFF, 0xFF, 0xFD, 0x00, 0x00, 0x00, 0x00, 0x00, 0x00, 0x20, 0xAC, 
0x00, 0x00, 0x00, 0x0A, 0x00, 0x00, 0x00, 0x09, 0x00, 0x00, 0x00, 0x09, 0x00, 0x00, 0x00, 0x0A, 
0x00, 0x00, 0x00, 0x00, 0x00, 0x00, 0x00, 0x00, 0x00, 0x00, 0x21, 0x22, 0x00, 0x00, 0x00, 0x06, 
0x00, 0x00, 0x00, 0x0A, 0x00, 0x00, 0x00, 0x0B, 0x00, 0x00, 0x00, 0x0B, 0x00, 0x00, 0x00, 0x00, 
0x00, 0x00, 0x00, 0x00, 0x00, 0x00, 0xFB, 0x01, 0x00, 0x00, 0x00, 0x0B, 0x00, 0x00, 0x00, 0x09, 
0x00, 0x00, 0x00, 0x09, 0x00, 0x00, 0x00, 0x0B, 0x00, 0x00, 0x00, 0x00, 0x00, 0x00, 0x00, 0x00, 
0x00, 0x00, 0xFB, 0x02, 0x00, 0x00, 0x00, 0x0B, 0x00, 0x00, 0x00, 0x09, 0x00, 0x00, 0x00, 0x09, 
0x00, 0x00, 0x00, 0x0B, 0x00, 0x00, 0x00, 0x00, 0x00, 0x00, 0x00, 0x00, 0x44, 0xFF, 0x14, 0x44, 
0xFF, 0x14, 0x44, 0xFF, 0x14, 0x44, 0xFF, 0x14, 0x44, 0xFF, 0x14, 0x44, 0xFF, 0x14, 0x44, 0xFF, 
0x14, 0x00, 0x00, 0x00, 0x2A, 0xE2, 0x08, 0x2B, 0xE4, 0x08, 0xB0, 0x98, 0x00, 0xFF, 0x34, 0x98, 
0x80, 0x00, 0xFF, 0x1C, 0x80, 0x68, 0x00, 0xFF, 0x05, 0x00, 0x00, 0x00, 0x9E, 0x72, 0x00, 0x96, 
0x6F, 0x00, 0x00, 0x00, 0x00, 0xCA, 0x42, 0x00, 0xC2, 0x3E, 0x00, 0x00, 0x00, 0x04, 0xF6, 0x12, 
0x01, 0xF0, 0x0F, 0x00, 0x20, 0xF8, 0xF9, 0xFF, 0xF8, 0xF9, 0xFF, 0xF8, 0xBA, 0x00, 0x00, 0x5D, 
0xA9, 0x00, 0x5F, 0xA9, 0x00, 0x00, 0x00, 0x00, 0x94, 0x75, 0x00, 0x93, 0x75, 0x00, 0x00, 0x9E, 
0xF0, 0xFB, 0xF6, 0xF0, 0xFB, 0xF6, 0xF0, 0x40, 0x15, 0x22, 0xF8, 0x31, 0x22, 0xF8, 0x31, 0x20, 
0x09, 0x00, 0x26, 0xE2, 0x00, 0x2A, 0xE1, 0x00, 0x00, 0x00, 0x00, 0x56, 0xB2, 0x00, 0x5A, 0xAF, 
0x00, 0x00, 0x00, 0x00, 0x00, 0x44, 0xFF, 0x14, 0x00, 0x00, 0x00, 0x00, 0x45, 0xC0, 0xFF, 0xB4, 
0x90, 0x43, 0x00, 0x16, 0xF8, 0xBE, 0xFF, 0x6F, 0x93, 0x66, 0x00, 0x40, 0xFF, 0x5D, 0xFF, 0x14, 
0x00, 0x00, 0x00, 0x20, 0xFE, 0xA5, 0xFF, 0x14, 0x00, 0x00, 0x00, 0x00, 0x6F, 0xF7, 0xFF, 0xB2, 
0x4F, 0x01, 0x00, 0x00, 0x00, 0x4B, 0xFF, 0x9F, 0xF1, 0xA3, 0x00, 0x00, 0x00, 0x44, 0xFF, 0x14, 
0x58, 0xFF, 0x0D, 0x20, 0x34, 0x46, 0xFF, 0x34, 0xA8, 0xE2, 0x02, 0x33, 0xF4, 0xFF, 0xFF, 0xFE, 
0xC1, 0x2E, 0x00, 0x00, 0x07, 0x5D, 0xFF, 0x1C, 0x00, 0x00, 0x00, 0x00, 0x00, 0x44, 0xFF, 0x14, 
0x00, 0x00, 0x00, 0x00, 0x6F, 0xF1, 0xE4, 0x42, 0x00, 0x00, 0x1F, 0xC7, 0x02, 0x00, 0x00, 0x11, 
0xFA, 0x63, 0x91, 0xD7, 0x00, 0x00, 0xA2, 0x46, 0x00, 0x00, 0x00, 0x3C, 0xFF, 0x1B, 0x4B, 0xFF, 
0x0B, 0x30, 0xB8, 0x00, 0x00, 0x00, 0x00, 0x3D, 0xFF, 0x18, 0x49, 0xFF, 0x0D, 0xB8, 0x30, 0x00, 
0x00, 0x00, 0x00, 0x14, 0xFC, 0x4A, 0x7E, 0xE4, 0x46, 0xA2, 0x68, 0xE5, 0xD7, 0x3D, 0x00, 0x00, 
0x7F, 0xFA, 0xF8, 0x5D, 0xC7, 0x30, 0xFA, 0x4A, 0x7E, 0xD6, 0x00, 0x00, 0x00, 0x13, 0x0D, 0x5E, 
0x8A, 0x3D, 0xFF, 0x18, 0x49, 0xFF, 0x0D, 0x00, 0x00, 0x00, 0x09, 0xCF, 0x11, 0x3B, 0xFF, 0x1B, 
0x4B, 0xFF, 0x0D, 0x00, 0x00, 0x00, 0x76, 0x73, 0x00, 0x0F, 0xFA, 0x60, 0x91, 0xDB, 0x00, 0x00, 
0x00, 0x12, 0xCE, 0x07, 0x00, 0x00, 0x6C, 0xF3, 0xE7, 0x49, 0x00, 0x00, 0x00, 0x69, 0xE0, 0xFC, 
0xDB, 0x50, 0x00, 0x00, 0x00, 0x00, 0x00, 0x26, 0xFF, 0x6E, 0x16, 0x93, 0xF3, 0x06, 0x00, 0x00, 
0x00, 0x00, 0x36, 0xFF, 0x25, 0x00, 0x59, 0xFA, 0x09, 0x00, 0x00, 0x00, 0x00, 0x02, 0xCB, 0xB7, 
0x46, 0xE6, 0x79, 0x00, 0x00, 0x00, 0x00, 0x00, 0x00, 0x55, 0xFF, 0xFF, 0x5F, 0x00, 0x00, 0x00, 
0x00, 0x00, 0x00, 0x75, 0xDD, 0x38, 0xB3, 0xD0, 0x17, 0x00, 0x71, 0xE0, 0x00, 0x20, 0xFE, 0x3D, 
0x00, 0x05, 0xA8, 0xDD, 0x25, 0xD6, 0x7F, 0x00, 0x3F, 0xFF, 0x21, 0x00, 0x00, 0x03, 0xA0, 0xF9, 
0xDB, 0x0D, 0x00, 0x0F, 0xF0, 0xAD, 0x26, 0x17, 0x4B, 0xC7, 0xE9, 0xEE, 0x32, 0x00, 0x00, 0x38, 
0xC0, 0xF7, 0xFB, 0xD5, 0x7C, 0x08, 0x97, 0xEE, 0x32, 0x08, 0xFF, 0x40, 0x00, 0xF0, 0x28, 0x00, 
0xD8, 0x10, 0x00, 0x00, 0x81, 0xBF, 0x01, 0x00, 0x22, 0xFA, 0x33, 0x00, 0x00, 0x92, 0xCA, 0x00, 
0x00, 0x00, 0xE3, 0x7C, 0x00, 0x00, 0x17, 0xFF, 0x44, 0x00, 0x00, 0x35, 0xFF, 0x23, 0x00, 0x00, 
0x42, 0xFF, 0x17, 0x00, 0x00, 0x38, 0xFF, 0x21, 0x00, 0x00, 0x1B, 0xFF, 0x42, 0x00, 0x00, 0x00, 
0xE7, 0x79, 0x00, 0x00, 0x00, 0x96, 0xC7, 0x00, 0x00, 0x00, 0x26, 0xFA, 0x31, 0x00, 0x00, 0x00, 
0x83, 0xBC, 0x00, 0x0D, 0xE3, 0x56, 0x00, 0x00, 0x00, 0x65, 0xE6, 0x09, 0x00, 0x00, 0x09, 0xF2, 
0x5C, 0x00, 0x00, 0x00, 0xAA, 0xB0, 0x00, 0x00, 0x00, 0x73, 0xE6, 0x00, 0x00, 0x00, 0x52, 0xFF, 
0x06, 0x00, 0x00, 0x46, 0xFF, 0x11, 0x00, 0x00, 0x51, 0xFF, 0x07, 0x00, 0x00, 0x73, 0xE9, 0x00, 
0x00, 0x00, 0xA9, 0xB4, 0x00, 0x00, 0x08, 0xF1, 0x64, 0x00, 0x00, 0x63, 0xE9, 0x0B, 0x00, 0x0B, 
0xE3, 0x58, 0x00, 0x00, 0x00, 0x00, 0x00, 0xCB, 0x83, 0x00, 0x00, 0x00, 0x00, 0x00, 0x00, 0xB2, 
0x6A, 0x00, 0x00, 0x00, 0x48, 0xC2, 0x77, 0xB4, 0x85, 0x8C, 0xD4, 0x0B, 0x29, 0x74, 0x90, 0xFD, 
0xE4, 0x84, 0x6F, 0x0F, 0x00, 0x00, 0x84, 0xAF, 0xE6, 0x42, 0x00, 0x00, 0x00, 0x3A, 0xFD, 0x3A, 
0x7A, 0xE5, 0x11, 0x00, 0x00, 0x08, 0x60, 0x00, 0x11, 0x55, 0x01, 0x00, 0x00, 0x00, 0x44, 0xFF, 
0x14, 0x00, 0x00, 0x00, 0x00, 0x44, 0xFF, 0x14, 0x00, 0x00, 0x00, 0x00, 0x44, 0xFF, 0x14, 0x00, 
0x00, 0xF0, 0xF0, 0xF4, 0xFF, 0xF1, 0xF0, 0xF0, 0x20, 0x20, 0x5C, 0xFF, 0x32, 0x20, 0x20, 0x00, 
0x00, 0x44, 0xFF, 0x14, 0x00, 0x00, 0x00, 0x00, 0x44, 0xFF, 0x14, 0x00, 0x00, 0x00, 0xC9, 0xA8, 
0x01, 0xF2, 0x66, 0x22, 0xFC, 0x15, 0x55, 0xB7, 0x00, 0xF0, 0xF0, 0xF0, 0x20, 0x20, 0x20, 0x2B, 
0xE2, 0x08, 0x2B, 0xE5, 0x08, 0x00, 0x00, 0x00, 0x4C, 0xED, 0x07, 0x00, 0x00, 0x00, 0xAC, 0x94, 
0x00, 0x00, 0x00, 0x13, 0xF9, 0x34, 0x00, 0x00, 0x00, 0x6C, 0xD4, 0x00, 0x00, 0x00, 0x00, 0xCC, 
0x74, 0x00, 0x00, 0x00, 0x2C, 0xFC, 0x18, 0x00, 0x00, 0x00, 0x8C, 0xB4, 0x00, 0x00, 0x00, 0x04, 
0xE8, 0x54, 0x00, 0x00, 0x00, 0x4C, 0xED, 0x07, 0x00, 0x00, 0x00, 0xAC, 0x94, 0x00, 0x00, 0x00, 
0x00, 0x00, 0x0F, 0xAA, 0xF6, 0xEE, 0x82, 0x01, 0x00, 0x00, 0xA0, 0xD1, 0x25, 0x39, 0xEE, 0x61, 
0x00, 0x08, 0xF7, 0x58, 0x00, 0x00, 0x89, 0xC8, 0x00, 0x2E, 0xFF, 0x29, 0x00, 0x00, 0x59, 0xF9, 
0x02, 0x40, 0xFF, 0x17, 0x00, 0x00, 0x47, 0xFF, 0x10, 0x40, 0xFF, 0x17, 0x00, 0x00, 0x47, 0xFF, 
0x10, 0x2A, 0xFF, 0x29, 0x00, 0x00, 0x59, 0xFA, 0x02, 0x05, 0xF3, 0x5A, 0x00, 0x00, 0x89, 0xCE, 
0x00, 0x00, 0x92, 0xD1, 0x25, 0x37, 0xEC, 0x6B, 0x00, 0x00, 0x0A, 0xA3, 0xF6, 0xEF, 0x8B, 0x02, 
0x00, 0x00, 0x11, 0xB0, 0xFF, 0x14, 0x34, 0xDE, 0xB9, 0xFF, 0x14, 0x7E, 0x5E, 0x44, 0xFF, 0x14, 
0x00, 0x00, 0x44, 0xFF, 0x14, 0x00, 0x00, 0x44, 0xFF, 0x14, 0x00, 0x00, 0x44, 0xFF, 0x14, 0x00, 
0x00, 0x44, 0xFF, 0x14, 0x00, 0x00, 0x44, 0xFF, 0x14, 0x00, 0x00, 0x44, 0xFF, 0x14, 0x00, 0x00, 
0x44, 0xFF, 0x14, 0x2B, 0xAF, 0xF2, 0xF9, 0xBD, 0x25, 0x00, 0x96, 0x86, 0x23, 0x21, 0xBB, 0xD2, 
0x00, 0x00, 0x00, 0x00, 0x00, 0x4D, 0xFF, 0x0F, 0x00, 0x00, 0x00, 0x00, 0x62, 0xF2, 0x03, 0x00, 
0x00, 0x00, 0x07, 0xD3, 0x8C, 0x00, 0x00, 0x00, 0x01, 0xA3, 0xCD, 0x09, 0x00, 0x00, 0x00, 0x8F, 
0xD6, 0x16, 0x00, 0x00, 0x00, 0x84, 0xDC, 0x1A, 0x00, 0x00, 0x00, 0x7A, 0xE6, 0x2D, 0x10, 0x10, 
0x10, 0x10, 0xFF, 0xFF, 0xFF, 0xFF, 0xFF, 0xFF, 0xFF, 0x01, 0x60, 0xC9, 0xF9, 0xF6, 0xC2, 0x32, 
0x00, 0x08, 0x9B, 0x4E, 0x18, 0x22, 0xAF, 0xE5, 0x02, 0x00, 0x00, 0x00, 0x00, 0x00, 0x4C, 0xFF, 
0x0D, 0x00, 0x00, 0x00, 0x00, 0x21, 0xC1, 0xAF, 0x00, 0x00, 0x00, 0xAD, 0xF3, 0xFF, 0xA5, 0x07, 
0x00, 0x00, 0x00, 0x17, 0x26, 0x50, 0xD9, 0xA5, 0x00, 0x00, 0x00, 0x00, 0x00, 0x00, 0x53, 0xFE, 
0x09, 0x00, 0x00, 0x00, 0x00, 0x00, 0x5B, 0xFD, 0x08, 0x2E, 0x6A, 0x27, 0x14, 0x3D, 0xD9, 0xB0, 
0x00, 0x22, 0xBC, 0xF2, 0xFD, 0xE5, 0x95, 0x0E, 0x00, 0x00, 0x00, 0x00, 0x02, 0xB8, 0xFF, 0x14, 
0x00, 0x00, 0x00, 0x00, 0x7E, 0xC7, 0xFF, 0x14, 0x00, 0x00, 0x00, 0x45, 0xCF, 0x4C, 0xFF, 0x14, 
0x00, 0x00, 0x1C, 0xDE, 0x28, 0x44, 0xFF, 0x14, 0x00, 0x05, 0xC6, 0x60, 0x00, 0x44, 0xFF, 0x14, 
0x00, 0x8F, 0xA3, 0x00, 0x00, 0x44, 0xFF, 0x14, 0x00, 0xFF, 0xFD, 0xFC, 0xFC, 0xFD, 0xFF, 0xFC, 
0xFC, 0x2C, 0x2C, 0x2C, 0x2C, 0x64, 0xFF, 0x3D, 0x2C, 0x00, 0x00, 0x00, 0x00, 0x44, 0xFF, 0x14, 
0x00, 0x00, 0x00, 0x00, 0x00, 0x44, 0xFF, 0x14, 0x00, 0x00, 0xB4, 0xFF, 0xFF, 0xFF, 0xFF, 0x5C, 
0x00, 0x00, 0xCC, 0x70, 0x10, 0x10, 0x10, 0x06, 0x00, 0x00, 0xE6, 0x4C, 0x00, 0x00, 0x00, 0x00, 
0x00, 0x01, 0xFC, 0xE0, 0xED, 0xDC, 0x84, 0x07, 0x00, 0x00, 0x39, 0x31, 0x25, 0x5A, 0xEC, 0x99, 
0x00, 0x00, 0x00, 0x00, 0x00, 0x00, 0x6E, 0xF8, 0x04, 0x00, 0x00, 0x00, 0x00, 0x00, 0x49, 0xFF, 
0x10, 0x00, 0x00, 0x00, 0x00, 0x00, 0x72, 0xEB, 0x01, 0x32, 0x6E, 0x27, 0x15, 0x52, 0xEE, 0x7B, 
0x00, 0x24, 0xC0, 0xF2, 0xFC, 0xDB, 0x74, 0x02, 0x00, 0x00, 0x00, 0x3C, 0xBF, 0xF6, 0xFA, 0x41, 
0x00, 0x00, 0x36, 0xF4, 0x73, 0x1F, 0x16, 0x0B, 0x00, 0x00, 0xBD, 0x81, 0x00, 0x00, 0x00, 0x00, 
0x00, 0x0F, 0xFD, 0x5D, 0xC9, 0xEB, 0xAF, 0x15, 0x00, 0x33, 0xFF, 0xC2, 0x3A, 0x38, 0xD9, 0xAF, 
0x00, 0x42, 0xFF, 0x38, 0x00, 0x00, 0x62, 0xFA, 0x06, 0x38, 0xFF, 0x1C, 0x00, 0x00, 0x48, 0xFF, 
0x10, 0x0F, 0xFB, 0x57, 0x00, 0x00, 0x66, 0xF2, 0x02, 0x00, 0x9E, 0xDB, 0x2F, 0x2D, 0xDA, 0x96, 
0x00, 0x00, 0x0A, 0x9A, 0xF2, 0xF5, 0x9F, 0x0A, 0x00, 0xFF, 0xFF, 0xFF, 0xFF, 0xFF, 0xFF, 0xFF, 
0x10, 0x10, 0x10, 0x10, 0x10, 0xAF, 0xBA, 0x00, 0x00, 0x00, 0x00, 0x22, 0xFC, 0x44, 0x00, 0x00, 
0x00, 0x00, 0x99, 0xCE, 0x00, 0x00, 0x00, 0x00, 0x19, 0xF8, 0x5A, 0x00, 0x00, 0x00, 0x00, 0x89, 
0xDE, 0x04, 0x00, 0x00, 0x00, 0x11, 0xF3, 0x6B, 0x00, 0x00, 0x00, 0x00, 0x7D, 0xED, 0x0B, 0x00, 
0x00, 0x00, 0x0B, 0xEC, 0x81, 0x00, 0x00, 0x00, 0x00, 0x6F, 0xF7, 0x15, 0x00, 0x00, 0x00, 0x00, 
0x46, 0xCA, 0xF9, 0xF5, 0xBB, 0x2E, 0x00, 0x1B, 0xF9, 0x8D, 0x1B, 0x25, 0xB3, 0xE2, 0x02, 0x3D, 
0xFF, 0x1B, 0x00, 0x00, 0x4E, 0xFF, 0x0E, 0x08, 0xDE, 0x9C, 0x09, 0x0F, 0xBA, 0xAE, 0x00, 0x00, 
0x1E, 0xD0, 0xEA, 0xEF, 0x95, 0x06, 0x00, 0x00, 0x6C, 0xEC, 0x6C, 0xA6, 0xF0, 0x42, 0x00, 0x1D, 
0xFC, 0x4A, 0x00, 0x00, 0x8A, 0xE8, 0x02, 0x40, 0xFF, 0x1D, 0x00, 0x00, 0x50, 0xFF, 0x0F, 0x12, 
0xF5, 0x9C, 0x1B, 0x29, 0xC4, 0xCF, 0x00, 0x00, 0x40, 0xC9, 0xF9, 0xF6, 0xB2, 0x20, 0x00, 0x00, 
0x26, 0xBF, 0xF9, 0xEA, 0x7D, 0x01, 0x00, 0x03, 0xD9, 0xAD, 0x1E, 0x3B, 0xE7, 0x6E, 0x00, 0x32, 
0xFF, 0x29, 0x00, 0x00, 0x6F, 0xDA, 0x00, 0x40, 0xFF, 0x1C, 0x00, 0x00, 0x4D, 0xFF, 0x09, 0x12, 
0xF7, 0x85, 0x02, 0x17, 0xBE, 0xFF, 0x11, 0x00, 0x5C, 0xF1, 0xF8, 0xE1, 0x80, 0xFC, 0x05, 0x00, 
0x00, 0x07, 0x1C, 0x03, 0x73, 0xDA, 0x00, 0x00, 0x00, 0x00, 0x00, 0x03, 0xCF, 0x8F, 0x00, 0x00, 
0x16, 0x15, 0x2C, 0xAB, 0xED, 0x1A, 0x00, 0x00, 0x75, 0xFD, 0xF1, 0xB1, 0x29, 0x00, 0x00, 0x2B, 
0xE7, 0x08, 0x2B, 0xE5, 0x08, 0x00, 0x00, 0x00, 0x00, 0x00, 0x00, 0x00, 0x00, 0x00, 0x00, 0x00, 
0x00, 0x2B, 0xE2, 0x08, 0x2B, 0xE5, 0x08, 0x2B, 0xE7, 0x08, 0x2B, 0xE5, 0x08, 0x00, 0x00, 0x00, 
0x00, 0x00, 0x00, 0x00, 0x00, 0x00, 0x00, 0x00, 0x00, 0x32, 0xEA, 0x00, 0x58, 0xB4, 0x00, 0x81, 
0x77, 0x00, 0xB0, 0x33, 0x00, 0x00, 0x00, 0x00, 0x00, 0x03, 0x60, 0x63, 0x00, 0x00, 0x01, 0x52, 
0xD7, 0xBD, 0x2E, 0x00, 0x42, 0xCA, 0xC0, 0x40, 0x00, 0x00, 0xBC, 0xD1, 0x42, 0x00, 0x00, 0x00, 
0x00, 0x80, 0xE8, 0xA3, 0x31, 0x00, 0x00, 0x00, 0x00, 0x0B, 0x6F, 0xE1, 0xBE, 0x4B, 0x01, 0x00, 
0x00, 0x00, 0x05, 0x5E, 0xD4, 0x79, 0x00, 0x00, 0x00, 0x00, 0x00, 0x01, 0x18, 0xF0, 0xF0, 0xF0, 
0xF0, 0xF0, 0xF0, 0x20, 0x20, 0x20, 0x20, 0x20, 0x20, 0x00, 0x00, 0x00, 0x00, 0x00, 0x00, 0xF0, 
0xF0, 0xF0, 0xF0, 0xF0, 0xF0, 0x20, 0x20, 0x20, 0x20, 0x20, 0x20, 0xA4, 0x22, 0x00, 0x00, 0x00, 
0x00, 0x00, 0x7D, 0xEB, 0x96, 0x19, 0x00, 0x00, 0x00, 0x00, 0x10, 0x83, 0xE8, 0x86, 0x10, 0x00, 
0x00, 0x00, 0x00, 0x13, 0x8A, 0xED, 0x4D, 0x00, 0x00, 0x0A, 0x69, 0xD9, 0xBC, 0x31, 0x18, 0x83, 
0xEA, 0xAB, 0x33, 0x00, 0x00, 0xF1, 0x9A, 0x25, 0x00, 0x00, 0x00, 0x00, 0x19, 0x00, 0x00, 0x00, 
0x00, 0x00, 0x00, 0x58, 0xC9, 0xF5, 0xFA, 0xC8, 0x37, 0x00, 0x43, 0x55, 0x1C, 0x1E, 0xAA, 0xE7, 
0x02, 0x00, 0x00, 0x00, 0x00, 0x4C, 0xFF, 0x0C, 0x00, 0x00, 0x00, 0x09, 0xBB, 0xAF, 0x00, 0x00, 
0x00, 0x1C, 0xCC, 0x95, 0x07, 0x00, 0x00, 0x00, 0xC5, 0x50, 0x00, 0x00, 0x00, 0x00, 0x02, 0xC1, 
0x00, 0x00, 0x00, 0x00, 0x00, 0x00, 0x00, 0x00, 0x00, 0x00, 0x00, 0x00, 0x2A, 0xE2, 0x08, 0x00, 
0x00, 0x00, 0x00, 0x2B, 0xE4, 0x08, 0x00, 0x00, 0x00, 0x00, 0x00, 0x00, 0x29, 0x9A, 0xE0, 0xFC, 
0xF5, 0xCC, 0x70, 0x06, 0x00, 0x00, 0x00, 0x00, 0x63, 0xF6, 0x94, 0x38, 0x15, 0x1E, 0x5D, 0xDE, 
0xC5, 0x0B, 0x00, 0x00, 0x41, 0xFC, 0x4D, 0x1B, 0xB4, 0xF8, 0xF4, 0xC7, 0x21, 0xE3, 0x8D, 0x00, 
0x00, 0xC7, 0x9E, 0x01, 0xCD, 0xB7, 0x1C, 0x5D, 0xFF, 0x14, 0x74, 0xEB, 0x00, 0x18, 0xFF, 0x41, 
0x2C, 0xFF, 0x32, 0x00, 0x44, 0xFF, 0x14, 0x48, 0xFF, 0x0E, 0x3D, 0xFF, 0x1B, 0x40, 0xFF, 0x18, 
0x00, 0x51, 0xFF, 0x14, 0x55, 0xFD, 0x07, 0x3E, 0xFF, 0x1C, 0x19, 0xFE, 0x60, 0x03, 0xA9, 0xF5, 
0x2F, 0xA1, 0xBE, 0x00, 0x17, 0xFF, 0x4D, 0x00, 0x7E, 0xFD, 0xF5, 0x7F, 0x82, 0xFC, 0xE3, 0x2A, 
0x00, 0x00, 0xBC, 0xC3, 0x04, 0x00, 0x0F, 0x11, 0x00, 0x00, 0x19, 0x04, 0x00, 0x00, 0x00, 0x25, 
0xE9, 0xBD, 0x3A, 0x04, 0x00, 0x0C, 0x45, 0x35, 0x00, 0x00, 0x00, 0x00, 0x00, 0x1B, 0x9B, 0xEE, 
0xFC, 0xF4, 0xFD, 0xCD, 0x3C, 0x00, 0x00, 0x00, 0x00, 0x00, 0x00, 0x00, 0x01, 0x15, 0x1D, 0x09, 
0x00, 0x00, 0x00, 0x00, 0x00, 0x00, 0x00, 0x00, 0x4B, 0xFF, 0x5A, 0x00, 0x00, 0x00, 0x00, 0x00, 
0x00, 0x00, 0xAD, 0xDF, 0xBD, 0x00, 0x00, 0x00, 0x00, 0x00, 0x00, 0x18, 0xFB, 0x50, 0xFE, 0x22, 
0x00, 0x00, 0x00, 0x00, 0x00, 0x76, 0xD8, 0x00, 0xC9, 0x84, 0x00, 0x00, 0x00, 0x00, 0x01, 0xD9, 
0x7E, 0x00, 0x6E, 0xE5, 0x03, 0x00, 0x00, 0x00, 0x3E, 0xFF, 0x24, 0x00, 0x17, 0xFC, 0x4C, 0x00, 
0x00, 0x00, 0xA2, 0xFF, 0xFC, 0xFC, 0xFC, 0xFF, 0xB0, 0x00, 0x00, 0x10, 0xF6, 0x75, 0x2C, 0x2C, 
0x2C, 0x72, 0xFB, 0x18, 0x00, 0x6A, 0xEF, 0x0A, 0x00, 0x00, 0x00, 0x08, 0xEC, 0x77, 0x00, 0xCE, 
0x90, 0x00, 0x00, 0x00, 0x00, 0x00, 0x89, 0xD9, 0x01, 0x44, 0xFF, 0xFF, 0xFF, 0xF1, 0xBF, 0x39, 
0x00, 0x00, 0x44, 0xFF, 0x23, 0x11, 0x29, 0xB3, 0xE9, 0x02, 0x00, 0x44, 0xFF, 0x14, 0x00, 0x00, 
0x4B, 0xFF, 0x0F, 0x00, 0x44, 0xFF, 0x14, 0x00, 0x08, 0x9C, 0xC6, 0x00, 0x00, 0x44, 0xFF, 0xF1, 
0xF0, 0xFC, 0xD1, 0x2C, 0x00, 0x00, 0x44, 0xFF, 0x32, 0x20, 0x25, 0x51, 0xD8, 0x73, 0x00, 0x44, 
0xFF, 0x14, 0x00, 0x00, 0x00, 0x59, 0xF9, 0x07, 0x44, 0xFF, 0x14, 0x00, 0x00, 0x00, 0x5C, 0xFE, 
0x0B, 0x44, 0xFF, 0x23, 0x10, 0x14, 0x40, 0xDC, 0xB3, 0x00, 0x44, 0xFF, 0xFF, 0xFF, 0xFF, 0xE5, 
0x95, 0x0E, 0x00, 0x00, 0x00, 0x25, 0xA7, 0xEB, 0xFD, 0xE8, 0xA9, 0x05, 0x00, 0x2D, 0xF1, 0xA9, 
0x2E, 0x14, 0x36, 0x60, 0x00, 0x00, 0xC2, 0xB8, 0x01, 0x00, 0x00, 0x00, 0x00, 0x00, 0x19, 0xFF, 
0x47, 0x00, 0x00, 0x00, 0x00, 0x00, 0x00, 0x3E, 0xFF, 0x1E, 0x00, 0x00, 0x00, 0x00, 0x00, 0x00, 
0x3E, 0xFF, 0x1B, 0x00, 0x00, 0x00, 0x00, 0x00, 0x00, 0x1D, 0xFF, 0x43, 0x00, 0x00, 0x00, 0x00, 
0x00, 0x00, 0x00, 0xD2, 0xAC, 0x00, 0x00, 0x00, 0x00, 0x00, 0x00, 0x00, 0x44, 0xFB, 0x9B, 0x2C, 
0x13, 0x2B, 0x43, 0x00, 0x00, 0x00, 0x3C, 0xBC, 0xF2, 0xFE, 0xE9, 0x88, 0x00, 0x44, 0xFF, 0xFF, 
0xFF, 0xF8, 0xD3, 0x7F, 0x0D, 0x00, 0x00, 0x44, 0xFF, 0x23, 0x10, 0x1D, 0x56, 0xD3, 0xD4, 0x12, 
0x00, 0x44, 0xFF, 0x14, 0x00, 0x00, 0x00, 0x0D, 0xDD, 0x95, 0x00, 0x44, 0xFF, 0x14, 0x00, 0x00, 
0x00, 0x00, 0x74, 0xEC, 0x00, 0x44, 0xFF, 0x14, 0x00, 0x00, 0x00, 0x00, 0x4B, 0xFF, 0x0E, 0x44, 
0xFF, 0x14, 0x00, 0x00, 0x00, 0x00, 0x4C, 0xFF, 0x0B, 0x44, 0xFF, 0x14, 0x00, 0x00, 0x00, 0x00, 
0x7C, 0xE2, 0x00, 0x44, 0xFF, 0x14, 0x00, 0x00, 0x00, 0x14, 0xE5, 0x83, 0x00, 0x44, 0xFF, 0x23, 
0x11, 0x23, 0x62, 0xDD, 0xC3, 0x09, 0x00, 0x44, 0xFF, 0xFF, 0xFF, 0xF3, 0xC9, 0x6E, 0x06, 0x00, 
0x00, 0x44, 0xFF, 0xFF, 0xFF, 0xFF, 0xFF, 0x60, 0x44, 0xFF, 0x23, 0x10, 0x10, 0x10, 0x06, 0x44, 
0xFF, 0x14, 0x00, 0x00, 0x00, 0x00, 0x44, 0xFF, 0x14, 0x00, 0x00, 0x00, 0x00, 0x44, 0xFF, 0xF1, 
0xF0, 0xF0, 0xF0, 0x1E, 0x44, 0xFF, 0x32, 0x20, 0x20, 0x20, 0x04, 0x44, 0xFF, 0x14, 0x00, 0x00, 
0x00, 0x00, 0x44, 0xFF, 0x14, 0x00, 0x00, 0x00, 0x00, 0x44, 0xFF, 0x23, 0x10, 0x10, 0x10, 0x06, 
0x44, 0xFF, 0xFF, 0xFF, 0xFF, 0xFF, 0x60, 0x44, 0xFF, 0xFF, 0xFF, 0xFF, 0xFF, 0x60, 0x44, 0xFF, 
0x23, 0x10, 0x10, 0x10, 0x06, 0x44, 0xFF, 0x14, 0x00, 0x00, 0x00, 0x00, 0x44, 0xFF, 0x14, 0x00, 
0x00, 0x00, 0x00, 0x44, 0xFF, 0xF1, 0xF0, 0xF0, 0xF0, 0x1A, 0x44, 0xFF, 0x32, 0x20, 0x20, 0x20, 
0x04, 0x44, 0xFF, 0x14, 0x00, 0x00, 0x00, 0x00, 0x44, 0xFF, 0x14, 0x00, 0x00, 0x00, 0x00, 0x44, 
0xFF, 0x14, 0x00, 0x00, 0x00, 0x00, 0x44, 0xFF, 0x14, 0x00, 0x00, 0x00, 0x00, 0x00, 0x00, 0x14, 
0x8B, 0xD9, 0xFA, 0xF9, 0xD8, 0x83, 0x00, 0x00, 0x1F, 0xE2, 0xC4, 0x45, 0x17, 0x1B, 0x41, 0x44, 
0x00, 0x00, 0xB6, 0xC7, 0x05, 0x00, 0x00, 0x00, 0x00, 0x00, 0x00, 0x17, 0xFF, 0x4E, 0x00, 0x00, 
0x00, 0x00, 0x00, 0x00, 0x00, 0x3D, 0xFF, 0x1C, 0x00, 0x00, 0x71, 0xF0, 0xF0, 0xF0, 0x13, 0x3E, 
0xFF, 0x1B, 0x00, 0x00, 0x0F, 0x20, 0x5C, 0xFF, 0x14, 0x1A, 0xFF, 0x47, 0x00, 0x00, 0x00, 0x00, 
0x44, 0xFF, 0x14, 0x00, 0xC5, 0xB5, 0x01, 0x00, 0x00, 0x00, 0x44, 0xFF, 0x14, 0x00, 0x31, 0xF3, 
0xAF, 0x3B, 0x14, 0x1A, 0x75, 0xFF, 0x14, 0x00, 0x00, 0x28, 0xA6, 0xE9, 0xFD, 0xF6, 0xDB, 0xA8, 
0x0A, 0x44, 0xFF, 0x14, 0x00, 0x00, 0x00, 0x44, 0xFF, 0x14, 0x44, 0xFF, 0x14, 0x00, 0x00, 0x00, 
0x44, 0xFF, 0x14, 0x44, 0xFF, 0x14, 0x00, 0x00, 0x00, 0x44, 0xFF, 0x14, 0x44, 0xFF, 0x14, 0x00, 
0x00, 0x00, 0x44, 0xFF, 0x14, 0x44, 0xFF, 0xF1, 0xF0, 0xF0, 0xF0, 0xF4, 0xFF, 0x14, 0x44, 0xFF, 
0x32, 0x20, 0x20, 0x20, 0x5C, 0xFF, 0x14, 0x44, 0xFF, 0x14, 0x00, 0x00, 0x00, 0x44, 0xFF, 0x14, 
0x44, 0xFF, 0x14, 0x00, 0x00, 0x00, 0x44, 0xFF, 0x14, 0x44, 0xFF, 0x14, 0x00, 0x00, 0x00, 0x44, 
0xFF, 0x14, 0x44, 0xFF, 0x14, 0x00, 0x00, 0x00, 0x44, 0xFF, 0x14, 0x58, 0xF3, 0xFF, 0xEB, 0x34, 
0x00, 0x44, 0xFF, 0x14, 0x00, 0x00, 0x44, 0xFF, 0x14, 0x00, 0x00, 0x44, 0xFF, 0x14, 0x00, 0x00, 
0x44, 0xFF, 0x14, 0x00, 0x00, 0x44, 0xFF, 0x14, 0x00, 0x00, 0x44, 0xFF, 0x14, 0x00, 0x00, 0x44, 
0xFF, 0x14, 0x00, 0x00, 0x44, 0xFF, 0x14, 0x00, 0x58, 0xF0, 0xFF, 0xE8, 0x34, 0x00, 0x00, 0x44, 
0xFF, 0x14, 0x00, 0x00, 0x44, 0xFF, 0x14, 0x00, 0x00, 0x44, 0xFF, 0x14, 0x00, 0x00, 0x44, 0xFF, 
0x14, 0x00, 0x00, 0x44, 0xFF, 0x14, 0x00, 0x00, 0x44, 0xFF, 0x14, 0x00, 0x00, 0x44, 0xFF, 0x14, 
0x00, 0x00, 0x44, 0xFF, 0x14, 0x00, 0x00, 0x44, 0xFF, 0x14, 0x00, 0x00, 0x44, 0xFF, 0x14, 0x00, 
0x00, 0x48, 0xFF, 0x10, 0x04, 0x03, 0x98, 0xDE, 0x00, 0xC1, 0xF8, 0xE7, 0x42, 0x00, 0x0B, 0x1B, 
0x03, 0x00, 0x00, 0x44, 0xFF, 0x14, 0x00, 0x00, 0x1C, 0xE3, 0x90, 0x00, 0x44, 0xFF, 0x14, 0x00, 
0x10, 0xD4, 0xA5, 0x02, 0x00, 0x44, 0xFF, 0x14, 0x08, 0xC2, 0xBA, 0x06, 0x00, 0x00, 0x44, 0xFF, 
0x16, 0xAA, 0xCA, 0x0C, 0x00, 0x00, 0x00, 0x44, 0xFF, 0x9F, 0xFF, 0x46, 0x00, 0x00, 0x00, 0x00, 
0x44, 0xFF, 0xBA, 0xB6, 0xD9, 0x0B, 0x00, 0x00, 0x00, 0x44, 0xFF, 0x16, 0x13, 0xE4, 0x9D, 0x00, 
0x00, 0x00, 0x44, 0xFF, 0x14, 0x00, 0x40, 0xFD, 0x58, 0x00, 0x00, 0x44, 0xFF, 0x14, 0x00, 0x00, 
0x81, 0xF1, 0x21, 0x00, 0x44, 0xFF, 0x14, 0x00, 0x00, 0x03, 0xC2, 0xC7, 0x04, 0x44, 0xFF, 0x14, 
0x00, 0x00, 0x00, 0x00, 0x44, 0xFF, 0x14, 0x00, 0x00, 0x00, 0x00, 0x44, 0xFF, 0x14, 0x00, 0x00, 
0x00, 0x00, 0x44, 0xFF, 0x14, 0x00, 0x00, 0x00, 0x00, 0x44, 0xFF, 0x14, 0x00, 0x00, 0x00, 0x00, 
0x44, 0xFF, 0x14, 0x00, 0x00, 0x00, 0x00, 0x44, 0xFF, 0x14, 0x00, 0x00, 0x00, 0x00, 0x44, 0xFF, 
0x14, 0x00, 0x00, 0x00, 0x00, 0x44, 0xFF, 0x3D, 0x2C, 0x2C, 0x2C, 0x14, 0x44, 0xFF, 0xFF, 0xFF, 
0xFF, 0xFF, 0x74, 0x44, 0xFF, 0xF4, 0x10, 0x00, 0x00, 0x00, 0x00, 0x22, 0xFF, 0xFF, 0x14, 0x44, 
0xFF, 0xBC, 0x68, 0x00, 0x00, 0x00, 0x00, 0x82, 0xD9, 0xFF, 0x14, 0x44, 0xFF, 0x62, 0xC5, 0x00, 
0x00, 0x00, 0x02, 0xE2, 0x79, 0xFF, 0x14, 0x44, 0xFF, 0x1A, 0xED, 0x25, 0x00, 0x00, 0x44, 0xD7, 
0x44, 0xFF, 0x14, 0x44, 0xFF, 0x14, 0x9A, 0x84, 0x00, 0x00, 0xA5, 0x78, 0x44, 0xFF, 0x14, 0x44, 
0xFF, 0x14, 0x41, 0xE2, 0x02, 0x10, 0xF5, 0x1B, 0x44, 0xFF, 0x14, 0x44, 0xFF, 0x14, 0x02, 0xE4, 
0x44, 0x68, 0xBC, 0x00, 0x44, 0xFF, 0x14, 0x44, 0xFF, 0x14, 0x00, 0x8D, 0xA4, 0xC8, 0x5C, 0x00, 
0x44, 0xFF, 0x14, 0x44, 0xFF, 0x14, 0x00, 0x32, 0xFA, 0xF4, 0x0A, 0x00, 0x44, 0xFF, 0x14, 0x44, 
0xFF, 0x14, 0x00, 0x00, 0xD8, 0xA0, 0x00, 0x00, 0x44, 0xFF, 0x14, 0x44, 0xFF, 0xC4, 0x01, 0x00, 
0x00, 0x00, 0x44, 0xFF, 0x14, 0x44, 0xFF, 0xD3, 0x5E, 0x00, 0x00, 0x00, 0x44, 0xFF, 0x14, 0x44, 
0xFF, 0x41, 0xE5, 0x10, 0x00, 0x00, 0x44, 0xFF, 0x14, 0x44, 0xFF, 0x14, 0x8F, 0x93, 0x00, 0x00, 
0x44, 0xFF, 0x14, 0x44, 0xFF, 0x14, 0x0E, 0xE4, 0x31, 0x00, 0x44, 0xFF, 0x14, 0x44, 0xFF, 0x14, 
0x00, 0x5A, 0xC6, 0x01, 0x44, 0xFF, 0x14, 0x44, 0xFF, 0x14, 0x00, 0x01, 0xBF, 0x62, 0x44, 0xFF, 
0x14, 0x44, 0xFF, 0x14, 0x00, 0x00, 0x2B, 0xE5, 0x55, 0xFF, 0x14, 0x44, 0xFF, 0x14, 0x00, 0x00, 
0x00, 0x8B, 0xD4, 0xFF, 0x14, 0x44, 0xFF, 0x14, 0x00, 0x00, 0x00, 0x0D, 0xE4, 0xFF, 0x14, 0x00, 
0x00, 0x30, 0xAF, 0xED, 0xFC, 0xE5, 0x9B, 0x19, 0x00, 0x00, 0x00, 0x3A, 0xF7, 0x94, 0x2C, 0x13, 
0x33, 0xB0, 0xE3, 0x1A, 0x00, 0x00, 0xCC, 0xA3, 0x00, 0x00, 0x00, 0x00, 0x04, 0xD2, 0x99, 0x00, 
0x1D, 0xFF, 0x40, 0x00, 0x00, 0x00, 0x00, 0x00, 0x72, 0xEA, 0x00, 0x3E, 0xFF, 0x1A, 0x00, 0x00, 
0x00, 0x00, 0x00, 0x4A, 0xFF, 0x0E, 0x3E, 0xFF, 0x1B, 0x00, 0x00, 0x00, 0x00, 0x00, 0x4B, 0xFF, 
0x0D, 0x1D, 0xFF, 0x42, 0x00, 0x00, 0x00, 0x00, 0x00, 0x72, 0xE9, 0x00, 0x00, 0xCD, 0xA4, 0x00, 
0x00, 0x00, 0x00, 0x04, 0xD1, 0x96, 0x00, 0x00, 0x3C, 0xF8, 0x93, 0x2C, 0x14, 0x36, 0xB3, 0xE3, 
0x17, 0x00, 0x00, 0x00, 0x32, 0xB0, 0xEF, 0xFE, 0xE5, 0x9B, 0x1A, 0x00, 0x00, 0x44, 0xFF, 0xFF, 
0xFF, 0xE9, 0xA2, 0x15, 0x00, 0x44, 0xFF, 0x23, 0x13, 0x3F, 0xD7, 0xBA, 0x00, 0x44, 0xFF, 0x14, 
0x00, 0x00, 0x58, 0xFE, 0x0A, 0x44, 0xFF, 0x14, 0x00, 0x00, 0x53, 0xFD, 0x08, 0x44, 0xFF, 0x14, 
0x00, 0x27, 0xCD, 0xAF, 0x00, 0x44, 0xFF, 0xF1, 0xF6, 0xF9, 0xA5, 0x11, 0x00, 0x44, 0xFF, 0x32, 
0x1D, 0x06, 0x00, 0x00, 0x00, 0x44, 0xFF, 0x14, 0x00, 0x00, 0x00, 0x00, 0x00, 0x44, 0xFF, 0x14, 
0x00, 0x00, 0x00, 0x00, 0x00, 0x44, 0xFF, 0x14, 0x00, 0x00, 0x00, 0x00, 0x00, 0x00, 0x00, 0x30, 
0xAF, 0xED, 0xFC, 0xE5, 0x9B, 0x19, 0x00, 0x00, 0x00, 0x3A, 0xF7, 0x94, 0x2C, 0x13, 0x33, 0xB0, 
0xE3, 0x1A, 0x00, 0x00, 0xCC, 0xA3, 0x00, 0x00, 0x00, 0x00, 0x04, 0xD2, 0x99, 0x00, 0x1D, 0xFF, 
0x40, 0x00, 0x00, 0x00, 0x00, 0x00, 0x72, 0xEA, 0x00, 0x3E, 0xFF, 0x1A, 0x00, 0x00, 0x00, 0x00, 
0x00, 0x4A, 0xFF, 0x0E, 0x3E, 0xFF, 0x1B, 0x00, 0x00, 0x00, 0x00, 0x00, 0x4B, 0xFF, 0x0E, 0x1D, 
0xFF, 0x42, 0x00, 0x00, 0x00, 0x00, 0x00, 0x72, 0xEA, 0x00, 0x00, 0xCD, 0xA4, 0x00, 0x00, 0x00, 
0x00, 0x04, 0xD1, 0x99, 0x00, 0x00, 0x3A, 0xF7, 0x93, 0x2C, 0x14, 0x36, 0xB3, 0xE5, 0x1A, 0x00, 
0x00, 0x00, 0x30, 0xB0, 0xEF, 0xFF, 0xFF, 0xB4, 0x1D, 0x00, 0x00, 0x00, 0x00, 0x00, 0x00, 0x00, 
0x0A, 0xD0, 0xD2, 0x0E, 0x00, 0x00, 0x00, 0x00, 0x00, 0x00, 0x00, 0x00, 0x20, 0xEC, 0xBB, 0x05, 
0x00, 0x00, 0x00, 0x00, 0x00, 0x00, 0x00, 0x00, 0x3A, 0x80, 0x34, 0x00, 0x44, 0xFF, 0xFF, 0xFF, 
0xEB, 0xA7, 0x19, 0x00, 0x44, 0xFF, 0x23, 0x12, 0x36, 0xCE, 0xC0, 0x00, 0x44, 0xFF, 0x14, 0x00, 
0x00, 0x53, 0xFF, 0x0B, 0x44, 0xFF, 0x14, 0x00, 0x00, 0x51, 0xFE, 0x0B, 0x44, 0xFF, 0x14, 0x00, 
0x1A, 0xC4, 0xB1, 0x00, 0x44, 0xFF, 0xF1, 0xF1, 0xFF, 0xA3, 0x0E, 0x00, 0x44, 0xFF, 0x32, 0x20, 
0xCF, 0x97, 0x00, 0x00, 0x44, 0xFF, 0x14, 0x00, 0x39, 0xFD, 0x3E, 0x00, 0x44, 0xFF, 0x14, 0x00, 
0x00, 0x99, 0xDA, 0x08, 0x44, 0xFF, 0x14, 0x00, 0x00, 0x12, 0xEC, 0x88, 0x00, 0x39, 0xC1, 0xF7, 
0xFA, 0xD9, 0x7A, 0x00, 0x14, 0xF3, 0x92, 0x1D, 0x1B, 0x48, 0x47, 0x00, 0x40, 0xFF, 0x1C, 0x00, 
0x00, 0x00, 0x00, 0x00, 0x17, 0xF9, 0x88, 0x03, 0x00, 0x00, 0x00, 0x00, 0x00, 0x53, 0xF1, 0xDF, 
0x78, 0x16, 0x00, 0x00, 0x00, 0x00, 0x0F, 0x6A, 0xD3, 0xF4, 0x55, 0x00, 0x00, 0x00, 0x00, 0x00, 
0x02, 0x99, 0xF1, 0x04, 0x00, 0x00, 0x00, 0x00, 0x00, 0x4F, 0xFF, 0x0E, 0x29, 0x63, 0x28, 0x14, 
0x30, 0xC7, 0xC0, 0x00, 0x28, 0xC8, 0xF1, 0xFE, 0xE9, 0x9B, 0x13, 0x00, 0xFF, 0xFF, 0xFF, 0xFF, 
0xFF, 0xFF, 0xFF, 0xFF, 0x10, 0x10, 0x50, 0xFF, 0x23, 0x10, 0x10, 0x10, 0x00, 0x00, 0x44, 0xFF, 
0x14, 0x00, 0x00, 0x00, 0x00, 0x00, 0x44, 0xFF, 0x14, 0x00, 0x00, 0x00, 0x00, 0x00, 0x44, 0xFF, 
0x14, 0x00, 0x00, 0x00, 0x00, 0x00, 0x44, 0xFF, 0x14, 0x00, 0x00, 0x00, 0x00, 0x00, 0x44, 0xFF, 
0x14, 0x00, 0x00, 0x00, 0x00, 0x00, 0x44, 0xFF, 0x14, 0x00, 0x00, 0x00, 0x00, 0x00, 0x44, 0xFF, 
0x14, 0x00, 0x00, 0x00, 0x00, 0x00, 0x44, 0xFF, 0x14, 0x00, 0x00, 0x00, 0x44, 0xFF, 0x14, 0x00, 
0x00, 0x00, 0x44, 0xFF, 0x14, 0x44, 0xFF, 0x14, 0x00, 0x00, 0x00, 0x44, 0xFF, 0x14, 0x44, 0xFF, 
0x14, 0x00, 0x00, 0x00, 0x44, 0xFF, 0x14, 0x44, 0xFF, 0x14, 0x00, 0x00, 0x00, 0x44, 0xFF, 0x14, 
0x44, 0xFF, 0x14, 0x00, 0x00, 0x00, 0x44, 0xFF, 0x14, 0x44, 0xFF, 0x14, 0x00, 0x00, 0x00, 0x44, 
0xFF, 0x14, 0x41, 0xFF, 0x17, 0x00, 0x00, 0x00, 0x48, 0xFF, 0x11, 0x1E, 0xFF, 0x41, 0x00, 0x00, 
0x00, 0x72, 0xED, 0x01, 0x00, 0xB0, 0xD5, 0x3A, 0x14, 0x49, 0xEB, 0x7F, 0x00, 0x00, 0x0D, 0x98, 
0xEA, 0xFC, 0xDF, 0x79, 0x02, 0x00, 0xD2, 0x91, 0x00, 0x00, 0x00, 0x00, 0x15, 0xFC, 0x56, 0x77, 
0xE7, 0x03, 0x00, 0x00, 0x00, 0x6A, 0xF2, 0x09, 0x1D, 0xFE, 0x42, 0x00, 0x00, 0x00, 0xC2, 0x9F, 
0x00, 0x00, 0xBF, 0x9B, 0x00, 0x00, 0x1D, 0xFE, 0x43, 0x00, 0x00, 0x64, 0xEE, 0x07, 0x00, 0x74, 
0xE6, 0x03, 0x00, 0x00, 0x10, 0xF9, 0x4E, 0x00, 0xCE, 0x8C, 0x00, 0x00, 0x00, 0x00, 0xAD, 0xA7, 
0x26, 0xFF, 0x31, 0x00, 0x00, 0x00, 0x00, 0x52, 0xF3, 0x80, 0xD5, 0x00, 0x00, 0x00, 0x00, 0x00, 
0x07, 0xEF, 0xED, 0x79, 0x00, 0x00, 0x00, 0x00, 0x00, 0x00, 0x9A, 0xFF, 0x1F, 0x00, 0x00, 0x00, 
0xB5, 0xAC, 0x00, 0x00, 0x00, 0x51, 0xFF, 0x5F, 0x00, 0x00, 0x00, 0x89, 0xD6, 0x72, 0xEB, 0x01, 
0x00, 0x00, 0x9A, 0xD4, 0xAB, 0x00, 0x00, 0x00, 0xC9, 0x92, 0x2E, 0xFF, 0x2F, 0x00, 0x01, 0xE3, 
0x5C, 0xF2, 0x06, 0x00, 0x0D, 0xFC, 0x4E, 0x01, 0xE9, 0x70, 0x00, 0x2E, 0xF1, 0x04, 0xDE, 0x43, 
0x00, 0x4A, 0xFC, 0x0F, 0x00, 0xA5, 0xB0, 0x00, 0x78, 0xB1, 0x00, 0x98, 0x90, 0x00, 0x8C, 0xC6, 
0x00, 0x00, 0x62, 0xEE, 0x02, 0xC1, 0x6A, 0x00, 0x50, 0xDD, 0x00, 0xCC, 0x82, 0x00, 0x00, 0x1E, 
0xFF, 0x3B, 0xFB, 0x24, 0x00, 0x0F, 0xFB, 0x32, 0xFD, 0x3E, 0x00, 0x00, 0x00, 0xDB, 0xA9, 0xDE, 
0x00, 0x00, 0x00, 0xC2, 0xA6, 0xF4, 0x06, 0x00, 0x00, 0x00, 0x96, 0xF7, 0x98, 0x00, 0x00, 0x00, 
0x7A, 0xF7, 0xB5, 0x00, 0x00, 0x00, 0x00, 0x52, 0xFF, 0x53, 0x00, 0x00, 0x00, 0x34, 0xFF, 0x72, 
0x00, 0x00, 0x6C, 0xF2, 0x1A, 0x00, 0x00, 0x00, 0xAC, 0xBB, 0x01, 0x02, 0xC2, 0xAC, 0x00, 0x00, 
0x4D, 0xF4, 0x20, 0x00, 0x00, 0x26, 0xF8, 0x4C, 0x0B, 0xE1, 0x6C, 0x00, 0x00, 0x00, 0x00, 0x75, 
0xE1, 0x97, 0xC2, 0x02, 0x00, 0x00, 0x00, 0x00, 0x03, 0xD3, 0xFE, 0x27, 0x00, 0x00, 0x00, 0x00, 
0x00, 0x1E, 0xF2, 0xEF, 0x69, 0x00, 0x00, 0x00, 0x00, 0x00, 0xB4, 0x9E, 0x59, 0xF2, 0x1B, 0x00, 
0x00, 0x00, 0x59, 0xEC, 0x14, 0x00, 0xBC, 0xB1, 0x00, 0x00, 0x13, 0xEA, 0x62, 0x00, 0x00, 0x28, 
0xFA, 0x56, 0x00, 0xA1, 0xC3, 0x01, 0x00, 0x00, 0x00, 0x86, 0xE8, 0x11, 0x5C, 0xF8, 0x1B, 0x00, 
0x00, 0x00, 0x44, 0xFD, 0x2D, 0x02, 0xCE, 0x92, 0x00, 0x00, 0x00, 0xC5, 0x9D, 0x00, 0x00, 0x44, 
0xF8, 0x1A, 0x00, 0x48, 0xF6, 0x1B, 0x00, 0x00, 0x00, 0xB9, 0x92, 0x00, 0xC8, 0x85, 0x00, 0x00, 
0x00, 0x00, 0x2F, 0xF6, 0x63, 0xEB, 0x0E, 0x00, 0x00, 0x00, 0x00, 0x00, 0xA2, 0xFD, 0x6D, 0x00, 
0x00, 0x00, 0x00, 0x00, 0x00, 0x46, 0xFF, 0x15, 0x00, 0x00, 0x00, 0x00, 0x00, 0x00, 0x44, 0xFF, 
0x14, 0x00, 0x00, 0x00, 0x00, 0x00, 0x00, 0x44, 0xFF, 0x14, 0x00, 0x00, 0x00, 0x00, 0x00, 0x00, 
0x44, 0xFF, 0x14, 0x00, 0x00, 0x00, 0xFF, 0xFF, 0xFF, 0xFF, 0xFF, 0xFF, 0xFF, 0x10, 0x10, 0x10, 
0x10, 0x1E, 0xE7, 0x9B, 0x00, 0x00, 0x00, 0x00, 0x99, 0xE2, 0x0E, 0x00, 0x00, 0x00, 0x45, 0xFE, 
0x46, 0x00, 0x00, 0x00, 0x0E, 0xE2, 0x9A, 0x00, 0x00, 0x00, 0x00, 0x9B, 0xE1, 0x0E, 0x00, 0x00, 
0x00, 0x46, 0xFE, 0x45, 0x00, 0x00, 0x00, 0x0E, 0xE2, 0x99, 0x00, 0x00, 0x00, 0x00, 0x9B, 0xE7, 
0x1E, 0x10, 0x10, 0x10, 0x10, 0xFF, 0xFF, 0xFF, 0xFF, 0xFF, 0xFF, 0xFF, 0x44, 0xFF, 0xFF, 0xFC, 
0x44, 0xFF, 0x23, 0x10, 0x44, 0xFF, 0x14, 0x00, 0x44, 0xFF, 0x14, 0x00, 0x44, 0xFF, 0x14, 0x00, 
0x44, 0xFF, 0x14, 0x00, 0x44, 0xFF, 0x14, 0x00, 0x44, 0xFF, 0x14, 0x00, 0x44, 0xFF, 0x14, 0x00, 
0x44, 0xFF, 0x14, 0x00, 0x44, 0xFF, 0x14, 0x00, 0x44, 0xFF, 0x14, 0x00, 0x44, 0xFF, 0xF1, 0xEC, 
0x09, 0x20, 0x20, 0x20, 0xAC, 0x94, 0x00, 0x00, 0x00, 0x00, 0x4C, 0xED, 0x07, 0x00, 0x00, 0x00, 
0x04, 0xE8, 0x54, 0x00, 0x00, 0x00, 0x00, 0x8C, 0xB4, 0x00, 0x00, 0x00, 0x00, 0x2C, 0xFC, 0x18, 
0x00, 0x00, 0x00, 0x00, 0xCC, 0x76, 0x00, 0x00, 0x00, 0x00, 0x6C, 0xD7, 0x00, 0x00, 0x00, 0x00, 
0x13, 0xF9, 0x38, 0x00, 0x00, 0x00, 0x00, 0xAC, 0x98, 0x00, 0x00, 0x00, 0x00, 0x4C, 0xF0, 0x08, 
0x30, 0xFF, 0xFF, 0xFF, 0x14, 0x03, 0x10, 0x50, 0xFF, 0x14, 0x00, 0x00, 0x44, 0xFF, 0x14, 0x00, 
0x00, 0x44, 0xFF, 0x14, 0x00, 0x00, 0x44, 0xFF, 0x14, 0x00, 0x00, 0x44, 0xFF, 0x14, 0x00, 0x00, 
0x44, 0xFF, 0x14, 0x00, 0x00, 0x44, 0xFF, 0x14, 0x00, 0x00, 0x44, 0xFF, 0x14, 0x00, 0x00, 0x44, 
0xFF, 0x14, 0x00, 0x00, 0x44, 0xFF, 0x14, 0x00, 0x00, 0x44, 0xFF, 0x14, 0x2D, 0xF0, 0xF4, 0xFF, 
0x14, 0x06, 0x20, 0x20, 0x20, 0x03, 0x00, 0x00, 0x00, 0x4D, 0x30, 0x00, 0x00, 0x00, 0x00, 0x00, 
0x08, 0xE7, 0xC2, 0x00, 0x00, 0x00, 0x00, 0x00, 0x66, 0x9E, 0xC7, 0x44, 0x00, 0x00, 0x00, 0x02, 
0xDA, 0x31, 0x4A, 0xC4, 0x00, 0x00, 0x00, 0x52, 0xC2, 0x00, 0x01, 0xCF, 0x48, 0x00, 0x00, 0xC8, 
0x53, 0x00, 0x00, 0x51, 0xC8, 0x00, 0x3D, 0xDF, 0x03, 0x00, 0x00, 0x02, 0xD5, 0x4B, 0x08, 0xF0, 
0xF0, 0xF0, 0xF0, 0xF0, 0xF0, 0x3C, 0x01, 0x20, 0x20, 0x20, 0x20, 0x20, 0x20, 0x08, 0x2A, 0x80, 
0x22, 0x00, 0x05, 0xC0, 0xB0, 0x00, 0x00, 0x0F, 0xCE, 0x4E, 0x00, 0x29, 0xB1, 0xEE, 0xFB, 0xD0, 
0x3F, 0x00, 0x00, 0x1B, 0x68, 0x21, 0x1B, 0xA7, 0xE3, 0x01, 0x00, 0x00, 0x00, 0x00, 0x00, 0x48, 
0xFF, 0x11, 0x00, 0x2D, 0xAC, 0xE0, 0xEF, 0xF4, 0xFF, 0x14, 0x0F, 0xED, 0xAD, 0x38, 0x22, 0x5C, 
0xFF, 0x14, 0x3F, 0xFF, 0x1D, 0x00, 0x00, 0x61, 0xFF, 0x14, 0x1F, 0xFE, 0x71, 0x15, 0x47, 0xD3, 
0xFF, 0x14, 0x00, 0x6B, 0xE9, 0xFA, 0xC4, 0x2C, 0xFB, 0x14, 0x44, 0xFF, 0x14, 0x00, 0x00, 0x00, 
0x00, 0x00, 0x44, 0xFF, 0x14, 0x00, 0x00, 0x00, 0x00, 0x00, 0x44, 0xFF, 0x14, 0x00, 0x00, 0x00, 
0x00, 0x00, 0x44, 0xFF, 0x65, 0xE5, 0xF7, 0xA7, 0x0B, 0x00, 0x44, 0xFF, 0xB3, 0x20, 0x2F, 0xE0, 
0x93, 0x00, 0x44, 0xFF, 0x38, 0x00, 0x00, 0x72, 0xEC, 0x00, 0x44, 0xFF, 0x17, 0x00, 0x00, 0x4A, 
0xFF, 0x0E, 0x44, 0xFF, 0x19, 0x00, 0x00, 0x4B, 0xFF, 0x0E, 0x44, 0xFF, 0x3E, 0x00, 0x00, 0x74, 
0xEC, 0x00, 0x44, 0xFF, 0xB7, 0x22, 0x30, 0xE3, 0x92, 0x00, 0x44, 0xDC, 0x4F, 0xE5, 0xF8, 0xA9, 
0x0C, 0x00, 0x00, 0x0A, 0x91, 0xE8, 0xFC, 0xDD, 0x2D, 0x00, 0xA4, 0xD8, 0x35, 0x16, 0x46, 0x05, 
0x15, 0xFE, 0x4D, 0x00, 0x00, 0x00, 0x00, 0x3D, 0xFF, 0x1B, 0x00, 0x00, 0x00, 0x00, 0x3E, 0xFF, 
0x1B, 0x00, 0x00, 0x00, 0x00, 0x17, 0xFF, 0x4C, 0x00, 0x00, 0x00, 0x00, 0x00, 0xAC, 0xD6, 0x34, 
0x14, 0x40, 0x1C, 0x00, 0x0D, 0x9A, 0xED, 0xFD, 0xDA, 0x27, 0x00, 0x00, 0x00, 0x00, 0x00, 0x44, 
0xFF, 0x14, 0x00, 0x00, 0x00, 0x00, 0x00, 0x44, 0xFF, 0x14, 0x00, 0x00, 0x00, 0x00, 0x00, 0x44, 
0xFF, 0x14, 0x00, 0x1E, 0xC0, 0xFB, 0xD4, 0x72, 0xFF, 0x14, 0x00, 0xBF, 0xC9, 0x23, 0x31, 0xD7, 
0xFF, 0x14, 0x1B, 0xFF, 0x49, 0x00, 0x00, 0x72, 0xFF, 0x14, 0x3E, 0xFF, 0x1B, 0x00, 0x00, 0x4B, 
0xFF, 0x14, 0x3E, 0xFF, 0x1B, 0x00, 0x00, 0x47, 0xFF, 0x14, 0x1D, 0xFF, 0x44, 0x00, 0x00, 0x67, 
0xFF, 0x14, 0x00, 0xC3, 0xC5, 0x22, 0x2E, 0xD0, 0xFF, 0x14, 0x00, 0x1F, 0xBF, 0xFB, 0xD5, 0x4B, 
0xFF, 0x14, 0x00, 0x0A, 0x9A, 0xF1, 0xF4, 0xA3, 0x0E, 0x00, 0x00, 0x9F, 0xC3, 0x25, 0x26, 0xCC, 
0xA1, 0x00, 0x12, 0xFC, 0x37, 0x00, 0x00, 0x56, 0xF8, 0x04, 0x3D, 0xFF, 0xF2, 0xF0, 0xF0, 0xF4, 
0xFF, 0x13, 0x3D, 0xFF, 0x39, 0x20, 0x20, 0x20, 0x20, 0x03, 0x16, 0xFE, 0x4F, 0x00, 0x00, 0x00, 
0x00, 0x00, 0x00, 0xA4, 0xDE, 0x3C, 0x14, 0x34, 0x59, 0x00, 0x00, 0x09, 0x91, 0xEC, 0xFD, 0xE2, 
0x79, 0x00, 0x00, 0x00, 0x79, 0xEF, 0xF6, 0x53, 0x00, 0x20, 0xFF, 0x65, 0x1D, 0x0D, 0x00, 0x43, 
0xFF, 0x17, 0x00, 0x00, 0x64, 0xEE, 0xFF, 0xFF, 0xBC, 0x00, 0x09, 0x50, 0xFF, 0x23, 0x0C, 0x00, 
0x00, 0x44, 0xFF, 0x14, 0x00, 0x00, 0x00, 0x44, 0xFF, 0x14, 0x00, 0x00, 0x00, 0x44, 0xFF, 0x14, 
0x00, 0x00, 0x00, 0x44, 0xFF, 0x14, 0x00, 0x00, 0x00, 0x44, 0xFF, 0x14, 0x00, 0x00, 0x00, 0x44, 
0xFF, 0x14, 0x00, 0x00, 0x00, 0x1D, 0xC0, 0xFB, 0xD4, 0x50, 0xFF, 0x14, 0x00, 0xBE, 0xC7, 0x22, 
0x32, 0xDA, 0xFF, 0x14, 0x1B, 0xFF, 0x46, 0x00, 0x00, 0x6F, 0xFF, 0x14, 0x3E, 0xFF, 0x1B, 0x00, 
0x00, 0x4A, 0xFF, 0x14, 0x3E, 0xFF, 0x1B, 0x00, 0x00, 0x47, 0xFF, 0x14, 0x1B, 0xFF, 0x45, 0x00, 
0x00, 0x67, 0xFF, 0x14, 0x00, 0xBF, 0xC6, 0x23, 0x30, 0xD4, 0xFF, 0x14, 0x00, 0x1F, 0xC2, 0xFC, 
0xD4, 0x76, 0xFF, 0x14, 0x00, 0x00, 0x00, 0x00, 0x00, 0x47, 0xFF, 0x12, 0x00, 0x00, 0x00, 0x00, 
0x00, 0x71, 0xF8, 0x04, 0x00, 0x74, 0x4A, 0x17, 0x39, 0xE6, 0xA9, 0x00, 0x00, 0x70, 0xDD, 0xFC, 
0xF2, 0xA9, 0x12, 0x00, 0x44, 0xFF, 0x14, 0x00, 0x00, 0x00, 0x00, 0x00, 0x44, 0xFF, 0x14, 0x00, 
0x00, 0x00, 0x00, 0x00, 0x44, 0xFF, 0x14, 0x00, 0x00, 0x00, 0x00, 0x00, 0x44, 0xFF, 0x5C, 0xDA, 
0xFC, 0xD3, 0x39, 0x00, 0x44, 0xFF, 0xBD, 0x29, 0x1D, 0xB9, 0xDC, 0x00, 0x44, 0xFF, 0x3F, 0x00, 
0x00, 0x4F, 0xFF, 0x0D, 0x44, 0xFF, 0x18, 0x00, 0x00, 0x44, 0xFF, 0x14, 0x44, 0xFF, 0x14, 0x00, 
0x00, 0x44, 0xFF, 0x14, 0x44, 0xFF, 0x14, 0x00, 0x00, 0x44, 0xFF, 0x14, 0x44, 0xFF, 0x14, 0x00, 
0x00, 0x44, 0xFF, 0x14, 0x44, 0xFF, 0x14, 0x00, 0x00, 0x44, 0xFF, 0x14, 0x29, 0xEB, 0x07, 0x00, 
0x06, 0x00, 0x00, 0x00, 0x00, 0x44, 0xFF, 0x14, 0x44, 0xFF, 0x14, 0x44, 0xFF, 0x14, 0x44, 0xFF, 
0x14, 0x44, 0xFF, 0x14, 0x44, 0xFF, 0x14, 0x44, 0xFF, 0x14, 0x44, 0xFF, 0x14, 0x00, 0x00, 0x29, 
0xEB, 0x07, 0x00, 0x00, 0x00, 0x06, 0x00, 0x00, 0x00, 0x00, 0x00, 0x00, 0x00, 0x00, 0x44, 0xFF, 
0x14, 0x00, 0x00, 0x44, 0xFF, 0x14, 0x00, 0x00, 0x44, 0xFF, 0x14, 0x00, 0x00, 0x44, 0xFF, 0x14, 
0x00, 0x00, 0x44, 0xFF, 0x14, 0x00, 0x00, 0x44, 0xFF, 0x14, 0x00, 0x00, 0x44, 0xFF, 0x14, 0x00, 
0x00, 0x44, 0xFF, 0x14, 0x00, 0x00, 0x44, 0xFF, 0x14, 0x00, 0x00, 0x45, 0xFF, 0x12, 0x0D, 0x17, 
0x88, 0xEF, 0x02, 0x3B, 0xFA, 0xEB, 0x5E, 0x00, 0x44, 0xFF, 0x14, 0x00, 0x00, 0x00, 0x00, 0x00, 
0x44, 0xFF, 0x14, 0x00, 0x00, 0x00, 0x00, 0x00, 0x44, 0xFF, 0x14, 0x00, 0x00, 0x00, 0x00, 0x00, 
0x44, 0xFF, 0x14, 0x00, 0x1E, 0xE6, 0x7E, 0x00, 0x44, 0xFF, 0x14, 0x10, 0xD5, 0x99, 0x00, 0x00, 
0x44, 0xFF, 0x1B, 0xBF, 0xB0, 0x03, 0x00, 0x00, 0x44, 0xFF, 0xAD, 0xFB, 0x17, 0x00, 0x00, 0x00, 
0x44, 0xFF, 0xAF, 0xD3, 0xA5, 0x00, 0x00, 0x00, 0x44, 0xFF, 0x15, 0x2F, 0xFA, 0x5B, 0x00, 0x00, 
0x44, 0xFF, 0x14, 0x00, 0x77, 0xF2, 0x21, 0x00, 0x44, 0xFF, 0x14, 0x00, 0x03, 0xC3, 0xC5, 0x04, 
0x44, 0xFF, 0x14, 0x44, 0xFF, 0x14, 0x44, 0xFF, 0x14, 0x44, 0xFF, 0x14, 0x44, 0xFF, 0x14, 0x44, 
0xFF, 0x14, 0x44, 0xFF, 0x14, 0x44, 0xFF, 0x14, 0x44, 0xFF, 0x14, 0x44, 0xFF, 0x14, 0x44, 0xFF, 
0x14, 0x44, 0xE6, 0x4A, 0xD8, 0xFC, 0xD4, 0x3D, 0x5B, 0xDB, 0xFC, 0xD5, 0x3F, 0x00, 0x44, 0xFF, 
0xBD, 0x29, 0x1F, 0xB9, 0xEE, 0xC1, 0x28, 0x1C, 0xB7, 0xDC, 0x00, 0x44, 0xFF, 0x3E, 0x00, 0x00, 
0x50, 0xFF, 0x3B, 0x00, 0x00, 0x4E, 0xFF, 0x0E, 0x44, 0xFF, 0x18, 0x00, 0x00, 0x44, 0xFF, 0x17, 
0x00, 0x00, 0x44, 0xFF, 0x14, 0x44, 0xFF, 0x14, 0x00, 0x00, 0x44, 0xFF, 0x14, 0x00, 0x00, 0x44, 
0xFF, 0x14, 0x44, 0xFF, 0x14, 0x00, 0x00, 0x44, 0xFF, 0x14, 0x00, 0x00, 0x44, 0xFF, 0x14, 0x44, 
0xFF, 0x14, 0x00, 0x00, 0x44, 0xFF, 0x14, 0x00, 0x00, 0x44, 0xFF, 0x14, 0x44, 0xFF, 0x14, 0x00, 
0x00, 0x44, 0xFF, 0x14, 0x00, 0x00, 0x44, 0xFF, 0x14, 0x44, 0xE6, 0x4E, 0xD9, 0xFC, 0xD1, 0x38, 
0x00, 0x44, 0xFF, 0xC0, 0x2B, 0x1D, 0xB9, 0xDB, 0x00, 0x44, 0xFF, 0x42, 0x00, 0x00, 0x4F, 0xFF, 
0x0D, 0x44, 0xFF, 0x19, 0x00, 0x00, 0x44, 0xFF, 0x14, 0x44, 0xFF, 0x14, 0x00, 0x00, 0x44, 0xFF, 
0x14, 0x44, 0xFF, 0x14, 0x00, 0x00, 0x44, 0xFF, 0x14, 0x44, 0xFF, 0x14, 0x00, 0x00, 0x44, 0xFF, 
0x14, 0x44, 0xFF, 0x14, 0x00, 0x00, 0x44, 0xFF, 0x14, 0x00, 0x06, 0x88, 0xE5, 0xFC, 0xD9, 0x64, 
0x00, 0x00, 0x00, 0x9C, 0xDE, 0x3B, 0x16, 0x52, 0xF3, 0x64, 0x00, 0x13, 0xFD, 0x53, 0x00, 0x00, 
0x00, 0x81, 0xDE, 0x00, 0x3D, 0xFF, 0x1C, 0x00, 0x00, 0x00, 0x4B, 0xFF, 0x0D, 0x3D, 0xFF, 0x1F, 
0x00, 0x00, 0x00, 0x4F, 0xFF, 0x0A, 0x11, 0xFB, 0x55, 0x00, 0x00, 0x00, 0x86, 0xDE, 0x00, 0x00, 
0x91, 0xDE, 0x3D, 0x15, 0x56, 0xF4, 0x6A, 0x00, 0x00, 0x05, 0x84, 0xE6, 0xFC, 0xDA, 0x6B, 0x00, 
0x00, 0x44, 0xE8, 0x55, 0xE4, 0xF7, 0xA7, 0x0B, 0x00, 0x44, 0xFF, 0xB2, 0x21, 0x33, 0xE4, 0x96, 
0x00, 0x44, 0xFF, 0x37, 0x00, 0x00, 0x76, 0xEE, 0x00, 0x44, 0xFF, 0x17, 0x00, 0x00, 0x4B, 0xFF, 
0x0E, 0x44, 0xFF, 0x1A, 0x00, 0x00, 0x4C, 0xFF, 0x0E, 0x44, 0xFF, 0x3E, 0x00, 0x00, 0x77, 0xEB, 
0x00, 0x44, 0xFF, 0xB9, 0x21, 0x31, 0xE5, 0x90, 0x00, 0x44, 0xFF, 0x61, 0xE4, 0xF8, 0xA8, 0x0B, 
0x00, 0x44, 0xFF, 0x14, 0x00, 0x00, 0x00, 0x00, 0x00, 0x44, 0xFF, 0x14, 0x00, 0x00, 0x00, 0x00, 
0x00, 0x44, 0xFF, 0x14, 0x00, 0x00, 0x00, 0x00, 0x00, 0x44, 0xFF, 0x14, 0x00, 0x00, 0x00, 0x00, 
0x00, 0x00, 0x1E, 0xBF, 0xFB, 0xD5, 0x49, 0xFF, 0x14, 0x00, 0xC1, 0xC7, 0x23, 0x31, 0xD6, 0xFF, 
0x14, 0x1C, 0xFF, 0x47, 0x00, 0x00, 0x72, 0xFF, 0x14, 0x3E, 0xFF, 0x1B, 0x00, 0x00, 0x4B, 0xFF, 
0x14, 0x3E, 0xFF, 0x1B, 0x00, 0x00, 0x47, 0xFF, 0x14, 0x1D, 0xFF, 0x44, 0x00, 0x00, 0x64, 0xFF, 
0x14, 0x00, 0xC5, 0xC5, 0x23, 0x2C, 0xCE, 0xFF, 0x14, 0x00, 0x20, 0xC1, 0xFB, 0xD3, 0x71, 0xFF, 
0x14, 0x00, 0x00, 0x00, 0x00, 0x00, 0x44, 0xFF, 0x14, 0x00, 0x00, 0x00, 0x00, 0x00, 0x44, 0xFF, 
0x14, 0x00, 0x00, 0x00, 0x00, 0x00, 0x44, 0xFF, 0x14, 0x00, 0x00, 0x00, 0x00, 0x00, 0x44, 0xFF, 
0x14, 0x44, 0xE1, 0x31, 0xD2, 0xFC, 0x29, 0x44, 0xFB, 0xCE, 0x43, 0x19, 0x04, 0x44, 0xFF, 0x57, 
0x00, 0x00, 0x00, 0x44, 0xFF, 0x1B, 0x00, 0x00, 0x00, 0x44, 0xFF, 0x14, 0x00, 0x00, 0x00, 0x44, 
0xFF, 0x14, 0x00, 0x00, 0x00, 0x44, 0xFF, 0x14, 0x00, 0x00, 0x00, 0x44, 0xFF, 0x14, 0x00, 0x00, 
0x00, 0x00, 0x6D, 0xE0, 0xFD, 0xE9, 0x8B, 0x00, 0x2B, 0xFF, 0x60, 0x14, 0x39, 0x46, 0x00, 0x32, 
0xFF, 0x4F, 0x00, 0x00, 0x00, 0x00, 0x00, 0x87, 0xFB, 0xB4, 0x45, 0x00, 0x00, 0x00, 0x00, 0x21, 
0x90, 0xF9, 0x9A, 0x00, 0x00, 0x00, 0x00, 0x00, 0x62, 0xFF, 0x0C, 0x28, 0x5E, 0x1F, 0x1A, 0x9B, 
0xEC, 0x03, 0x23, 0xC6, 0xF7, 0xF9, 0xCA, 0x41, 0x00, 0x00, 0x00, 0xDD, 0x14, 0x00, 0x00, 0x00, 
0x28, 0xFF, 0x14, 0x00, 0x00, 0x3C, 0xF2, 0xFF, 0xFF, 0xFF, 0x3C, 0x06, 0x50, 0xFF, 0x23, 0x10, 
0x04, 0x00, 0x44, 0xFF, 0x14, 0x00, 0x00, 0x00, 0x44, 0xFF, 0x14, 0x00, 0x00, 0x00, 0x44, 0xFF, 
0x14, 0x00, 0x00, 0x00, 0x43, 0xFF, 0x15, 0x00, 0x00, 0x00, 0x28, 0xFF, 0x69, 0x19, 0x0C, 0x00, 
0x00, 0x89, 0xF2, 0xF2, 0x31, 0x44, 0xFF, 0x14, 0x00, 0x00, 0x44, 0xFF, 0x14, 0x44, 0xFF, 0x14, 
0x00, 0x00, 0x44, 0xFF, 0x14, 0x44, 0xFF, 0x14, 0x00, 0x00, 0x44, 0xFF, 0x14, 0x44, 0xFF, 0x14, 
0x00, 0x00, 0x44, 0xFF, 0x14, 0x44, 0xFF, 0x14, 0x00, 0x00, 0x49, 0xFF, 0x14, 0x3F, 0xFF, 0x1E, 
0x00, 0x00, 0x6F, 0xFF, 0x14, 0x14, 0xFA, 0x91, 0x16, 0x38, 0xDB, 0xFF, 0x14, 0x00, 0x60, 0xE3, 
0xFC, 0xCC, 0x49, 0xFF, 0x14, 0xD2, 0x8F, 0x00, 0x00, 0x00, 0x57, 0xFB, 0x13, 0x77, 0xE4, 0x02, 
0x00, 0x00, 0xAC, 0xB1, 0x00, 0x1D, 0xFE, 0x3C, 0x00, 0x0C, 0xF7, 0x54, 0x00, 0x00, 0xC0, 0x93, 
0x00, 0x58, 0xF0, 0x08, 0x00, 0x00, 0x65, 0xE7, 0x03, 0xAE, 0x9C, 0x00, 0x00, 0x00, 0x10, 0xF9, 
0x48, 0xF7, 0x3F, 0x00, 0x00, 0x00, 0x00, 0xAE, 0xCD, 0xE2, 0x02, 0x00, 0x00, 0x00, 0x00, 0x52, 
0xFF, 0x85, 0x00, 0x00, 0x00, 0xB7, 0xA0, 0x00, 0x00, 0x45, 0xFF, 0x74, 0x00, 0x00, 0x74, 0xDE, 
0x74, 0xDC, 0x00, 0x00, 0x90, 0xE1, 0xBC, 0x00, 0x00, 0xB2, 0x9C, 0x32, 0xFF, 0x1B, 0x00, 0xDA, 
0x65, 0xF9, 0x0B, 0x02, 0xEE, 0x57, 0x02, 0xEE, 0x59, 0x24, 0xF9, 0x0A, 0xDC, 0x4C, 0x30, 0xFF, 
0x15, 0x00, 0xAD, 0x95, 0x6E, 0xBB, 0x00, 0x96, 0x92, 0x6D, 0xD0, 0x00, 0x00, 0x6B, 0xCF, 0xAD, 
0x6F, 0x00, 0x50, 0xD8, 0xAC, 0x8C, 0x00, 0x00, 0x29, 0xFA, 0xE7, 0x24, 0x00, 0x0F, 0xFB, 0xEA, 
0x4A, 0x00, 0x00, 0x00, 0xE4, 0xD9, 0x00, 0x00, 0x00, 0xC3, 0xFA, 0x0C, 0x00, 0x50, 0xFB, 0x2E, 
0x00, 0x00, 0xA8, 0xCC, 0x04, 0x00, 0xA5, 0xCA, 0x03, 0x48, 0xF9, 0x2C, 0x00, 0x00, 0x13, 0xE8, 
0x7A, 0xDE, 0x7B, 0x00, 0x00, 0x00, 0x00, 0x51, 0xFF, 0xCC, 0x04, 0x00, 0x00, 0x00, 0x00, 0x6D, 
0xFA, 0xE0, 0x0E, 0x00, 0x00, 0x00, 0x23, 0xF5, 0x55, 0xC9, 0x9A, 0x00, 0x00, 0x02, 0xC2, 0xAD, 
0x00, 0x2E, 0xFA, 0x46, 0x00, 0x6F, 0xEF, 0x18, 0x00, 0x00, 0x87, 0xE2, 0x0E, 0x0A, 0xF3, 0x68, 
0x00, 0x00, 0x00, 0x86, 0xE6, 0x02, 0x00, 0xA0, 0xBE, 0x00, 0x00, 0x00, 0xD7, 0x8E, 0x00, 0x00, 
0x43, 0xFD, 0x19, 0x00, 0x2A, 0xFF, 0x36, 0x00, 0x00, 0x02, 0xE3, 0x6C, 0x00, 0x7C, 0xDD, 0x01, 
0x00, 0x00, 0x00, 0x88, 0xC4, 0x00, 0xCE, 0x84, 0x00, 0x00, 0x00, 0x00, 0x2B, 0xFE, 0x33, 0xFF, 
0x2C, 0x00, 0x00, 0x00, 0x00, 0x00, 0xCD, 0xB8, 0xD3, 0x00, 0x00, 0x00, 0x00, 0x00, 0x00, 0x70, 
0xFF, 0x7B, 0x00, 0x00, 0x00, 0x00, 0x00, 0x00, 0x37, 0xFF, 0x23, 0x00, 0x00, 0x00, 0x00, 0x00, 
0x00, 0x87, 0xC7, 0x00, 0x00, 0x00, 0x00, 0x00, 0x17, 0x41, 0xF2, 0x55, 0x00, 0x00, 0x00, 0x00, 
0x00, 0xF2, 0xF3, 0x82, 0x00, 0x00, 0x00, 0x00, 0x00, 0xFF, 0xFF, 0xFF, 0xFF, 0xFF, 0x10, 0x10, 
0x10, 0xA3, 0xB7, 0x00, 0x00, 0x37, 0xF5, 0x22, 0x00, 0x03, 0xCD, 0x7B, 0x00, 0x00, 0x6C, 0xD9, 
0x06, 0x00, 0x17, 0xEF, 0x42, 0x00, 0x00, 0xA3, 0xAF, 0x10, 0x10, 0x10, 0xFF, 0xFF, 0xFF, 0xFF, 
0xFF, 0x00, 0x00, 0x51, 0xD3, 0xB9, 0x00, 0x1B, 0xFA, 0x84, 0x13, 0x00, 0x42, 0xFF, 0x18, 0x00, 
0x00, 0x44, 0xFF, 0x14, 0x00, 0x00, 0x45, 0xFF, 0x13, 0x00, 0x02, 0x8C, 0xE6, 0x02, 0x00, 0xBF, 
0xE4, 0x32, 0x00, 0x00, 0x22, 0xAC, 0xCD, 0x00, 0x00, 0x00, 0x48, 0xFF, 0x12, 0x00, 0x00, 0x44, 
0xFF, 0x14, 0x00, 0x00, 0x44, 0xFF, 0x15, 0x00, 0x00, 0x26, 0xFF, 0x64, 0x01, 0x00, 0x00, 0x78, 
0xF4, 0xB7, 0x00, 0x00, 0x00, 0x05, 0x14, 0x44, 0xFF, 0x14, 0x44, 0xFF, 0x14, 0x44, 0xFF, 0x14, 
0x44, 0xFF, 0x14, 0x44, 0xFF, 0x14, 0x44, 0xFF, 0x14, 0x44, 0xFF, 0x14, 0x44, 0xFF, 0x14, 0x44, 
0xFF, 0x14, 0x44, 0xFF, 0x14, 0x44, 0xFF, 0x14, 0x44, 0xFF, 0x14, 0x44, 0xFF, 0x14, 0x44, 0xFF, 
0x14, 0x44, 0xFF, 0x14, 0xBE, 0xCE, 0x3D, 0x00, 0x00, 0x16, 0xA4, 0xE7, 0x02, 0x00, 0x00, 0x47, 
0xFF, 0x12, 0x00, 0x00, 0x44, 0xFF, 0x14, 0x00, 0x00, 0x43, 0xFF, 0x16, 0x00, 0x00, 0x1D, 0xFA, 
0x66, 0x01, 0x00, 0x00, 0x4C, 0xF0, 0xB7, 0x00, 0x12, 0xEA, 0x8C, 0x1E, 0x00, 0x42, 0xFF, 0x18, 
0x00, 0x00, 0x44, 0xFF, 0x14, 0x00, 0x00, 0x45, 0xFF, 0x14, 0x00, 0x03, 0x90, 0xF2, 0x04, 0x00, 
0xBF, 0xEB, 0x55, 0x00, 0x00, 0x15, 0x02, 0x00, 0x00, 0x00, 0x7B, 0xE5, 0xDB, 0x83, 0x19, 0x04, 
0x7A, 0xAB, 0x2C, 0x49, 0xB2, 0xFB, 0xF8, 0xA8, 0x02, 0x00, 0x00, 0x00, 0x0C, 0x15, 0x00, 0x00, 
0x2B, 0xE4, 0x08, 0x29, 0xE0, 0x08, 0x00, 0x00, 0x00, 0x44, 0xFF, 0x14, 0x44, 0xFF, 0x14, 0x44, 
0xFF, 0x14, 0x44, 0xFF, 0x14, 0x44, 0xFF, 0x14, 0x44, 0xFF, 0x14, 0x44, 0xFF, 0x14, 0x44, 0xFF, 
0x14, 0x00, 0x07, 0x82, 0xE0, 0xFF, 0xE4, 0x33, 0x00, 0x9F, 0xE1, 0x49, 0x29, 0x56, 0x12, 0x13, 
0xFD, 0x55, 0x00, 0x00, 0x00, 0x00, 0x3C, 0xFF, 0x1E, 0x00, 0x00, 0x00, 0x00, 0x40, 0xFF, 0x18, 
0x00, 0x00, 0x00, 0x00, 0x20, 0xFF, 0x3F, 0x00, 0x00, 0x00, 0x00, 0x00, 0xC3, 0xBF, 0x13, 0x00, 
0x22, 0x14, 0x00, 0x19, 0xB4, 0xFB, 0xF4, 0xFC, 0x30, 0x00, 0x00, 0x00, 0x49, 0xFF, 0x21, 0x00, 
0x00, 0x00, 0x00, 0x44, 0xFF, 0x14, 0x00, 0x00, 0x00, 0x63, 0xE2, 0xFC, 0xDB, 0x5D, 0x00, 0x21, 
0xFE, 0x74, 0x16, 0x39, 0x30, 0x00, 0x43, 0xFF, 0x16, 0x00, 0x00, 0x00, 0x00, 0x44, 0xFF, 0x14, 
0x00, 0x00, 0x00, 0xE1, 0xF4, 0xFF, 0xF1, 0xF0, 0x92, 0x00, 0x1E, 0x5C, 0xFF, 0x32, 0x20, 0x14, 
0x00, 0x00, 0x44, 0xFF, 0x14, 0x00, 0x00, 0x00, 0x00, 0x5C, 0xFA, 0x06, 0x00, 0x00, 0x00, 0x2E, 
0xDD, 0x98, 0x10, 0x10, 0x10, 0x10, 0xFF, 0xFF, 0xFF, 0xFF, 0xFF, 0xFF, 0xFF, 0x10, 0x24, 0x00, 
0x00, 0x00, 0x30, 0x03, 0x6A, 0xEC, 0xAD, 0xF5, 0xA4, 0xF5, 0x37, 0x00, 0xD1, 0xA2, 0x1D, 0xC5, 
0x99, 0x00, 0x2C, 0xFF, 0x27, 0x00, 0x57, 0xF4, 0x06, 0x35, 0xFF, 0x21, 0x00, 0x50, 0xFC, 0x09, 
0x02, 0xD6, 0x8A, 0x04, 0xB3, 0xA3, 0x00, 0x57, 0xF5, 0xCD, 0xF9, 0xC9, 0xED, 0x2C, 0x1E, 0x3A, 
0x01, 0x16, 0x00, 0x50, 0x0B, 0x30, 0xFC, 0x2B, 0x00, 0x00, 0x00, 0x58, 0xED, 0x10, 0x00, 0xA0, 
0xA6, 0x00, 0x00, 0x01, 0xD2, 0x6E, 0x00, 0x00, 0x1C, 0xF3, 0x25, 0x00, 0x50, 0xD9, 0x05, 0x00, 
0x00, 0x00, 0x85, 0x9E, 0x01, 0xCD, 0x4F, 0x00, 0x00, 0x00, 0x00, 0x0E, 0xE4, 0x69, 0xC0, 0x00, 
0x00, 0x00, 0x00, 0x56, 0xF0, 0xF7, 0xFE, 0xF5, 0xF0, 0x2A, 0x00, 0x00, 0x00, 0x00, 0x44, 0xFF, 
0x14, 0x00, 0x00, 0x00, 0x00, 0x56, 0xF0, 0xF4, 0xFF, 0xF1, 0xF0, 0x29, 0x00, 0x00, 0x0C, 0x20, 
0x5C, 0xFF, 0x32, 0x20, 0x06, 0x00, 0x00, 0x00, 0x00, 0x44, 0xFF, 0x14, 0x00, 0x00, 0x00, 0x44, 
0xFF, 0x14, 0x44, 0xFF, 0x14, 0x44, 0xFF, 0x14, 0x44, 0xFF, 0x14, 0x44, 0xFF, 0x14, 0x00, 0x00, 
0x00, 0x00, 0x00, 0x00, 0x00, 0x00, 0x00, 0x00, 0x00, 0x00, 0x44, 0xFF, 0x14, 0x44, 0xFF, 0x14, 
0x44, 0xFF, 0x14, 0x44, 0xFF, 0x14, 0x44, 0xFF, 0x14, 0x44, 0xFF, 0x14, 0x00, 0x7A, 0xE4, 0xFE, 
0xE9, 0x90, 0x00, 0x32, 0xFF, 0x53, 0x12, 0x31, 0x47, 0x00, 0x20, 0xFB, 0x7C, 0x05, 0x00, 0x00, 
0x00, 0x00, 0x74, 0xFE, 0xE7, 0x7D, 0x0B, 0x00, 0x1B, 0xF7, 0x4C, 0x35, 0xD5, 0xC5, 0x00, 0x3C, 
0xFF, 0x30, 0x00, 0x50, 0xFF, 0x0E, 0x06, 0xC4, 0xE4, 0x5A, 0x98, 0xC2, 0x00, 0x00, 0x03, 0x5B, 
0xC7, 0xFF, 0x56, 0x00, 0x00, 0x00, 0x00, 0x00, 0x77, 0xF7, 0x08, 0x36, 0x51, 0x19, 0x1A, 0x95, 
0xF0, 0x04, 0x36, 0xD0, 0xF9, 0xF9, 0xC8, 0x41, 0x00, 0x2A, 0xDF, 0x07, 0x2A, 0xDF, 0x07, 0x00, 
0x13, 0x00, 0x00, 0x13, 0x00, 0x00, 0x00, 0x00, 0x4C, 0xB8, 0xE9, 0xE3, 0xA9, 0x31, 0x00, 0x00, 
0x00, 0x00, 0x00, 0x8E, 0xF3, 0x76, 0x2A, 0x32, 0x8F, 0xF8, 0x60, 0x00, 0x00, 0x00, 0x60, 0xF8, 
0x52, 0xB5, 0xEB, 0xCD, 0x2F, 0x60, 0xFC, 0x32, 0x00, 0x01, 0xDE, 0x89, 0xC9, 0xC5, 0x2F, 0x4C, 
0x10, 0x00, 0xBC, 0xAF, 0x00, 0x28, 0xFF, 0x59, 0xFF, 0x3B, 0x00, 0x00, 0x00, 0x00, 0x64, 0xF6, 
0x02, 0x41, 0xFF, 0x59, 0xFF, 0x18, 0x00, 0x00, 0x00, 0x00, 0x47, 0xFF, 0x11, 0x30, 0xFF, 0x5B, 
0xFF, 0x2A, 0x00, 0x00, 0x00, 0x00, 0x5C, 0xFB, 0x04, 0x04, 0xED, 0x78, 0xE2, 0x96, 0x03, 0x14, 
0x0C, 0x00, 0xA9, 0xC1, 0x00, 0x00, 0x7D, 0xEB, 0x5B, 0xE7, 0xF9, 0xF0, 0x22, 0x3C, 0xFD, 0x4B, 
0x00, 0x00, 0x05, 0xB9, 0xDC, 0x48, 0x1D, 0x0C, 0x5D, 0xF0, 0x8C, 0x00, 0x00, 0x00, 0x00, 0x05, 
0x7C, 0xE7, 0xF8, 0xFB, 0xD8, 0x5C, 0x00, 0x00, 0x00, 0x00, 0x00, 0x00, 0x00, 0x01, 0x19, 0x13, 
0x00, 0x00, 0x00, 0x00, 0x00, 0x4C, 0xB3, 0xBF, 0x8D, 0x71, 0xCD, 0xC1, 0xEB, 0xE2, 0x07, 0x12, 
0xEA, 0x90, 0xCA, 0xA3, 0xCD, 0x00, 0x0A, 0xAF, 0x2E, 0x12, 0xB4, 0x18, 0x02, 0xAC, 0xBD, 0x08, 
0xBB, 0xA2, 0x00, 0x89, 0xDC, 0x12, 0x90, 0xCD, 0x09, 0x00, 0xC0, 0xBA, 0x03, 0xC4, 0xA6, 0x00, 
0x00, 0x12, 0xD9, 0x8A, 0x17, 0xE3, 0x6D, 0x00, 0x00, 0x24, 0xE9, 0x32, 0x33, 0xEB, 0x19, 0x00, 
0x00, 0x0A, 0x00, 0x00, 0x0A, 0x00, 0xD2, 0xF0, 0xF0, 0xF0, 0xF0, 0xF0, 0xF0, 0x13, 0x1C, 0x20, 
0x20, 0x20, 0x20, 0x5C, 0xFF, 0x14, 0x00, 0x00, 0x00, 0x00, 0x00, 0x44, 0xFF, 0x14, 0x00, 0x00, 
0x00, 0x00, 0x00, 0x44, 0xFF, 0x14, 0x00, 0x00, 0x00, 0x00, 0x00, 0x09, 0x20, 0x03, 0xF0, 0xF0, 
0xF0, 0x20, 0x20, 0x20, 0x00, 0x00, 0x00, 0x4C, 0xB8, 0xE9, 0xE3, 0xA9, 0x31, 0x00, 0x00, 0x00, 
0x00, 0x00, 0x8E, 0xF3, 0x76, 0x2A, 0x32, 0x8F, 0xF8, 0x60, 0x00, 0x00, 0x00, 0x60, 0xF8, 0x74, 
0xF0, 0xEF, 0xDC, 0x66, 0x60, 0xFC, 0x32, 0x00, 0x01, 0xDE, 0x89, 0x44, 0xFF, 0x33, 0x85, 0xF9, 
0x07, 0xBC, 0xAF, 0x00, 0x28, 0xFF, 0x33, 0x44, 0xFF, 0x14, 0x6B, 0xF7, 0x07, 0x64, 0xF6, 0x02, 
0x41, 0xFF, 0x17, 0x44, 0xFF, 0xF2, 0xEF, 0x49, 0x00, 0x47, 0xFF, 0x11, 0x30, 0xFF, 0x2B, 0x44, 
0xFF, 0x38, 0xE4, 0x2D, 0x00, 0x5C, 0xFB, 0x04, 0x04, 0xED, 0x75, 0x44, 0xFF, 0x14, 0x68, 0xC3, 
0x01, 0xA9, 0xC1, 0x00, 0x00, 0x7D, 0xEB, 0x49, 0xAC, 0x0D, 0x04, 0x9F, 0x6A, 0xFD, 0x4B, 0x00, 
0x00, 0x05, 0xB9, 0xDC, 0x45, 0x02, 0x06, 0x5D, 0xF0, 0x8C, 0x00, 0x00, 0x00, 0x00, 0x05, 0x7C, 
0xE7, 0xF8, 0xFB, 0xD8, 0x5C, 0x00, 0x00, 0x00, 0x00, 0x00, 0x00, 0x00, 0x01, 0x19, 0x13, 0x00, 
0x00, 0x00, 0x00, 0x00, 0x0B, 0xF0, 0xF0, 0xF0, 0xF0, 0xF0, 0xF0, 0xF0, 0x17, 0x02, 0x20, 0x20, 
0x20, 0x20, 0x20, 0x20, 0x20, 0x03, 0x00, 0x52, 0xDF, 0xD1, 0x30, 0x00, 0x14, 0xF6, 0x75, 0x99, 
0xD8, 0x00, 0x40, 0xFF, 0x1A, 0x49, 0xFF, 0x10, 0x1E, 0xFE, 0x4E, 0x7A, 0xE9, 0x02, 0x00, 0x7A, 
0xFA, 0xF5, 0x4F, 0x00, 0x00, 0x00, 0x11, 0x0B, 0x00, 0x00, 0x00, 0x00, 0x44, 0xFF, 0x14, 0x00, 
0x00, 0x00, 0x00, 0x44, 0xFF, 0x14, 0x00, 0x00, 0x00, 0x00, 0x44, 0xFF, 0x14, 0x00, 0x00, 0xF0, 
0xF0, 0xF4, 0xFF, 0xF1, 0xF0, 0xF0, 0x20, 0x20, 0x5C, 0xFF, 0x32, 0x20, 0x20, 0x00, 0x00, 0x44, 
0xFF, 0x14, 0x00, 0x00, 0x00, 0x00, 0x44, 0xFF, 0x14, 0x00, 0x00, 0x10, 0x10, 0x10, 0x10, 0x10, 
0x10, 0x10, 0xFF, 0xFF, 0xFF, 0xFF, 0xFF, 0xFF, 0xFF, 0x00, 0x14, 0x80, 0x39, 0x00, 0x93, 0xD4, 
0x0D, 0x32, 0xD8, 0x1B, 0x00, 0x44, 0xFF, 0x14, 0x00, 0x00, 0x44, 0xFF, 0x14, 0x44, 0xFF, 0x14, 
0x00, 0x00, 0x44, 0xFF, 0x14, 0x44, 0xFF, 0x14, 0x00, 0x00, 0x44, 0xFF, 0x14, 0x44, 0xFF, 0x14, 
0x00, 0x00, 0x44, 0xFF, 0x14, 0x44, 0xFF, 0x14, 0x00, 0x00, 0x49, 0xFF, 0x14, 0x44, 0xFF, 0x1F, 
0x00, 0x00, 0x6F, 0xFF, 0x14, 0x44, 0xFF, 0x97, 0x18, 0x37, 0xDB, 0xFF, 0x14, 0x44, 0xFF, 0xBA, 
0xFB, 0xD8, 0x4A, 0xFF, 0x14, 0x44, 0xFF, 0x14, 0x00, 0x00, 0x00, 0x00, 0x00, 0x44, 0xFF, 0x14, 
0x00, 0x00, 0x00, 0x00, 0x00, 0x44, 0xFF, 0x14, 0x00, 0x00, 0x00, 0x00, 0x00, 0x44, 0xFF, 0x14, 
0x00, 0x00, 0x00, 0x00, 0x00, 0x00, 0x23, 0xB9, 0xF7, 0xFF, 0xFF, 0xFF, 0xFF, 0x14, 0x01, 0xD3, 
0xFF, 0xFF, 0xFF, 0xFF, 0x63, 0xFF, 0x14, 0x28, 0xFF, 0xFF, 0xFF, 0xFF, 0xFF, 0x58, 0xFF, 0x14, 
0x41, 0xFF, 0xFF, 0xFF, 0xFF, 0xFF, 0x58, 0xFF, 0x14, 0x3A, 0xFF, 0xFF, 0xFF, 0xFF, 0xFF, 0x58, 
0xFF, 0x14, 0x0F, 0xF9, 0xFF, 0xFF, 0xFF, 0xFF, 0x58, 0xFF, 0x14, 0x00, 0x7E, 0xFF, 0xFF, 0xFF, 
0xFF, 0x58, 0xFF, 0x14, 0x00, 0x00, 0x31, 0x63, 0x87, 0xFF, 0x58, 0xFF, 0x14, 0x00, 0x00, 0x00, 
0x00, 0x44, 0xFF, 0x58, 0xFF, 0x14, 0x00, 0x00, 0x00, 0x00, 0x44, 0xFF, 0x58, 0xFF, 0x14, 0x00, 
0x00, 0x00, 0x00, 0x44, 0xFF, 0x58, 0xFF, 0x14, 0x00, 0x00, 0x00, 0x00, 0x44, 0xFF, 0x58, 0xFF, 
0x14, 0x00, 0x00, 0x00, 0x00, 0x44, 0xFF, 0x58, 0xFF, 0x14, 0x00, 0x00, 0x00, 0x00, 0x04, 0x10, 
0x05, 0x10, 0x01, 0x2B, 0xE2, 0x08, 0x2B, 0xE5, 0x08, 0x00, 0x11, 0x7A, 0x00, 0x00, 0x00, 0x3D, 
0xC6, 0x87, 0x00, 0x02, 0x30, 0x7D, 0xFF, 0x0B, 0x06, 0xDD, 0xD5, 0x6E, 0x00, 0x30, 0xC2, 0xC2, 
0xC2, 0x2F, 0xC6, 0x27, 0x00, 0x26, 0xC5, 0xE0, 0x00, 0x00, 0x00, 0xE0, 0xBC, 0x3B, 0x00, 0x3B, 
0xBA, 0x1F, 0xAD, 0xC1, 0xAA, 0x1D, 0x18, 0xB4, 0x12, 0x2E, 0xAE, 0x09, 0x00, 0x00, 0xA2, 0xBB, 
0x08, 0xBD, 0xAB, 0x02, 0x00, 0x09, 0xD0, 0x8F, 0x12, 0xDC, 0x89, 0x00, 0x00, 0xA9, 0xC3, 0x03, 
0xBA, 0xBE, 0x00, 0x6D, 0xE2, 0x17, 0x8A, 0xD9, 0x11, 0x17, 0xE9, 0x33, 0x33, 0xE8, 0x22, 0x00, 
0x00, 0x0A, 0x00, 0x00, 0x0A, 0x00, 0x00, 0x00, 0x00, 0x00, 0x2B, 0xE4, 0x08, 0x00, 0x00, 0x00, 
0x00, 0x29, 0xE0, 0x08, 0x00, 0x00, 0x00, 0x00, 0x00, 0x00, 0x00, 0x00, 0x00, 0x00, 0x00, 0x00, 
0xA1, 0x00, 0x00, 0x00, 0x00, 0x00, 0x39, 0xB9, 0x00, 0x00, 0x00, 0x00, 0x3F, 0xE6, 0x3F, 0x00, 
0x00, 0x00, 0x5B, 0xF2, 0x48, 0x00, 0x00, 0x00, 0x17, 0xF8, 0x5F, 0x00, 0x00, 0x00, 0x00, 0x3E, 
0xFF, 0x1A, 0x00, 0x00, 0x00, 0x00, 0x1A, 0xFC, 0x7B, 0x04, 0x0D, 0x5B, 0x24, 0x00, 0x69, 0xF4, 
0xFD, 0xFF, 0xDF, 0x47, 0x00, 0x00, 0x07, 0x24, 0x16, 0x00, 0x00, 0x00, 0x00, 0x5B, 0xFF, 0x33, 
0x00, 0x00, 0x00, 0x00, 0x00, 0x00, 0x00, 0x00, 0x8D, 0xC4, 0x01, 0x00, 0x00, 0x00, 0x00, 0x00, 
0x00, 0x00, 0x01, 0x69, 0x1F, 0x00, 0x00, 0x00, 0x00, 0x00, 0x00, 0x00, 0x00, 0x00, 0x00, 0x00, 
0x00, 0x00, 0x00, 0x00, 0x00, 0x00, 0x4B, 0xFF, 0x5A, 0x00, 0x00, 0x00, 0x00, 0x00, 0x00, 0x00, 
0xAD, 0xDF, 0xBD, 0x00, 0x00, 0x00, 0x00, 0x00, 0x00, 0x18, 0xFB, 0x50, 0xFE, 0x22, 0x00, 0x00, 
0x00, 0x00, 0x00, 0x76, 0xD8, 0x00, 0xC9, 0x84, 0x00, 0x00, 0x00, 0x00, 0x01, 0xD9, 0x7E, 0x00, 
0x6E, 0xE5, 0x03, 0x00, 0x00, 0x00, 0x3E, 0xFF, 0x24, 0x00, 0x17, 0xFC, 0x4C, 0x00, 0x00, 0x00, 
0xA2, 0xFF, 0xFC, 0xFC, 0xFC, 0xFF, 0xB0, 0x00, 0x00, 0x10, 0xF6, 0x75, 0x2C, 0x2C, 0x2C, 0x72, 
0xFB, 0x18, 0x00, 0x6A, 0xEF, 0x0A, 0x00, 0x00, 0x00, 0x08, 0xEC, 0x77, 0x00, 0xCE, 0x90, 0x00, 
0x00, 0x00, 0x00, 0x00, 0x89, 0xD9, 0x01, 0x00, 0x00, 0x00, 0x00, 0x21, 0xFA, 0x74, 0x00, 0x00, 
0x00, 0x00, 0x00, 0x00, 0x00, 0xAD, 0xA1, 0x01, 0x00, 0x00, 0x00, 0x00, 0x00, 0x00, 0x12, 0x71, 
0x04, 0x00, 0x00, 0x00, 0x00, 0x00, 0x00, 0x00, 0x00, 0x00, 0x00, 0x00, 0x00, 0x00, 0x00, 0x00, 
0x00, 0x00, 0x4B, 0xFF, 0x5A, 0x00, 0x00, 0x00, 0x00, 0x00, 0x00, 0x00, 0xAD, 0xDF, 0xBD, 0x00, 
0x00, 0x00, 0x00, 0x00, 0x00, 0x18, 0xFB, 0x50, 0xFE, 0x22, 0x00, 0x00, 0x00, 0x00, 0x00, 0x76, 
0xD8, 0x00, 0xC9, 0x84, 0x00, 0x00, 0x00, 0x00, 0x01, 0xD9, 0x7E, 0x00, 0x6E, 0xE5, 0x03, 0x00, 
0x00, 0x00, 0x3E, 0xFF, 0x24, 0x00, 0x17, 0xFC, 0x4C, 0x00, 0x00, 0x00, 0xA2, 0xFF, 0xFC, 0xFC, 
0xFC, 0xFF, 0xB0, 0x00, 0x00, 0x10, 0xF6, 0x75, 0x2C, 0x2C, 0x2C, 0x72, 0xFB, 0x18, 0x00, 0x6A, 
0xEF, 0x0A, 0x00, 0x00, 0x00, 0x08, 0xEC, 0x77, 0x00, 0xCE, 0x90, 0x00, 0x00, 0x00, 0x00, 0x00, 
0x89, 0xD9, 0x01, 0x00, 0x00, 0x00, 0x80, 0xFF, 0x80, 0x00, 0x00, 0x00, 0x00, 0x00, 0x00, 0x3F, 
0xE7, 0x5A, 0xE9, 0x41, 0x00, 0x00, 0x00, 0x00, 0x00, 0x69, 0x24, 0x00, 0x26, 0x6C, 0x00, 0x00, 
0x00, 0x00, 0x00, 0x00, 0x00, 0x00, 0x00, 0x00, 0x00, 0x00, 0x00, 0x00, 0x00, 0x00, 0x4B, 0xFF, 
0x5A, 0x00, 0x00, 0x00, 0x00, 0x00, 0x00, 0x00, 0xAD, 0xDF, 0xBD, 0x00, 0x00, 0x00, 0x00, 0x00, 
0x00, 0x18, 0xFB, 0x50, 0xFE, 0x22, 0x00, 0x00, 0x00, 0x00, 0x00, 0x76, 0xD8, 0x00, 0xC9, 0x84, 
0x00, 0x00, 0x00, 0x00, 0x01, 0xD9, 0x7E, 0x00, 0x6E, 0xE5, 0x03, 0x00, 0x00, 0x00, 0x3E, 0xFF, 
0x24, 0x00, 0x17, 0xFC, 0x4C, 0x00, 0x00, 0x00, 0xA2, 0xFF, 0xFC, 0xFC, 0xFC, 0xFF, 0xB0, 0x00, 
0x00, 0x10, 0xF6, 0x75, 0x2C, 0x2C, 0x2C, 0x72, 0xFB, 0x18, 0x00, 0x6A, 0xEF, 0x0A, 0x00, 0x00, 
0x00, 0x08, 0xEC, 0x77, 0x00, 0xCE, 0x90, 0x00, 0x00, 0x00, 0x00, 0x00, 0x89, 0xD9, 0x01, 0x00, 
0x01, 0xA9, 0xEE, 0xF0, 0xF0, 0xC8, 0x07, 0x00, 0x00, 0x00, 0x02, 0x20, 0x20, 0x20, 0x1F, 0x04, 
0x00, 0x00, 0x00, 0x00, 0x00, 0x00, 0x00, 0x00, 0x00, 0x00, 0x00, 0x00, 0x00, 0x00, 0x00, 0x00, 
0x4B, 0xFF, 0x5A, 0x00, 0x00, 0x00, 0x00, 0x00, 0x00, 0x00, 0xAD, 0xDF, 0xBD, 0x00, 0x00, 0x00, 
0x00, 0x00, 0x00, 0x18, 0xFB, 0x50, 0xFE, 0x22, 0x00, 0x00, 0x00, 0x00, 0x00, 0x76, 0xD8, 0x00, 
0xC9, 0x84, 0x00, 0x00, 0x00, 0x00, 0x01, 0xD9, 0x7E, 0x00, 0x6E, 0xE5, 0x03, 0x00, 0x00, 0x00, 
0x3E, 0xFF, 0x24, 0x00, 0x17, 0xFC, 0x4C, 0x00, 0x00, 0x00, 0xA2, 0xFF, 0xFC, 0xFC, 0xFC, 0xFF, 
0xB0, 0x00, 0x00, 0x10, 0xF6, 0x75, 0x2C, 0x2C, 0x2C, 0x72, 0xFB, 0x18, 0x00, 0x6A, 0xEF, 0x0A, 
0x00, 0x00, 0x00, 0x08, 0xEC, 0x77, 0x00, 0xCE, 0x90, 0x00, 0x00, 0x00, 0x00, 0x00, 0x89, 0xD9, 
0x01, 0x00, 0x00, 0x2A, 0xDF, 0x07, 0x2A, 0xDF, 0x07, 0x00, 0x00, 0x00, 0x00, 0x00, 0x13, 0x00, 
0x00, 0x13, 0x00, 0x00, 0x00, 0x00, 0x00, 0x00, 0x00, 0x00, 0x00, 0x00, 0x00, 0x00, 0x00, 0x00, 
0x00, 0x00, 0x19, 0xFC, 0xE8, 0x05, 0x00, 0x00, 0x00, 0x00, 0x00, 0x00, 0x7A, 0xE2, 0xF9, 0x50, 
0x00, 0x00, 0x00, 0x00, 0x00, 0x01, 0xDB, 0x8B, 0xB2, 0xB3, 0x00, 0x00, 0x00, 0x00, 0x00, 0x40, 
0xFF, 0x2A, 0x53, 0xFC, 0x19, 0x00, 0x00, 0x00, 0x00, 0xA3, 0xC5, 0x00, 0x05, 0xE8, 0x79, 0x00, 
0x00, 0x00, 0x10, 0xF6, 0x60, 0x00, 0x00, 0x89, 0xDB, 0x01, 0x00, 0x00, 0x69, 0xFF, 0xFD, 0xFC, 
0xFC, 0xFD, 0xFF, 0x3E, 0x00, 0x00, 0xCC, 0xA8, 0x2C, 0x2C, 0x2C, 0x2C, 0xD2, 0xA1, 0x00, 0x30, 
0xFF, 0x34, 0x00, 0x00, 0x00, 0x00, 0x68, 0xF6, 0x0E, 0x93, 0xCC, 0x00, 0x00, 0x00, 0x00, 0x00, 
0x0C, 0xF1, 0x67, 0x00, 0x00, 0x00, 0x01, 0xA0, 0xE7, 0x70, 0x00, 0x00, 0x00, 0x00, 0x00, 0x00, 
0x00, 0x32, 0xFF, 0x90, 0xFA, 0x07, 0x00, 0x00, 0x00, 0x00, 0x00, 0x00, 0x39, 0xFF, 0x78, 0xFD, 
0x0A, 0x00, 0x00, 0x00, 0x00, 0x00, 0x00, 0x04, 0xC2, 0xFF, 0x93, 0x00, 0x00, 0x00, 0x00, 0x00, 
0x00, 0x00, 0x00, 0x7E, 0xF5, 0x56, 0x00, 0x00, 0x00, 0x00, 0x00, 0x00, 0x00, 0x07, 0xE9, 0x70, 
0xC6, 0x00, 0x00, 0x00, 0x00, 0x00, 0x00, 0x00, 0x5E, 0xC9, 0x04, 0xE4, 0x37, 0x00, 0x00, 0x00, 
0x00, 0x00, 0x00, 0xCE, 0x62, 0x00, 0x82, 0xA6, 0x00, 0x00, 0x00, 0x00, 0x00, 0x3E, 0xF2, 0x0C, 
0x00, 0x20, 0xF9, 0x1B, 0x00, 0x00, 0x00, 0x00, 0xAD, 0xFC, 0xF0, 0xF0, 0xF0, 0xFE, 0x86, 0x00, 
0x00, 0x00, 0x21, 0xFC, 0x3F, 0x20, 0x20, 0x20, 0x68, 0xEC, 0x09, 0x00, 0x00, 0x8E, 0xC2, 0x00, 
0x00, 0x00, 0x00, 0x07, 0xEA, 0x65, 0x00, 0x0D, 0xF1, 0x5B, 0x00, 0x00, 0x00, 0x00, 0x00, 0x87, 
0xD5, 0x01, 0x00, 0x00, 0x00, 0x00, 0x21, 0xFC, 0xFF, 0xFF, 0xFF, 0xFF, 0xFF, 0xFF, 0x3C, 0x00, 
0x00, 0x00, 0x00, 0x96, 0xB9, 0x50, 0xFF, 0x23, 0x10, 0x10, 0x10, 0x04, 0x00, 0x00, 0x00, 0x19, 
0xF8, 0x47, 0x44, 0xFF, 0x14, 0x00, 0x00, 0x00, 0x00, 0x00, 0x00, 0x00, 0x89, 0xD8, 0x01, 0x44, 
0xFF, 0x14, 0x00, 0x00, 0x00, 0x00, 0x00, 0x00, 0x11, 0xF2, 0x6A, 0x00, 0x44, 0xFF, 0xF1, 0xF0, 
0xF0, 0xE5, 0x00, 0x00, 0x00, 0x7D, 0xEF, 0x0B, 0x00, 0x44, 0xFF, 0x32, 0x20, 0x20, 0x1F, 0x00, 
0x00, 0x0B, 0xEC, 0xFC, 0xF0, 0xF0, 0xF4, 0xFF, 0x14, 0x00, 0x00, 0x00, 0x00, 0x00, 0x6F, 0xF2, 
0x2C, 0x20, 0x20, 0x5C, 0xFF, 0x14, 0x00, 0x00, 0x00, 0x00, 0x06, 0xE4, 0x84, 0x00, 0x00, 0x00, 
0x44, 0xFF, 0x23, 0x10, 0x10, 0x10, 0x04, 0x63, 0xF0, 0x11, 0x00, 0x00, 0x00, 0x44, 0xFF, 0xFF, 
0xFF, 0xFF, 0xFF, 0x3C, 0x00, 0x00, 0x25, 0xA7, 0xEB, 0xFD, 0xE8, 0xA9, 0x05, 0x00, 0x2D, 0xF1, 
0xAB, 0x30, 0x14, 0x34, 0x61, 0x00, 0x00, 0xC2, 0xB8, 0x01, 0x00, 0x00, 0x00, 0x00, 0x00, 0x19, 
0xFF, 0x47, 0x00, 0x00, 0x00, 0x00, 0x00, 0x00, 0x3E, 0xFF, 0x1E, 0x00, 0x00, 0x00, 0x00, 0x00, 
0x00, 0x3E, 0xFF, 0x1B, 0x00, 0x00, 0x00, 0x00, 0x00, 0x00, 0x1D, 0xFF, 0x43, 0x00, 0x00, 0x00, 
0x00, 0x00, 0x00, 0x00, 0xD2, 0xAC, 0x00, 0x00, 0x00, 0x00, 0x00, 0x00, 0x00, 0x44, 0xFB, 0x9B, 
0x2C, 0x13, 0x2B, 0x43, 0x00, 0x00, 0x00, 0x3C, 0xBC, 0xF2, 0xFF, 0xED, 0x90, 0x00, 0x00, 0x00, 
0x00, 0x00, 0x33, 0xCD, 0x07, 0x00, 0x00, 0x00, 0x00, 0x00, 0x00, 0x2E, 0xB8, 0xCF, 0x02, 0x00, 
0x00, 0x00, 0x00, 0x03, 0x15, 0x70, 0xFE, 0x0A, 0x00, 0x00, 0x00, 0x00, 0x12, 0xFA, 0xEE, 0x79, 
0x00, 0x00, 0x00, 0x37, 0xFB, 0x5C, 0x00, 0x00, 0x00, 0x00, 0x00, 0x63, 0xE2, 0x0C, 0x00, 0x00, 
0x00, 0x00, 0x00, 0x55, 0x34, 0x00, 0x00, 0x00, 0x00, 0x00, 0x00, 0x00, 0x00, 0x00, 0x44, 0xFF, 
0xFF, 0xFF, 0xFF, 0xFF, 0x60, 0x44, 0xFF, 0x23, 0x10, 0x10, 0x10, 0x06, 0x44, 0xFF, 0x14, 0x00, 
0x00, 0x00, 0x00, 0x44, 0xFF, 0x14, 0x00, 0x00, 0x00, 0x00, 0x44, 0xFF, 0xF1, 0xF0, 0xF0, 0xF0, 
0x1E, 0x44, 0xFF, 0x32, 0x20, 0x20, 0x20, 0x04, 0x44, 0xFF, 0x14, 0x00, 0x00, 0x00, 0x00, 0x44, 
0xFF, 0x14, 0x00, 0x00, 0x00, 0x00, 0x44, 0xFF, 0x23, 0x10, 0x10, 0x10, 0x06, 0x44, 0xFF, 0xFF, 
0xFF, 0xFF, 0xFF, 0x60, 0x00, 0x00, 0x00, 0x0A, 0xE7, 0xA0, 0x00, 0x00, 0x00, 0x00, 0x83, 0xC4, 
0x09, 0x00, 0x00, 0x00, 0x03, 0x76, 0x0E, 0x00, 0x00, 0x00, 0x00, 0x00, 0x00, 0x00, 0x00, 0x00, 
0x44, 0xFF, 0xFF, 0xFF, 0xFF, 0xFF, 0x60, 0x44, 0xFF, 0x23, 0x10, 0x10, 0x10, 0x06, 0x44, 0xFF, 
0x14, 0x00, 0x00, 0x00, 0x00, 0x44, 0xFF, 0x14, 0x00, 0x00, 0x00, 0x00, 0x44, 0xFF, 0xF1, 0xF0, 
0xF0, 0xF0, 0x1E, 0x44, 0xFF, 0x32, 0x20, 0x20, 0x20, 0x04, 0x44, 0xFF, 0x14, 0x00, 0x00, 0x00, 
0x00, 0x44, 0xFF, 0x14, 0x00, 0x00, 0x00, 0x00, 0x44, 0xFF, 0x23, 0x10, 0x10, 0x10, 0x06, 0x44, 
0xFF, 0xFF, 0xFF, 0xFF, 0xFF, 0x60, 0x00, 0x00, 0x54, 0xFF, 0xA9, 0x00, 0x00, 0x00, 0x22, 0xE7, 
0x60, 0xD9, 0x6A, 0x00, 0x00, 0x54, 0x3B, 0x00, 0x15, 0x78, 0x06, 0x00, 0x00, 0x00, 0x00, 0x00, 
0x00, 0x00, 0x44, 0xFF, 0xFF, 0xFF, 0xFF, 0xFF, 0x60, 0x44, 0xFF, 0x23, 0x10, 0x10, 0x10, 0x06, 
0x44, 0xFF, 0x14, 0x00, 0x00, 0x00, 0x00, 0x44, 0xFF, 0x14, 0x00, 0x00, 0x00, 0x00, 0x44, 0xFF, 
0xF1, 0xF0, 0xF0, 0xF0, 0x1E, 0x44, 0xFF, 0x32, 0x20, 0x20, 0x20, 0x04, 0x44, 0xFF, 0x14, 0x00, 
0x00, 0x00, 0x00, 0x44, 0xFF, 0x14, 0x00, 0x00, 0x00, 0x00, 0x44, 0xFF, 0x23, 0x10, 0x10, 0x10, 
0x06, 0x44, 0xFF, 0xFF, 0xFF, 0xFF, 0xFF, 0x60, 0x00, 0x29, 0xDE, 0x07, 0x29, 0xDE, 0x07, 0x00, 
0x00, 0x13, 0x00, 0x00, 0x13, 0x00, 0x00, 0x00, 0x00, 0x00, 0x00, 0x00, 0x00, 0x44, 0xFF, 0xFF, 
0xFF, 0xFF, 0xFF, 0xC4, 0x44, 0xFF, 0x23, 0x10, 0x10, 0x10, 0x0C, 0x44, 0xFF, 0x14, 0x00, 0x00, 
0x00, 0x00, 0x44, 0xFF, 0x14, 0x00, 0x00, 0x00, 0x00, 0x44, 0xFF, 0xF1, 0xF0, 0xF0, 0xF0, 0x7C, 
0x44, 0xFF, 0x32, 0x20, 0x20, 0x20, 0x11, 0x44, 0xFF, 0x14, 0x00, 0x00, 0x00, 0x00, 0x44, 0xFF, 
0x14, 0x00, 0x00, 0x00, 0x00, 0x44, 0xFF, 0x23, 0x10, 0x10, 0x10, 0x0C, 0x44, 0xFF, 0xFF, 0xFF, 
0xFF, 0xFF, 0xC4, 0x72, 0xFA, 0x22, 0x00, 0x00, 0x01, 0xA1, 0xAF, 0x00, 0x00, 0x00, 0x04, 0x71, 
0x14, 0x00, 0x00, 0x00, 0x00, 0x00, 0x00, 0x58, 0xF3, 0xFF, 0xEB, 0x34, 0x00, 0x44, 0xFF, 0x14, 
0x00, 0x00, 0x44, 0xFF, 0x14, 0x00, 0x00, 0x44, 0xFF, 0x14, 0x00, 0x00, 0x44, 0xFF, 0x14, 0x00, 
0x00, 0x44, 0xFF, 0x14, 0x00, 0x00, 0x44, 0xFF, 0x14, 0x00, 0x00, 0x44, 0xFF, 0x14, 0x00, 0x00, 
0x44, 0xFF, 0x14, 0x00, 0x58, 0xF0, 0xFF, 0xE8, 0x34, 0x00, 0x00, 0x32, 0xFF, 0x60, 0x00, 0x01, 
0xC2, 0x8D, 0x00, 0x00, 0x1D, 0x69, 0x01, 0x00, 0x00, 0x00, 0x00, 0x00, 0x00, 0x58, 0xF3, 0xFF, 
0xEB, 0x34, 0x00, 0x44, 0xFF, 0x14, 0x00, 0x00, 0x44, 0xFF, 0x14, 0x00, 0x00, 0x44, 0xFF, 0x14, 
0x00, 0x00, 0x44, 0xFF, 0x14, 0x00, 0x00, 0x44, 0xFF, 0x14, 0x00, 0x00, 0x44, 0xFF, 0x14, 0x00, 
0x00, 0x44, 0xFF, 0x14, 0x00, 0x00, 0x44, 0xFF, 0x14, 0x00, 0x58, 0xF0, 0xFF, 0xE8, 0x34, 0x00, 
0x94, 0xFF, 0x69, 0x00, 0x51, 0xE1, 0x5C, 0xEB, 0x33, 0x73, 0x1C, 0x00, 0x32, 0x61, 0x00, 0x00, 
0x00, 0x00, 0x00, 0x58, 0xF3, 0xFF, 0xEB, 0x34, 0x00, 0x44, 0xFF, 0x14, 0x00, 0x00, 0x44, 0xFF, 
0x14, 0x00, 0x00, 0x44, 0xFF, 0x14, 0x00, 0x00, 0x44, 0xFF, 0x14, 0x00, 0x00, 0x44, 0xFF, 0x14, 
0x00, 0x00, 0x44, 0xFF, 0x14, 0x00, 0x00, 0x44, 0xFF, 0x14, 0x00, 0x00, 0x44, 0xFF, 0x14, 0x00, 
0x58, 0xF0, 0xFF, 0xE8, 0x34, 0x29, 0xDE, 0x07, 0x71, 0x9D, 0x00, 0x13, 0x00, 0x07, 0x0C, 0x00, 
0x00, 0x00, 0x00, 0x00, 0x1E, 0xEE, 0xFF, 0xF1, 0x79, 0x00, 0x44, 0xFF, 0x14, 0x00, 0x00, 0x44, 
0xFF, 0x14, 0x00, 0x00, 0x44, 0xFF, 0x14, 0x00, 0x00, 0x44, 0xFF, 0x14, 0x00, 0x00, 0x44, 0xFF, 
0x14, 0x00, 0x00, 0x44, 0xFF, 0x14, 0x00, 0x00, 0x44, 0xFF, 0x14, 0x00, 0x00, 0x44, 0xFF, 0x14, 
0x00, 0x1E, 0xEB, 0xFF, 0xED, 0x77, 0x00, 0x00, 0x53, 0xE4, 0xF0, 0xF0, 0xEB, 0x41, 0x00, 0x00, 
0x00, 0x00, 0x16, 0x20, 0x20, 0x20, 0x0F, 0x00, 0x00, 0x00, 0x00, 0x00, 0x00, 0x00, 0x00, 0x00, 
0x00, 0x00, 0x00, 0x00, 0x44, 0xFF, 0xC4, 0x01, 0x00, 0x00, 0x00, 0x44, 0xFF, 0x14, 0x44, 0xFF, 
0xD3, 0x5E, 0x00, 0x00, 0x00, 0x44, 0xFF, 0x14, 0x44, 0xFF, 0x41, 0xE5, 0x10, 0x00, 0x00, 0x44, 
0xFF, 0x14, 0x44, 0xFF, 0x14, 0x8F, 0x93, 0x00, 0x00, 0x44, 0xFF, 0x14, 0x44, 0xFF, 0x14, 0x0E, 
0xE4, 0x31, 0x00, 0x44, 0xFF, 0x14, 0x44, 0xFF, 0x14, 0x00, 0x5A, 0xC6, 0x01, 0x44, 0xFF, 0x14, 
0x44, 0xFF, 0x14, 0x00, 0x01, 0xBF, 0x62, 0x44, 0xFF, 0x14, 0x44, 0xFF, 0x14, 0x00, 0x00, 0x2B, 
0xE5, 0x55, 0xFF, 0x14, 0x44, 0xFF, 0x14, 0x00, 0x00, 0x00, 0x8B, 0xD4, 0xFF, 0x14, 0x44, 0xFF, 
0x14, 0x00, 0x00, 0x00, 0x0D, 0xE4, 0xFF, 0x14, 0x00, 0x00, 0x00, 0x6A, 0xF8, 0x2D, 0x00, 0x00, 
0x00, 0x00, 0x00, 0x00, 0x00, 0x00, 0x00, 0x5C, 0xD2, 0x11, 0x00, 0x00, 0x00, 0x00, 0x00, 0x00, 
0x00, 0x00, 0x00, 0x00, 0x00, 0x00, 0x00, 0x00, 0x00, 0x00, 0x00, 0x00, 0x00, 0x00, 0x00, 0x00, 
0x00, 0x00, 0x00, 0x00, 0x00, 0x00, 0x30, 0xAF, 0xED, 0xFC, 0xE5, 0x9B, 0x19, 0x00, 0x00, 0x00, 
0x3A, 0xF7, 0x94, 0x2C, 0x13, 0x33, 0xB0, 0xE3, 0x1A, 0x00, 0x00, 0xCC, 0xA3, 0x00, 0x00, 0x00, 
0x00, 0x04, 0xD2, 0x99, 0x00, 0x1D, 0xFF, 0x40, 0x00, 0x00, 0x00, 0x00, 0x00, 0x72, 0xEA, 0x00, 
0x3E, 0xFF, 0x1A, 0x00, 0x00, 0x00, 0x00, 0x00, 0x4A, 0xFF, 0x0E, 0x3E, 0xFF, 0x1B, 0x00, 0x00, 
0x00, 0x00, 0x00, 0x4B, 0xFF, 0x0D, 0x1D, 0xFF, 0x42, 0x00, 0x00, 0x00, 0x00, 0x00, 0x72, 0xE9, 
0x00, 0x00, 0xCD, 0xA4, 0x00, 0x00, 0x00, 0x00, 0x04, 0xD1, 0x96, 0x00, 0x00, 0x3C, 0xF8, 0x93, 
0x2C, 0x14, 0x36, 0xB3, 0xE3, 0x17, 0x00, 0x00, 0x00, 0x32, 0xB0, 0xEF, 0xFE, 0xE5, 0x9B, 0x1A, 
0x00, 0x00, 0x00, 0x00, 0x00, 0x00, 0x00, 0x45, 0xFB, 0x54, 0x00, 0x00, 0x00, 0x00, 0x00, 0x00, 
0x00, 0x1D, 0xD7, 0x47, 0x00, 0x00, 0x00, 0x00, 0x00, 0x00, 0x00, 0x00, 0x00, 0x00, 0x00, 0x00, 
0x00, 0x00, 0x00, 0x00, 0x00, 0x00, 0x00, 0x00, 0x00, 0x00, 0x00, 0x00, 0x00, 0x00, 0x00, 0x00, 
0x30, 0xAF, 0xED, 0xFC, 0xE5, 0x9B, 0x19, 0x00, 0x00, 0x00, 0x3A, 0xF7, 0x94, 0x2C, 0x13, 0x33, 
0xB0, 0xE3, 0x1A, 0x00, 0x00, 0xCC, 0xA3, 0x00, 0x00, 0x00, 0x00, 0x04, 0xD2, 0x99, 0x00, 0x1D, 
0xFF, 0x40, 0x00, 0x00, 0x00, 0x00, 0x00, 0x72, 0xEA, 0x00, 0x3E, 0xFF, 0x1A, 0x00, 0x00, 0x00, 
0x00, 0x00, 0x4A, 0xFF, 0x0E, 0x3E, 0xFF, 0x1B, 0x00, 0x00, 0x00, 0x00, 0x00, 0x4B, 0xFF, 0x0D, 
0x1D, 0xFF, 0x42, 0x00, 0x00, 0x00, 0x00, 0x00, 0x72, 0xE9, 0x00, 0x00, 0xCD, 0xA4, 0x00, 0x00, 
0x00, 0x00, 0x04, 0xD1, 0x96, 0x00, 0x00, 0x3C, 0xF8, 0x93, 0x2C, 0x14, 0x36, 0xB3, 0xE3, 0x17, 
0x00, 0x00, 0x00, 0x32, 0xB0, 0xEF, 0xFE, 0xE5, 0x9B, 0x1A, 0x00, 0x00, 0x00, 0x00, 0x00, 0x04, 
0xB1, 0xFB, 0x80, 0x00, 0x00, 0x00, 0x00, 0x00, 0x00, 0x04, 0xAB, 0x90, 0x19, 0xB3, 0x80, 0x00, 
0x00, 0x00, 0x00, 0x00, 0x00, 0x00, 0x00, 0x00, 0x00, 0x00, 0x00, 0x00, 0x00, 0x00, 0x00, 0x00, 
0x00, 0x00, 0x00, 0x00, 0x00, 0x00, 0x00, 0x00, 0x00, 0x00, 0x30, 0xAF, 0xED, 0xFC, 0xE5, 0x9B, 
0x19, 0x00, 0x00, 0x00, 0x3A, 0xF7, 0x94, 0x2C, 0x13, 0x33, 0xB0, 0xE3, 0x1A, 0x00, 0x00, 0xCC, 
0xA3, 0x00, 0x00, 0x00, 0x00, 0x04, 0xD2, 0x99, 0x00, 0x1D, 0xFF, 0x40, 0x00, 0x00, 0x00, 0x00, 
0x00, 0x72, 0xEA, 0x00, 0x3E, 0xFF, 0x1A, 0x00, 0x00, 0x00, 0x00, 0x00, 0x4A, 0xFF, 0x0E, 0x3E, 
0xFF, 0x1B, 0x00, 0x00, 0x00, 0x00, 0x00, 0x4B, 0xFF, 0x0D, 0x1D, 0xFF, 0x42, 0x00, 0x00, 0x00, 
0x00, 0x00, 0x72, 0xE9, 0x00, 0x00, 0xCD, 0xA4, 0x00, 0x00, 0x00, 0x00, 0x04, 0xD1, 0x96, 0x00, 
0x00, 0x3C, 0xF8, 0x93, 0x2C, 0x14, 0x36, 0xB3, 0xE3, 0x17, 0x00, 0x00, 0x00, 0x32, 0xB0, 0xEF, 
0xFE, 0xE5, 0x9B, 0x1A, 0x00, 0x00, 0x00, 0x00, 0x00, 0x94, 0xE4, 0x74, 0x07, 0xC4, 0x08, 0x00, 
0x00, 0x00, 0x00, 0x25, 0xC0, 0x35, 0xBA, 0xFB, 0x96, 0x00, 0x00, 0x00, 0x00, 0x00, 0x08, 0x11, 
0x00, 0x00, 0x16, 0x00, 0x00, 0x00, 0x00, 0x00, 0x00, 0x00, 0x00, 0x00, 0x00, 0x00, 0x00, 0x00, 
0x00, 0x00, 0x00, 0x00, 0x30, 0xAF, 0xED, 0xFC, 0xE5, 0x9B, 0x19, 0x00, 0x00, 0x00, 0x3A, 0xF7, 
0x94, 0x2C, 0x13, 0x33, 0xB0, 0xE3, 0x1A, 0x00, 0x00, 0xCC, 0xA3, 0x00, 0x00, 0x00, 0x00, 0x04, 
0xD2, 0x99, 0x00, 0x1D, 0xFF, 0x40, 0x00, 0x00, 0x00, 0x00, 0x00, 0x72, 0xEA, 0x00, 0x3E, 0xFF, 
0x1A, 0x00, 0x00, 0x00, 0x00, 0x00, 0x4A, 0xFF, 0x0E, 0x3E, 0xFF, 0x1B, 0x00, 0x00, 0x00, 0x00, 
0x00, 0x4B, 0xFF, 0x0D, 0x1D, 0xFF, 0x42, 0x00, 0x00, 0x00, 0x00, 0x00, 0x72, 0xE9, 0x00, 0x00, 
0xCD, 0xA4, 0x00, 0x00, 0x00, 0x00, 0x04, 0xD1, 0x96, 0x00, 0x00, 0x3C, 0xF8, 0x93, 0x2C, 0x14, 
0x36, 0xB3, 0xE3, 0x17, 0x00, 0x00, 0x00, 0x32, 0xB0, 0xEF, 0xFE, 0xE5, 0x9B, 0x1A, 0x00, 0x00, 
0x00, 0x00, 0x00, 0x29, 0xDD, 0x30, 0xDD, 0x07, 0x00, 0x00, 0x00, 0x00, 0x00, 0x00, 0x00, 0x12, 
0x00, 0x13, 0x00, 0x00, 0x00, 0x00, 0x00, 0x00, 0x00, 0x00, 0x00, 0x00, 0x00, 0x00, 0x00, 0x00, 
0x00, 0x00, 0x00, 0x30, 0xAF, 0xED, 0xFC, 0xE5, 0x9B, 0x19, 0x00, 0x00, 0x00, 0x3A, 0xF7, 0x94, 
0x2C, 0x13, 0x33, 0xB0, 0xE3, 0x1A, 0x00, 0x00, 0xCC, 0xA3, 0x00, 0x00, 0x00, 0x00, 0x04, 0xD2, 
0x99, 0x00, 0x1D, 0xFF, 0x40, 0x00, 0x00, 0x00, 0x00, 0x00, 0x72, 0xEA, 0x00, 0x3E, 0xFF, 0x1A, 
0x00, 0x00, 0x00, 0x00, 0x00, 0x4A, 0xFF, 0x0E, 0x3E, 0xFF, 0x1B, 0x00, 0x00, 0x00, 0x00, 0x00, 
0x4B, 0xFF, 0x0D, 0x1D, 0xFF, 0x42, 0x00, 0x00, 0x00, 0x00, 0x00, 0x72, 0xE9, 0x00, 0x00, 0xCD, 
0xA4, 0x00, 0x00, 0x00, 0x00, 0x04, 0xD1, 0x96, 0x00, 0x00, 0x3C, 0xF8, 0x93, 0x2C, 0x14, 0x36, 
0xB3, 0xE3, 0x17, 0x00, 0x00, 0x00, 0x32, 0xB0, 0xEF, 0xFE, 0xE5, 0x9B, 0x1A, 0x00, 0x00, 0x00, 
0x29, 0x00, 0x00, 0x00, 0x00, 0x28, 0x00, 0x02, 0xD3, 0x82, 0x00, 0x00, 0x77, 0xDA, 0x05, 0x00, 
0x1E, 0xE1, 0x75, 0x6B, 0xE4, 0x21, 0x00, 0x00, 0x00, 0x24, 0xED, 0xEF, 0x27, 0x00, 0x00, 0x00, 
0x00, 0x5F, 0xEB, 0xEA, 0x65, 0x00, 0x00, 0x00, 0x53, 0xEE, 0x34, 0x32, 0xEC, 0x5B, 0x00, 0x02, 
0xC0, 0x3E, 0x00, 0x00, 0x37, 0xC7, 0x05, 0x00, 0x01, 0x00, 0x00, 0x00, 0x00, 0x01, 0x00, 0x00, 
0x00, 0x00, 0x00, 0x00, 0x00, 0x00, 0x00, 0x1A, 0x01, 0x00, 0x00, 0x00, 0x2D, 0xAD, 0xEC, 0xFD, 
0xE6, 0x9B, 0xE0, 0x3F, 0x00, 0x00, 0x38, 0xF6, 0x96, 0x2C, 0x14, 0x3A, 0xEF, 0xF4, 0x1D, 0x00, 
0x00, 0xCA, 0xA3, 0x00, 0x00, 0x00, 0x70, 0xCE, 0xD1, 0x9E, 0x00, 0x1B, 0xFF, 0x40, 0x00, 0x00, 
0x33, 0xEE, 0x26, 0x71, 0xED, 0x00, 0x3E, 0xFF, 0x1A, 0x00, 0x0E, 0xDD, 0x5F, 0x00, 0x4A, 0xFF, 
0x0E, 0x3E, 0xFF, 0x1B, 0x00, 0xA6, 0xA4, 0x00, 0x00, 0x4B, 0xFF, 0x0D, 0x1D, 0xFF, 0x42, 0x64, 
0xDB, 0x0D, 0x00, 0x00, 0x72, 0xE9, 0x00, 0x00, 0xD2, 0xBD, 0xEF, 0x32, 0x00, 0x00, 0x04, 0xD1, 
0x96, 0x00, 0x00, 0x4E, 0xFF, 0xC9, 0x2E, 0x14, 0x36, 0xB3, 0xE2, 0x17, 0x00, 0x00, 0x87, 0xB8, 
0xB0, 0xEE, 0xFD, 0xE4, 0x98, 0x18, 0x00, 0x00, 0x00, 0x0C, 0x0F, 0x00, 0x00, 0x00, 0x00, 0x00, 
0x00, 0x00, 0x00, 0x00, 0x00, 0x49, 0xFC, 0x24, 0x00, 0x00, 0x00, 0x00, 0x00, 0x00, 0x00, 0x8B, 
0xA6, 0x00, 0x00, 0x00, 0x00, 0x00, 0x00, 0x00, 0x02, 0x6F, 0x0B, 0x00, 0x00, 0x00, 0x00, 0x00, 
0x00, 0x00, 0x00, 0x00, 0x00, 0x00, 0x00, 0x44, 0xFF, 0x14, 0x00, 0x00, 0x00, 0x44, 0xFF, 0x14, 
0x44, 0xFF, 0x14, 0x00, 0x00, 0x00, 0x44, 0xFF, 0x14, 0x44, 0xFF, 0x14, 0x00, 0x00, 0x00, 0x44, 
0xFF, 0x14, 0x44, 0xFF, 0x14, 0x00, 0x00, 0x00, 0x44, 0xFF, 0x14, 0x44, 0xFF, 0x14, 0x00, 0x00, 
0x00, 0x44, 0xFF, 0x14, 0x44, 0xFF, 0x14, 0x00, 0x00, 0x00, 0x44, 0xFF, 0x14, 0x41, 0xFF, 0x17, 
0x00, 0x00, 0x00, 0x48, 0xFF, 0x11, 0x1E, 0xFF, 0x41, 0x00, 0x00, 0x00, 0x72, 0xED, 0x01, 0x00, 
0xB0, 0xD5, 0x3A, 0x14, 0x49, 0xEB, 0x7F, 0x00, 0x00, 0x0D, 0x98, 0xEA, 0xFC, 0xDF, 0x79, 0x02, 
0x00, 0x00, 0x00, 0x00, 0x00, 0x3D, 0xFC, 0x35, 0x00, 0x00, 0x00, 0x00, 0x00, 0x00, 0xBF, 0x74, 
0x00, 0x00, 0x00, 0x00, 0x00, 0x00, 0x16, 0x64, 0x00, 0x00, 0x00, 0x00, 0x00, 0x00, 0x00, 0x00, 
0x00, 0x00, 0x00, 0x00, 0x00, 0x44, 0xFF, 0x14, 0x00, 0x00, 0x00, 0x44, 0xFF, 0x14, 0x44, 0xFF, 
0x14, 0x00, 0x00, 0x00, 0x44, 0xFF, 0x14, 0x44, 0xFF, 0x14, 0x00, 0x00, 0x00, 0x44, 0xFF, 0x14, 
0x44, 0xFF, 0x14, 0x00, 0x00, 0x00, 0x44, 0xFF, 0x14, 0x44, 0xFF, 0x14, 0x00, 0x00, 0x00, 0x44, 
0xFF, 0x14, 0x44, 0xFF, 0x14, 0x00, 0x00, 0x00, 0x44, 0xFF, 0x14, 0x41, 0xFF, 0x17, 0x00, 0x00, 
0x00, 0x48, 0xFF, 0x11, 0x1E, 0xFF, 0x41, 0x00, 0x00, 0x00, 0x72, 0xED, 0x01, 0x00, 0xB0, 0xD5, 
0x3A, 0x14, 0x49, 0xEB, 0x7F, 0x00, 0x00, 0x0D, 0x98, 0xEA, 0xFC, 0xDF, 0x79, 0x02, 0x00, 0x00, 
0x00, 0x00, 0x7E, 0xFF, 0x4F, 0x00, 0x00, 0x00, 0x00, 0x00, 0x31, 0xE1, 0x63, 0xE0, 0x16, 0x00, 
0x00, 0x00, 0x00, 0x5A, 0x27, 0x00, 0x40, 0x45, 0x00, 0x00, 0x00, 0x00, 0x00, 0x00, 0x00, 0x00, 
0x00, 0x00, 0x00, 0x44, 0xFF, 0x14, 0x00, 0x00, 0x00, 0x44, 0xFF, 0x14, 0x44, 0xFF, 0x14, 0x00, 
0x00, 0x00, 0x44, 0xFF, 0x14, 0x44, 0xFF, 0x14, 0x00, 0x00, 0x00, 0x44, 0xFF, 0x14, 0x44, 0xFF, 
0x14, 0x00, 0x00, 0x00, 0x44, 0xFF, 0x14, 0x44, 0xFF, 0x14, 0x00, 0x00, 0x00, 0x44, 0xFF, 0x14, 
0x44, 0xFF, 0x14, 0x00, 0x00, 0x00, 0x44, 0xFF, 0x14, 0x41, 0xFF, 0x17, 0x00, 0x00, 0x00, 0x48, 
0xFF, 0x11, 0x1E, 0xFF, 0x41, 0x00, 0x00, 0x00, 0x72, 0xED, 0x01, 0x00, 0xB0, 0xD5, 0x3A, 0x14, 
0x49, 0xEB, 0x7F, 0x00, 0x00, 0x0D, 0x98, 0xEA, 0xFC, 0xDF, 0x79, 0x02, 0x00, 0x00, 0x00, 0x2A, 
0xDE, 0x07, 0x2A, 0xDF, 0x07, 0x00, 0x00, 0x00, 0x00, 0x13, 0x00, 0x00, 0x13, 0x00, 0x00, 0x00, 
0x00, 0x00, 0x00, 0x00, 0x00, 0x00, 0x00, 0x00, 0x44, 0xFF, 0x14, 0x00, 0x00, 0x00, 0x00, 0xEC, 
0x14, 0x44, 0xFF, 0x14, 0x00, 0x00, 0x00, 0x00, 0xEC, 0x14, 0x44, 0xFF, 0x14, 0x00, 0x00, 0x00, 
0x00, 0xEC, 0x14, 0x44, 0xFF, 0x14, 0x00, 0x00, 0x00, 0x00, 0xEC, 0x14, 0x44, 0xFF, 0x14, 0x00, 
0x00, 0x00, 0x00, 0xEC, 0x14, 0x44, 0xFF, 0x14, 0x00, 0x00, 0x00, 0x00, 0xEC, 0x14, 0x41, 0xFF, 
0x17, 0x00, 0x00, 0x00, 0x00, 0xF0, 0x11, 0x1E, 0xFF, 0x46, 0x00, 0x00, 0x00, 0x1D, 0xEC, 0x01, 
0x00, 0xB0, 0xDC, 0x43, 0x14, 0x30, 0xC2, 0x7F, 0x00, 0x00, 0x0D, 0x98, 0xEA, 0xFC, 0xDF, 0x79, 
0x02, 0x00, 0x00, 0x00, 0x00, 0x00, 0x3B, 0xFF, 0x5A, 0x00, 0x00, 0x00, 0x00, 0x00, 0x02, 0xC9, 
0x86, 0x00, 0x00, 0x00, 0x00, 0x00, 0x00, 0x21, 0x65, 0x00, 0x00, 0x00, 0x00, 0x00, 0x00, 0x00, 
0x00, 0x00, 0x00, 0x00, 0x00, 0x00, 0x5C, 0xF8, 0x1B, 0x00, 0x00, 0x00, 0x44, 0xFD, 0x2D, 0x02, 
0xCE, 0x92, 0x00, 0x00, 0x00, 0xC5, 0x9D, 0x00, 0x00, 0x44, 0xF8, 0x1A, 0x00, 0x48, 0xF6, 0x1B, 
0x00, 0x00, 0x00, 0xB9, 0x92, 0x00, 0xC8, 0x85, 0x00, 0x00, 0x00, 0x00, 0x2F, 0xF6, 0x63, 0xEB, 
0x0E, 0x00, 0x00, 0x00, 0x00, 0x00, 0xA2, 0xFD, 0x6D, 0x00, 0x00, 0x00, 0x00, 0x00, 0x00, 0x46, 
0xFF, 0x15, 0x00, 0x00, 0x00, 0x00, 0x00, 0x00, 0x44, 0xFF, 0x14, 0x00, 0x00, 0x00, 0x00, 0x00, 
0x00, 0x44, 0xFF, 0x14, 0x00, 0x00, 0x00, 0x00, 0x00, 0x00, 0x44, 0xFF, 0x14, 0x00, 0x00, 0x00, 
0x00, 0x45, 0xCA, 0xF8, 0xF5, 0xC5, 0x3F, 0x00, 0x00, 0x15, 0xF6, 0x93, 0x1E, 0x1F, 0x9E, 0xF0, 
0x05, 0x00, 0x41, 0xFF, 0x19, 0x00, 0x00, 0x5D, 0xF9, 0x09, 0x00, 0x44, 0xFF, 0x14, 0x00, 0x3E, 
0xEC, 0x71, 0x00, 0x00, 0x44, 0xFF, 0x14, 0x14, 0xF5, 0x66, 0x00, 0x00, 0x00, 0x44, 0xFF, 0x14, 
0x1C, 0xFE, 0x63, 0x00, 0x00, 0x00, 0x44, 0xFF, 0x14, 0x00, 0x63, 0xF8, 0x9D, 0x09, 0x00, 0x44, 
0xFF, 0x14, 0x00, 0x00, 0x27, 0xD7, 0xB0, 0x00, 0x44, 0xFF, 0x14, 0x00, 0x00, 0x00, 0x51, 0xFF, 
0x0C, 0x44, 0xFF, 0x14, 0x5B, 0x2B, 0x15, 0x96, 0xEF, 0x03, 0x44, 0xFF, 0x14, 0x82, 0xEB, 0xFB, 
0xD3, 0x48, 0x00, 0x00, 0x03, 0xBC, 0xD0, 0x05, 0x00, 0x00, 0x00, 0x00, 0x00, 0x0B, 0xB4, 0x8C, 
0x00, 0x00, 0x00, 0x00, 0x00, 0x00, 0x03, 0x2A, 0x00, 0x00, 0x00, 0x00, 0x29, 0xB1, 0xEE, 0xFB, 
0xD0, 0x3F, 0x00, 0x00, 0x1B, 0x68, 0x21, 0x1B, 0xA7, 0xE3, 0x01, 0x00, 0x00, 0x00, 0x00, 0x00, 
0x48, 0xFF, 0x11, 0x00, 0x2D, 0xAC, 0xDE, 0xE1, 0xE8, 0xFF, 0x14, 0x0F, 0xED, 0x8C, 0x0D, 0x00, 
0x45, 0xFF, 0x14, 0x3F, 0xFF, 0x1B, 0x00, 0x00, 0x68, 0xFF, 0x14, 0x1F, 0xFE, 0x78, 0x15, 0x4B, 
0xD7, 0xFF, 0x14, 0x00, 0x6B, 0xE9, 0xF9, 0xC1, 0x2A, 0xFB, 0x14, 0x00, 0x00, 0x00, 0x00, 0x81, 
0xEE, 0x2B, 0x00, 0x00, 0x00, 0x00, 0x39, 0xE1, 0x30, 0x00, 0x00, 0x00, 0x00, 0x00, 0x1B, 0x11, 
0x00, 0x00, 0x00, 0x00, 0x29, 0xB1, 0xEE, 0xFB, 0xD0, 0x3F, 0x00, 0x00, 0x1B, 0x68, 0x21, 0x1B, 
0xA7, 0xE3, 0x01, 0x00, 0x00, 0x00, 0x00, 0x00, 0x48, 0xFF, 0x11, 0x00, 0x2D, 0xAC, 0xE0, 0xEF, 
0xF4, 0xFF, 0x14, 0x0F, 0xED, 0xAD, 0x38, 0x22, 0x5C, 0xFF, 0x14, 0x3F, 0xFF, 0x1D, 0x00, 0x00, 
0x61, 0xFF, 0x14, 0x1F, 0xFE, 0x71, 0x15, 0x47, 0xD3, 0xFF, 0x14, 0x00, 0x6B, 0xE9, 0xFA, 0xC4, 
0x2C, 0xFB, 0x14, 0x00, 0x00, 0x14, 0xDF, 0xF9, 0x3A, 0x00, 0x00, 0x00, 0x0F, 0xCA, 0x79, 0x4B, 
0xDE, 0x32, 0x00, 0x00, 0x10, 0x1E, 0x00, 0x00, 0x13, 0x1D, 0x00, 0x00, 0x29, 0xB1, 0xEE, 0xFB, 
0xD0, 0x3F, 0x00, 0x00, 0x1B, 0x68, 0x21, 0x1B, 0xA7, 0xE3, 0x01, 0x00, 0x00, 0x00, 0x00, 0x00, 
0x48, 0xFF, 0x11, 0x00, 0x2D, 0xAC, 0xE0, 0xEF, 0xF4, 0xFF, 0x14, 0x0F, 0xED, 0xAD, 0x38, 0x22, 
0x5C, 0xFF, 0x14, 0x3F, 0xFF, 0x1D, 0x00, 0x00, 0x61, 0xFF, 0x14, 0x1F, 0xFE, 0x71, 0x15, 0x47, 
0xD3, 0xFF, 0x14, 0x00, 0x6B, 0xE9, 0xFA, 0xC4, 0x2C, 0xFB, 0x14, 0x00, 0x36, 0xE7, 0xFF, 0xF5, 
0xF2, 0x93, 0x00, 0x00, 0x10, 0x17, 0x13, 0x1C, 0x18, 0x00, 0x00, 0x00, 0x29, 0xB1, 0xEE, 0xFB, 
0xD0, 0x3F, 0x00, 0x00, 0x1B, 0x68, 0x21, 0x1B, 0xA7, 0xE3, 0x01, 0x00, 0x00, 0x00, 0x00, 0x00, 
0x48, 0xFF, 0x11, 0x00, 0x2D, 0xAC, 0xE0, 0xEF, 0xF4, 0xFF, 0x14, 0x0F, 0xED, 0xAD, 0x38, 0x22, 
0x5C, 0xFF, 0x14, 0x3F, 0xFF, 0x1D, 0x00, 0x00, 0x61, 0xFF, 0x14, 0x1F, 0xFE, 0x71, 0x15, 0x47, 
0xD3, 0xFF, 0x14, 0x00, 0x6B, 0xE9, 0xFA, 0xC4, 0x2C, 0xFB, 0x14, 0x00, 0x29, 0xEB, 0x07, 0x29, 
0xEB, 0x07, 0x00, 0x00, 0x00, 0x06, 0x00, 0x00, 0x06, 0x00, 0x00, 0x00, 0x47, 0xBF, 0xF4, 0xFA, 
0xCC, 0x3C, 0x00, 0x00, 0x3F, 0x52, 0x1C, 0x1D, 0xAC, 0xE2, 0x01, 0x00, 0x00, 0x00, 0x00, 0x00, 
0x48, 0xFF, 0x11, 0x00, 0x2D, 0xAC, 0xE0, 0xEF, 0xF4, 0xFF, 0x14, 0x0F, 0xED, 0xAD, 0x38, 0x22, 
0x5C, 0xFF, 0x14, 0x3F, 0xFF, 0x1D, 0x00, 0x00, 0x61, 0xFF, 0x14, 0x1F, 0xFE, 0x71, 0x15, 0x47, 
0xD6, 0xFF, 0x14, 0x00, 0x6B, 0xE9, 0xF9, 0xC1, 0x39, 0xFF, 0x14, 0x00, 0x00, 0x09, 0xB4, 0xEA, 
0x8D, 0x00, 0x00, 0x00, 0x00, 0x3D, 0xFF, 0x88, 0xFF, 0x0D, 0x00, 0x00, 0x00, 0x11, 0xDF, 0xFD, 
0xBA, 0x00, 0x00, 0x00, 0x00, 0x00, 0x04, 0x1A, 0x01, 0x00, 0x00, 0x00, 0x29, 0xB1, 0xEE, 0xFB, 
0xD0, 0x3F, 0x00, 0x00, 0x1B, 0x68, 0x21, 0x1B, 0xA7, 0xE3, 0x01, 0x00, 0x00, 0x00, 0x00, 0x00, 
0x48, 0xFF, 0x11, 0x00, 0x2D, 0xAC, 0xE0, 0xEF, 0xF4, 0xFF, 0x14, 0x0F, 0xED, 0xAD, 0x38, 0x22, 
0x5C, 0xFF, 0x14, 0x3F, 0xFF, 0x1D, 0x00, 0x00, 0x61, 0xFF, 0x14, 0x1E, 0xFD, 0x71, 0x15, 0x47, 
0xDE, 0xF6, 0x14, 0x00, 0x62, 0xE4, 0xFD, 0xD7, 0x4B, 0xC0, 0x14, 0x00, 0x44, 0xC0, 0xF2, 0xF9, 
0xC0, 0x27, 0x98, 0xF3, 0xF4, 0xA0, 0x0B, 0x00, 0x00, 0x32, 0x56, 0x1E, 0x1E, 0xAC, 0xF5, 0xB2, 
0x22, 0x29, 0xCE, 0x9E, 0x00, 0x00, 0x00, 0x00, 0x00, 0x00, 0x48, 0xFF, 0x28, 0x00, 0x00, 0x57, 
0xF8, 0x04, 0x00, 0x2C, 0xAB, 0xE2, 0xEF, 0xF4, 0xFF, 0xF1, 0xF0, 0xF0, 0xF4, 0xFF, 0x13, 0x10, 
0xEF, 0xAD, 0x38, 0x22, 0x5C, 0xFF, 0x38, 0x20, 0x20, 0x20, 0x20, 0x03, 0x3F, 0xFF, 0x1D, 0x00, 
0x00, 0x60, 0xFF, 0x47, 0x00, 0x00, 0x00, 0x00, 0x00, 0x1F, 0xFE, 0x71, 0x15, 0x46, 0xDD, 0xB9, 
0xD5, 0x35, 0x14, 0x34, 0x59, 0x00, 0x00, 0x67, 0xE5, 0xFB, 0xCE, 0x42, 0x07, 0x8F, 0xEA, 0xFC, 
0xE1, 0x79, 0x00, 0x00, 0x0A, 0x91, 0xE8, 0xFC, 0xDD, 0x37, 0x00, 0xA4, 0xDE, 0x3B, 0x14, 0x3B, 
0x16, 0x15, 0xFE, 0x50, 0x00, 0x00, 0x00, 0x00, 0x3D, 0xFF, 0x1B, 0x00, 0x00, 0x00, 0x00, 0x3E, 
0xFF, 0x1B, 0x00, 0x00, 0x00, 0x00, 0x17, 0xFF, 0x4C, 0x00, 0x00, 0x00, 0x00, 0x00, 0xAC, 0xD6, 
0x34, 0x14, 0x40, 0x1C, 0x00, 0x0D, 0x9A, 0xEE, 0xFF, 0xDD, 0x28, 0x00, 0x00, 0x00, 0x50, 0xC9, 
0x08, 0x00, 0x00, 0x00, 0x00, 0x38, 0xBA, 0xD1, 0x02, 0x00, 0x00, 0x08, 0x14, 0x74, 0xFD, 0x0A, 
0x00, 0x00, 0x3C, 0xFD, 0xEB, 0x75, 0x00, 0x00, 0x09, 0xCF, 0xA1, 0x00, 0x00, 0x00, 0x00, 0x00, 
0x00, 0x17, 0xD2, 0x4A, 0x00, 0x00, 0x00, 0x00, 0x00, 0x00, 0x0D, 0x20, 0x00, 0x00, 0x00, 0x00, 
0x0A, 0x9A, 0xF1, 0xF4, 0xA3, 0x0E, 0x00, 0x00, 0x9F, 0xC3, 0x25, 0x26, 0xCC, 0xA1, 0x00, 0x12, 
0xFC, 0x37, 0x00, 0x00, 0x56, 0xF8, 0x04, 0x3D, 0xFF, 0xF2, 0xF0, 0xF0, 0xF4, 0xFF, 0x13, 0x3D, 
0xFF, 0x39, 0x20, 0x20, 0x20, 0x20, 0x03, 0x16, 0xFE, 0x4F, 0x00, 0x00, 0x00, 0x00, 0x00, 0x00, 
0xA4, 0xDE, 0x3C, 0x14, 0x34, 0x59, 0x00, 0x00, 0x09, 0x91, 0xEC, 0xFD, 0xE2, 0x79, 0x00, 0x00, 
0x00, 0x00, 0x01, 0xC2, 0xBD, 0x02, 0x00, 0x00, 0x00, 0x00, 0x68, 0xC3, 0x0E, 0x00, 0x00, 0x00, 
0x00, 0x00, 0x25, 0x08, 0x00, 0x00, 0x00, 0x00, 0x0A, 0x9A, 0xF1, 0xF4, 0xA3, 0x0E, 0x00, 0x00, 
0x9F, 0xC3, 0x25, 0x26, 0xCC, 0xA1, 0x00, 0x12, 0xFC, 0x37, 0x00, 0x00, 0x56, 0xF8, 0x04, 0x3D, 
0xFF, 0xF2, 0xF0, 0xF0, 0xF4, 0xFF, 0x13, 0x3D, 0xFF, 0x39, 0x20, 0x20, 0x20, 0x20, 0x03, 0x16, 
0xFE, 0x4F, 0x00, 0x00, 0x00, 0x00, 0x00, 0x00, 0xA4, 0xDE, 0x3C, 0x14, 0x34, 0x59, 0x00, 0x00, 
0x09, 0x91, 0xEC, 0xFD, 0xE2, 0x79, 0x00, 0x00, 0x00, 0x28, 0xF3, 0xDA, 0x0D, 0x00, 0x00, 0x00, 
0x16, 0xD4, 0x53, 0x81, 0xB8, 0x07, 0x00, 0x00, 0x15, 0x1A, 0x00, 0x00, 0x25, 0x0D, 0x00, 0x00, 
0x0A, 0x9A, 0xF1, 0xF4, 0xA3, 0x0E, 0x00, 0x00, 0x9F, 0xC3, 0x25, 0x26, 0xCC, 0xA1, 0x00, 0x12, 
0xFC, 0x37, 0x00, 0x00, 0x56, 0xF8, 0x04, 0x3D, 0xFF, 0xF2, 0xF0, 0xF0, 0xF4, 0xFF, 0x13, 0x3D, 
0xFF, 0x39, 0x20, 0x20, 0x20, 0x20, 0x03, 0x16, 0xFE, 0x4F, 0x00, 0x00, 0x00, 0x00, 0x00, 0x00, 
0xA4, 0xDE, 0x3C, 0x14, 0x34, 0x59, 0x00, 0x00, 0x09, 0x91, 0xEC, 0xFD, 0xE2, 0x79, 0x00, 0x00, 
0x29, 0xEB, 0x07, 0x29, 0xEB, 0x07, 0x00, 0x00, 0x00, 0x06, 0x00, 0x00, 0x06, 0x00, 0x00, 0x00, 
0x0A, 0x9A, 0xF1, 0xF4, 0xA3, 0x0E, 0x00, 0x00, 0x9F, 0xC3, 0x25, 0x26, 0xCC, 0xA1, 0x00, 0x12, 
0xFC, 0x37, 0x00, 0x00, 0x56, 0xF8, 0x04, 0x3D, 0xFF, 0xF2, 0xF0, 0xF0, 0xF4, 0xFF, 0x13, 0x3D, 
0xFF, 0x39, 0x20, 0x20, 0x20, 0x20, 0x03, 0x15, 0xFE, 0x4F, 0x00, 0x00, 0x00, 0x00, 0x00, 0x00, 
0xA2, 0xDF, 0x3F, 0x14, 0x30, 0x5F, 0x00, 0x00, 0x08, 0x8F, 0xE8, 0xFD, 0xE4, 0x83, 0x00, 0x67, 
0xF8, 0x29, 0x00, 0x00, 0x64, 0xCF, 0x0C, 0x00, 0x00, 0x11, 0x06, 0x00, 0x44, 0xFF, 0x14, 0x00, 
0x44, 0xFF, 0x14, 0x00, 0x44, 0xFF, 0x14, 0x00, 0x44, 0xFF, 0x14, 0x00, 0x44, 0xFF, 0x14, 0x00, 
0x44, 0xFF, 0x14, 0x00, 0x44, 0xFF, 0x14, 0x00, 0x44, 0xFF, 0x14, 0x00, 0x3D, 0xFB, 0x51, 0x16, 
0xD7, 0x4F, 0x00, 0x08, 0x0E, 0x00, 0x00, 0x44, 0xFF, 0x14, 0x00, 0x44, 0xFF, 0x14, 0x00, 0x44, 
0xFF, 0x14, 0x00, 0x44, 0xFF, 0x14, 0x00, 0x44, 0xFF, 0x14, 0x00, 0x44, 0xFF, 0x14, 0x00, 0x44, 
0xFF, 0x14, 0x00, 0x44, 0xFF, 0x14, 0x00, 0x00, 0x02, 0xAD, 0xFE, 0x7A, 0x00, 0x01, 0x95, 0xA5, 
0x26, 0xC8, 0x69, 0x01, 0x16, 0x00, 0x00, 0x03, 0x15, 0x00, 0x00, 0x44, 0xFF, 0x14, 0x00, 0x00, 
0x00, 0x44, 0xFF, 0x14, 0x00, 0x00, 0x00, 0x44, 0xFF, 0x14, 0x00, 0x00, 0x00, 0x44, 0xFF, 0x14, 
0x00, 0x00, 0x00, 0x44, 0xFF, 0x14, 0x00, 0x00, 0x00, 0x44, 0xFF, 0x14, 0x00, 0x00, 0x00, 0x44, 
0xFF, 0x14, 0x00, 0x00, 0x00, 0x44, 0xFF, 0x14, 0x00, 0x29, 0xEC, 0x07, 0x77, 0xA5, 0x00, 0x06, 
0x00, 0x02, 0x04, 0x00, 0x44, 0xFF, 0x14, 0x00, 0x00, 0x44, 0xFF, 0x14, 0x00, 0x00, 0x44, 0xFF, 
0x14, 0x00, 0x00, 0x44, 0xFF, 0x14, 0x00, 0x00, 0x44, 0xFF, 0x14, 0x00, 0x00, 0x44, 0xFF, 0x14, 
0x00, 0x00, 0x44, 0xFF, 0x14, 0x00, 0x00, 0x44, 0xFF, 0x14, 0x00, 0x00, 0x54, 0xF2, 0xFD, 0xF3, 
0xEE, 0x35, 0x00, 0x00, 0x15, 0x14, 0x14, 0x1F, 0x0D, 0x00, 0x00, 0x44, 0xE6, 0x4E, 0xD9, 0xFC, 
0xD1, 0x38, 0x00, 0x44, 0xFF, 0xC0, 0x2B, 0x1D, 0xB9, 0xDB, 0x00, 0x44, 0xFF, 0x42, 0x00, 0x00, 
0x4F, 0xFF, 0x0D, 0x44, 0xFF, 0x19, 0x00, 0x00, 0x44, 0xFF, 0x14, 0x44, 0xFF, 0x14, 0x00, 0x00, 
0x44, 0xFF, 0x14, 0x44, 0xFF, 0x14, 0x00, 0x00, 0x44, 0xFF, 0x14, 0x44, 0xFF, 0x14, 0x00, 0x00, 
0x44, 0xFF, 0x14, 0x44, 0xFF, 0x14, 0x00, 0x00, 0x44, 0xFF, 0x14, 0x00, 0x00, 0x8E, 0xF5, 0x22, 
0x00, 0x00, 0x00, 0x00, 0x00, 0x00, 0x01, 0x89, 0xCB, 0x09, 0x00, 0x00, 0x00, 0x00, 0x00, 0x00, 
0x00, 0x28, 0x0C, 0x00, 0x00, 0x00, 0x00, 0x06, 0x88, 0xE5, 0xFC, 0xD9, 0x64, 0x00, 0x00, 0x00, 
0x9C, 0xDE, 0x3B, 0x16, 0x52, 0xF3, 0x64, 0x00, 0x13, 0xFD, 0x53, 0x00, 0x00, 0x00, 0x81, 0xDE, 
0x00, 0x3D, 0xFF, 0x1C, 0x00, 0x00, 0x00, 0x4B, 0xFF, 0x0D, 0x3D, 0xFF, 0x1F, 0x00, 0x00, 0x00, 
0x4F, 0xFF, 0x0A, 0x11, 0xFB, 0x55, 0x00, 0x00, 0x00, 0x86, 0xDE, 0x00, 0x00, 0x91, 0xDE, 0x3D, 
0x15, 0x56, 0xF4, 0x6A, 0x00, 0x00, 0x05, 0x84, 0xE6, 0xFC, 0xDA, 0x6B, 0x00, 0x00, 0x00, 0x00, 
0x00, 0x00, 0x3D, 0xFE, 0x6E, 0x00, 0x00, 0x00, 0x00, 0x00, 0x15, 0xDE, 0x6A, 0x00, 0x00, 0x00, 
0x00, 0x00, 0x00, 0x12, 0x20, 0x00, 0x00, 0x00, 0x00, 0x00, 0x06, 0x88, 0xE5, 0xFC, 0xD9, 0x64, 
0x00, 0x00, 0x00, 0x9C, 0xDE, 0x3B, 0x16, 0x52, 0xF3, 0x64, 0x00, 0x13, 0xFD, 0x53, 0x00, 0x00, 
0x00, 0x81, 0xDE, 0x00, 0x3D, 0xFF, 0x1C, 0x00, 0x00, 0x00, 0x4B, 0xFF, 0x0D, 0x3D, 0xFF, 0x1F, 
0x00, 0x00, 0x00, 0x4F, 0xFF, 0x0A, 0x11, 0xFB, 0x55, 0x00, 0x00, 0x00, 0x86, 0xDE, 0x00, 0x00, 
0x91, 0xDE, 0x3D, 0x15, 0x56, 0xF4, 0x6A, 0x00, 0x00, 0x05, 0x84, 0xE6, 0xFC, 0xDA, 0x6B, 0x00, 
0x00, 0x00, 0x00, 0x04, 0xB6, 0xFF, 0x7F, 0x00, 0x00, 0x00, 0x00, 0x03, 0xA5, 0xA8, 0x2E, 0xD2, 
0x6F, 0x00, 0x00, 0x00, 0x09, 0x2A, 0x00, 0x00, 0x06, 0x2F, 0x00, 0x00, 0x00, 0x06, 0x88, 0xE5, 
0xFC, 0xD9, 0x64, 0x00, 0x00, 0x00, 0x9C, 0xDE, 0x3B, 0x16, 0x52, 0xF3, 0x64, 0x00, 0x13, 0xFD, 
0x53, 0x00, 0x00, 0x00, 0x81, 0xDE, 0x00, 0x3D, 0xFF, 0x1C, 0x00, 0x00, 0x00, 0x4B, 0xFF, 0x0D, 
0x3D, 0xFF, 0x1F, 0x00, 0x00, 0x00, 0x4F, 0xFF, 0x0A, 0x11, 0xFB, 0x55, 0x00, 0x00, 0x00, 0x86, 
0xDE, 0x00, 0x00, 0x91, 0xDE, 0x3D, 0x15, 0x56, 0xF4, 0x6A, 0x00, 0x00, 0x05, 0x84, 0xE6, 0xFC, 
0xDA, 0x6B, 0x00, 0x00, 0x00, 0x20, 0xD7, 0xFF, 0xF8, 0xF0, 0xD3, 0x0B, 0x00, 0x00, 0x0C, 0x19, 
0x11, 0x1A, 0x1E, 0x03, 0x00, 0x00, 0x00, 0x06, 0x88, 0xE5, 0xFC, 0xD9, 0x64, 0x00, 0x00, 0x00, 
0x9C, 0xDE, 0x3B, 0x16, 0x52, 0xF3, 0x64, 0x00, 0x13, 0xFD, 0x53, 0x00, 0x00, 0x00, 0x81, 0xDE, 
0x00, 0x3D, 0xFF, 0x1C, 0x00, 0x00, 0x00, 0x4B, 0xFF, 0x0D, 0x3D, 0xFF, 0x1F, 0x00, 0x00, 0x00, 
0x4F, 0xFF, 0x0A, 0x11, 0xFB, 0x55, 0x00, 0x00, 0x00, 0x86, 0xDE, 0x00, 0x00, 0x91, 0xDE, 0x3D, 
0x15, 0x56, 0xF4, 0x6A, 0x00, 0x00, 0x05, 0x84, 0xE6, 0xFC, 0xDA, 0x6B, 0x00, 0x00, 0x00, 0x00, 
0x29, 0xEB, 0x30, 0xEB, 0x07, 0x00, 0x00, 0x00, 0x00, 0x00, 0x06, 0x00, 0x06, 0x00, 0x00, 0x00, 
0x00, 0x06, 0x88, 0xE5, 0xFC, 0xD9, 0x64, 0x00, 0x00, 0x00, 0x9C, 0xDE, 0x3B, 0x16, 0x52, 0xF3, 
0x64, 0x00, 0x13, 0xFD, 0x53, 0x00, 0x00, 0x00, 0x81, 0xDE, 0x00, 0x3D, 0xFF, 0x1C, 0x00, 0x00, 
0x00, 0x4B, 0xFF, 0x0D, 0x3D, 0xFF, 0x1F, 0x00, 0x00, 0x00, 0x4F, 0xFF, 0x0A, 0x11, 0xFB, 0x55, 
0x00, 0x00, 0x00, 0x86, 0xDE, 0x00, 0x00, 0x91, 0xDE, 0x3D, 0x15, 0x56, 0xF4, 0x6A, 0x00, 0x00, 
0x05, 0x84, 0xE6, 0xFC, 0xDA, 0x6B, 0x00, 0x00, 0x00, 0x00, 0x22, 0xC1, 0x05, 0x00, 0x00, 0x00, 
0x00, 0x2B, 0xE7, 0x08, 0x00, 0x00, 0x00, 0x00, 0x00, 0x00, 0x00, 0x00, 0x00, 0xF0, 0xF0, 0xF0, 
0xF0, 0xF0, 0xF0, 0xF0, 0x20, 0x20, 0x20, 0x20, 0x20, 0x20, 0x20, 0x00, 0x00, 0x22, 0xC2, 0x06, 
0x00, 0x00, 0x00, 0x00, 0x2B, 0xE8, 0x08, 0x00, 0x00, 0x00, 0x00, 0x00, 0x00, 0x00, 0x00, 0x0C, 
0x0D, 0x00, 0x00, 0x07, 0x89, 0xE6, 0xFC, 0xD9, 0xC0, 0x8F, 0x00, 0x00, 0x9A, 0xDE, 0x3B, 0x16, 
0x9D, 0xFF, 0x6C, 0x00, 0x12, 0xFC, 0x53, 0x00, 0x28, 0xEE, 0xB0, 0xD9, 0x00, 0x3B, 0xFF, 0x1C, 
0x09, 0xD3, 0x71, 0x4B, 0xFF, 0x0A, 0x3A, 0xFF, 0x1B, 0x9A, 0xB3, 0x01, 0x4F, 0xFF, 0x0D, 0x11, 
0xFB, 0xA2, 0xE4, 0x13, 0x00, 0x86, 0xDE, 0x00, 0x00, 0x9B, 0xFF, 0x72, 0x15, 0x56, 0xF4, 0x68, 
0x00, 0x00, 0xBE, 0xB9, 0xE7, 0xFC, 0xD9, 0x67, 0x00, 0x00, 0x00, 0x1F, 0x02, 0x00, 0x00, 0x00, 
0x00, 0x00, 0x00, 0x00, 0x05, 0xC5, 0xAF, 0x00, 0x00, 0x00, 0x00, 0x00, 0x00, 0x0F, 0xC1, 0x5F, 
0x00, 0x00, 0x00, 0x00, 0x00, 0x00, 0x05, 0x11, 0x00, 0x00, 0x00, 0x44, 0xFF, 0x14, 0x00, 0x00, 
0x44, 0xFF, 0x14, 0x44, 0xFF, 0x14, 0x00, 0x00, 0x44, 0xFF, 0x14, 0x44, 0xFF, 0x14, 0x00, 0x00, 
0x44, 0xFF, 0x14, 0x44, 0xFF, 0x14, 0x00, 0x00, 0x44, 0xFF, 0x14, 0x44, 0xFF, 0x14, 0x00, 0x00, 
0x49, 0xFF, 0x14, 0x3F, 0xFF, 0x1E, 0x00, 0x00, 0x6F, 0xFF, 0x14, 0x14, 0xFA, 0x91, 0x16, 0x38, 
0xDB, 0xFF, 0x14, 0x00, 0x60, 0xE3, 0xFC, 0xCC, 0x49, 0xFF, 0x14, 0x00, 0x00, 0x00, 0x01, 0xBE, 
0xBE, 0x04, 0x00, 0x00, 0x00, 0x00, 0x6C, 0xB8, 0x0B, 0x00, 0x00, 0x00, 0x00, 0x00, 0x12, 0x03, 
0x00, 0x00, 0x00, 0x44, 0xFF, 0x14, 0x00, 0x00, 0x44, 0xFF, 0x14, 0x44, 0xFF, 0x14, 0x00, 0x00, 
0x44, 0xFF, 0x14, 0x44, 0xFF, 0x14, 0x00, 0x00, 0x44, 0xFF, 0x14, 0x44, 0xFF, 0x14, 0x00, 0x00, 
0x44, 0xFF, 0x14, 0x44, 0xFF, 0x14, 0x00, 0x00, 0x49, 0xFF, 0x14, 0x3F, 0xFF, 0x1E, 0x00, 0x00, 
0x6F, 0xFF, 0x14, 0x14, 0xFA, 0x91, 0x16, 0x38, 0xDB, 0xFF, 0x14, 0x00, 0x60, 0xE3, 0xFC, 0xCC, 
0x49, 0xFF, 0x14, 0x00, 0x00, 0x26, 0xEF, 0xDE, 0x13, 0x00, 0x00, 0x00, 0x1B, 0xD1, 0x4E, 0x6F, 
0xC5, 0x0F, 0x00, 0x00, 0x0A, 0x0D, 0x00, 0x00, 0x10, 0x08, 0x00, 0x44, 0xFF, 0x14, 0x00, 0x00, 
0x44, 0xFF, 0x14, 0x44, 0xFF, 0x14, 0x00, 0x00, 0x44, 0xFF, 0x14, 0x44, 0xFF, 0x14, 0x00, 0x00, 
0x44, 0xFF, 0x14, 0x44, 0xFF, 0x14, 0x00, 0x00, 0x44, 0xFF, 0x14, 0x44, 0xFF, 0x14, 0x00, 0x00, 
0x49, 0xFF, 0x14, 0x3F, 0xFF, 0x1E, 0x00, 0x00, 0x6F, 0xFF, 0x14, 0x14, 0xFA, 0x91, 0x16, 0x38, 
0xDB, 0xFF, 0x14, 0x00, 0x60, 0xE3, 0xFC, 0xCC, 0x49, 0xFF, 0x14, 0x00, 0x29, 0xEB, 0x07, 0x29, 
0xEB, 0x07, 0x00, 0x00, 0x00, 0x06, 0x00, 0x00, 0x06, 0x00, 0x00, 0x44, 0xFF, 0x14, 0x00, 0x00, 
0x44, 0xFF, 0x14, 0x44, 0xFF, 0x14, 0x00, 0x00, 0x44, 0xFF, 0x14, 0x44, 0xFF, 0x14, 0x00, 0x00, 
0x44, 0xFF, 0x14, 0x44, 0xFF, 0x14, 0x00, 0x00, 0x44, 0xFF, 0x14, 0x44, 0xFF, 0x14, 0x00, 0x00, 
0x49, 0xFF, 0x14, 0x3F, 0xFF, 0x1E, 0x00, 0x00, 0x6F, 0xFF, 0x14, 0x14, 0xFA, 0x91, 0x16, 0x38, 
0xDA, 0xFF, 0x14, 0x00, 0x5B, 0xE2, 0xFC, 0xD3, 0x43, 0xEE, 0x14, 0x00, 0x00, 0x00, 0x00, 0x3C, 
0xFB, 0x52, 0x00, 0x00, 0x00, 0x00, 0x00, 0x11, 0xD4, 0x53, 0x00, 0x00, 0x00, 0x00, 0x00, 0x00, 
0x07, 0x0F, 0x00, 0x00, 0x00, 0x00, 0x0A, 0xF3, 0x68, 0x00, 0x00, 0x00, 0x86, 0xE6, 0x02, 0x00, 
0xA0, 0xBE, 0x00, 0x00, 0x00, 0xD7, 0x8E, 0x00, 0x00, 0x43, 0xFD, 0x19, 0x00, 0x2A, 0xFF, 0x36, 
0x00, 0x00, 0x02, 0xE3, 0x6C, 0x00, 0x7C, 0xDD, 0x01, 0x00, 0x00, 0x00, 0x88, 0xC4, 0x00, 0xCE, 
0x84, 0x00, 0x00, 0x00, 0x00, 0x2B, 0xFE, 0x33, 0xFF, 0x2C, 0x00, 0x00, 0x00, 0x00, 0x00, 0xCD, 
0xB8, 0xD3, 0x00, 0x00, 0x00, 0x00, 0x00, 0x00, 0x70, 0xFF, 0x7B, 0x00, 0x00, 0x00, 0x00, 0x00, 
0x00, 0x37, 0xFF, 0x23, 0x00, 0x00, 0x00, 0x00, 0x00, 0x00, 0x87, 0xC7, 0x00, 0x00, 0x00, 0x00, 
0x00, 0x17, 0x41, 0xF2, 0x55, 0x00, 0x00, 0x00, 0x00, 0x00, 0xF2, 0xF3, 0x82, 0x00, 0x00, 0x00, 
0x00, 0x00, 0x00, 0x29, 0xEB, 0x07, 0x29, 0xEB, 0x07, 0x00, 0x00, 0x00, 0x06, 0x00, 0x00, 0x06, 
0x00, 0x00, 0xC0, 0xB8, 0x00, 0x00, 0x00, 0x02, 0xE6, 0x84, 0x61, 0xFC, 0x18, 0x00, 0x00, 0x40, 
0xFF, 0x28, 0x0C, 0xF6, 0x73, 0x00, 0x00, 0x98, 0xC9, 0x00, 0x00, 0xA4, 0xD0, 0x00, 0x04, 0xEC, 
0x6C, 0x00, 0x00, 0x44, 0xFF, 0x2E, 0x48, 0xFB, 0x13, 0x00, 0x00, 0x02, 0xE2, 0x89, 0x98, 0xB0, 
0x00, 0x00, 0x00, 0x00, 0x84, 0xD2, 0xE3, 0x52, 0x00, 0x00, 0x00, 0x00, 0x26, 0xFF, 0xED, 0x07, 
0x00, 0x00, 0x00, 0x00, 0x01, 0xEC, 0x97, 0x00, 0x00, 0x00, 0x00, 0x00, 0x3F, 0xFF, 0x37, 0x00, 
0x00, 0x00, 0x14, 0x25, 0xCD, 0xC0, 0x00, 0x00, 0x00, 0x00, 0xB8, 0xFC, 0xBC, 0x1B, 0x00, 0x00, 
0x00, 0x00, 0x00, 0x00, 0x00, 0x6E, 0x05, 0x00, 0x48, 0x30, 0x00, 0x00, 0x00, 0x00, 0x00, 0x91, 
0xF8, 0xF5, 0xD0, 0x16, 0x00, 0x00, 0x00, 0x00, 0x00, 0x00, 0x10, 0x18, 0x00, 0x00, 0x00, 0x00, 
0x00, 0x00, 0x00, 0x00, 0x00, 0x00, 0x00, 0x00, 0x00, 0x00, 0x00, 0x00, 0x00, 0x00, 0x9A, 0xF8, 
0x12, 0x00, 0x00, 0x00, 0x00, 0x00, 0x00, 0x0C, 0xF2, 0xDF, 0x6D, 0x00, 0x00, 0x00, 0x00, 0x00, 
0x00, 0x62, 0xE0, 0x6E, 0xD1, 0x00, 0x00, 0x00, 0x00, 0x00, 0x00, 0xC6, 0x89, 0x1A, 0xFE, 0x34, 
0x00, 0x00, 0x00, 0x00, 0x2A, 0xFF, 0x2E, 0x00, 0xBE, 0x98, 0x00, 0x00, 0x00, 0x00, 0x8E, 0xD3, 
0x00, 0x00, 0x63, 0xF2, 0x0A, 0x00, 0x00, 0x07, 0xEB, 0xFF, 0xFC, 0xFC, 0xFD, 0xFF, 0x5F, 0x00, 
0x00, 0x56, 0xFB, 0x39, 0x2C, 0x2C, 0x2C, 0xB4, 0xC3, 0x00, 0x00, 0xBA, 0xA8, 0x00, 0x00, 0x00, 
0x00, 0x43, 0xFF, 0x28, 0x20, 0xFE, 0x40, 0x00, 0x00, 0x00, 0x00, 0x01, 0xD8, 0x8B, 0x00, 0x13, 
0xD1, 0x09, 0x04, 0x9D, 0x5C, 0x00, 0x00, 0x00, 0x8D, 0xF9, 0xF9, 0xB3, 0x06, 0x00, 0x00, 0x00, 
0x00, 0x10, 0x16, 0x00, 0x00, 0x00, 0x00, 0x2B, 0xB3, 0xEE, 0xFB, 0xD0, 0x3F, 0x00, 0x00, 0x1B, 
0x68, 0x21, 0x1B, 0xA7, 0xE3, 0x01, 0x00, 0x00, 0x00, 0x00, 0x00, 0x48, 0xFF, 0x11, 0x00, 0x2D, 
0xAC, 0xDF, 0xE1, 0xE8, 0xFF, 0x14, 0x0F, 0xED, 0x94, 0x0E, 0x00, 0x45, 0xFF, 0x14, 0x3F, 0xFF, 
0x1C, 0x00, 0x00, 0x60, 0xFF, 0x14, 0x1F, 0xFE, 0x55, 0x00, 0x23, 0xD3, 0xFF, 0x14, 0x00, 0x6B, 
0xE8, 0xE4, 0xCA, 0x3C, 0xFB, 0x14, 0x00, 0x00, 0x00, 0x00, 0x9E, 0xF7, 0x12, 0x00, 0x00, 0x00, 
0x00, 0x00, 0x00, 0x00, 0x0E, 0xF4, 0xDF, 0x74, 0x00, 0x00, 0x00, 0x00, 0x00, 0x00, 0x00, 0x66, 
0xDD, 0x72, 0xDE, 0x02, 0x00, 0x00, 0x00, 0x00, 0x00, 0x00, 0xCB, 0x85, 0x1E, 0xFE, 0x4C, 0x00, 
0x00, 0x00, 0x00, 0x00, 0x2D, 0xFF, 0x2A, 0x00, 0xC2, 0xB7, 0x00, 0x00, 0x00, 0x00, 0x00, 0x93, 
0xCF, 0x00, 0x00, 0x67, 0xFE, 0x23, 0x00, 0x00, 0x00, 0x08, 0xEE, 0xFF, 0xFC, 0xFC, 0xFD, 0xFF, 
0x8D, 0x00, 0x00, 0x00, 0x5A, 0xF9, 0x37, 0x2C, 0x2C, 0x2C, 0xB1, 0xEF, 0x0A, 0x00, 0x00, 0xBE, 
0xA5, 0x00, 0x00, 0x00, 0x00, 0x33, 0xFF, 0x62, 0x00, 0x23, 0xFF, 0x3C, 0x00, 0x00, 0x00, 0x00, 
0x00, 0xBC, 0xD1, 0x00, 0x00, 0x00, 0x00, 0x00, 0x00, 0x00, 0x00, 0x00, 0x65, 0xAF, 0x00, 0x00, 
0x00, 0x00, 0x00, 0x00, 0x00, 0x00, 0x18, 0xF8, 0x32, 0x00, 0x00, 0x00, 0x00, 0x00, 0x00, 0x00, 
0x00, 0x3D, 0xFF, 0x3E, 0x0C, 0x00, 0x00, 0x00, 0x00, 0x00, 0x00, 0x00, 0x09, 0xC4, 0xFB, 0x59, 
0x00, 0x2A, 0xB1, 0xEE, 0xFB, 0xD0, 0x3F, 0x00, 0x00, 0x2A, 0x8F, 0x2B, 0x1F, 0xC3, 0xE3, 0x01, 
0x00, 0x00, 0x00, 0x00, 0x00, 0x5A, 0xFF, 0x11, 0x00, 0x00, 0x00, 0x00, 0x00, 0x45, 0xFF, 0x14, 
0x00, 0x4A, 0xBA, 0xE3, 0xEF, 0xF4, 0xFF, 0x14, 0x24, 0xFD, 0x86, 0x30, 0x21, 0x60, 0xFF, 0x14, 
0x34, 0xFF, 0x57, 0x14, 0x33, 0xB7, 0xFF, 0x14, 0x00, 0x86, 0xED, 0xFA, 0xC3, 0x45, 0xFF, 0x18, 
0x00, 0x00, 0x00, 0x00, 0x00, 0x67, 0xCE, 0x0E, 0x00, 0x00, 0x00, 0x00, 0x1A, 0xF9, 0x38, 0x00, 
0x00, 0x00, 0x00, 0x00, 0x3B, 0xFF, 0x42, 0x12, 0x00, 0x00, 0x00, 0x00, 0x06, 0xB9, 0xFC, 0x9F, 
0x00, 0x00, 0x00, 0x00, 0x00, 0x8F, 0xE6, 0x12, 0x00, 0x00, 0x00, 0x00, 0x00, 0x23, 0xEF, 0x39, 
0x00, 0x00, 0x00, 0x00, 0x00, 0x00, 0x48, 0x3C, 0x00, 0x00, 0x00, 0x00, 0x00, 0x00, 0x00, 0x00, 
0x00, 0x00, 0x00, 0x00, 0x00, 0x00, 0x25, 0xA7, 0xEB, 0xFD, 0xE8, 0xA9, 0x05, 0x00, 0x2D, 0xF1, 
0xA9, 0x2E, 0x14, 0x36, 0x60, 0x00, 0x00, 0xC2, 0xB8, 0x01, 0x00, 0x00, 0x00, 0x00, 0x00, 0x19, 
0xFF, 0x47, 0x00, 0x00, 0x00, 0x00, 0x00, 0x00, 0x3E, 0xFF, 0x1E, 0x00, 0x00, 0x00, 0x00, 0x00, 
0x00, 0x3E, 0xFF, 0x1B, 0x00, 0x00, 0x00, 0x00, 0x00, 0x00, 0x1D, 0xFF, 0x43, 0x00, 0x00, 0x00, 
0x00, 0x00, 0x00, 0x00, 0xD2, 0xAC, 0x00, 0x00, 0x00, 0x00, 0x00, 0x00, 0x00, 0x44, 0xFB, 0x9B, 
0x2C, 0x13, 0x2B, 0x43, 0x00, 0x00, 0x00, 0x3C, 0xBC, 0xF2, 0xFE, 0xE9, 0x88, 0x00, 0x00, 0x00, 
0x00, 0x00, 0xA7, 0xDB, 0x12, 0x00, 0x00, 0x00, 0x56, 0xD5, 0x1C, 0x00, 0x00, 0x00, 0x00, 0x23, 
0x0D, 0x00, 0x00, 0x00, 0x0A, 0x91, 0xE8, 0xFC, 0xDD, 0x2D, 0x00, 0xA4, 0xD8, 0x35, 0x16, 0x46, 
0x05, 0x15, 0xFE, 0x4D, 0x00, 0x00, 0x00, 0x00, 0x3D, 0xFF, 0x1B, 0x00, 0x00, 0x00, 0x00, 0x3E, 
0xFF, 0x1B, 0x00, 0x00, 0x00, 0x00, 0x17, 0xFF, 0x4C, 0x00, 0x00, 0x00, 0x00, 0x00, 0xAC, 0xD6, 
0x34, 0x14, 0x40, 0x1C, 0x00, 0x0D, 0x9A, 0xED, 0xFD, 0xDA, 0x27, 0x00, 0x00, 0x1B, 0xD7, 0x3C, 
0x28, 0xDA, 0x33, 0x00, 0x00, 0x00, 0x00, 0x43, 0xED, 0xE4, 0x61, 0x00, 0x00, 0x00, 0x00, 0x00, 
0x00, 0x5F, 0x6E, 0x00, 0x00, 0x00, 0x00, 0x00, 0x00, 0x00, 0x00, 0x00, 0x00, 0x00, 0x00, 0x00, 
0x00, 0x25, 0xA7, 0xEB, 0xFD, 0xE8, 0xA9, 0x05, 0x00, 0x2D, 0xF1, 0xA9, 0x2E, 0x14, 0x36, 0x60, 
0x00, 0x00, 0xC2, 0xB8, 0x01, 0x00, 0x00, 0x00, 0x00, 0x00, 0x19, 0xFF, 0x47, 0x00, 0x00, 0x00, 
0x00, 0x00, 0x00, 0x3E, 0xFF, 0x1E, 0x00, 0x00, 0x00, 0x00, 0x00, 0x00, 0x3E, 0xFF, 0x1B, 0x00, 
0x00, 0x00, 0x00, 0x00, 0x00, 0x1D, 0xFF, 0x43, 0x00, 0x00, 0x00, 0x00, 0x00, 0x00, 0x00, 0xD2, 
0xAC, 0x00, 0x00, 0x00, 0x00, 0x00, 0x00, 0x00, 0x44, 0xFB, 0x9B, 0x2C, 0x13, 0x2B, 0x43, 0x00, 
0x00, 0x00, 0x3C, 0xBC, 0xF2, 0xFE, 0xE9, 0x88, 0x00, 0x00, 0x2E, 0xD2, 0x3B, 0x3E, 0xD6, 0x2F, 
0x00, 0x00, 0x3C, 0xF0, 0xF1, 0x38, 0x00, 0x00, 0x00, 0x00, 0x25, 0x23, 0x00, 0x00, 0x00, 0x0A, 
0x91, 0xE8, 0xFC, 0xDD, 0x2D, 0x00, 0xA4, 0xD8, 0x35, 0x16, 0x46, 0x05, 0x15, 0xFE, 0x4D, 0x00, 
0x00, 0x00, 0x00, 0x3D, 0xFF, 0x1B, 0x00, 0x00, 0x00, 0x00, 0x3E, 0xFF, 0x1B, 0x00, 0x00, 0x00, 
0x00, 0x17, 0xFF, 0x4C, 0x00, 0x00, 0x00, 0x00, 0x00, 0xAC, 0xD6, 0x34, 0x14, 0x40, 0x1C, 0x00, 
0x0D, 0x9A, 0xED, 0xFD, 0xDA, 0x27, 0x00, 0x00, 0xAB, 0x9E, 0x04, 0x71, 0xD1, 0x0F, 0x00, 0x00, 
0x00, 0x00, 0x09, 0xCA, 0xCF, 0xE8, 0x1E, 0x00, 0x00, 0x00, 0x00, 0x00, 0x00, 0x22, 0x80, 0x3C, 
0x00, 0x00, 0x00, 0x00, 0x00, 0x00, 0x00, 0x00, 0x00, 0x00, 0x00, 0x00, 0x00, 0x00, 0x44, 0xFF, 
0xFF, 0xFF, 0xF8, 0xD3, 0x7F, 0x0D, 0x00, 0x00, 0x44, 0xFF, 0x23, 0x10, 0x1D, 0x56, 0xD3, 0xD4, 
0x12, 0x00, 0x44, 0xFF, 0x14, 0x00, 0x00, 0x00, 0x0D, 0xDD, 0x95, 0x00, 0x44, 0xFF, 0x14, 0x00, 
0x00, 0x00, 0x00, 0x74, 0xEC, 0x00, 0x44, 0xFF, 0x14, 0x00, 0x00, 0x00, 0x00, 0x4B, 0xFF, 0x0E, 
0x44, 0xFF, 0x14, 0x00, 0x00, 0x00, 0x00, 0x4C, 0xFF, 0x0B, 0x44, 0xFF, 0x14, 0x00, 0x00, 0x00, 
0x00, 0x7C, 0xE2, 0x00, 0x44, 0xFF, 0x14, 0x00, 0x00, 0x00, 0x14, 0xE5, 0x83, 0x00, 0x44, 0xFF, 
0x23, 0x11, 0x23, 0x62, 0xDD, 0xC3, 0x09, 0x00, 0x44, 0xFF, 0xFF, 0xFF, 0xF3, 0xC9, 0x6E, 0x06, 
0x00, 0x00, 0x00, 0x00, 0x00, 0x00, 0x00, 0x44, 0xFF, 0x14, 0xB7, 0x7F, 0x00, 0x00, 0x00, 0x00, 
0x00, 0x44, 0xFF, 0x17, 0xE0, 0x14, 0x00, 0x00, 0x00, 0x00, 0x00, 0x44, 0xFF, 0x18, 0x1B, 0x00, 
0x00, 0x1E, 0xC0, 0xFB, 0xD4, 0x72, 0xFF, 0x14, 0x00, 0x00, 0x00, 0xBF, 0xC9, 0x23, 0x31, 0xD7, 
0xFF, 0x14, 0x00, 0x00, 0x1B, 0xFF, 0x49, 0x00, 0x00, 0x72, 0xFF, 0x14, 0x00, 0x00, 0x3E, 0xFF, 
0x1B, 0x00, 0x00, 0x4B, 0xFF, 0x14, 0x00, 0x00, 0x3E, 0xFF, 0x1B, 0x00, 0x00, 0x47, 0xFF, 0x14, 
0x00, 0x00, 0x1D, 0xFF, 0x44, 0x00, 0x00, 0x67, 0xFF, 0x14, 0x00, 0x00, 0x00, 0xC3, 0xC5, 0x22, 
0x2E, 0xD0, 0xFF, 0x14, 0x00, 0x00, 0x00, 0x1F, 0xBF, 0xFB, 0xD5, 0x4B, 0xFF, 0x14, 0x00, 0x00, 
0x44, 0xFF, 0xFF, 0xFF, 0xF8, 0xCF, 0x7A, 0x0B, 0x00, 0x00, 0x44, 0xFF, 0x23, 0x11, 0x20, 0x5B, 
0xD6, 0xCF, 0x0F, 0x00, 0x44, 0xFF, 0x14, 0x00, 0x00, 0x00, 0x0E, 0xDD, 0x91, 0x00, 0x44, 0xFF, 
0x14, 0x00, 0x00, 0x00, 0x00, 0x73, 0xEB, 0x00, 0xF4, 0xFF, 0xF1, 0xF0, 0xF0, 0x00, 0x00, 0x4A, 
0xFF, 0x0E, 0x5C, 0xFF, 0x32, 0x20, 0x20, 0x00, 0x00, 0x4D, 0xFF, 0x0B, 0x44, 0xFF, 0x14, 0x00, 
0x00, 0x00, 0x00, 0x7D, 0xE2, 0x00, 0x44, 0xFF, 0x14, 0x00, 0x00, 0x00, 0x16, 0xE7, 0x83, 0x00, 
0x44, 0xFF, 0x23, 0x11, 0x25, 0x65, 0xE0, 0xC1, 0x09, 0x00, 0x44, 0xFF, 0xFF, 0xFF, 0xF1, 0xC4, 
0x6B, 0x05, 0x00, 0x00, 0x00, 0x00, 0x00, 0x00, 0x00, 0x44, 0xFF, 0x14, 0x00, 0x00, 0x00, 0x00, 
0xDA, 0xF0, 0xF4, 0xFF, 0xF1, 0x22, 0x00, 0x00, 0x00, 0x1D, 0x20, 0x5C, 0xFF, 0x32, 0x05, 0x00, 
0x1E, 0xBE, 0xFB, 0xD6, 0x74, 0xFF, 0x14, 0x00, 0x00, 0xC5, 0xC5, 0x23, 0x30, 0xD6, 0xFF, 0x14, 
0x00, 0x1E, 0xFF, 0x46, 0x00, 0x00, 0x6E, 0xFF, 0x14, 0x00, 0x3E, 0xFF, 0x1B, 0x00, 0x00, 0x4A, 
0xFF, 0x14, 0x00, 0x3E, 0xFF, 0x1A, 0x00, 0x00, 0x47, 0xFF, 0x14, 0x00, 0x1D, 0xFF, 0x43, 0x00, 
0x00, 0x67, 0xFF, 0x14, 0x00, 0x00, 0xC5, 0xC4, 0x22, 0x2D, 0xD1, 0xFF, 0x14, 0x00, 0x00, 0x20, 
0xC1, 0xFB, 0xD4, 0x4C, 0xFF, 0x14, 0x00, 0x44, 0xFF, 0xFF, 0xFF, 0xFF, 0xFF, 0x2C, 0x44, 0xFF, 
0x23, 0x10, 0x10, 0x10, 0x03, 0x44, 0xFF, 0x14, 0x00, 0x00, 0x00, 0x00, 0x44, 0xFF, 0x14, 0x00, 
0x00, 0x00, 0x00, 0x44, 0xFF, 0x14, 0x00, 0x00, 0x00, 0x00, 0x44, 0xFF, 0xF1, 0xF0, 0xF0, 0xDD, 
0x00, 0x44, 0xFF, 0x32, 0x20, 0x20, 0x1E, 0x00, 0x44, 0xFF, 0x14, 0x00, 0x00, 0x00, 0x00, 0x44, 
0xFF, 0x23, 0x10, 0x10, 0x10, 0x03, 0x44, 0xFF, 0xFF, 0xFF, 0xFF, 0xFF, 0x2C, 0x00, 0x00, 0x00, 
0x00, 0x68, 0xAF, 0x00, 0x00, 0x00, 0x00, 0x19, 0xF9, 0x32, 0x00, 0x00, 0x00, 0x00, 0x3D, 0xFF, 
0x3E, 0x0C, 0x00, 0x00, 0x00, 0x09, 0xC6, 0xFB, 0x59, 0x00, 0x0A, 0x9A, 0xF1, 0xF1, 0x8D, 0x03, 
0x00, 0x00, 0x9F, 0xE1, 0x30, 0x30, 0xE5, 0x75, 0x00, 0x12, 0xFC, 0x64, 0x00, 0x00, 0x7A, 0xDC, 
0x00, 0x3D, 0xFF, 0x29, 0x00, 0x00, 0x4E, 0xFF, 0x0A, 0x3D, 0xFF, 0xF2, 0xF0, 0xF0, 0xF4, 0xFF, 
0x14, 0x16, 0xFE, 0x40, 0x20, 0x20, 0x20, 0x20, 0x03, 0x00, 0xA4, 0xB6, 0x2D, 0x13, 0x26, 0x3D, 
0x00, 0x00, 0x09, 0x91, 0xEC, 0xFE, 0xFF, 0x97, 0x00, 0x00, 0x00, 0x00, 0x00, 0x86, 0xB8, 0x04, 
0x00, 0x00, 0x00, 0x00, 0x1D, 0xFD, 0x30, 0x00, 0x00, 0x00, 0x00, 0x00, 0x3C, 0xFF, 0x41, 0x11, 
0x00, 0x00, 0x00, 0x00, 0x06, 0xBD, 0xFC, 0x87, 0x00, 0x00, 0x7B, 0xB6, 0x09, 0x6D, 0xCA, 0x08, 
0x00, 0x01, 0xAE, 0xD4, 0xE8, 0x1B, 0x00, 0x00, 0x00, 0x14, 0x80, 0x3E, 0x00, 0x00, 0x00, 0x00, 
0x00, 0x00, 0x00, 0x00, 0x00, 0x44, 0xFF, 0xFF, 0xFF, 0xFF, 0xFF, 0x60, 0x44, 0xFF, 0x23, 0x10, 
0x10, 0x10, 0x06, 0x44, 0xFF, 0x14, 0x00, 0x00, 0x00, 0x00, 0x44, 0xFF, 0x14, 0x00, 0x00, 0x00, 
0x00, 0x44, 0xFF, 0xF1, 0xF0, 0xF0, 0xF0, 0x1E, 0x44, 0xFF, 0x32, 0x20, 0x20, 0x20, 0x04, 0x44, 
0xFF, 0x14, 0x00, 0x00, 0x00, 0x00, 0x44, 0xFF, 0x14, 0x00, 0x00, 0x00, 0x00, 0x44, 0xFF, 0x23, 
0x10, 0x10, 0x10, 0x06, 0x44, 0xFF, 0xFF, 0xFF, 0xFF, 0xFF, 0x60, 0x00, 0x2D, 0xD1, 0x31, 0x52, 
0xCD, 0x14, 0x00, 0x00, 0x00, 0x43, 0xEE, 0xE9, 0x20, 0x00, 0x00, 0x00, 0x00, 0x00, 0x27, 0x1D, 
0x00, 0x00, 0x00, 0x00, 0x0A, 0x9A, 0xF1, 0xF4, 0xA3, 0x0E, 0x00, 0x00, 0x9F, 0xC3, 0x25, 0x26, 
0xCC, 0xA3, 0x00, 0x12, 0xFC, 0x38, 0x00, 0x00, 0x57, 0xF8, 0x04, 0x3D, 0xFF, 0xEE, 0xEC, 0xEC, 
0xF1, 0xFF, 0x13, 0x3D, 0xFF, 0x35, 0x1C, 0x1C, 0x1C, 0x1C, 0x02, 0x16, 0xFE, 0x4F, 0x00, 0x00, 
0x00, 0x00, 0x00, 0x00, 0xA4, 0xDE, 0x3C, 0x14, 0x34, 0x59, 0x00, 0x00, 0x09, 0x91, 0xEC, 0xFD, 
0xE2, 0x79, 0x00, 0x44, 0xFF, 0x14, 0x44, 0xFF, 0x14, 0x44, 0xFF, 0x14, 0x44, 0xFF, 0x14, 0x44, 
0xFF, 0x14, 0x44, 0xFF, 0x14, 0x44, 0xFF, 0x14, 0x44, 0xFF, 0x14, 0x00, 0x3C, 0xFF, 0x55, 0x00, 
0x00, 0x00, 0x03, 0xCC, 0x81, 0x00, 0x00, 0x00, 0x00, 0x22, 0x63, 0x00, 0x00, 0x00, 0x00, 0x00, 
0x00, 0x00, 0x00, 0x00, 0x00, 0x00, 0x00, 0x44, 0xFF, 0x14, 0x00, 0x00, 0x00, 0x00, 0x44, 0xFF, 
0x14, 0x00, 0x00, 0x00, 0x00, 0x44, 0xFF, 0x14, 0x00, 0x00, 0x00, 0x00, 0x44, 0xFF, 0x14, 0x00, 
0x00, 0x00, 0x00, 0x44, 0xFF, 0x14, 0x00, 0x00, 0x00, 0x00, 0x44, 0xFF, 0x14, 0x00, 0x00, 0x00, 
0x00, 0x44, 0xFF, 0x14, 0x00, 0x00, 0x00, 0x00, 0x44, 0xFF, 0x14, 0x00, 0x00, 0x00, 0x00, 0x44, 
0xFF, 0x3D, 0x2C, 0x2C, 0x2C, 0x14, 0x44, 0xFF, 0xFF, 0xFF, 0xFF, 0xFF, 0x74, 0x00, 0x08, 0x7E, 
0x47, 0x00, 0x79, 0xE4, 0x1A, 0x24, 0xDE, 0x2A, 0x00, 0x00, 0x00, 0x00, 0x00, 0x44, 0xFF, 0x14, 
0x00, 0x44, 0xFF, 0x14, 0x00, 0x44, 0xFF, 0x14, 0x00, 0x44, 0xFF, 0x14, 0x00, 0x44, 0xFF, 0x14, 
0x00, 0x44, 0xFF, 0x14, 0x00, 0x44, 0xFF, 0x14, 0x00, 0x44, 0xFF, 0x14, 0x00, 0x44, 0xFF, 0x14, 
0x00, 0x44, 0xFF, 0x14, 0x00, 0x44, 0xFF, 0x14, 0x00, 0x44, 0xFF, 0x14, 0x00, 0x00, 0xC3, 0x77, 
0x44, 0xFF, 0x14, 0x00, 0x07, 0xE2, 0x10, 0x44, 0xFF, 0x14, 0x00, 0x06, 0x19, 0x00, 0x44, 0xFF, 
0x14, 0x00, 0x00, 0x00, 0x00, 0x44, 0xFF, 0x14, 0x00, 0x00, 0x00, 0x00, 0x44, 0xFF, 0x14, 0x00, 
0x00, 0x00, 0x00, 0x44, 0xFF, 0x14, 0x00, 0x00, 0x00, 0x00, 0x44, 0xFF, 0x14, 0x00, 0x00, 0x00, 
0x00, 0x44, 0xFF, 0x3D, 0x2C, 0x2C, 0x2C, 0x14, 0x44, 0xFF, 0xFF, 0xFF, 0xFF, 0xFF, 0x74, 0x44, 
0xFF, 0x17, 0xF4, 0x3F, 0x44, 0xFF, 0x46, 0xC5, 0x00, 0x44, 0xFF, 0x22, 0x11, 0x00, 0x44, 0xFF, 
0x14, 0x00, 0x00, 0x44, 0xFF, 0x14, 0x00, 0x00, 0x44, 0xFF, 0x14, 0x00, 0x00, 0x44, 0xFF, 0x14, 
0x00, 0x00, 0x44, 0xFF, 0x14, 0x00, 0x00, 0x44, 0xFF, 0x14, 0x00, 0x00, 0x44, 0xFF, 0x14, 0x00, 
0x00, 0x44, 0xFF, 0x14, 0x00, 0x00, 0x00, 0x44, 0xFF, 0x14, 0x00, 0x00, 0x00, 0x00, 0x00, 0x44, 
0xFF, 0x14, 0x00, 0x00, 0x00, 0x00, 0x00, 0x44, 0xFF, 0x14, 0x00, 0x00, 0x00, 0x00, 0x00, 0x44, 
0xFF, 0x14, 0x3C, 0x0D, 0x00, 0x00, 0x00, 0x44, 0xFF, 0xAF, 0xE3, 0x32, 0x00, 0x00, 0x09, 0x92, 
0xFF, 0x89, 0x0C, 0x00, 0x00, 0x00, 0x2E, 0xC9, 0xFF, 0x14, 0x00, 0x00, 0x00, 0x00, 0x00, 0x44, 
0xFF, 0x14, 0x00, 0x00, 0x00, 0x00, 0x00, 0x44, 0xFF, 0x3D, 0x2C, 0x2C, 0x2C, 0x14, 0x00, 0x44, 
0xFF, 0xFF, 0xFF, 0xFF, 0xFF, 0x74, 0x00, 0x44, 0xFF, 0x14, 0x00, 0x00, 0x44, 0xFF, 0x14, 0x00, 
0x00, 0x44, 0xFF, 0x14, 0x00, 0x00, 0x44, 0xFF, 0x14, 0x00, 0x00, 0x44, 0xFF, 0x87, 0x27, 0x00, 
0x59, 0xFF, 0xBF, 0x1C, 0x42, 0xF8, 0xFF, 0x14, 0x00, 0x07, 0x5C, 0xFF, 0x14, 0x00, 0x00, 0x44, 
0xFF, 0x14, 0x00, 0x00, 0x44, 0xFF, 0x14, 0x00, 0x00, 0x44, 0xFF, 0x14, 0x00, 0x00, 0x00, 0x00, 
0x00, 0x00, 0xB4, 0xD2, 0x06, 0x00, 0x00, 0x00, 0x00, 0x00, 0x00, 0x45, 0xE7, 0x21, 0x00, 0x00, 
0x00, 0x00, 0x00, 0x00, 0x00, 0x5E, 0x28, 0x00, 0x00, 0x00, 0x00, 0x00, 0x00, 0x00, 0x00, 0x00, 
0x00, 0x00, 0x00, 0x00, 0x00, 0x44, 0xFF, 0xC4, 0x01, 0x00, 0x00, 0x00, 0x44, 0xFF, 0x14, 0x44, 
0xFF, 0xD3, 0x5E, 0x00, 0x00, 0x00, 0x44, 0xFF, 0x14, 0x44, 0xFF, 0x41, 0xE5, 0x10, 0x00, 0x00, 
0x44, 0xFF, 0x14, 0x44, 0xFF, 0x14, 0x8F, 0x93, 0x00, 0x00, 0x44, 0xFF, 0x14, 0x44, 0xFF, 0x14, 
0x0E, 0xE4, 0x31, 0x00, 0x44, 0xFF, 0x14, 0x44, 0xFF, 0x14, 0x00, 0x5A, 0xC6, 0x01, 0x44, 0xFF, 
0x14, 0x44, 0xFF, 0x14, 0x00, 0x01, 0xBF, 0x62, 0x44, 0xFF, 0x14, 0x44, 0xFF, 0x14, 0x00, 0x00, 
0x2B, 0xE5, 0x55, 0xFF, 0x14, 0x44, 0xFF, 0x14, 0x00, 0x00, 0x00, 0x8B, 0xD4, 0xFF, 0x14, 0x44, 
0xFF, 0x14, 0x00, 0x00, 0x00, 0x0D, 0xE4, 0xFF, 0x14, 0x00, 0x00, 0x00, 0x02, 0xC7, 0xB6, 0x01, 
0x00, 0x00, 0x00, 0x00, 0x6E, 0xBC, 0x0B, 0x00, 0x00, 0x00, 0x00, 0x00, 0x26, 0x06, 0x00, 0x00, 
0x00, 0x44, 0xE6, 0x4E, 0xD9, 0xFC, 0xD1, 0x38, 0x00, 0x44, 0xFF, 0xC0, 0x2B, 0x1D, 0xB9, 0xDB, 
0x00, 0x44, 0xFF, 0x42, 0x00, 0x00, 0x4F, 0xFF, 0x0D, 0x44, 0xFF, 0x19, 0x00, 0x00, 0x44, 0xFF, 
0x14, 0x44, 0xFF, 0x14, 0x00, 0x00, 0x44, 0xFF, 0x14, 0x44, 0xFF, 0x14, 0x00, 0x00, 0x44, 0xFF, 
0x14, 0x44, 0xFF, 0x14, 0x00, 0x00, 0x44, 0xFF, 0x14, 0x44, 0xFF, 0x14, 0x00, 0x00, 0x44, 0xFF, 
0x14, 0x00, 0x00, 0x40, 0xD5, 0x21, 0x40, 0xDC, 0x21, 0x00, 0x00, 0x00, 0x00, 0x00, 0x6F, 0xDF, 
0xF0, 0x42, 0x00, 0x00, 0x00, 0x00, 0x00, 0x00, 0x01, 0x73, 0x5C, 0x00, 0x00, 0x00, 0x00, 0x00, 
0x00, 0x00, 0x00, 0x00, 0x00, 0x00, 0x00, 0x00, 0x00, 0x44, 0xFF, 0xC4, 0x01, 0x00, 0x00, 0x00, 
0x44, 0xFF, 0x14, 0x44, 0xFF, 0xD3, 0x5E, 0x00, 0x00, 0x00, 0x44, 0xFF, 0x14, 0x44, 0xFF, 0x41, 
0xE5, 0x10, 0x00, 0x00, 0x44, 0xFF, 0x14, 0x44, 0xFF, 0x14, 0x8F, 0x93, 0x00, 0x00, 0x44, 0xFF, 
0x14, 0x44, 0xFF, 0x14, 0x0E, 0xE4, 0x31, 0x00, 0x44, 0xFF, 0x14, 0x44, 0xFF, 0x14, 0x00, 0x5A, 
0xC6, 0x01, 0x44, 0xFF, 0x14, 0x44, 0xFF, 0x14, 0x00, 0x01, 0xBF, 0x62, 0x44, 0xFF, 0x14, 0x44, 
0xFF, 0x14, 0x00, 0x00, 0x2B, 0xE5, 0x55, 0xFF, 0x14, 0x44, 0xFF, 0x14, 0x00, 0x00, 0x00, 0x8B, 
0xD4, 0xFF, 0x14, 0x44, 0xFF, 0x14, 0x00, 0x00, 0x00, 0x0D, 0xE4, 0xFF, 0x14, 0x00, 0x34, 0xD3, 
0x2D, 0x5A, 0xCC, 0x13, 0x00, 0x00, 0x00, 0x4A, 0xEF, 0xE4, 0x1C, 0x00, 0x00, 0x00, 0x00, 0x00, 
0x28, 0x1B, 0x00, 0x00, 0x00, 0x44, 0xE6, 0x4E, 0xD9, 0xFC, 0xD1, 0x38, 0x00, 0x44, 0xFF, 0xC0, 
0x2B, 0x1D, 0xB9, 0xDB, 0x00, 0x44, 0xFF, 0x42, 0x00, 0x00, 0x4F, 0xFF, 0x0D, 0x44, 0xFF, 0x19, 
0x00, 0x00, 0x44, 0xFF, 0x14, 0x44, 0xFF, 0x14, 0x00, 0x00, 0x44, 0xFF, 0x14, 0x44, 0xFF, 0x14, 
0x00, 0x00, 0x44, 0xFF, 0x14, 0x44, 0xFF, 0x14, 0x00, 0x00, 0x44, 0xFF, 0x14, 0x44, 0xFF, 0x14, 
0x00, 0x00, 0x44, 0xFF, 0x14, 0x00, 0x00, 0x00, 0x42, 0xF8, 0x37, 0xAF, 0xC1, 0x02, 0x00, 0x00, 
0x00, 0x00, 0x09, 0xD0, 0x4C, 0x4E, 0xC6, 0x0F, 0x00, 0x00, 0x00, 0x00, 0x00, 0x09, 0x19, 0x00, 
0x1A, 0x07, 0x00, 0x00, 0x00, 0x00, 0x00, 0x00, 0x00, 0x00, 0x00, 0x00, 0x00, 0x00, 0x00, 0x00, 
0x00, 0x00, 0x00, 0x30, 0xAF, 0xED, 0xFC, 0xE5, 0x9B, 0x19, 0x00, 0x00, 0x00, 0x3A, 0xF7, 0x94, 
0x2C, 0x13, 0x33, 0xB0, 0xE3, 0x1A, 0x00, 0x00, 0xCC, 0xA3, 0x00, 0x00, 0x00, 0x00, 0x04, 0xD2, 
0x99, 0x00, 0x1D, 0xFF, 0x40, 0x00, 0x00, 0x00, 0x00, 0x00, 0x72, 0xEA, 0x00, 0x3E, 0xFF, 0x1A, 
0x00, 0x00, 0x00, 0x00, 0x00, 0x4A, 0xFF, 0x0E, 0x3E, 0xFF, 0x1B, 0x00, 0x00, 0x00, 0x00, 0x00, 
0x4B, 0xFF, 0x0D, 0x1D, 0xFF, 0x42, 0x00, 0x00, 0x00, 0x00, 0x00, 0x72, 0xE9, 0x00, 0x00, 0xCD, 
0xA4, 0x00, 0x00, 0x00, 0x00, 0x04, 0xD1, 0x96, 0x00, 0x00, 0x3C, 0xF8, 0x93, 0x2C, 0x14, 0x36, 
0xB3, 0xE3, 0x17, 0x00, 0x00, 0x00, 0x32, 0xB0, 0xEF, 0xFE, 0xE5, 0x9B, 0x1A, 0x00, 0x00, 0x00, 
0x00, 0x54, 0xF7, 0x37, 0xAA, 0xCB, 0x07, 0x00, 0x00, 0x13, 0xD5, 0x41, 0x53, 0xC9, 0x12, 0x00, 
0x00, 0x00, 0x0E, 0x14, 0x00, 0x1C, 0x08, 0x00, 0x00, 0x00, 0x00, 0x06, 0x88, 0xE5, 0xFC, 0xD9, 
0x64, 0x00, 0x00, 0x00, 0x9C, 0xDE, 0x3B, 0x16, 0x52, 0xF3, 0x64, 0x00, 0x13, 0xFD, 0x53, 0x00, 
0x00, 0x00, 0x81, 0xDE, 0x00, 0x3D, 0xFF, 0x1C, 0x00, 0x00, 0x00, 0x4B, 0xFF, 0x0D, 0x3D, 0xFF, 
0x1F, 0x00, 0x00, 0x00, 0x4F, 0xFF, 0x0A, 0x11, 0xFB, 0x55, 0x00, 0x00, 0x00, 0x86, 0xDE, 0x00, 
0x00, 0x91, 0xDE, 0x3D, 0x15, 0x56, 0xF4, 0x6A, 0x00, 0x00, 0x05, 0x84, 0xE6, 0xFC, 0xDA, 0x6B, 
0x00, 0x00, 0x00, 0x00, 0x3A, 0xBA, 0xF2, 0xFF, 0xFF, 0xFF, 0xFF, 0xFF, 0xFF, 0xFF, 0x3C, 0x00, 
0x41, 0xFB, 0x93, 0x28, 0x12, 0x56, 0xFF, 0x23, 0x10, 0x10, 0x10, 0x04, 0x00, 0xD2, 0xA3, 0x00, 
0x00, 0x00, 0x44, 0xFF, 0x14, 0x00, 0x00, 0x00, 0x00, 0x1E, 0xFF, 0x40, 0x00, 0x00, 0x00, 0x44, 
0xFF, 0x14, 0x00, 0x00, 0x00, 0x00, 0x3E, 0xFF, 0x1A, 0x00, 0x00, 0x00, 0x44, 0xFF, 0xF1, 0xF0, 
0xF0, 0xE5, 0x00, 0x3E, 0xFF, 0x1B, 0x00, 0x00, 0x00, 0x44, 0xFF, 0x32, 0x20, 0x20, 0x1F, 0x00, 
0x1C, 0xFF, 0x42, 0x00, 0x00, 0x00, 0x44, 0xFF, 0x14, 0x00, 0x00, 0x00, 0x00, 0x00, 0xCD, 0xA3, 
0x00, 0x00, 0x00, 0x44, 0xFF, 0x14, 0x00, 0x00, 0x00, 0x00, 0x00, 0x3E, 0xF9, 0x91, 0x29, 0x13, 
0x59, 0xFF, 0x23, 0x10, 0x10, 0x10, 0x04, 0x00, 0x00, 0x36, 0xB5, 0xF1, 0xFF, 0xFF, 0xFF, 0xFF, 
0xFF, 0xFF, 0xFF, 0x3C, 0x00, 0x05, 0x83, 0xE3, 0xFE, 0xDC, 0x67, 0x06, 0x95, 0xF1, 0xF5, 0xA1, 
0x0E, 0x00, 0x00, 0x98, 0xD6, 0x37, 0x14, 0x4E, 0xF1, 0xCD, 0xB2, 0x21, 0x29, 0xCC, 0xA1, 0x00, 
0x13, 0xFC, 0x4C, 0x00, 0x00, 0x00, 0x7E, 0xFF, 0x28, 0x00, 0x00, 0x56, 0xF8, 0x04, 0x3D, 0xFF, 
0x1B, 0x00, 0x00, 0x00, 0x4B, 0xFF, 0xF1, 0xF0, 0xF0, 0xF4, 0xFF, 0x13, 0x3C, 0xFF, 0x1B, 0x00, 
0x00, 0x00, 0x4B, 0xFF, 0x38, 0x20, 0x20, 0x20, 0x20, 0x03, 0x11, 0xFB, 0x4D, 0x00, 0x00, 0x00, 
0x7C, 0xFF, 0x48, 0x00, 0x00, 0x00, 0x00, 0x00, 0x00, 0x8E, 0xD9, 0x39, 0x14, 0x4B, 0xEE, 0xBF, 
0xD5, 0x36, 0x14, 0x32, 0x58, 0x00, 0x00, 0x03, 0x7F, 0xE4, 0xFC, 0xDA, 0x63, 0x02, 0x7F, 0xE7, 
0xFC, 0xE2, 0x79, 0x00, 0x00, 0x00, 0x00, 0x05, 0xDC, 0xA5, 0x00, 0x00, 0x00, 0x00, 0x00, 0x6F, 
0xCD, 0x0C, 0x00, 0x00, 0x00, 0x00, 0x00, 0x70, 0x15, 0x00, 0x00, 0x00, 0x00, 0x00, 0x00, 0x00, 
0x00, 0x00, 0x00, 0x00, 0x44, 0xFF, 0xFF, 0xFF, 0xEB, 0xA7, 0x19, 0x00, 0x44, 0xFF, 0x23, 0x12, 
0x36, 0xCE, 0xC0, 0x00, 0x44, 0xFF, 0x14, 0x00, 0x00, 0x53, 0xFF, 0x0B, 0x44, 0xFF, 0x14, 0x00, 
0x00, 0x51, 0xFE, 0x0B, 0x44, 0xFF, 0x14, 0x00, 0x1A, 0xC4, 0xB1, 0x00, 0x44, 0xFF, 0xF1, 0xF1, 
0xFF, 0xA3, 0x0E, 0x00, 0x44, 0xFF, 0x32, 0x20, 0xCF, 0x97, 0x00, 0x00, 0x44, 0xFF, 0x14, 0x00, 
0x39, 0xFD, 0x3E, 0x00, 0x44, 0xFF, 0x14, 0x00, 0x00, 0x99, 0xDA, 0x08, 0x44, 0xFF, 0x14, 0x00, 
0x00, 0x12, 0xEC, 0x88, 0x00, 0x00, 0x00, 0x86, 0xE8, 0x1F, 0x00, 0x00, 0x37, 0xDF, 0x2B, 0x00, 
0x00, 0x00, 0x1C, 0x12, 0x00, 0x00, 0x44, 0xE1, 0x31, 0xD2, 0xFC, 0x29, 0x44, 0xFB, 0xCE, 0x43, 
0x19, 0x04, 0x44, 0xFF, 0x57, 0x00, 0x00, 0x00, 0x44, 0xFF, 0x1B, 0x00, 0x00, 0x00, 0x44, 0xFF, 
0x14, 0x00, 0x00, 0x00, 0x44, 0xFF, 0x14, 0x00, 0x00, 0x00, 0x44, 0xFF, 0x14, 0x00, 0x00, 0x00, 
0x44, 0xFF, 0x14, 0x00, 0x00, 0x00, 0x00, 0x5C, 0xC7, 0x10, 0x62, 0xC9, 0x08, 0x00, 0x00, 0x00, 
0x95, 0xD6, 0xEB, 0x1E, 0x00, 0x00, 0x00, 0x00, 0x0A, 0x7F, 0x44, 0x00, 0x00, 0x00, 0x00, 0x00, 
0x00, 0x00, 0x00, 0x00, 0x00, 0x00, 0x44, 0xFF, 0xFF, 0xFF, 0xEB, 0xA7, 0x19, 0x00, 0x44, 0xFF, 
0x23, 0x12, 0x36, 0xCE, 0xC0, 0x00, 0x44, 0xFF, 0x14, 0x00, 0x00, 0x53, 0xFF, 0x0B, 0x44, 0xFF, 
0x14, 0x00, 0x00, 0x51, 0xFE, 0x0B, 0x44, 0xFF, 0x14, 0x00, 0x1A, 0xC4, 0xB1, 0x00, 0x44, 0xFF, 
0xF1, 0xF1, 0xFF, 0xA3, 0x0E, 0x00, 0x44, 0xFF, 0x32, 0x20, 0xCF, 0x97, 0x00, 0x00, 0x44, 0xFF, 
0x14, 0x00, 0x39, 0xFD, 0x3E, 0x00, 0x44, 0xFF, 0x14, 0x00, 0x00, 0x99, 0xDA, 0x08, 0x44, 0xFF, 
0x14, 0x00, 0x00, 0x12, 0xEC, 0x88, 0x1E, 0xD2, 0x52, 0x2A, 0xD1, 0x41, 0x00, 0x25, 0xEB, 0xF0, 
0x50, 0x00, 0x00, 0x00, 0x1E, 0x29, 0x00, 0x00, 0x44, 0xE1, 0x31, 0xD2, 0xFC, 0x29, 0x44, 0xFB, 
0xCE, 0x43, 0x19, 0x04, 0x44, 0xFF, 0x57, 0x00, 0x00, 0x00, 0x44, 0xFF, 0x1B, 0x00, 0x00, 0x00, 
0x44, 0xFF, 0x14, 0x00, 0x00, 0x00, 0x44, 0xFF, 0x14, 0x00, 0x00, 0x00, 0x44, 0xFF, 0x14, 0x00, 
0x00, 0x00, 0x44, 0xFF, 0x14, 0x00, 0x00, 0x00, 0x00, 0x00, 0x00, 0x00, 0xAA, 0xE2, 0x10, 0x00, 
0x00, 0x00, 0x00, 0x3F, 0xED, 0x2C, 0x00, 0x00, 0x00, 0x00, 0x00, 0x5B, 0x2E, 0x00, 0x00, 0x00, 
0x00, 0x00, 0x00, 0x00, 0x00, 0x00, 0x00, 0x00, 0x00, 0x39, 0xC1, 0xF7, 0xFA, 0xD9, 0x7A, 0x00, 
0x14, 0xF3, 0x92, 0x1D, 0x1B, 0x48, 0x47, 0x00, 0x40, 0xFF, 0x1C, 0x00, 0x00, 0x00, 0x00, 0x00, 
0x17, 0xF9, 0x88, 0x03, 0x00, 0x00, 0x00, 0x00, 0x00, 0x53, 0xF1, 0xDF, 0x78, 0x16, 0x00, 0x00, 
0x00, 0x00, 0x0F, 0x6A, 0xD3, 0xF4, 0x55, 0x00, 0x00, 0x00, 0x00, 0x00, 0x02, 0x99, 0xF1, 0x04, 
0x00, 0x00, 0x00, 0x00, 0x00, 0x4F, 0xFF, 0x0E, 0x29, 0x63, 0x28, 0x14, 0x30, 0xC7, 0xC0, 0x00, 
0x28, 0xC8, 0xF1, 0xFE, 0xE9, 0x9B, 0x13, 0x00, 0x00, 0x00, 0x00, 0x4D, 0xF8, 0x3A, 0x00, 0x00, 
0x00, 0x0E, 0xD8, 0x4B, 0x00, 0x00, 0x00, 0x00, 0x0D, 0x1D, 0x00, 0x00, 0x00, 0x00, 0x6D, 0xE0, 
0xFD, 0xE9, 0x8B, 0x00, 0x2B, 0xFF, 0x60, 0x14, 0x39, 0x46, 0x00, 0x32, 0xFF, 0x4F, 0x00, 0x00, 
0x00, 0x00, 0x00, 0x87, 0xFB, 0xB4, 0x45, 0x00, 0x00, 0x00, 0x00, 0x21, 0x90, 0xF9, 0x9A, 0x00, 
0x00, 0x00, 0x00, 0x00, 0x62, 0xFF, 0x0C, 0x28, 0x5E, 0x1F, 0x1A, 0x9B, 0xEC, 0x03, 0x23, 0xC6, 
0xF7, 0xF9, 0xCA, 0x41, 0x00, 0x00, 0x39, 0xC1, 0xF7, 0xFA, 0xD9, 0x7A, 0x00, 0x14, 0xF3, 0x92, 
0x1D, 0x1B, 0x48, 0x47, 0x00, 0x40, 0xFF, 0x1C, 0x00, 0x00, 0x00, 0x00, 0x00, 0x17, 0xF9, 0x88, 
0x03, 0x00, 0x00, 0x00, 0x00, 0x00, 0x53, 0xF1, 0xDF, 0x78, 0x16, 0x00, 0x00, 0x00, 0x00, 0x0F, 
0x6A, 0xD3, 0xF4, 0x55, 0x00, 0x00, 0x00, 0x00, 0x00, 0x02, 0x99, 0xF1, 0x04, 0x00, 0x00, 0x00, 
0x00, 0x00, 0x4F, 0xFF, 0x0E, 0x29, 0x63, 0x28, 0x14, 0x30, 0xC7, 0xC0, 0x00, 0x2A, 0xCE, 0xF4, 
0xFF, 0xE9, 0x9B, 0x13, 0x00, 0x00, 0x00, 0x10, 0xC7, 0x08, 0x00, 0x00, 0x00, 0x00, 0x00, 0x18, 
0xAF, 0xD1, 0x02, 0x00, 0x00, 0x00, 0x00, 0x10, 0x6B, 0xFE, 0x0A, 0x00, 0x00, 0x00, 0x00, 0xB5, 
0xF2, 0x81, 0x00, 0x00, 0x00, 0x00, 0x6C, 0xDF, 0xFC, 0xE9, 0x95, 0x00, 0x2A, 0xFF, 0x61, 0x14, 
0x31, 0x50, 0x00, 0x31, 0xFF, 0x4F, 0x00, 0x00, 0x00, 0x00, 0x00, 0x7D, 0xF6, 0xB4, 0x45, 0x00, 
0x00, 0x00, 0x00, 0x15, 0x75, 0xE4, 0x9A, 0x00, 0x00, 0x00, 0x00, 0x00, 0x13, 0xF8, 0x0C, 0x28, 
0x64, 0x24, 0x15, 0x58, 0xEA, 0x03, 0x23, 0xC6, 0xF7, 0xFF, 0xCA, 0x41, 0x00, 0x00, 0x00, 0x25, 
0xC8, 0x08, 0x00, 0x00, 0x00, 0x00, 0x22, 0xB3, 0xD1, 0x02, 0x00, 0x00, 0x00, 0x14, 0x6D, 0xFD, 
0x0A, 0x00, 0x00, 0x00, 0xDD, 0xF1, 0x7B, 0x00, 0x00, 0x00, 0x3A, 0xD5, 0x24, 0x35, 0xDC, 0x2F, 
0x00, 0x00, 0x00, 0x6C, 0xE3, 0xEF, 0x4F, 0x00, 0x00, 0x00, 0x00, 0x00, 0x71, 0x62, 0x00, 0x00, 
0x00, 0x00, 0x00, 0x00, 0x00, 0x00, 0x00, 0x00, 0x00, 0x00, 0x39, 0xC1, 0xF7, 0xFA, 0xD9, 0x7A, 
0x00, 0x14, 0xF3, 0x92, 0x1D, 0x1B, 0x48, 0x47, 0x00, 0x40, 0xFF, 0x1C, 0x00, 0x00, 0x00, 0x00, 
0x00, 0x17, 0xF9, 0x88, 0x03, 0x00, 0x00, 0x00, 0x00, 0x00, 0x53, 0xF1, 0xDF, 0x78, 0x16, 0x00, 
0x00, 0x00, 0x00, 0x0F, 0x6A, 0xD3, 0xF4, 0x55, 0x00, 0x00, 0x00, 0x00, 0x00, 0x02, 0x99, 0xF1, 
0x04, 0x00, 0x00, 0x00, 0x00, 0x00, 0x4F, 0xFF, 0x0E, 0x29, 0x63, 0x28, 0x14, 0x30, 0xC7, 0xC0, 
0x00, 0x28, 0xC8, 0xF1, 0xFE, 0xE9, 0x9B, 0x13, 0x00, 0x00, 0xA9, 0x90, 0x14, 0xC6, 0x66, 0x00, 
0x00, 0x06, 0xBE, 0xF0, 0x80, 0x00, 0x00, 0x00, 0x00, 0x0F, 0x30, 0x02, 0x00, 0x00, 0x00, 0x6D, 
0xE0, 0xFD, 0xE9, 0x8B, 0x00, 0x2B, 0xFF, 0x60, 0x14, 0x39, 0x46, 0x00, 0x32, 0xFF, 0x4F, 0x00, 
0x00, 0x00, 0x00, 0x00, 0x87, 0xFB, 0xB4, 0x45, 0x00, 0x00, 0x00, 0x00, 0x21, 0x90, 0xF9, 0x9A, 
0x00, 0x00, 0x00, 0x00, 0x00, 0x62, 0xFF, 0x0C, 0x28, 0x5E, 0x1F, 0x1A, 0x9B, 0xEC, 0x03, 0x23, 
0xC6, 0xF7, 0xF9, 0xCA, 0x41, 0x00, 0xFF, 0xFF, 0xFF, 0xFF, 0xFF, 0xFF, 0xFF, 0xFF, 0x10, 0x10, 
0x50, 0xFF, 0x23, 0x10, 0x10, 0x10, 0x00, 0x00, 0x44, 0xFF, 0x14, 0x00, 0x00, 0x00, 0x00, 0x00, 
0x44, 0xFF, 0x14, 0x00, 0x00, 0x00, 0x00, 0x00, 0x44, 0xFF, 0x14, 0x00, 0x00, 0x00, 0x00, 0x00, 
0x44, 0xFF, 0x14, 0x00, 0x00, 0x00, 0x00, 0x00, 0x44, 0xFF, 0x14, 0x00, 0x00, 0x00, 0x00, 0x00, 
0x44, 0xFF, 0x14, 0x00, 0x00, 0x00, 0x00, 0x00, 0x44, 0xFF, 0x14, 0x00, 0x00, 0x00, 0x00, 0x00, 
0x44, 0xFF, 0x14, 0x00, 0x00, 0x00, 0x00, 0x00, 0x2D, 0xB9, 0x00, 0x00, 0x00, 0x00, 0x00, 0x00, 
0x43, 0xDB, 0xAB, 0x01, 0x00, 0x00, 0x00, 0x00, 0x00, 0x51, 0xFF, 0x0B, 0x00, 0x00, 0x00, 0x00, 
0xCF, 0xE1, 0x7F, 0x00, 0x00, 0x00, 0x00, 0x0B, 0xEC, 0x14, 0x00, 0x00, 0x39, 0xDA, 0xFF, 0xFF, 
0xFF, 0x3C, 0x06, 0x50, 0xFF, 0x23, 0x10, 0x04, 0x00, 0x44, 0xFF, 0x14, 0x00, 0x00, 0x00, 0x44, 
0xFF, 0x14, 0x00, 0x00, 0x00, 0x44, 0xFF, 0x14, 0x00, 0x00, 0x00, 0x43, 0xFF, 0x15, 0x00, 0x00, 
0x00, 0x28, 0xFF, 0x66, 0x15, 0x0B, 0x00, 0x00, 0x89, 0xFA, 0xF2, 0x31, 0x00, 0x00, 0x11, 0xC6, 
0x08, 0x00, 0x00, 0x00, 0x19, 0xB1, 0xD3, 0x02, 0x00, 0x00, 0x12, 0x6D, 0xFE, 0x0A, 0x00, 0x00, 
0xD2, 0xF2, 0x7F, 0x00, 0x00, 0x95, 0x85, 0x02, 0x8D, 0xD7, 0x1C, 0x00, 0x00, 0x0A, 0xD9, 0xD0, 
0xD4, 0x17, 0x00, 0x00, 0x00, 0x00, 0x36, 0x80, 0x1F, 0x00, 0x00, 0x00, 0x00, 0x00, 0x00, 0x00, 
0x00, 0x00, 0x00, 0x00, 0xFF, 0xFF, 0xFF, 0xFF, 0xFF, 0xFF, 0xFF, 0xFF, 0x10, 0x10, 0x50, 0xFF, 
0x23, 0x10, 0x10, 0x10, 0x00, 0x00, 0x44, 0xFF, 0x14, 0x00, 0x00, 0x00, 0x00, 0x00, 0x44, 0xFF, 
0x14, 0x00, 0x00, 0x00, 0x00, 0x00, 0x44, 0xFF, 0x14, 0x00, 0x00, 0x00, 0x00, 0x00, 0x44, 0xFF, 
0x14, 0x00, 0x00, 0x00, 0x00, 0x00, 0x44, 0xFF, 0x14, 0x00, 0x00, 0x00, 0x00, 0x00, 0x44, 0xFF, 
0x14, 0x00, 0x00, 0x00, 0x00, 0x00, 0x44, 0xFF, 0x14, 0x00, 0x00, 0x00, 0x00, 0x00, 0x44, 0xFF, 
0x14, 0x00, 0x00, 0x00, 0x00, 0x00, 0x00, 0x00, 0x00, 0x32, 0xF7, 0x10, 0x00, 0x00, 0x88, 0x0D, 
0x00, 0x6D, 0x8D, 0x00, 0x00, 0x1B, 0xFE, 0x14, 0x00, 0x17, 0x08, 0x00, 0x3B, 0xED, 0xFF, 0xFF, 
0xFF, 0x3C, 0x00, 0x00, 0x06, 0x50, 0xFF, 0x23, 0x10, 0x04, 0x00, 0x00, 0x00, 0x44, 0xFF, 0x14, 
0x00, 0x00, 0x00, 0x00, 0x00, 0x44, 0xFF, 0x14, 0x00, 0x00, 0x00, 0x00, 0x00, 0x44, 0xFF, 0x14, 
0x00, 0x00, 0x00, 0x00, 0x00, 0x43, 0xFF, 0x15, 0x00, 0x00, 0x00, 0x00, 0x00, 0x28, 0xFF, 0x69, 
0x19, 0x0C, 0x00, 0x00, 0x00, 0x00, 0x89, 0xF2, 0xF2, 0x31, 0x00, 0x00, 0x00, 0x00, 0x09, 0xB4, 
0xEA, 0x8C, 0x00, 0x00, 0x00, 0x00, 0x00, 0x3D, 0xFF, 0x88, 0xFF, 0x0D, 0x00, 0x00, 0x00, 0x00, 
0x11, 0xDD, 0xFD, 0xB8, 0x00, 0x00, 0x00, 0x00, 0x00, 0x00, 0x04, 0x1A, 0x01, 0x00, 0x00, 0x00, 
0x00, 0x00, 0x00, 0x00, 0x00, 0x00, 0x00, 0x00, 0x00, 0x44, 0xFF, 0x14, 0x00, 0x00, 0x00, 0x44, 
0xFF, 0x14, 0x44, 0xFF, 0x14, 0x00, 0x00, 0x00, 0x44, 0xFF, 0x14, 0x44, 0xFF, 0x14, 0x00, 0x00, 
0x00, 0x44, 0xFF, 0x14, 0x44, 0xFF, 0x14, 0x00, 0x00, 0x00, 0x44, 0xFF, 0x14, 0x44, 0xFF, 0x14, 
0x00, 0x00, 0x00, 0x44, 0xFF, 0x14, 0x44, 0xFF, 0x14, 0x00, 0x00, 0x00, 0x44, 0xFF, 0x14, 0x41, 
0xFF, 0x17, 0x00, 0x00, 0x00, 0x48, 0xFF, 0x11, 0x1E, 0xFF, 0x41, 0x00, 0x00, 0x00, 0x72, 0xED, 
0x01, 0x00, 0xB0, 0xD5, 0x3A, 0x14, 0x49, 0xEB, 0x7F, 0x00, 0x00, 0x0D, 0x98, 0xEA, 0xFC, 0xDF, 
0x79, 0x02, 0x00, 0x00, 0x00, 0x62, 0xDF, 0xE4, 0x7C, 0x00, 0x00, 0x00, 0x00, 0xE4, 0x52, 0x7C, 
0xFF, 0x0C, 0x00, 0x00, 0x00, 0x87, 0xF8, 0xFD, 0xA8, 0x00, 0x00, 0x00, 0x00, 0x00, 0x10, 0x14, 
0x00, 0x00, 0x00, 0x44, 0xFF, 0x14, 0x00, 0x00, 0x00, 0xEC, 0x14, 0x44, 0xFF, 0x14, 0x00, 0x00, 
0x00, 0xEC, 0x14, 0x44, 0xFF, 0x14, 0x00, 0x00, 0x00, 0xEC, 0x14, 0x44, 0xFF, 0x14, 0x00, 0x00, 
0x00, 0xEC, 0x14, 0x44, 0xFF, 0x14, 0x00, 0x00, 0x00, 0xF1, 0x14, 0x3F, 0xFF, 0x1F, 0x00, 0x00, 
0x1B, 0xFF, 0x14, 0x13, 0xF9, 0x99, 0x19, 0x26, 0xB4, 0xFA, 0x14, 0x00, 0x58, 0xDD, 0xFE, 0xDE, 
0x65, 0xC8, 0x14, 0x00, 0x00, 0x19, 0xF3, 0x3B, 0xC5, 0x7F, 0x00, 0x00, 0x00, 0x00, 0x9A, 0x66, 
0x52, 0xA7, 0x02, 0x00, 0x00, 0x00, 0x00, 0x1E, 0x00, 0x1A, 0x04, 0x00, 0x00, 0x00, 0x00, 0x00, 
0x00, 0x00, 0x00, 0x00, 0x00, 0x00, 0x00, 0x44, 0xFF, 0x14, 0x00, 0x00, 0x00, 0x44, 0xFF, 0x14, 
0x44, 0xFF, 0x14, 0x00, 0x00, 0x00, 0x44, 0xFF, 0x14, 0x44, 0xFF, 0x14, 0x00, 0x00, 0x00, 0x44, 
0xFF, 0x14, 0x44, 0xFF, 0x14, 0x00, 0x00, 0x00, 0x44, 0xFF, 0x14, 0x44, 0xFF, 0x14, 0x00, 0x00, 
0x00, 0x44, 0xFF, 0x14, 0x44, 0xFF, 0x14, 0x00, 0x00, 0x00, 0x44, 0xFF, 0x14, 0x41, 0xFF, 0x17, 
0x00, 0x00, 0x00, 0x48, 0xFF, 0x11, 0x1E, 0xFF, 0x41, 0x00, 0x00, 0x00, 0x72, 0xED, 0x01, 0x00, 
0xB0, 0xD5, 0x3A, 0x14, 0x49, 0xEB, 0x7F, 0x00, 0x00, 0x0D, 0x98, 0xEA, 0xFC, 0xDF, 0x79, 0x02, 
0x00, 0x00, 0x00, 0x9F, 0xBB, 0x38, 0xF7, 0x33, 0x00, 0x00, 0x3C, 0xCB, 0x14, 0xC4, 0x4B, 0x00, 
0x00, 0x00, 0x17, 0x0A, 0x05, 0x1B, 0x00, 0x00, 0x00, 0x44, 0xFF, 0x14, 0x00, 0x00, 0x44, 0xFF, 
0x14, 0x44, 0xFF, 0x14, 0x00, 0x00, 0x44, 0xFF, 0x14, 0x44, 0xFF, 0x14, 0x00, 0x00, 0x44, 0xFF, 
0x14, 0x44, 0xFF, 0x14, 0x00, 0x00, 0x44, 0xFF, 0x14, 0x44, 0xFF, 0x14, 0x00, 0x00, 0x49, 0xFF, 
0x14, 0x3F, 0xFF, 0x1E, 0x00, 0x00, 0x6F, 0xFF, 0x14, 0x14, 0xFA, 0x91, 0x16, 0x38, 0xDB, 0xFF, 
0x14, 0x00, 0x60, 0xE3, 0xFC, 0xCC, 0x49, 0xFF, 0x14, 0x00, 0x00, 0x29, 0xDE, 0x07, 0x2A, 0xDE, 
0x07, 0x00, 0x00, 0x00, 0x00, 0x00, 0x13, 0x00, 0x00, 0x13, 0x00, 0x00, 0x00, 0x00, 0x00, 0x00, 
0x00, 0x00, 0x00, 0x00, 0x00, 0x00, 0x00, 0x12, 0xF0, 0x70, 0x00, 0x00, 0x00, 0x00, 0xA0, 0xC9, 
0x02, 0x00, 0x76, 0xEB, 0x0C, 0x00, 0x00, 0x2B, 0xFB, 0x34, 0x00, 0x00, 0x09, 0xE4, 0x7E, 0x00, 
0x00, 0xB2, 0x98, 0x00, 0x00, 0x00, 0x00, 0x60, 0xF2, 0x14, 0x3C, 0xEC, 0x12, 0x00, 0x00, 0x00, 
0x00, 0x03, 0xD3, 0x8E, 0xC4, 0x66, 0x00, 0x00, 0x00, 0x00, 0x00, 0x00, 0x4A, 0xFD, 0xCA, 0x02, 
0x00, 0x00, 0x00, 0x00, 0x00, 0x00, 0x00, 0xEE, 0x6D, 0x00, 0x00, 0x00, 0x00, 0x00, 0x00, 0x00, 
0x00, 0xEC, 0x6C, 0x00, 0x00, 0x00, 0x00, 0x00, 0x00, 0x00, 0x00, 0xEC, 0x6C, 0x00, 0x00, 0x00, 
0x00, 0x00, 0x00, 0x00, 0x00, 0xEC, 0x6C, 0x00, 0x00, 0x00, 0x00, 0x00, 0x00, 0x00, 0x0F, 0xEC, 
0x9D, 0x00, 0x00, 0x00, 0x00, 0x93, 0xBD, 0x07, 0x00, 0x00, 0x00, 0x08, 0x77, 0x0A, 0x00, 0x00, 
0x00, 0x00, 0x00, 0x00, 0x00, 0x00, 0x00, 0xFF, 0xFF, 0xFF, 0xFF, 0xFF, 0xFF, 0xFF, 0x10, 0x10, 
0x10, 0x10, 0x1E, 0xE7, 0x9B, 0x00, 0x00, 0x00, 0x00, 0x99, 0xE2, 0x0E, 0x00, 0x00, 0x00, 0x45, 
0xFE, 0x46, 0x00, 0x00, 0x00, 0x0E, 0xE2, 0x9A, 0x00, 0x00, 0x00, 0x00, 0x9B, 0xE1, 0x0E, 0x00, 
0x00, 0x00, 0x46, 0xFE, 0x45, 0x00, 0x00, 0x00, 0x0E, 0xE2, 0x99, 0x00, 0x00, 0x00, 0x00, 0x9B, 
0xE7, 0x1E, 0x10, 0x10, 0x10, 0x10, 0xFF, 0xFF, 0xFF, 0xFF, 0xFF, 0xFF, 0xFF, 0x00, 0x00, 0x29, 
0xF7, 0x47, 0x00, 0x04, 0xC2, 0x57, 0x00, 0x00, 0x03, 0x11, 0x00, 0x00, 0xFF, 0xFF, 0xFF, 0xFF, 
0xFF, 0x10, 0x10, 0x10, 0xA3, 0xB7, 0x00, 0x00, 0x37, 0xF5, 0x22, 0x00, 0x03, 0xCD, 0x7B, 0x00, 
0x00, 0x6C, 0xD9, 0x06, 0x00, 0x17, 0xEF, 0x42, 0x00, 0x00, 0xA3, 0xAF, 0x10, 0x10, 0x10, 0xFF, 
0xFF, 0xFF, 0xFF, 0xFF, 0x00, 0x00, 0x29, 0xDE, 0x07, 0x00, 0x00, 0x00, 0x00, 0x00, 0x13, 0x00, 
0x00, 0x00, 0x00, 0x00, 0x00, 0x00, 0x00, 0x00, 0x00, 0xFF, 0xFF, 0xFF, 0xFF, 0xFF, 0xFF, 0xFF, 
0x10, 0x10, 0x10, 0x10, 0x37, 0xFB, 0x9A, 0x00, 0x00, 0x00, 0x02, 0xC2, 0xE0, 0x0D, 0x00, 0x00, 
0x00, 0x69, 0xFF, 0x41, 0x00, 0x00, 0x00, 0x1C, 0xF2, 0x93, 0x00, 0x00, 0x00, 0x00, 0xB1, 0xDB, 
0x0B, 0x00, 0x00, 0x00, 0x56, 0xFE, 0x3D, 0x00, 0x00, 0x00, 0x11, 0xE8, 0x8C, 0x00, 0x00, 0x00, 
0x00, 0x9F, 0xDF, 0x18, 0x10, 0x10, 0x10, 0x10, 0xFF, 0xFF, 0xFF, 0xFF, 0xFF, 0xFF, 0xFF, 0x00, 
0x29, 0xEB, 0x07, 0x00, 0x00, 0x00, 0x06, 0x00, 0x00, 0x00, 0x00, 0x00, 0x00, 0x00, 0xFF, 0xFF, 
0xFF, 0xFF, 0xFF, 0x10, 0x10, 0x10, 0xBC, 0xB5, 0x00, 0x00, 0x48, 0xF5, 0x1F, 0x00, 0x06, 0xDB, 
0x71, 0x00, 0x00, 0x78, 0xCD, 0x03, 0x00, 0x1C, 0xF1, 0x33, 0x00, 0x00, 0xA6, 0x9B, 0x10, 0x10, 
0x10, 0xFF, 0xFF, 0xFF, 0xFF, 0xFF, 0x00, 0x92, 0xA8, 0x05, 0x73, 0xC5, 0x06, 0x00, 0x04, 0xC0, 
0xD0, 0xE4, 0x17, 0x00, 0x00, 0x00, 0x1E, 0x80, 0x39, 0x00, 0x00, 0x00, 0x00, 0x00, 0x00, 0x00, 
0x00, 0x00, 0xFF, 0xFF, 0xFF, 0xFF, 0xFF, 0xFF, 0xFF, 0x10, 0x10, 0x10, 0x10, 0x1E, 0xE7, 0x9B, 
0x00, 0x00, 0x00, 0x00, 0x99, 0xE2, 0x0E, 0x00, 0x00, 0x00, 0x45, 0xFE, 0x46, 0x00, 0x00, 0x00, 
0x0E, 0xE2, 0x9A, 0x00, 0x00, 0x00, 0x00, 0x9B, 0xE1, 0x0E, 0x00, 0x00, 0x00, 0x46, 0xFE, 0x45, 
0x00, 0x00, 0x00, 0x0E, 0xE2, 0x99, 0x00, 0x00, 0x00, 0x00, 0x9B, 0xE7, 0x1E, 0x10, 0x10, 0x10, 
0x10, 0xFF, 0xFF, 0xFF, 0xFF, 0xFF, 0xFF, 0xFF, 0x5B, 0xB8, 0x13, 0xAB, 0x6E, 0x00, 0x80, 0xF5, 
0x93, 0x00, 0x00, 0x03, 0x18, 0x04, 0x00, 0xFF, 0xFF, 0xFF, 0xFF, 0xFF, 0x10, 0x10, 0x10, 0xA3, 
0xB7, 0x00, 0x00, 0x37, 0xF5, 0x22, 0x00, 0x03, 0xCD, 0x7B, 0x00, 0x00, 0x6C, 0xD9, 0x06, 0x00, 
0x17, 0xEF, 0x42, 0x00, 0x00, 0xA3, 0xAF, 0x10, 0x10, 0x10, 0xFF, 0xFF, 0xFF, 0xFF, 0xFF, 0x00, 
0x00, 0x00, 0x00, 0x79, 0xEF, 0xF6, 0x53, 0x00, 0x00, 0x00, 0x20, 0xFF, 0x65, 0x1D, 0x0D, 0x00, 
0x00, 0x00, 0x43, 0xFF, 0x17, 0x00, 0x00, 0x00, 0x00, 0x67, 0xEE, 0xFF, 0xFF, 0xBC, 0x00, 0x00, 
0x00, 0x0A, 0x50, 0xFF, 0x23, 0x0C, 0x00, 0x00, 0x00, 0x00, 0x44, 0xFF, 0x14, 0x00, 0x00, 0x00, 
0x00, 0x00, 0x44, 0xFF, 0x14, 0x00, 0x00, 0x00, 0x00, 0x00, 0x44, 0xFF, 0x14, 0x00, 0x00, 0x00, 
0x00, 0x00, 0x44, 0xFF, 0x14, 0x00, 0x00, 0x00, 0x00, 0x00, 0x44, 0xFF, 0x14, 0x00, 0x00, 0x00, 
0x00, 0x00, 0x44, 0xFF, 0x14, 0x00, 0x00, 0x00, 0x00, 0x00, 0x44, 0xFF, 0x14, 0x00, 0x00, 0x20, 
0x6E, 0x00, 0x47, 0xFF, 0x12, 0x00, 0x00, 0x35, 0xFF, 0x30, 0x8B, 0xEA, 0x02, 0x00, 0x00, 0x01, 
0x96, 0xF7, 0xE8, 0x53, 0x00, 0x00, 0x00, 0x00, 0x00, 0x68, 0x6B, 0x00, 0x00, 0x00, 0x54, 0xEB, 
0xEB, 0x5D, 0x00, 0x29, 0xD8, 0x2D, 0x2D, 0xD9, 0x32, 0x2A, 0x65, 0x01, 0x00, 0x62, 0x30, 0x03, 
0xB7, 0x97, 0x93, 0xBF, 0x05, 0x00, 0x12, 0xE7, 0xEB, 0x16, 0x00, 0xBD, 0x0C, 0x02, 0x80, 0x4D, 
0x78, 0xF9, 0xF7, 0xBC, 0x09, 0x00, 0x0E, 0x18, 0x00, 0x00, 0x29, 0xDF, 0x07, 0x00, 0x13, 0x00, 
0x09, 0xB4, 0xEA, 0x8C, 0x00, 0x3D, 0xFF, 0x88, 0xFF, 0x0D, 0x11, 0xDD, 0xFD, 0xB8, 0x00, 0x00, 
0x04, 0x1A, 0x01, 0x00, 0x00, 0x0C, 0x5F, 0x00, 0x03, 0xC2, 0x65, 0x00, 0x39, 0xFF, 0x24, 0x01, 
0x14, 0xE6, 0xFA, 0x5F, 0x00, 0x06, 0x1C, 0x02, 0x04, 0xB0, 0xDA, 0x52, 0x18, 0xAC, 0x49, 0x9C, 
0x45, 0xD7, 0xF8, 0x54, 0x0D, 0x0B, 0x00, 0x03, 0x12, 0x00, 0x00, 0x08, 0x28, 0x09, 0x1C, 0x1E, 
0x00, 0x87, 0xCF, 0x20, 0xF0, 0x59, 0x2D, 0xC9, 0x15, 0xA3, 0x67, 0x00, 0x00, 0x00, 0x39, 0xB3, 
0xEE, 0xFD, 0xE8, 0xA4, 0x24, 0x00, 0x00, 0x00, 0x4C, 0xF9, 0x83, 0x28, 0x14, 0x33, 0xA6, 0xF0, 
0x2C, 0x00, 0x03, 0xE3, 0x89, 0x00, 0x00, 0x00, 0x00, 0x00, 0xBA, 0xB8, 0x00, 0x2D, 0xFF, 0x2D, 
0x00, 0x00, 0x00, 0x00, 0x00, 0x5F, 0xFB, 0x04, 0x42, 0xFF, 0x17, 0x00, 0x00, 0x00, 0x00, 0x00, 
0x46, 0xFF, 0x12, 0x2F, 0xFF, 0x27, 0x00, 0x00, 0x00, 0x00, 0x00, 0x5F, 0xF7, 0x03, 0x04, 0xEB, 
0x5B, 0x00, 0x00, 0x00, 0x00, 0x00, 0xA9, 0xB2, 0x00, 0x00, 0x7D, 0xC5, 0x01, 0x00, 0x00, 0x00, 
0x3E, 0xF9, 0x33, 0x00, 0x10, 0x15, 0xC3, 0x7B, 0x00, 0x00, 0x4D, 0xEF, 0x6E, 0x10, 0x00, 0xFF, 
0xFF, 0xFF, 0xFF, 0x00, 0x00, 0xFF, 0xFF, 0xFF, 0xFF, 0x00, 0x8A, 0xFC, 0xFF, 0xFF, 0xFF, 0xFF, 
0xFF, 0xFF, 0xBC, 0x0D, 0x50, 0xFF, 0x23, 0x10, 0x50, 0xFF, 0x23, 0x0C, 0x00, 0x44, 0xFF, 0x14, 
0x00, 0x44, 0xFF, 0x14, 0x00, 0x00, 0x44, 0xFF, 0x14, 0x00, 0x44, 0xFF, 0x14, 0x00, 0x00, 0x44, 
0xFF, 0x14, 0x00, 0x44, 0xFF, 0x14, 0x00, 0x00, 0x44, 0xFF, 0x14, 0x00, 0x44, 0xFF, 0x14, 0x00, 
0x00, 0x44, 0xFF, 0x14, 0x00, 0x3A, 0xFF, 0x40, 0x10, 0x00, 0x44, 0xFF, 0x14, 0x00, 0x05, 0xBA, 
0xFC, 0x72, 0xF0, 0xF0, 0xF0, 0xF0, 0xF0, 0xF0, 0x20, 0x20, 0x20, 0x20, 0x20, 0x20, 0xF0, 0xF0, 
0xF0, 0xF0, 0xF0, 0xF0, 0xF0, 0xF0, 0xF0, 0xF0, 0xF0, 0xF0, 0xF0, 0x20, 0x20, 0x20, 0x20, 0x20, 
0x20, 0x20, 0x20, 0x20, 0x20, 0x20, 0x20, 0x20, 0x03, 0xDB, 0x35, 0x51, 0xF1, 0x03, 0xB3, 0xBB, 
0x00, 0x39, 0xFF, 0x37, 0x71, 0xD3, 0x01, 0xB1, 0x5E, 0x00, 0x00, 0xEA, 0x88, 0x13, 0xFF, 0x45, 
0x3E, 0xEE, 0x04, 0x70, 0x97, 0x00, 0x03, 0xDB, 0x31, 0x3B, 0xD8, 0x51, 0xEE, 0x02, 0xB2, 0x99, 
0xB3, 0xB7, 0x16, 0xFD, 0x5F, 0x3A, 0xFF, 0x33, 0x94, 0xDA, 0x72, 0xCE, 0x00, 0xD0, 0x77, 0xB2, 
0x5A, 0x14, 0xF0, 0x10, 0x00, 0xED, 0x86, 0x45, 0xFF, 0x2C, 0x14, 0xFF, 0x41, 0x6E, 0xE8, 0x01, 
0x41, 0xEB, 0x03, 0x9E, 0x96, 0x00, 0x70, 0x94, 0x00, 0xD1, 0x3C, 0x00, 0x00, 0x00, 0x60, 0xFF, 
0x32, 0x00, 0x00, 0x00, 0x00, 0x3D, 0xFF, 0x10, 0x00, 0x00, 0x16, 0x30, 0x33, 0xEE, 0x1A, 0x32, 
0x13, 0x57, 0xEA, 0xDE, 0xFF, 0xD7, 0xEC, 0x4B, 0x00, 0x00, 0x44, 0xFF, 0x14, 0x00, 0x00, 0x00, 
0x00, 0x44, 0xFF, 0x14, 0x00, 0x00, 0x00, 0x00, 0x44, 0xFF, 0x14, 0x00, 0x00, 0x00, 0x00, 0x44, 
0xFF, 0x14, 0x00, 0x00, 0x00, 0x00, 0x44, 0xFF, 0x14, 0x00, 0x00, 0x00, 0x00, 0x44, 0xFF, 0x14, 
0x00, 0x00, 0x00, 0x00, 0x44, 0xFF, 0x14, 0x00, 0x00, 0x00, 0x00, 0xC0, 0xB2, 0x00, 0x00, 0x00, 
0x00, 0x9C, 0x8E, 0x00, 0x00, 0x7D, 0x67, 0xAB, 0xA1, 0x68, 0x7D, 0xA9, 0x94, 0xC0, 0xBA, 0x94, 
0xA9, 0x00, 0x00, 0x99, 0x92, 0x00, 0x00, 0x00, 0x00, 0xB3, 0xB0, 0x00, 0x00, 0x00, 0x00, 0x98, 
0x8F, 0x00, 0x00, 0xA9, 0x93, 0xC0, 0xB9, 0x94, 0xA9, 0x7E, 0x69, 0xAC, 0xA3, 0x6A, 0x7E, 0x00, 
0x00, 0x9C, 0x8E, 0x00, 0x00, 0x00, 0x00, 0xC0, 0xB2, 0x00, 0x00, 0x87, 0xF8, 0x86, 0xF6, 0xFF, 
0xF6, 0xF6, 0xFF, 0xF5, 0x85, 0xF8, 0x84, 0x2B, 0xE2, 0x08, 0x00, 0x2B, 0xE2, 0x08, 0x00, 0x2B, 
0xE2, 0x08, 0x2B, 0xE5, 0x08, 0x00, 0x2B, 0xE5, 0x08, 0x00, 0x2B, 0xE5, 0x08, 0x00, 0x6F, 0xF1, 
0xE4, 0x42, 0x00, 0x00, 0x1F, 0xC7, 0x02, 0x00, 0x00, 0x00, 0x00, 0x00, 0x00, 0x00, 0x11, 0xFA, 
0x63, 0x91, 0xD7, 0x00, 0x00, 0xA2, 0x46, 0x00, 0x00, 0x00, 0x00, 0x00, 0x00, 0x00, 0x00, 0x3C, 
0xFF, 0x1B, 0x4B, 0xFF, 0x0B, 0x30, 0xB8, 0x00, 0x00, 0x00, 0x00, 0x00, 0x00, 0x00, 0x00, 0x00, 
0x3D, 0xFF, 0x18, 0x49, 0xFF, 0x0D, 0xB8, 0x30, 0x00, 0x00, 0x00, 0x00, 0x00, 0x00, 0x00, 0x00, 
0x00, 0x14, 0xFC, 0x4A, 0x7E, 0xE4, 0x46, 0xA2, 0x68, 0xE5, 0xD7, 0x3D, 0x00, 0x67, 0xE4, 0xD8, 
0x3D, 0x00, 0x00, 0x7F, 0xFA, 0xF8, 0x5D, 0xC7, 0x30, 0xFA, 0x4A, 0x7E, 0xD6, 0x11, 0xFA, 0x4A, 
0x80, 0xD6, 0x00, 0x00, 0x00, 0x13, 0x0D, 0x5E, 0x8A, 0x3D, 0xFF, 0x18, 0x49, 0xFF, 0x4A, 0xFF, 
0x18, 0x49, 0xFF, 0x0D, 0x00, 0x00, 0x00, 0x09, 0xCF, 0x11, 0x3B, 0xFF, 0x1B, 0x4B, 0xFF, 0x47, 
0xFF, 0x1B, 0x4B, 0xFF, 0x0D, 0x00, 0x00, 0x00, 0x76, 0x73, 0x00, 0x0F, 0xFA, 0x60, 0x91, 0xDB, 
0x0F, 0xF9, 0x60, 0x91, 0xDC, 0x00, 0x00, 0x00, 0x12, 0xCE, 0x07, 0x00, 0x00, 0x6C, 0xF3, 0xE7, 
0x49, 0x00, 0x6B, 0xF2, 0xE8, 0x49, 0x00, 0x00, 0x12, 0xB4, 0x18, 0x04, 0xBB, 0xA3, 0x00, 0x90, 
0xD1, 0x09, 0x00, 0xC4, 0xAA, 0x00, 0x00, 0x17, 0xE3, 0x70, 0x00, 0x00, 0x33, 0xEB, 0x19, 0x00, 
0x00, 0x0A, 0x00, 0x18, 0xB4, 0x12, 0x00, 0x00, 0xA2, 0xBB, 0x04, 0x00, 0x09, 0xD0, 0x8F, 0x00, 
0x00, 0xA9, 0xC3, 0x00, 0x6D, 0xE2, 0x17, 0x17, 0xE9, 0x33, 0x00, 0x00, 0x0A, 0x00, 0x00, 0x00, 
0x00, 0x00, 0x00, 0x00, 0x09, 0xDB, 0x34, 0x00, 0x00, 0x00, 0x00, 0x00, 0x83, 0x96, 0x00, 0x00, 
0x00, 0x00, 0x00, 0x26, 0xE3, 0x10, 0x00, 0x00, 0x00, 0x00, 0x00, 0xBB, 0x5E, 0x00, 0x00, 0x00, 
0x00, 0x00, 0x58, 0xC1, 0x01, 0x00, 0x00, 0x00, 0x00, 0x0E, 0xE2, 0x2C, 0x00, 0x00, 0x00, 0x00, 
0x00, 0x91, 0x89, 0x00, 0x00, 0x00, 0x00, 0x00, 0x30, 0xDF, 0x0B, 0x00, 0x00, 0x00, 0x00, 0x02, 
0xC7, 0x52, 0x00, 0x00, 0x00, 0x00, 0x00, 0x67, 0xB7, 0x00, 0x00, 0x00, 0x00, 0x00, 0x00, 0x00, 
0x00, 0x00, 0x61, 0xCE, 0xF9, 0xF7, 0xCA, 0x3D, 0x00, 0x00, 0x76, 0xF3, 0x61, 0x1A, 0x1D, 0x53, 
0x15, 0x00, 0x0A, 0xF4, 0x69, 0x00, 0x00, 0x00, 0x00, 0x00, 0x3C, 0xF2, 0xFF, 0xF3, 0xF0, 0xF0, 
0xB0, 0x00, 0x00, 0x08, 0x5C, 0xFF, 0x32, 0x20, 0x20, 0x18, 0x00, 0x00, 0x3C, 0xF3, 0xFF, 0xF3, 
0xF0, 0xF0, 0x48, 0x00, 0x00, 0x00, 0x0A, 0xFA, 0x53, 0x00, 0x00, 0x00, 0x00, 0x00, 0x00, 0x00, 
0xB1, 0xB7, 0x00, 0x00, 0x00, 0x00, 0x00, 0x00, 0x00, 0x2C, 0xF6, 0x90, 0x21, 0x1A, 0x51, 0x21, 
0x00, 0x00, 0x00, 0x36, 0xBE, 0xF8, 0xF9, 0xCD, 0x24, 0x9C, 0xE0, 0xEB, 0xD0, 0x88, 0xF5, 0x0A, 
0x00, 0x94, 0xE8, 0x00, 0x54, 0x90, 0x00, 0x88, 0xE0, 0x54, 0x04, 0xC9, 0xE7, 0x00, 0x54, 0x90, 
0x00, 0x88, 0x8E, 0xAA, 0x45, 0x86, 0xE8, 0x00, 0x54, 0x90, 0x00, 0x88, 0x59, 0xD2, 0xA9, 0x2A, 
0xE8, 0x00, 0x54, 0x90, 0x00, 0x88, 0x58, 0x84, 0xCA, 0x04, 0xE8, 0x00, 0x16, 0x26, 0x00, 0x24, 
0x17, 0x14, 0x26, 0x01, 0x3E, 0x00, 0x00, 0x67, 0xE4, 0xFF, 0xE2, 0x2B, 0xEB, 0x07, 0x00, 0x1C, 
0xFE, 0x74, 0x12, 0x0B, 0x00, 0x06, 0x00, 0x00, 0x44, 0xFF, 0x17, 0x00, 0x00, 0x00, 0x00, 0x00, 
0x66, 0xF1, 0xFF, 0xFF, 0xFF, 0x30, 0x44, 0xFF, 0x14, 0x09, 0x50, 0xFF, 0x23, 0x10, 0x03, 0x44, 
0xFF, 0x14, 0x00, 0x44, 0xFF, 0x14, 0x00, 0x00, 0x44, 0xFF, 0x14, 0x00, 0x44, 0xFF, 0x14, 0x00, 
0x00, 0x44, 0xFF, 0x14, 0x00, 0x44, 0xFF, 0x14, 0x00, 0x00, 0x44, 0xFF, 0x14, 0x00, 0x44, 0xFF, 
0x14, 0x00, 0x00, 0x44, 0xFF, 0x14, 0x00, 0x44, 0xFF, 0x14, 0x00, 0x00, 0x44, 0xFF, 0x14, 0x00, 
0x44, 0xFF, 0x14, 0x00, 0x00, 0x44, 0xFF, 0x14, 0x00, 0x00, 0x67, 0xE4, 0xFD, 0xD5, 0x47, 0xFF, 
0x14, 0x00, 0x1C, 0xFD, 0x74, 0x16, 0x22, 0x44, 0xFF, 0x14, 0x00, 0x42, 0xFF, 0x17, 0x00, 0x00, 
0x44, 0xFF, 0x14, 0x64, 0xEE, 0xFF, 0xFF, 0xFF, 0x34, 0x44, 0xFF, 0x14, 0x09, 0x50, 0xFF, 0x23, 
0x10, 0x03, 0x44, 0xFF, 0x14, 0x00, 0x44, 0xFF, 0x14, 0x00, 0x00, 0x44, 0xFF, 0x14, 0x00, 0x44, 
0xFF, 0x14, 0x00, 0x00, 0x44, 0xFF, 0x14, 0x00, 0x44, 0xFF, 0x14, 0x00, 0x00, 0x44, 0xFF, 0x14, 
0x00, 0x44, 0xFF, 0x14, 0x00, 0x00, 0x44, 0xFF, 0x14, 0x00, 0x44, 0xFF, 0x14, 0x00, 0x00, 0x44, 
0xFF, 0x14, 0x00, 0x44, 0xFF, 0x14, 0x00, 0x00, 0x44, 0xFF, 0x14, 0x00, 0x19, 0x4E, 0x6F, 0x74, 
0x6F, 0x20, 0x53, 0x61, 0x6E, 0x73, 0x20, 0x44, 0x69, 0x73, 0x70, 0x6C, 0x61, 0x79, 0x20, 0x52, 
0x65, 0x67, 0x75, 0x6C, 0x61, 0x72, 0x00, 0x17, 0x4E, 0x6F, 0x74, 0x6F, 0x53, 0x61, 0x6E, 0x73, 
0x44, 0x69, 0x73, 0x70, 0x6C, 0x61, 0x79, 0x2D, 0x52, 0x65, 0x67, 0x75, 0x6C, 0x61, 0x72, 0x01
};
