/* The font vlw file can be converted to a byte array using:

   https://tomeko.net/online_tools/file_to_hex.php?lang=en

   Paste the byte array into a sketch tab and add two lines
   at the start with a unique font name:

                const uint8_t  fontName[] PROGMEM = {

   At the end add:

        };

   See example below. Include the tab in the main sketch, e.g.:

        #include "NotoSansMono24.h"
*/


const uint8_t  NotoSansMono24[] PROGMEM = {
0x00, 0x00, 0x00, 0x63, 0x00, 0x00, 0x00, 0x0B, 0x00, 0x00, 0x00, 0x18, 0x00, 0x00, 0x00, 0x00, 
0x00, 0x00, 0x00, 0x13, 0x00, 0x00, 0x00, 0x06, 0x00, 0x00, 0x00, 0x00, 0x00, 0x00, 0x00, 0x01, 
0x00, 0x00, 0x00, 0x01, 0x00, 0x00, 0x00, 0x00, 0x00, 0x00, 0x00, 0x30, 0xFF, 0xFF, 0xFF, 0xE8, 
0x00, 0x00, 0x00, 0x00, 0x00, 0x00, 0x00, 0x09, 0x00, 0x00, 0x00, 0x01, 0x00, 0x00, 0x00, 0x01, 
0x00, 0x00, 0x00, 0x00, 0x00, 0x00, 0x00, 0x30, 0xFF, 0xFF, 0xFF, 0xE8, 0x00, 0x00, 0x00, 0x00, 
0x00, 0x00, 0x00, 0x0A, 0x00, 0x00, 0x00, 0x01, 0x00, 0x00, 0x00, 0x01, 0x00, 0x00, 0x00, 0x00, 
0x00, 0x00, 0x00, 0x30, 0xFF, 0xFF, 0xFF, 0xE8, 0x00, 0x00, 0x00, 0x00, 0x00, 0x00, 0x00, 0x0D, 
0x00, 0x00, 0x00, 0x01, 0x00, 0x00, 0x00, 0x01, 0x00, 0x00, 0x00, 0x00, 0x00, 0x00, 0x00, 0x30, 
0xFF, 0xFF, 0xFF, 0xE8, 0x00, 0x00, 0x00, 0x00, 0x00, 0x00, 0x00, 0x20, 0x00, 0x00, 0x00, 0x01, 
0x00, 0x00, 0x00, 0x01, 0x00, 0x00, 0x00, 0x0E, 0x00, 0x00, 0x00, 0x30, 0xFF, 0xFF, 0xFF, 0xE8, 
0x00, 0x00, 0x00, 0x00, 0x00, 0x00, 0x00, 0x21, 0x00, 0x00, 0x00, 0x13, 0x00, 0x00, 0x00, 0x04, 
0x00, 0x00, 0x00, 0x0E, 0x00, 0x00, 0x00, 0x12, 0x00, 0x00, 0x00, 0x05, 0x00, 0x00, 0x00, 0x00, 
0x00, 0x00, 0x00, 0x22, 0x00, 0x00, 0x00, 0x08, 0x00, 0x00, 0x00, 0x08, 0x00, 0x00, 0x00, 0x0E, 
0x00, 0x00, 0x00, 0x12, 0x00, 0x00, 0x00, 0x03, 0x00, 0x00, 0x00, 0x00, 0x00, 0x00, 0x00, 0x23, 
0x00, 0x00, 0x00, 0x12, 0x00, 0x00, 0x00, 0x0E, 0x00, 0x00, 0x00, 0x0E, 0x00, 0x00, 0x00, 0x12, 
0x00, 0x00, 0x00, 0x00, 0x00, 0x00, 0x00, 0x00, 0x00, 0x00, 0x00, 0x24, 0x00, 0x00, 0x00, 0x15, 
0x00, 0x00, 0x00, 0x0C, 0x00, 0x00, 0x00, 0x0E, 0x00, 0x00, 0x00, 0x13, 0x00, 0x00, 0x00, 0x01, 
0x00, 0x00, 0x00, 0x00, 0x00, 0x00, 0x00, 0x25, 0x00, 0x00, 0x00, 0x13, 0x00, 0x00, 0x00, 0x0F, 
0x00, 0x00, 0x00, 0x0E, 0x00, 0x00, 0x00, 0x12, 0x00, 0x00, 0x00, 0x00, 0x00, 0x00, 0x00, 0x00, 
0x00, 0x00, 0x00, 0x26, 0x00, 0x00, 0x00, 0x13, 0x00, 0x00, 0x00, 0x0E, 0x00, 0x00, 0x00, 0x0E, 
0x00, 0x00, 0x00, 0x12, 0x00, 0x00, 0x00, 0x00, 0x00, 0x00, 0x00, 0x00, 0x00, 0x00, 0x00, 0x27, 
0x00, 0x00, 0x00, 0x08, 0x00, 0x00, 0x00, 0x03, 0x00, 0x00, 0x00, 0x0E, 0x00, 0x00, 0x00, 0x12, 
0x00, 0x00, 0x00, 0x06, 0x00, 0x00, 0x00, 0x00, 0x00, 0x00, 0x00, 0x28, 0x00, 0x00, 0x00, 0x16, 
0x00, 0x00, 0x00, 0x07, 0x00, 0x00, 0x00, 0x0E, 0x00, 0x00, 0x00, 0x12, 0x00, 0x00, 0x00, 0x04, 
0x00, 0x00, 0x00, 0x00, 0x00, 0x00, 0x00, 0x29, 0x00, 0x00, 0x00, 0x16, 0x00, 0x00, 0x00, 0x06, 
0x00, 0x00, 0x00, 0x0E, 0x00, 0x00, 0x00, 0x12, 0x00, 0x00, 0x00, 0x04, 0x00, 0x00, 0x00, 0x00, 
0x00, 0x00, 0x00, 0x2A, 0x00, 0x00, 0x00, 0x0A, 0x00, 0x00, 0x00, 0x0B, 0x00, 0x00, 0x00, 0x0E, 
0x00, 0x00, 0x00, 0x12, 0x00, 0x00, 0x00, 0x02, 0x00, 0x00, 0x00, 0x00, 0x00, 0x00, 0x00, 0x2B, 
0x00, 0x00, 0x00, 0x0D, 0x00, 0x00, 0x00, 0x0C, 0x00, 0x00, 0x00, 0x0E, 0x00, 0x00, 0x00, 0x0F, 
0x00, 0x00, 0x00, 0x01, 0x00, 0x00, 0x00, 0x00, 0x00, 0x00, 0x00, 0x2C, 0x00, 0x00, 0x00, 0x08, 
0x00, 0x00, 0x00, 0x05, 0x00, 0x00, 0x00, 0x0E, 0x00, 0x00, 0x00, 0x04, 0x00, 0x00, 0x00, 0x05, 
0x00, 0x00, 0x00, 0x00, 0x00, 0x00, 0x00, 0x2D, 0x00, 0x00, 0x00, 0x03, 0x00, 0x00, 0x00, 0x08, 
0x00, 0x00, 0x00, 0x0E, 0x00, 0x00, 0x00, 0x08, 0x00, 0x00, 0x00, 0x03, 0x00, 0x00, 0x00, 0x00, 
0x00, 0x00, 0x00, 0x2E, 0x00, 0x00, 0x00, 0x05, 0x00, 0x00, 0x00, 0x04, 0x00, 0x00, 0x00, 0x0E, 
0x00, 0x00, 0x00, 0x04, 0x00, 0x00, 0x00, 0x05, 0x00, 0x00, 0x00, 0x00, 0x00, 0x00, 0x00, 0x2F, 
0x00, 0x00, 0x00, 0x12, 0x00, 0x00, 0x00, 0x0A, 0x00, 0x00, 0x00, 0x0E, 0x00, 0x00, 0x00, 0x12, 
0x00, 0x00, 0x00, 0x02, 0x00, 0x00, 0x00, 0x00, 0x00, 0x00, 0x00, 0x30, 0x00, 0x00, 0x00, 0x13, 
0x00, 0x00, 0x00, 0x0C, 0x00, 0x00, 0x00, 0x0E, 0x00, 0x00, 0x00, 0x12, 0x00, 0x00, 0x00, 0x01, 
0x00, 0x00, 0x00, 0x00, 0x00, 0x00, 0x00, 0x31, 0x00, 0x00, 0x00, 0x12, 0x00, 0x00, 0x00, 0x0B, 
0x00, 0x00, 0x00, 0x0E, 0x00, 0x00, 0x00, 0x12, 0x00, 0x00, 0x00, 0x02, 0x00, 0x00, 0x00, 0x00, 
0x00, 0x00, 0x00, 0x32, 0x00, 0x00, 0x00, 0x12, 0x00, 0x00, 0x00, 0x0D, 0x00, 0x00, 0x00, 0x0E, 
0x00, 0x00, 0x00, 0x12, 0x00, 0x00, 0x00, 0x01, 0x00, 0x00, 0x00, 0x00, 0x00, 0x00, 0x00, 0x33, 
0x00, 0x00, 0x00, 0x13, 0x00, 0x00, 0x00, 0x0C, 0x00, 0x00, 0x00, 0x0E, 0x00, 0x00, 0x00, 0x12, 
0x00, 0x00, 0x00, 0x01, 0x00, 0x00, 0x00, 0x00, 0x00, 0x00, 0x00, 0x34, 0x00, 0x00, 0x00, 0x12, 
0x00, 0x00, 0x00, 0x0D, 0x00, 0x00, 0x00, 0x0E, 0x00, 0x00, 0x00, 0x12, 0x00, 0x00, 0x00, 0x01, 
0x00, 0x00, 0x00, 0x00, 0x00, 0x00, 0x00, 0x35, 0x00, 0x00, 0x00, 0x13, 0x00, 0x00, 0x00, 0x0C, 
0x00, 0x00, 0x00, 0x0E, 0x00, 0x00, 0x00, 0x12, 0x00, 0x00, 0x00, 0x01, 0x00, 0x00, 0x00, 0x00, 
0x00, 0x00, 0x00, 0x36, 0x00, 0x00, 0x00, 0x13, 0x00, 0x00, 0x00, 0x0C, 0x00, 0x00, 0x00, 0x0E, 
0x00, 0x00, 0x00, 0x12, 0x00, 0x00, 0x00, 0x01, 0x00, 0x00, 0x00, 0x00, 0x00, 0x00, 0x00, 0x37, 
0x00, 0x00, 0x00, 0x12, 0x00, 0x00, 0x00, 0x0C, 0x00, 0x00, 0x00, 0x0E, 0x00, 0x00, 0x00, 0x12, 
0x00, 0x00, 0x00, 0x01, 0x00, 0x00, 0x00, 0x00, 0x00, 0x00, 0x00, 0x38, 0x00, 0x00, 0x00, 0x13, 
0x00, 0x00, 0x00, 0x0C, 0x00, 0x00, 0x00, 0x0E, 0x00, 0x00, 0x00, 0x12, 0x00, 0x00, 0x00, 0x01, 
0x00, 0x00, 0x00, 0x00, 0x00, 0x00, 0x00, 0x39, 0x00, 0x00, 0x00, 0x13, 0x00, 0x00, 0x00, 0x0C, 
0x00, 0x00, 0x00, 0x0E, 0x00, 0x00, 0x00, 0x12, 0x00, 0x00, 0x00, 0x01, 0x00, 0x00, 0x00, 0x00, 
0x00, 0x00, 0x00, 0x3A, 0x00, 0x00, 0x00, 0x0F, 0x00, 0x00, 0x00, 0x04, 0x00, 0x00, 0x00, 0x0E, 
0x00, 0x00, 0x00, 0x0E, 0x00, 0x00, 0x00, 0x05, 0x00, 0x00, 0x00, 0x00, 0x00, 0x00, 0x00, 0x3B, 
0x00, 0x00, 0x00, 0x12, 0x00, 0x00, 0x00, 0x05, 0x00, 0x00, 0x00, 0x0E, 0x00, 0x00, 0x00, 0x0E, 
0x00, 0x00, 0x00, 0x05, 0x00, 0x00, 0x00, 0x00, 0x00, 0x00, 0x00, 0x3C, 0x00, 0x00, 0x00, 0x0D, 
0x00, 0x00, 0x00, 0x0B, 0x00, 0x00, 0x00, 0x0E, 0x00, 0x00, 0x00, 0x0F, 0x00, 0x00, 0x00, 0x02, 
0x00, 0x00, 0x00, 0x00, 0x00, 0x00, 0x00, 0x3D, 0x00, 0x00, 0x00, 0x07, 0x00, 0x00, 0x00, 0x0C, 
0x00, 0x00, 0x00, 0x0E, 0x00, 0x00, 0x00, 0x0C, 0x00, 0x00, 0x00, 0x01, 0x00, 0x00, 0x00, 0x00, 
0x00, 0x00, 0x00, 0x3E, 0x00, 0x00, 0x00, 0x0D, 0x00, 0x00, 0x00, 0x0B, 0x00, 0x00, 0x00, 0x0E, 
0x00, 0x00, 0x00, 0x0F, 0x00, 0x00, 0x00, 0x02, 0x00, 0x00, 0x00, 0x00, 0x00, 0x00, 0x00, 0x3F, 
0x00, 0x00, 0x00, 0x13, 0x00, 0x00, 0x00, 0x0B, 0x00, 0x00, 0x00, 0x0E, 0x00, 0x00, 0x00, 0x12, 
0x00, 0x00, 0x00, 0x02, 0x00, 0x00, 0x00, 0x00, 0x00, 0x00, 0x00, 0x40, 0x00, 0x00, 0x00, 0x15, 
0x00, 0x00, 0x00, 0x0F, 0x00, 0x00, 0x00, 0x0E, 0x00, 0x00, 0x00, 0x12, 0x00, 0x00, 0x00, 0x00, 
0x00, 0x00, 0x00, 0x00, 0x00, 0x00, 0x00, 0x41, 0x00, 0x00, 0x00, 0x12, 0x00, 0x00, 0x00, 0x0E, 
0x00, 0x00, 0x00, 0x0E, 0x00, 0x00, 0x00, 0x12, 0x00, 0x00, 0x00, 0x00, 0x00, 0x00, 0x00, 0x00, 
0x00, 0x00, 0x00, 0x42, 0x00, 0x00, 0x00, 0x12, 0x00, 0x00, 0x00, 0x0C, 0x00, 0x00, 0x00, 0x0E, 
0x00, 0x00, 0x00, 0x12, 0x00, 0x00, 0x00, 0x02, 0x00, 0x00, 0x00, 0x00, 0x00, 0x00, 0x00, 0x43, 
0x00, 0x00, 0x00, 0x13, 0x00, 0x00, 0x00, 0x0D, 0x00, 0x00, 0x00, 0x0E, 0x00, 0x00, 0x00, 0x12, 
0x00, 0x00, 0x00, 0x01, 0x00, 0x00, 0x00, 0x00, 0x00, 0x00, 0x00, 0x44, 0x00, 0x00, 0x00, 0x12, 
0x00, 0x00, 0x00, 0x0D, 0x00, 0x00, 0x00, 0x0E, 0x00, 0x00, 0x00, 0x12, 0x00, 0x00, 0x00, 0x01, 
0x00, 0x00, 0x00, 0x00, 0x00, 0x00, 0x00, 0x45, 0x00, 0x00, 0x00, 0x12, 0x00, 0x00, 0x00, 0x0B, 
0x00, 0x00, 0x00, 0x0E, 0x00, 0x00, 0x00, 0x12, 0x00, 0x00, 0x00, 0x02, 0x00, 0x00, 0x00, 0x00, 
0x00, 0x00, 0x00, 0x46, 0x00, 0x00, 0x00, 0x12, 0x00, 0x00, 0x00, 0x0B, 0x00, 0x00, 0x00, 0x0E, 
0x00, 0x00, 0x00, 0x12, 0x00, 0x00, 0x00, 0x02, 0x00, 0x00, 0x00, 0x00, 0x00, 0x00, 0x00, 0x47, 
0x00, 0x00, 0x00, 0x13, 0x00, 0x00, 0x00, 0x0C, 0x00, 0x00, 0x00, 0x0E, 0x00, 0x00, 0x00, 0x12, 
0x00, 0x00, 0x00, 0x01, 0x00, 0x00, 0x00, 0x00, 0x00, 0x00, 0x00, 0x48, 0x00, 0x00, 0x00, 0x12, 
0x00, 0x00, 0x00, 0x0C, 0x00, 0x00, 0x00, 0x0E, 0x00, 0x00, 0x00, 0x12, 0x00, 0x00, 0x00, 0x01, 
0x00, 0x00, 0x00, 0x00, 0x00, 0x00, 0x00, 0x49, 0x00, 0x00, 0x00, 0x12, 0x00, 0x00, 0x00, 0x0A, 
0x00, 0x00, 0x00, 0x0E, 0x00, 0x00, 0x00, 0x12, 0x00, 0x00, 0x00, 0x02, 0x00, 0x00, 0x00, 0x00, 
0x00, 0x00, 0x00, 0x4A, 0x00, 0x00, 0x00, 0x13, 0x00, 0x00, 0x00, 0x0A, 0x00, 0x00, 0x00, 0x0E, 
0x00, 0x00, 0x00, 0x12, 0x00, 0x00, 0x00, 0x02, 0x00, 0x00, 0x00, 0x00, 0x00, 0x00, 0x00, 0x4B, 
0x00, 0x00, 0x00, 0x12, 0x00, 0x00, 0x00, 0x0D, 0x00, 0x00, 0x00, 0x0E, 0x00, 0x00, 0x00, 0x12, 
0x00, 0x00, 0x00, 0x01, 0x00, 0x00, 0x00, 0x00, 0x00, 0x00, 0x00, 0x4C, 0x00, 0x00, 0x00, 0x12, 
0x00, 0x00, 0x00, 0x0B, 0x00, 0x00, 0x00, 0x0E, 0x00, 0x00, 0x00, 0x12, 0x00, 0x00, 0x00, 0x02, 
0x00, 0x00, 0x00, 0x00, 0x00, 0x00, 0x00, 0x4D, 0x00, 0x00, 0x00, 0x12, 0x00, 0x00, 0x00, 0x0D, 
0x00, 0x00, 0x00, 0x0E, 0x00, 0x00, 0x00, 0x12, 0x00, 0x00, 0x00, 0x01, 0x00, 0x00, 0x00, 0x00, 
0x00, 0x00, 0x00, 0x4E, 0x00, 0x00, 0x00, 0x12, 0x00, 0x00, 0x00, 0x0C, 0x00, 0x00, 0x00, 0x0E, 
0x00, 0x00, 0x00, 0x12, 0x00, 0x00, 0x00, 0x01, 0x00, 0x00, 0x00, 0x00, 0x00, 0x00, 0x00, 0x4F, 
0x00, 0x00, 0x00, 0x13, 0x00, 0x00, 0x00, 0x0D, 0x00, 0x00, 0x00, 0x0E, 0x00, 0x00, 0x00, 0x12, 
0x00, 0x00, 0x00, 0x01, 0x00, 0x00, 0x00, 0x00, 0x00, 0x00, 0x00, 0x50, 0x00, 0x00, 0x00, 0x12, 
0x00, 0x00, 0x00, 0x0C, 0x00, 0x00, 0x00, 0x0E, 0x00, 0x00, 0x00, 0x12, 0x00, 0x00, 0x00, 0x02, 
0x00, 0x00, 0x00, 0x00, 0x00, 0x00, 0x00, 0x51, 0x00, 0x00, 0x00, 0x17, 0x00, 0x00, 0x00, 0x0D, 
0x00, 0x00, 0x00, 0x0E, 0x00, 0x00, 0x00, 0x12, 0x00, 0x00, 0x00, 0x01, 0x00, 0x00, 0x00, 0x00, 
0x00, 0x00, 0x00, 0x52, 0x00, 0x00, 0x00, 0x12, 0x00, 0x00, 0x00, 0x0C, 0x00, 0x00, 0x00, 0x0E, 
0x00, 0x00, 0x00, 0x12, 0x00, 0x00, 0x00, 0x02, 0x00, 0x00, 0x00, 0x00, 0x00, 0x00, 0x00, 0x53, 
0x00, 0x00, 0x00, 0x13, 0x00, 0x00, 0x00, 0x0B, 0x00, 0x00, 0x00, 0x0E, 0x00, 0x00, 0x00, 0x12, 
0x00, 0x00, 0x00, 0x02, 0x00, 0x00, 0x00, 0x00, 0x00, 0x00, 0x00, 0x54, 0x00, 0x00, 0x00, 0x12, 
0x00, 0x00, 0x00, 0x0D, 0x00, 0x00, 0x00, 0x0E, 0x00, 0x00, 0x00, 0x12, 0x00, 0x00, 0x00, 0x01, 
0x00, 0x00, 0x00, 0x00, 0x00, 0x00, 0x00, 0x55, 0x00, 0x00, 0x00, 0x13, 0x00, 0x00, 0x00, 0x0C, 
0x00, 0x00, 0x00, 0x0E, 0x00, 0x00, 0x00, 0x12, 0x00, 0x00, 0x00, 0x01, 0x00, 0x00, 0x00, 0x00, 
0x00, 0x00, 0x00, 0x56, 0x00, 0x00, 0x00, 0x12, 0x00, 0x00, 0x00, 0x0E, 0x00, 0x00, 0x00, 0x0E, 
0x00, 0x00, 0x00, 0x12, 0x00, 0x00, 0x00, 0x00, 0x00, 0x00, 0x00, 0x00, 0x00, 0x00, 0x00, 0x57, 
0x00, 0x00, 0x00, 0x12, 0x00, 0x00, 0x00, 0x0E, 0x00, 0x00, 0x00, 0x0E, 0x00, 0x00, 0x00, 0x12, 
0x00, 0x00, 0x00, 0x00, 0x00, 0x00, 0x00, 0x00, 0x00, 0x00, 0x00, 0x58, 0x00, 0x00, 0x00, 0x12, 
0x00, 0x00, 0x00, 0x0E, 0x00, 0x00, 0x00, 0x0E, 0x00, 0x00, 0x00, 0x12, 0x00, 0x00, 0x00, 0x00, 
0x00, 0x00, 0x00, 0x00, 0x00, 0x00, 0x00, 0x59, 0x00, 0x00, 0x00, 0x12, 0x00, 0x00, 0x00, 0x0E, 
0x00, 0x00, 0x00, 0x0E, 0x00, 0x00, 0x00, 0x12, 0x00, 0x00, 0x00, 0x00, 0x00, 0x00, 0x00, 0x00, 
0x00, 0x00, 0x00, 0x5A, 0x00, 0x00, 0x00, 0x12, 0x00, 0x00, 0x00, 0x0B, 0x00, 0x00, 0x00, 0x0E, 
0x00, 0x00, 0x00, 0x12, 0x00, 0x00, 0x00, 0x02, 0x00, 0x00, 0x00, 0x00, 0x00, 0x00, 0x00, 0x5B, 
0x00, 0x00, 0x00, 0x16, 0x00, 0x00, 0x00, 0x07, 0x00, 0x00, 0x00, 0x0E, 0x00, 0x00, 0x00, 0x12, 
0x00, 0x00, 0x00, 0x05, 0x00, 0x00, 0x00, 0x00, 0x00, 0x00, 0x00, 0x5C, 0x00, 0x00, 0x00, 0x12, 
0x00, 0x00, 0x00, 0x0A, 0x00, 0x00, 0x00, 0x0E, 0x00, 0x00, 0x00, 0x12, 0x00, 0x00, 0x00, 0x02, 
0x00, 0x00, 0x00, 0x00, 0x00, 0x00, 0x00, 0x5D, 0x00, 0x00, 0x00, 0x16, 0x00, 0x00, 0x00, 0x06, 
0x00, 0x00, 0x00, 0x0E, 0x00, 0x00, 0x00, 0x12, 0x00, 0x00, 0x00, 0x03, 0x00, 0x00, 0x00, 0x00, 
0x00, 0x00, 0x00, 0x5E, 0x00, 0x00, 0x00, 0x0C, 0x00, 0x00, 0x00, 0x0D, 0x00, 0x00, 0x00, 0x0E, 
0x00, 0x00, 0x00, 0x12, 0x00, 0x00, 0x00, 0x01, 0x00, 0x00, 0x00, 0x00, 0x00, 0x00, 0x00, 0x5F, 
0x00, 0x00, 0x00, 0x03, 0x00, 0x00, 0x00, 0x0F, 0x00, 0x00, 0x00, 0x0E, 0xFF, 0xFF, 0xFF, 0xFF, 
0x00, 0x00, 0x00, 0x00, 0x00, 0x00, 0x00, 0x00, 0x00, 0x00, 0x00, 0x60, 0x00, 0x00, 0x00, 0x05, 
0x00, 0x00, 0x00, 0x06, 0x00, 0x00, 0x00, 0x0E, 0x00, 0x00, 0x00, 0x13, 0x00, 0x00, 0x00, 0x04, 
0x00, 0x00, 0x00, 0x00, 0x00, 0x00, 0x00, 0x61, 0x00, 0x00, 0x00, 0x0F, 0x00, 0x00, 0x00, 0x0C, 
0x00, 0x00, 0x00, 0x0E, 0x00, 0x00, 0x00, 0x0E, 0x00, 0x00, 0x00, 0x01, 0x00, 0x00, 0x00, 0x00, 
0x00, 0x00, 0x00, 0x62, 0x00, 0x00, 0x00, 0x14, 0x00, 0x00, 0x00, 0x0D, 0x00, 0x00, 0x00, 0x0E, 
0x00, 0x00, 0x00, 0x13, 0x00, 0x00, 0x00, 0x01, 0x00, 0x00, 0x00, 0x00, 0x00, 0x00, 0x00, 0x63, 
0x00, 0x00, 0x00, 0x0F, 0x00, 0x00, 0x00, 0x0B, 0x00, 0x00, 0x00, 0x0E, 0x00, 0x00, 0x00, 0x0E, 
0x00, 0x00, 0x00, 0x02, 0x00, 0x00, 0x00, 0x00, 0x00, 0x00, 0x00, 0x64, 0x00, 0x00, 0x00, 0x14, 
0x00, 0x00, 0x00, 0x0C, 0x00, 0x00, 0x00, 0x0E, 0x00, 0x00, 0x00, 0x13, 0x00, 0x00, 0x00, 0x01, 
0x00, 0x00, 0x00, 0x00, 0x00, 0x00, 0x00, 0x65, 0x00, 0x00, 0x00, 0x0F, 0x00, 0x00, 0x00, 0x0C, 
0x00, 0x00, 0x00, 0x0E, 0x00, 0x00, 0x00, 0x0E, 0x00, 0x00, 0x00, 0x01, 0x00, 0x00, 0x00, 0x00, 
0x00, 0x00, 0x00, 0x66, 0x00, 0x00, 0x00, 0x13, 0x00, 0x00, 0x00, 0x0D, 0x00, 0x00, 0x00, 0x0E, 
0x00, 0x00, 0x00, 0x13, 0x00, 0x00, 0x00, 0x01, 0x00, 0x00, 0x00, 0x00, 0x00, 0x00, 0x00, 0x67, 
0x00, 0x00, 0x00, 0x14, 0x00, 0x00, 0x00, 0x0C, 0x00, 0x00, 0x00, 0x0E, 0x00, 0x00, 0x00, 0x0E, 
0x00, 0x00, 0x00, 0x01, 0x00, 0x00, 0x00, 0x00, 0x00, 0x00, 0x00, 0x68, 0x00, 0x00, 0x00, 0x13, 
0x00, 0x00, 0x00, 0x0C, 0x00, 0x00, 0x00, 0x0E, 0x00, 0x00, 0x00, 0x13, 0x00, 0x00, 0x00, 0x01, 
0x00, 0x00, 0x00, 0x00, 0x00, 0x00, 0x00, 0x69, 0x00, 0x00, 0x00, 0x13, 0x00, 0x00, 0x00, 0x0C, 
0x00, 0x00, 0x00, 0x0E, 0x00, 0x00, 0x00, 0x13, 0x00, 0x00, 0x00, 0x01, 0x00, 0x00, 0x00, 0x00, 
0x00, 0x00, 0x00, 0x6A, 0x00, 0x00, 0x00, 0x19, 0x00, 0x00, 0x00, 0x09, 0x00, 0x00, 0x00, 0x0E, 
0x00, 0x00, 0x00, 0x13, 0x00, 0x00, 0x00, 0x01, 0x00, 0x00, 0x00, 0x00, 0x00, 0x00, 0x00, 0x6B, 
0x00, 0x00, 0x00, 0x13, 0x00, 0x00, 0x00, 0x0C, 0x00, 0x00, 0x00, 0x0E, 0x00, 0x00, 0x00, 0x13, 
0x00, 0x00, 0x00, 0x02, 0x00, 0x00, 0x00, 0x00, 0x00, 0x00, 0x00, 0x6C, 0x00, 0x00, 0x00, 0x13, 
0x00, 0x00, 0x00, 0x0C, 0x00, 0x00, 0x00, 0x0E, 0x00, 0x00, 0x00, 0x13, 0x00, 0x00, 0x00, 0x01, 
0x00, 0x00, 0x00, 0x00, 0x00, 0x00, 0x00, 0x6D, 0x00, 0x00, 0x00, 0x0E, 0x00, 0x00, 0x00, 0x0D, 
0x00, 0x00, 0x00, 0x0E, 0x00, 0x00, 0x00, 0x0E, 0x00, 0x00, 0x00, 0x01, 0x00, 0x00, 0x00, 0x00, 
0x00, 0x00, 0x00, 0x6E, 0x00, 0x00, 0x00, 0x0E, 0x00, 0x00, 0x00, 0x0C, 0x00, 0x00, 0x00, 0x0E, 
0x00, 0x00, 0x00, 0x0E, 0x00, 0x00, 0x00, 0x01, 0x00, 0x00, 0x00, 0x00, 0x00, 0x00, 0x00, 0x6F, 
0x00, 0x00, 0x00, 0x0F, 0x00, 0x00, 0x00, 0x0D, 0x00, 0x00, 0x00, 0x0E, 0x00, 0x00, 0x00, 0x0E, 
0x00, 0x00, 0x00, 0x01, 0x00, 0x00, 0x00, 0x00, 0x00, 0x00, 0x00, 0x70, 0x00, 0x00, 0x00, 0x14, 
0x00, 0x00, 0x00, 0x0D, 0x00, 0x00, 0x00, 0x0E, 0x00, 0x00, 0x00, 0x0E, 0x00, 0x00, 0x00, 0x01, 
0x00, 0x00, 0x00, 0x00, 0x00, 0x00, 0x00, 0x71, 0x00, 0x00, 0x00, 0x14, 0x00, 0x00, 0x00, 0x0C, 
0x00, 0x00, 0x00, 0x0E, 0x00, 0x00, 0x00, 0x0E, 0x00, 0x00, 0x00, 0x01, 0x00, 0x00, 0x00, 0x00, 
0x00, 0x00, 0x00, 0x72, 0x00, 0x00, 0x00, 0x0E, 0x00, 0x00, 0x00, 0x0D, 0x00, 0x00, 0x00, 0x0E, 
0x00, 0x00, 0x00, 0x0E, 0x00, 0x00, 0x00, 0x01, 0x00, 0x00, 0x00, 0x00, 0x00, 0x00, 0x00, 0x73, 
0x00, 0x00, 0x00, 0x0F, 0x00, 0x00, 0x00, 0x0A, 0x00, 0x00, 0x00, 0x0E, 0x00, 0x00, 0x00, 0x0E, 
0x00, 0x00, 0x00, 0x02, 0x00, 0x00, 0x00, 0x00, 0x00, 0x00, 0x00, 0x74, 0x00, 0x00, 0x00, 0x12, 
0x00, 0x00, 0x00, 0x0C, 0x00, 0x00, 0x00, 0x0E, 0x00, 0x00, 0x00, 0x11, 0x00, 0x00, 0x00, 0x01, 
0x00, 0x00, 0x00, 0x00, 0x00, 0x00, 0x00, 0x75, 0x00, 0x00, 0x00, 0x0E, 0x00, 0x00, 0x00, 0x0C, 
0x00, 0x00, 0x00, 0x0E, 0x00, 0x00, 0x00, 0x0D, 0x00, 0x00, 0x00, 0x01, 0x00, 0x00, 0x00, 0x00, 
0x00, 0x00, 0x00, 0x76, 0x00, 0x00, 0x00, 0x0D, 0x00, 0x00, 0x00, 0x0D, 0x00, 0x00, 0x00, 0x0E, 
0x00, 0x00, 0x00, 0x0D, 0x00, 0x00, 0x00, 0x01, 0x00, 0x00, 0x00, 0x00, 0x00, 0x00, 0x00, 0x77, 
0x00, 0x00, 0x00, 0x0D, 0x00, 0x00, 0x00, 0x0F, 0x00, 0x00, 0x00, 0x0E, 0x00, 0x00, 0x00, 0x0D, 
0x00, 0x00, 0x00, 0x00, 0x00, 0x00, 0x00, 0x00, 0x00, 0x00, 0x00, 0x78, 0x00, 0x00, 0x00, 0x0D, 
0x00, 0x00, 0x00, 0x0D, 0x00, 0x00, 0x00, 0x0E, 0x00, 0x00, 0x00, 0x0D, 0x00, 0x00, 0x00, 0x01, 
0x00, 0x00, 0x00, 0x00, 0x00, 0x00, 0x00, 0x79, 0x00, 0x00, 0x00, 0x13, 0x00, 0x00, 0x00, 0x0D, 
0x00, 0x00, 0x00, 0x0E, 0x00, 0x00, 0x00, 0x0D, 0x00, 0x00, 0x00, 0x01, 0x00, 0x00, 0x00, 0x00, 
0x00, 0x00, 0x00, 0x7A, 0x00, 0x00, 0x00, 0x0D, 0x00, 0x00, 0x00, 0x0B, 0x00, 0x00, 0x00, 0x0E, 
0x00, 0x00, 0x00, 0x0D, 0x00, 0x00, 0x00, 0x02, 0x00, 0x00, 0x00, 0x00, 0x00, 0x00, 0x00, 0x7B, 
0x00, 0x00, 0x00, 0x16, 0x00, 0x00, 0x00, 0x09, 0x00, 0x00, 0x00, 0x0E, 0x00, 0x00, 0x00, 0x12, 
0x00, 0x00, 0x00, 0x03, 0x00, 0x00, 0x00, 0x00, 0x00, 0x00, 0x00, 0x7C, 0x00, 0x00, 0x00, 0x19, 
0x00, 0x00, 0x00, 0x03, 0x00, 0x00, 0x00, 0x0E, 0x00, 0x00, 0x00, 0x13, 0x00, 0x00, 0x00, 0x06, 
0x00, 0x00, 0x00, 0x00, 0x00, 0x00, 0x00, 0x7D, 0x00, 0x00, 0x00, 0x16, 0x00, 0x00, 0x00, 0x09, 
0x00, 0x00, 0x00, 0x0E, 0x00, 0x00, 0x00, 0x12, 0x00, 0x00, 0x00, 0x03, 0x00, 0x00, 0x00, 0x00, 
0x00, 0x00, 0x00, 0x7E, 0x00, 0x00, 0x00, 0x06, 0x00, 0x00, 0x00, 0x0C, 0x00, 0x00, 0x00, 0x0E, 
0x00, 0x00, 0x00, 0x0C, 0x00, 0x00, 0x00, 0x01, 0x00, 0x00, 0x00, 0x00, 0x00, 0x00, 0x00, 0x00, 
0x00, 0x03, 0x24, 0x24, 0x12, 0x14, 0xFF, 0xFF, 0x7E, 0x0C, 0xFF, 0xFF, 0x78, 0x04, 0xFF, 0xFF, 
0x70, 0x00, 0xFC, 0xFF, 0x68, 0x00, 0xF4, 0xFF, 0x60, 0x00, 0xEC, 0xFF, 0x58, 0x00, 0xE4, 0xFF, 
0x50, 0x00, 0xDC, 0xFF, 0x48, 0x00, 0xD4, 0xFF, 0x40, 0x00, 0xCD, 0xFF, 0x38, 0x00, 0xC6, 0xFF, 
0x30, 0x00, 0xBE, 0xFF, 0x2A, 0x00, 0x1D, 0x28, 0x06, 0x00, 0x00, 0x03, 0x00, 0x10, 0xD8, 0xF8, 
0x57, 0x43, 0xFF, 0xFF, 0xAB, 0x1C, 0xF3, 0xFF, 0x76, 0x00, 0x17, 0x2E, 0x00, 0x05, 0x24, 0x24, 
0x04, 0x00, 0x1A, 0x24, 0x14, 0x1C, 0xFF, 0xFF, 0x13, 0x00, 0xAB, 0xFF, 0x83, 0x09, 0xFF, 0xFD, 
0x02, 0x00, 0x97, 0xFF, 0x6F, 0x00, 0xF5, 0xEB, 0x00, 0x00, 0x83, 0xFF, 0x5B, 0x00, 0xE2, 0xD7, 
0x00, 0x00, 0x6F, 0xFF, 0x47, 0x00, 0xCE, 0xC3, 0x00, 0x00, 0x5B, 0xFF, 0x33, 0x00, 0xBB, 0xAF, 
0x00, 0x00, 0x47, 0xFF, 0x1F, 0x00, 0x0B, 0x0A, 0x00, 0x00, 0x04, 0x10, 0x01, 0x00, 0x00, 0x00, 
0x00, 0x00, 0x0D, 0x24, 0x0E, 0x00, 0x00, 0x17, 0x24, 0x01, 0x00, 0x00, 0x00, 0x00, 0x00, 0x00, 
0x76, 0xFF, 0x46, 0x00, 0x00, 0xBE, 0xEA, 0x00, 0x00, 0x00, 0x00, 0x00, 0x00, 0x00, 0xA6, 0xFF, 
0x16, 0x00, 0x01, 0xEF, 0xB7, 0x00, 0x00, 0x00, 0x00, 0x00, 0x00, 0x00, 0xD6, 0xE6, 0x00, 0x00, 
0x22, 0xFF, 0x87, 0x00, 0x00, 0x00, 0x00, 0x00, 0x00, 0x09, 0xFD, 0xB6, 0x00, 0x00, 0x51, 0xFF, 
0x56, 0x00, 0x00, 0x00, 0x08, 0x0C, 0x0C, 0x3E, 0xFF, 0x8D, 0x0C, 0x0C, 0x87, 0xFF, 0x31, 0x0C, 
0x0B, 0x00, 0xA0, 0xFF, 0xFF, 0xFF, 0xFF, 0xFF, 0xFF, 0xFF, 0xFF, 0xFF, 0xFF, 0xFF, 0xEC, 0x00, 
0x55, 0x88, 0x88, 0xD4, 0xFF, 0x8E, 0x88, 0x89, 0xFF, 0xDD, 0x88, 0x88, 0x7D, 0x00, 0x00, 0x00, 
0x00, 0xC7, 0xEA, 0x00, 0x00, 0x25, 0xFF, 0x91, 0x00, 0x00, 0x00, 0x00, 0x00, 0x00, 0x05, 0xF7, 
0xB6, 0x00, 0x00, 0x56, 0xFF, 0x5E, 0x00, 0x00, 0x00, 0x00, 0x00, 0x00, 0x2F, 0xFF, 0x86, 0x00, 
0x00, 0x89, 0xFF, 0x2F, 0x00, 0x00, 0x00, 0x53, 0xA0, 0xA0, 0xBF, 0xFF, 0xC6, 0xA0, 0xA0, 0xE0, 
0xFF, 0xA5, 0xA0, 0xA0, 0x12, 0x82, 0xFC, 0xFC, 0xFF, 0xFF, 0xFC, 0xFC, 0xFC, 0xFF, 0xFF, 0xFC, 
0xFC, 0xFC, 0x1C, 0x00, 0x00, 0x00, 0xC2, 0xF1, 0x01, 0x00, 0x1E, 0xFF, 0x9A, 0x00, 0x00, 0x00, 
0x00, 0x00, 0x00, 0x01, 0xEE, 0xC2, 0x00, 0x00, 0x4E, 0xFF, 0x68, 0x00, 0x00, 0x00, 0x00, 0x00, 
0x00, 0x1E, 0xFF, 0x93, 0x00, 0x00, 0x82, 0xFF, 0x36, 0x00, 0x00, 0x00, 0x00, 0x00, 0x00, 0x4E, 
0xFF, 0x62, 0x00, 0x00, 0xB2, 0xFB, 0x08, 0x00, 0x00, 0x00, 0x00, 0x00, 0x00, 0x7E, 0xFF, 0x32, 
0x00, 0x00, 0xE2, 0xD1, 0x00, 0x00, 0x00, 0x00, 0x00, 0x00, 0x00, 0x00, 0x00, 0x00, 0x27, 0x2F, 
0x00, 0x00, 0x00, 0x00, 0x00, 0x00, 0x00, 0x00, 0x00, 0x00, 0xB0, 0xD8, 0x00, 0x00, 0x00, 0x00, 
0x00, 0x00, 0x00, 0x00, 0x17, 0x5B, 0xD4, 0xEB, 0x72, 0x4E, 0x13, 0x00, 0x00, 0x00, 0x02, 0x8A, 
0xFB, 0xFF, 0xFF, 0xFF, 0xFF, 0xFF, 0xFD, 0x8F, 0x00, 0x00, 0x7C, 0xFF, 0xF5, 0x91, 0xD1, 0xE6, 
0x6D, 0x9F, 0xE9, 0x6E, 0x00, 0x01, 0xEB, 0xFF, 0x4C, 0x00, 0xB0, 0xD8, 0x00, 0x00, 0x04, 0x08, 
0x00, 0x10, 0xFF, 0xFF, 0x05, 0x00, 0xB0, 0xD8, 0x00, 0x00, 0x00, 0x00, 0x00, 0x04, 0xFA, 0xFF, 
0x29, 0x00, 0xB0, 0xD8, 0x00, 0x00, 0x00, 0x00, 0x00, 0x00, 0xAA, 0xFF, 0xD7, 0x4A, 0xB4, 0xD8, 
0x00, 0x00, 0x00, 0x00, 0x00, 0x00, 0x14, 0xCB, 0xFF, 0xFF, 0xFF, 0xEA, 0x46, 0x04, 0x00, 0x00, 
0x00, 0x00, 0x00, 0x04, 0x63, 0xD3, 0xFF, 0xFF, 0xFF, 0xE5, 0x74, 0x04, 0x00, 0x00, 0x00, 0x00, 
0x00, 0x00, 0xB6, 0xF2, 0xD3, 0xFF, 0xFF, 0xB3, 0x01, 0x00, 0x00, 0x00, 0x00, 0x00, 0xB0, 0xD8, 
0x00, 0x42, 0xF2, 0xFF, 0x43, 0x00, 0x00, 0x00, 0x00, 0x00, 0xB0, 0xD8, 0x00, 0x00, 0xA1, 0xFF, 
0x75, 0x00, 0x00, 0x00, 0x00, 0x00, 0xB0, 0xD8, 0x00, 0x00, 0xAF, 0xFF, 0x6E, 0x00, 0x64, 0x26, 
0x00, 0x00, 0xB0, 0xD8, 0x02, 0x5C, 0xFC, 0xFD, 0x26, 0x00, 0xD8, 0xFF, 0xE3, 0xB9, 0xE6, 0xF8, 
0xE9, 0xFF, 0xFF, 0x75, 0x00, 0x00, 0x79, 0xD6, 0xFE, 0xFF, 0xFF, 0xFF, 0xF7, 0xB5, 0x40, 0x00, 
0x00, 0x00, 0x00, 0x00, 0x08, 0x22, 0xBE, 0xDB, 0x03, 0x00, 0x00, 0x00, 0x00, 0x00, 0x00, 0x00, 
0x00, 0x00, 0xB0, 0xD8, 0x00, 0x00, 0x00, 0x00, 0x00, 0x00, 0x00, 0x00, 0x00, 0x00, 0x45, 0x54, 
0x00, 0x00, 0x00, 0x00, 0x00, 0x00, 0x01, 0x34, 0x50, 0x28, 0x00, 0x00, 0x00, 0x00, 0x00, 0x12, 
0x24, 0x0D, 0x00, 0x00, 0x0D, 0xC0, 0xFF, 0xFF, 0xFF, 0x9B, 0x01, 0x00, 0x00, 0x00, 0xC9, 0xF8, 
0x1A, 0x00, 0x00, 0x8C, 0xFF, 0x76, 0x20, 0x94, 0xFF, 0x62, 0x00, 0x00, 0x48, 0xFF, 0x92, 0x00, 
0x00, 0x00, 0xDF, 0xE7, 0x01, 0x00, 0x11, 0xFF, 0xBA, 0x00, 0x00, 0xC8, 0xF8, 0x1A, 0x00, 0x00, 
0x00, 0xFC, 0xCB, 0x00, 0x00, 0x00, 0xF3, 0xD6, 0x00, 0x48, 0xFF, 0x92, 0x00, 0x00, 0x00, 0x00, 
0xF0, 0xD5, 0x00, 0x00, 0x02, 0xFB, 0xCC, 0x00, 0xC8, 0xF8, 0x1B, 0x00, 0x00, 0x00, 0x00, 0xB8, 
0xFC, 0x1B, 0x00, 0x3D, 0xFF, 0x96, 0x48, 0xFF, 0x94, 0x00, 0x00, 0x00, 0x00, 0x00, 0x37, 0xF9, 
0xDE, 0x9B, 0xEA, 0xF2, 0x23, 0xC8, 0xF8, 0x1C, 0x00, 0x00, 0x00, 0x00, 0x00, 0x00, 0x39, 0xAD, 
0xCC, 0xA6, 0x2B, 0x48, 0xFF, 0x95, 0x00, 0x00, 0x00, 0x00, 0x00, 0x00, 0x00, 0x00, 0x00, 0x00, 
0x00, 0x00, 0xC8, 0xF9, 0x1D, 0x00, 0x00, 0x00, 0x00, 0x00, 0x00, 0x00, 0x00, 0x00, 0x00, 0x00, 
0x46, 0xFF, 0x96, 0x13, 0x9C, 0xE2, 0xE0, 0x8E, 0x0A, 0x00, 0x00, 0x00, 0x00, 0x00, 0x00, 0xC6, 
0xF9, 0x1E, 0xC7, 0xFC, 0x99, 0xA0, 0xFF, 0xAF, 0x00, 0x00, 0x00, 0x00, 0x00, 0x46, 0xFF, 0x97, 
0x3D, 0xFF, 0x92, 0x00, 0x00, 0xA7, 0xFF, 0x29, 0x00, 0x00, 0x00, 0x00, 0xC4, 0xFA, 0x1E, 0x6D, 
0xFF, 0x5A, 0x00, 0x00, 0x72, 0xFF, 0x5D, 0x00, 0x00, 0x00, 0x44, 0xFF, 0x98, 0x00, 0x72, 0xFF, 
0x54, 0x00, 0x00, 0x6C, 0xFF, 0x62, 0x00, 0x00, 0x00, 0xC4, 0xFA, 0x1E, 0x00, 0x4F, 0xFF, 0x78, 
0x00, 0x00, 0x90, 0xFF, 0x3F, 0x00, 0x00, 0x44, 0xFF, 0x98, 0x00, 0x00, 0x08, 0xE3, 0xE6, 0x48, 
0x4D, 0xF0, 0xDC, 0x04, 0x00, 0x00, 0xC4, 0xFA, 0x1E, 0x00, 0x00, 0x00, 0x32, 0xDE, 0xFF, 0xFF, 
0xDC, 0x30, 0x00, 0x00, 0x00, 0x00, 0x00, 0x00, 0x00, 0x00, 0x00, 0x00, 0x03, 0x2E, 0x2B, 0x02, 
0x00, 0x00, 0x00, 0x00, 0x00, 0x00, 0x26, 0x5D, 0x5C, 0x23, 0x00, 0x00, 0x00, 0x00, 0x00, 0x00, 
0x00, 0x00, 0x00, 0x89, 0xFF, 0xFF, 0xFF, 0xFD, 0x7E, 0x00, 0x00, 0x00, 0x00, 0x00, 0x00, 0x00, 
0x46, 0xFF, 0xE8, 0x59, 0x5C, 0xEB, 0xFF, 0x3C, 0x00, 0x00, 0x00, 0x00, 0x00, 0x00, 0x91, 0xFF, 
0x71, 0x00, 0x00, 0x77, 0xFF, 0x85, 0x00, 0x00, 0x00, 0x00, 0x00, 0x00, 0x99, 0xFF, 0x5F, 0x00, 
0x00, 0x6B, 0xFF, 0x8C, 0x00, 0x00, 0x00, 0x00, 0x00, 0x00, 0x6F, 0xFF, 0x93, 0x00, 0x00, 0xBE, 
0xFF, 0x57, 0x00, 0x00, 0x00, 0x00, 0x00, 0x00, 0x1B, 0xFB, 0xED, 0x0D, 0x74, 0xFF, 0xD5, 0x05, 
0x00, 0x00, 0x00, 0x00, 0x00, 0x00, 0x00, 0x93, 0xFF, 0xCF, 0xFF, 0xEB, 0x29, 0x00, 0x00, 0x00, 
0x00, 0x00, 0x00, 0x00, 0x00, 0x25, 0xFF, 0xFF, 0xE5, 0x27, 0x00, 0x00, 0x00, 0x00, 0x00, 0x00, 
0x00, 0x00, 0x26, 0xE0, 0xFF, 0xFF, 0xF4, 0x2B, 0x00, 0x00, 0x00, 0x57, 0x60, 0x08, 0x00, 0x10, 
0xE0, 0xFF, 0xA0, 0x75, 0xFF, 0xDC, 0x12, 0x00, 0x13, 0xFE, 0xED, 0x01, 0x00, 0x8F, 0xFF, 0xBC, 
0x02, 0x00, 0xA9, 0xFF, 0xB7, 0x03, 0x60, 0xFF, 0xAA, 0x00, 0x00, 0xE9, 0xFF, 0x32, 0x00, 0x00, 
0x0C, 0xD6, 0xFF, 0x87, 0xC9, 0xFF, 0x51, 0x00, 0x0D, 0xFF, 0xFF, 0x04, 0x00, 0x00, 0x00, 0x29, 
0xF4, 0xFF, 0xFF, 0xDB, 0x03, 0x00, 0x05, 0xFC, 0xFF, 0x21, 0x00, 0x00, 0x00, 0x00, 0x6B, 0xFF, 
0xFF, 0x69, 0x00, 0x00, 0x00, 0xC5, 0xFF, 0xA5, 0x02, 0x00, 0x00, 0x30, 0xDC, 0xFF, 0xFF, 0xDC, 
0x12, 0x00, 0x00, 0x46, 0xFE, 0xFF, 0xD8, 0xA1, 0xBE, 0xFD, 0xFF, 0xA7, 0xC4, 0xFF, 0xB9, 0x03, 
0x00, 0x00, 0x55, 0xE4, 0xFF, 0xFF, 0xFF, 0xDA, 0x5F, 0x01, 0x1B, 0xE9, 0xFF, 0x8A, 0x00, 0x00, 
0x00, 0x02, 0x29, 0x39, 0x20, 0x00, 0x00, 0x00, 0x00, 0x00, 0x00, 0x00, 0x22, 0x24, 0x0C, 0xE7, 
0xFF, 0x47, 0xD3, 0xFF, 0x33, 0xBF, 0xFF, 0x1F, 0xAB, 0xFF, 0x0B, 0x97, 0xF7, 0x00, 0x83, 0xE3, 
0x00, 0x08, 0x0E, 0x00, 0x00, 0x00, 0x00, 0x00, 0x1A, 0x24, 0x0A, 0x00, 0x00, 0x00, 0x31, 0xF8, 
0xD8, 0x08, 0x00, 0x00, 0x04, 0xD3, 0xFF, 0x42, 0x00, 0x00, 0x00, 0x68, 0xFF, 0xBA, 0x00, 0x00, 
0x00, 0x02, 0xDE, 0xFF, 0x48, 0x00, 0x00, 0x00, 0x3F, 0xFF, 0xE6, 0x03, 0x00, 0x00, 0x00, 0x8D, 
0xFF, 0x9C, 0x00, 0x00, 0x00, 0x00, 0xCA, 0xFF, 0x5B, 0x00, 0x00, 0x00, 0x02, 0xF7, 0xFF, 0x2B, 
0x00, 0x00, 0x00, 0x19, 0xFF, 0xFF, 0x0C, 0x00, 0x00, 0x00, 0x2C, 0xFF, 0xF8, 0x00, 0x00, 0x00, 
0x00, 0x32, 0xFF, 0xF3, 0x00, 0x00, 0x00, 0x00, 0x29, 0xFF, 0xFB, 0x00, 0x00, 0x00, 0x00, 0x14, 
0xFF, 0xFF, 0x13, 0x00, 0x00, 0x00, 0x01, 0xF1, 0xFF, 0x37, 0x00, 0x00, 0x00, 0x00, 0xC1, 0xFF, 
0x6D, 0x00, 0x00, 0x00, 0x00, 0x7E, 0xFF, 0xB0, 0x00, 0x00, 0x00, 0x00, 0x2C, 0xFF, 0xF7, 0x0E, 
0x00, 0x00, 0x00, 0x00, 0xC4, 0xFF, 0x6B, 0x00, 0x00, 0x00, 0x00, 0x44, 0xFF, 0xDE, 0x06, 0x00, 
0x00, 0x00, 0x00, 0xA6, 0xFF, 0x73, 0x00, 0x00, 0x00, 0x00, 0x0E, 0xBB, 0xC1, 0x11, 0x1E, 0x24, 
0x05, 0x00, 0x00, 0x00, 0x75, 0xFF, 0x93, 0x00, 0x00, 0x00, 0x03, 0xD4, 0xFF, 0x45, 0x00, 0x00, 
0x00, 0x51, 0xFF, 0xD6, 0x02, 0x00, 0x00, 0x02, 0xDC, 0xFF, 0x4E, 0x00, 0x00, 0x00, 0x7E, 0xFF, 
0xAE, 0x00, 0x00, 0x00, 0x30, 0xFF, 0xF4, 0x06, 0x00, 0x00, 0x01, 0xF0, 0xFF, 0x36, 0x00, 0x00, 
0x00, 0xC1, 0xFF, 0x63, 0x00, 0x00, 0x00, 0xA1, 0xFF, 0x81, 0x00, 0x00, 0x00, 0x90, 0xFF, 0x91, 
0x00, 0x00, 0x00, 0x8B, 0xFF, 0x95, 0x00, 0x00, 0x00, 0x95, 0xFF, 0x8B, 0x00, 0x00, 0x00, 0xAE, 
0xFF, 0x73, 0x00, 0x00, 0x00, 0xD6, 0xFF, 0x4E, 0x00, 0x00, 0x0C, 0xFD, 0xFF, 0x1B, 0x00, 0x00, 
0x4D, 0xFF, 0xD8, 0x00, 0x00, 0x00, 0xA2, 0xFF, 0x84, 0x00, 0x00, 0x12, 0xF5, 0xFC, 0x21, 0x00, 
0x00, 0x80, 0xFF, 0x9F, 0x00, 0x00, 0x1C, 0xF4, 0xEE, 0x17, 0x00, 0x00, 0x85, 0xCC, 0x4C, 0x00, 
0x00, 0x00, 0x00, 0x00, 0x00, 0x00, 0xA9, 0xE8, 0x1A, 0x00, 0x00, 0x00, 0x00, 0x00, 0x00, 0x00, 
0x00, 0xA7, 0xFF, 0x0A, 0x00, 0x00, 0x00, 0x00, 0x00, 0x00, 0x00, 0x00, 0x93, 0xFA, 0x00, 0x00, 
0x00, 0x00, 0x00, 0x5C, 0x70, 0x30, 0x02, 0x7D, 0xE6, 0x00, 0x1D, 0x62, 0xA6, 0x07, 0xBA, 0xFF, 
0xFF, 0xEB, 0xD8, 0xF4, 0xD6, 0xFF, 0xFF, 0xFF, 0x30, 0x23, 0x48, 0x68, 0x95, 0xFF, 0xFF, 0xD8, 
0x88, 0x68, 0x48, 0x0F, 0x00, 0x00, 0x00, 0xA9, 0xF8, 0xC0, 0xF4, 0x2B, 0x00, 0x00, 0x00, 0x00, 
0x00, 0x73, 0xFF, 0x8F, 0x2A, 0xFD, 0xDA, 0x0F, 0x00, 0x00, 0x00, 0x38, 0xFC, 0xF4, 0x16, 0x00, 
0xA2, 0xFF, 0xAE, 0x00, 0x00, 0x00, 0x04, 0x76, 0x7A, 0x00, 0x00, 0x22, 0xBE, 0x2D, 0x00, 0x00, 
0x00, 0x00, 0x00, 0x00, 0x00, 0x08, 0x0C, 0x01, 0x00, 0x00, 0x00, 0x00, 0x00, 0x00, 0x00, 0x00, 
0x00, 0xA4, 0xFF, 0x18, 0x00, 0x00, 0x00, 0x00, 0x00, 0x00, 0x00, 0x00, 0x00, 0xA4, 0xFF, 0x18, 
0x00, 0x00, 0x00, 0x00, 0x00, 0x00, 0x00, 0x00, 0x00, 0xA4, 0xFF, 0x18, 0x00, 0x00, 0x00, 0x00, 
0x00, 0x00, 0x00, 0x00, 0x00, 0xA4, 0xFF, 0x18, 0x00, 0x00, 0x00, 0x00, 0x06, 0x50, 0x50, 0x50, 
0x50, 0xC1, 0xFF, 0x61, 0x50, 0x50, 0x50, 0x27, 0x14, 0xFF, 0xFF, 0xFF, 0xFF, 0xFF, 0xFF, 0xFF, 
0xFF, 0xFF, 0xFF, 0x7C, 0x08, 0x64, 0x64, 0x64, 0x64, 0xC8, 0xFF, 0x73, 0x64, 0x64, 0x64, 0x30, 
0x00, 0x00, 0x00, 0x00, 0x00, 0xA4, 0xFF, 0x18, 0x00, 0x00, 0x00, 0x00, 0x00, 0x00, 0x00, 0x00, 
0x00, 0xA4, 0xFF, 0x18, 0x00, 0x00, 0x00, 0x00, 0x00, 0x00, 0x00, 0x00, 0x00, 0xA4, 0xFF, 0x18, 
0x00, 0x00, 0x00, 0x00, 0x00, 0x00, 0x00, 0x00, 0x00, 0xA4, 0xFF, 0x18, 0x00, 0x00, 0x00, 0x00, 
0x00, 0x00, 0x00, 0x00, 0x00, 0x0F, 0x18, 0x02, 0x00, 0x00, 0x00, 0x00, 0x00, 0x10, 0x18, 0x17, 
0x00, 0x00, 0xBC, 0xFF, 0xFC, 0x0B, 0x00, 0xE6, 0xFF, 0xBD, 0x00, 0x18, 0xFF, 0xFF, 0x65, 0x00, 
0x4C, 0xFF, 0xF6, 0x10, 0x00, 0x82, 0xFF, 0xA4, 0x00, 0x00, 0xBC, 0xFF, 0x3A, 0x00, 0x00, 0x52, 
0x55, 0x00, 0x00, 0x00, 0x2E, 0x70, 0x70, 0x70, 0x70, 0x70, 0x70, 0x59, 0x68, 0xFF, 0xFF, 0xFF, 
0xFF, 0xFF, 0xFF, 0xCC, 0x32, 0x7C, 0x7C, 0x7C, 0x7C, 0x7C, 0x7C, 0x63, 0x00, 0x00, 0x03, 0x00, 
0x10, 0xD8, 0xF8, 0x57, 0x43, 0xFF, 0xFF, 0xAB, 0x1C, 0xF3, 0xFF, 0x76, 0x00, 0x17, 0x2E, 0x00, 
0x00, 0x00, 0x00, 0x00, 0x00, 0x00, 0x00, 0x15, 0x24, 0x12, 0x00, 0x00, 0x00, 0x00, 0x00, 0x00, 
0x00, 0xCC, 0xFF, 0x44, 0x00, 0x00, 0x00, 0x00, 0x00, 0x00, 0x2D, 0xFF, 0xE2, 0x02, 0x00, 0x00, 
0x00, 0x00, 0x00, 0x00, 0x90, 0xFF, 0x80, 0x00, 0x00, 0x00, 0x00, 0x00, 0x00, 0x07, 0xEB, 0xFE, 
0x21, 0x00, 0x00, 0x00, 0x00, 0x00, 0x00, 0x54, 0xFF, 0xBC, 0x00, 0x00, 0x00, 0x00, 0x00, 0x00, 
0x00, 0xB7, 0xFF, 0x5A, 0x00, 0x00, 0x00, 0x00, 0x00, 0x00, 0x1B, 0xFD, 0xF0, 0x08, 0x00, 0x00, 
0x00, 0x00, 0x00, 0x00, 0x7C, 0xFF, 0x94, 0x00, 0x00, 0x00, 0x00, 0x00, 0x00, 0x01, 0xDB, 0xFF, 
0x34, 0x00, 0x00, 0x00, 0x00, 0x00, 0x00, 0x40, 0xFF, 0xD0, 0x00, 0x00, 0x00, 0x00, 0x00, 0x00, 
0x00, 0xA1, 0xFF, 0x6E, 0x00, 0x00, 0x00, 0x00, 0x00, 0x00, 0x0E, 0xF6, 0xF9, 0x13, 0x00, 0x00, 
0x00, 0x00, 0x00, 0x00, 0x66, 0xFF, 0xAB, 0x00, 0x00, 0x00, 0x00, 0x00, 0x00, 0x00, 0xC8, 0xFF, 
0x48, 0x00, 0x00, 0x00, 0x00, 0x00, 0x00, 0x2C, 0xFF, 0xE2, 0x03, 0x00, 0x00, 0x00, 0x00, 0x00, 
0x00, 0x8C, 0xFF, 0x84, 0x00, 0x00, 0x00, 0x00, 0x00, 0x00, 0x05, 0xEB, 0xFF, 0x22, 0x00, 0x00, 
0x00, 0x00, 0x00, 0x00, 0x00, 0x00, 0x00, 0x00, 0x28, 0x56, 0x5D, 0x3D, 0x05, 0x00, 0x00, 0x00, 
0x00, 0x00, 0x1D, 0xC0, 0xFF, 0xFF, 0xFF, 0xFF, 0xE7, 0x4F, 0x00, 0x00, 0x00, 0x0E, 0xDB, 0xFF, 
0xE7, 0x98, 0x8B, 0xC9, 0xFF, 0xFD, 0x49, 0x00, 0x00, 0x85, 0xFF, 0xD0, 0x11, 0x00, 0x00, 0x00, 
0xBA, 0xFF, 0xDF, 0x05, 0x02, 0xE8, 0xFF, 0x3B, 0x00, 0x00, 0x00, 0x2C, 0xFC, 0xFF, 0xFF, 0x4B, 
0x2F, 0xFF, 0xE0, 0x00, 0x00, 0x00, 0x00, 0xBD, 0xFF, 0xD0, 0xFF, 0x91, 0x5E, 0xFF, 0xA9, 0x00, 
0x00, 0x00, 0x55, 0xFF, 0xD2, 0x3A, 0xFF, 0xC0, 0x7A, 0xFF, 0x8A, 0x00, 0x00, 0x0A, 0xE2, 0xFF, 
0x3E, 0x13, 0xFF, 0xDD, 0x8A, 0xFF, 0x79, 0x00, 0x00, 0x84, 0xFF, 0xA6, 0x00, 0x03, 0xFF, 0xEE, 
0x8F, 0xFF, 0x74, 0x00, 0x22, 0xF8, 0xF3, 0x1B, 0x00, 0x00, 0xFD, 0xF2, 0x88, 0xFF, 0x7B, 0x00, 
0xB1, 0xFF, 0x77, 0x00, 0x00, 0x03, 0xFF, 0xED, 0x74, 0xFF, 0x8E, 0x48, 0xFF, 0xD8, 0x06, 0x00, 
0x00, 0x16, 0xFF, 0xDB, 0x54, 0xFF, 0xB8, 0xD9, 0xFF, 0x46, 0x00, 0x00, 0x00, 0x3A, 0xFF, 0xBD, 
0x20, 0xFF, 0xFF, 0xFF, 0xAE, 0x00, 0x00, 0x00, 0x00, 0x76, 0xFF, 0x8B, 0x00, 0xD4, 0xFF, 0xF6, 
0x20, 0x00, 0x00, 0x00, 0x04, 0xD8, 0xFF, 0x43, 0x00, 0x65, 0xFF, 0xE6, 0x21, 0x00, 0x00, 0x05, 
0x98, 0xFF, 0xD5, 0x02, 0x00, 0x02, 0xB7, 0xFF, 0xF8, 0xBB, 0xAF, 0xE6, 0xFF, 0xF7, 0x38, 0x00, 
0x00, 0x00, 0x09, 0x92, 0xF6, 0xFF, 0xFF, 0xFF, 0xC8, 0x35, 0x00, 0x00, 0x00, 0x00, 0x00, 0x00, 
0x0A, 0x32, 0x38, 0x19, 0x00, 0x00, 0x00, 0x00, 0x00, 0x00, 0x00, 0x00, 0x02, 0x23, 0x1F, 0x00, 
0x00, 0x00, 0x00, 0x00, 0x00, 0x01, 0x53, 0xD3, 0xFF, 0xDC, 0x00, 0x00, 0x00, 0x00, 0x01, 0x50, 
0xCF, 0xFF, 0xFF, 0xFF, 0xDC, 0x00, 0x00, 0x00, 0x00, 0x73, 0xFF, 0xFF, 0xC4, 0x65, 0xFF, 0xDC, 
0x00, 0x00, 0x00, 0x00, 0x0F, 0xB9, 0x48, 0x00, 0x2B, 0xFF, 0xDC, 0x00, 0x00, 0x00, 0x00, 0x00, 
0x00, 0x00, 0x00, 0x31, 0xFF, 0xDC, 0x00, 0x00, 0x00, 0x00, 0x00, 0x00, 0x00, 0x00, 0x34, 0xFF, 
0xDC, 0x00, 0x00, 0x00, 0x00, 0x00, 0x00, 0x00, 0x00, 0x34, 0xFF, 0xDC, 0x00, 0x00, 0x00, 0x00, 
0x00, 0x00, 0x00, 0x00, 0x34, 0xFF, 0xDC, 0x00, 0x00, 0x00, 0x00, 0x00, 0x00, 0x00, 0x00, 0x34, 
0xFF, 0xDC, 0x00, 0x00, 0x00, 0x00, 0x00, 0x00, 0x00, 0x00, 0x34, 0xFF, 0xDC, 0x00, 0x00, 0x00, 
0x00, 0x00, 0x00, 0x00, 0x00, 0x34, 0xFF, 0xDC, 0x00, 0x00, 0x00, 0x00, 0x00, 0x00, 0x00, 0x00, 
0x34, 0xFF, 0xDC, 0x00, 0x00, 0x00, 0x00, 0x00, 0x00, 0x00, 0x00, 0x34, 0xFF, 0xDC, 0x00, 0x00, 
0x00, 0x00, 0x00, 0x00, 0x00, 0x00, 0x34, 0xFF, 0xDC, 0x00, 0x00, 0x00, 0x00, 0x00, 0x00, 0x00, 
0x00, 0x34, 0xFF, 0xDC, 0x00, 0x00, 0x00, 0x00, 0x00, 0x61, 0x86, 0x9A, 0xBB, 0xFF, 0xF7, 0xA6, 
0x92, 0x82, 0x39, 0x00, 0xD0, 0xFF, 0xFF, 0xFF, 0xFF, 0xFF, 0xFF, 0xFF, 0xFF, 0x7C, 0x00, 0x00, 
0x00, 0x03, 0x35, 0x59, 0x5A, 0x3B, 0x05, 0x00, 0x00, 0x00, 0x00, 0x00, 0x08, 0x7E, 0xEA, 0xFF, 
0xFF, 0xFF, 0xFF, 0xE9, 0x5B, 0x00, 0x00, 0x00, 0x07, 0xD1, 0xFF, 0xFF, 0xC4, 0x8E, 0x8F, 0xD1, 
0xFF, 0xFF, 0x57, 0x00, 0x00, 0x00, 0x76, 0xCA, 0x32, 0x00, 0x00, 0x00, 0x02, 0x97, 0xFF, 0xDD, 
0x00, 0x00, 0x00, 0x00, 0x04, 0x00, 0x00, 0x00, 0x00, 0x00, 0x1A, 0xFF, 0xFF, 0x1A, 0x00, 0x00, 
0x00, 0x00, 0x00, 0x00, 0x00, 0x00, 0x00, 0x01, 0xFF, 0xFF, 0x28, 0x00, 0x00, 0x00, 0x00, 0x00, 
0x00, 0x00, 0x00, 0x00, 0x1E, 0xFF, 0xFF, 0x11, 0x00, 0x00, 0x00, 0x00, 0x00, 0x00, 0x00, 0x00, 
0x00, 0x74, 0xFF, 0xCE, 0x00, 0x00, 0x00, 0x00, 0x00, 0x00, 0x00, 0x00, 0x00, 0x15, 0xEB, 0xFF, 
0x5F, 0x00, 0x00, 0x00, 0x00, 0x00, 0x00, 0x00, 0x00, 0x03, 0xB8, 0xFF, 0xC3, 0x02, 0x00, 0x00, 
0x00, 0x00, 0x00, 0x00, 0x00, 0x01, 0x9C, 0xFF, 0xE8, 0x1D, 0x00, 0x00, 0x00, 0x00, 0x00, 0x00, 
0x00, 0x01, 0x93, 0xFF, 0xF1, 0x32, 0x00, 0x00, 0x00, 0x00, 0x00, 0x00, 0x00, 0x01, 0x96, 0xFF, 
0xF1, 0x37, 0x00, 0x00, 0x00, 0x00, 0x00, 0x00, 0x00, 0x02, 0x97, 0xFF, 0xEE, 0x32, 0x00, 0x00, 
0x00, 0x00, 0x00, 0x00, 0x00, 0x02, 0x9E, 0xFF, 0xEB, 0x2E, 0x00, 0x00, 0x00, 0x00, 0x00, 0x00, 
0x00, 0x02, 0x9E, 0xFF, 0xE9, 0x2B, 0x00, 0x00, 0x00, 0x00, 0x00, 0x00, 0x00, 0x00, 0x4C, 0xFF, 
0xFF, 0xF8, 0xEC, 0xEC, 0xEC, 0xEC, 0xEC, 0xEC, 0xEC, 0xEC, 0x12, 0x50, 0xFF, 0xFF, 0xFF, 0xFF, 
0xFF, 0xFF, 0xFF, 0xFF, 0xFF, 0xFF, 0xFF, 0x14, 0x00, 0x00, 0x00, 0x09, 0x3D, 0x5A, 0x5A, 0x3C, 
0x07, 0x00, 0x00, 0x00, 0x00, 0x1E, 0x9A, 0xF5, 0xFF, 0xFF, 0xFF, 0xFF, 0xEC, 0x62, 0x00, 0x00, 
0x07, 0xE5, 0xFF, 0xF4, 0xAF, 0x8A, 0x90, 0xD1, 0xFF, 0xFF, 0x5D, 0x00, 0x00, 0x53, 0x7F, 0x0F, 
0x00, 0x00, 0x00, 0x02, 0xA0, 0xFF, 0xDB, 0x00, 0x00, 0x00, 0x00, 0x00, 0x00, 0x00, 0x00, 0x00, 
0x2E, 0xFF, 0xFF, 0x0D, 0x00, 0x00, 0x00, 0x00, 0x00, 0x00, 0x00, 0x00, 0x27, 0xFF, 0xFF, 0x08, 
0x00, 0x00, 0x00, 0x00, 0x00, 0x00, 0x00, 0x00, 0x7A, 0xFF, 0xC9, 0x00, 0x00, 0x00, 0x00, 0x00, 
0x00, 0x00, 0x07, 0x6C, 0xFA, 0xF7, 0x3B, 0x00, 0x00, 0x00, 0x00, 0x92, 0xD0, 0xD6, 0xF7, 0xF5, 
0xAF, 0x30, 0x00, 0x00, 0x00, 0x00, 0x00, 0xB4, 0xFF, 0xFF, 0xFF, 0xF5, 0xBF, 0x5E, 0x02, 0x00, 
0x00, 0x00, 0x00, 0x14, 0x1C, 0x20, 0x36, 0x72, 0xE5, 0xFF, 0xA5, 0x00, 0x00, 0x00, 0x00, 0x00, 
0x00, 0x00, 0x00, 0x00, 0x1B, 0xF0, 0xFF, 0x44, 0x00, 0x00, 0x00, 0x00, 0x00, 0x00, 0x00, 0x00, 
0x00, 0xA5, 0xFF, 0x88, 0x00, 0x00, 0x00, 0x00, 0x00, 0x00, 0x00, 0x00, 0x00, 0x9D, 0xFF, 0x94, 
0x00, 0x00, 0x00, 0x00, 0x00, 0x00, 0x00, 0x00, 0x04, 0xDE, 0xFF, 0x6F, 0x26, 0x6A, 0x15, 0x00, 
0x00, 0x00, 0x00, 0x0B, 0x9F, 0xFF, 0xF7, 0x1B, 0x38, 0xFF, 0xFE, 0xD8, 0xB4, 0xAA, 0xBD, 0xF3, 
0xFF, 0xFD, 0x5E, 0x00, 0x13, 0x9B, 0xEA, 0xFF, 0xFF, 0xFF, 0xFF, 0xFA, 0xB9, 0x3A, 0x00, 0x00, 
0x00, 0x00, 0x00, 0x18, 0x32, 0x3A, 0x2B, 0x09, 0x00, 0x00, 0x00, 0x00, 0x00, 0x00, 0x00, 0x00, 
0x00, 0x00, 0x00, 0x31, 0x3C, 0x2A, 0x00, 0x00, 0x00, 0x00, 0x00, 0x00, 0x00, 0x00, 0x00, 0x34, 
0xFE, 0xFF, 0xB4, 0x00, 0x00, 0x00, 0x00, 0x00, 0x00, 0x00, 0x00, 0x02, 0xCC, 0xFF, 0xFF, 0xB4, 
0x00, 0x00, 0x00, 0x00, 0x00, 0x00, 0x00, 0x00, 0x69, 0xFF, 0xB3, 0xFF, 0xB4, 0x00, 0x00, 0x00, 
0x00, 0x00, 0x00, 0x00, 0x15, 0xEF, 0xE9, 0x54, 0xFF, 0xB4, 0x00, 0x00, 0x00, 0x00, 0x00, 0x00, 
0x00, 0x9E, 0xFF, 0x62, 0x52, 0xFF, 0xB4, 0x00, 0x00, 0x00, 0x00, 0x00, 0x00, 0x3B, 0xFF, 0xC7, 
0x01, 0x59, 0xFF, 0xB4, 0x00, 0x00, 0x00, 0x00, 0x00, 0x04, 0xD1, 0xFD, 0x31, 0x00, 0x5C, 0xFF, 
0xB4, 0x00, 0x00, 0x00, 0x00, 0x00, 0x70, 0xFF, 0x93, 0x00, 0x00, 0x5C, 0xFF, 0xB4, 0x00, 0x00, 
0x00, 0x00, 0x19, 0xF2, 0xE9, 0x10, 0x00, 0x00, 0x5C, 0xFF, 0xB4, 0x00, 0x00, 0x00, 0x00, 0xA7, 
0xFF, 0x5E, 0x00, 0x00, 0x00, 0x5C, 0xFF, 0xB4, 0x00, 0x00, 0x00, 0x42, 0xFF, 0xC4, 0x01, 0x00, 
0x00, 0x00, 0x5C, 0xFF, 0xB4, 0x00, 0x00, 0x00, 0xC1, 0xFF, 0xCE, 0xB0, 0xB0, 0xB0, 0xB0, 0xCD, 
0xFF, 0xE8, 0xB0, 0xB0, 0x24, 0xCC, 0xFF, 0xFF, 0xFF, 0xFF, 0xFF, 0xFF, 0xFF, 0xFF, 0xFF, 0xFF, 
0xFF, 0x34, 0x20, 0x28, 0x28, 0x28, 0x28, 0x28, 0x28, 0x76, 0xFF, 0xC0, 0x28, 0x28, 0x08, 0x00, 
0x00, 0x00, 0x00, 0x00, 0x00, 0x00, 0x5C, 0xFF, 0xB4, 0x00, 0x00, 0x00, 0x00, 0x00, 0x00, 0x00, 
0x00, 0x00, 0x00, 0x5C, 0xFF, 0xB4, 0x00, 0x00, 0x00, 0x00, 0x00, 0x00, 0x00, 0x00, 0x00, 0x00, 
0x5C, 0xFF, 0xB4, 0x00, 0x00, 0x00, 0x00, 0x03, 0x24, 0x24, 0x24, 0x24, 0x24, 0x24, 0x24, 0x24, 
0x11, 0x00, 0x00, 0x21, 0xFF, 0xFF, 0xFF, 0xFF, 0xFF, 0xFF, 0xFF, 0xFF, 0x78, 0x00, 0x00, 0x35, 
0xFF, 0xF3, 0xC8, 0xC8, 0xC8, 0xC8, 0xC8, 0xC8, 0x5E, 0x00, 0x00, 0x4A, 0xFF, 0xB6, 0x00, 0x00, 
0x00, 0x00, 0x00, 0x00, 0x00, 0x00, 0x00, 0x5E, 0xFF, 0x9E, 0x00, 0x00, 0x00, 0x00, 0x00, 0x00, 
0x00, 0x00, 0x00, 0x73, 0xFF, 0x86, 0x00, 0x00, 0x00, 0x00, 0x00, 0x00, 0x00, 0x00, 0x00, 0x87, 
0xFF, 0x6E, 0x00, 0x00, 0x00, 0x00, 0x00, 0x00, 0x00, 0x00, 0x00, 0x9B, 0xFF, 0x91, 0x71, 0x81, 
0x79, 0x53, 0x0D, 0x00, 0x00, 0x00, 0x00, 0xAE, 0xFF, 0xFF, 0xFF, 0xFF, 0xFF, 0xFF, 0xF2, 0x6D, 
0x00, 0x00, 0x00, 0x1D, 0x83, 0x61, 0x44, 0x41, 0x65, 0xC3, 0xFF, 0xFF, 0x74, 0x00, 0x00, 0x00, 
0x00, 0x00, 0x00, 0x00, 0x00, 0x01, 0x90, 0xFF, 0xF6, 0x13, 0x00, 0x00, 0x00, 0x00, 0x00, 0x00, 
0x00, 0x00, 0x09, 0xF1, 0xFF, 0x56, 0x00, 0x00, 0x00, 0x00, 0x00, 0x00, 0x00, 0x00, 0x00, 0xC7, 
0xFF, 0x70, 0x00, 0x00, 0x00, 0x00, 0x00, 0x00, 0x00, 0x00, 0x00, 0xCE, 0xFF, 0x66, 0x00, 0x00, 
0x00, 0x00, 0x00, 0x00, 0x00, 0x00, 0x1E, 0xFC, 0xFF, 0x31, 0x0E, 0x6A, 0x0C, 0x00, 0x00, 0x00, 
0x00, 0x2B, 0xCF, 0xFF, 0xC6, 0x00, 0x14, 0xFF, 0xF8, 0xC9, 0xAD, 0xAF, 0xD3, 0xFF, 0xFF, 0xE4, 
0x22, 0x00, 0x06, 0x92, 0xE6, 0xFF, 0xFF, 0xFF, 0xFF, 0xEE, 0x94, 0x15, 0x00, 0x00, 0x00, 0x00, 
0x00, 0x18, 0x33, 0x38, 0x24, 0x03, 0x00, 0x00, 0x00, 0x00, 0x00, 0x00, 0x00, 0x00, 0x00, 0x06, 
0x36, 0x55, 0x5E, 0x52, 0x1F, 0x00, 0x00, 0x00, 0x00, 0x10, 0x91, 0xF3, 0xFF, 0xFF, 0xFF, 0xFF, 
0x8C, 0x00, 0x00, 0x00, 0x22, 0xDF, 0xFF, 0xF8, 0xB1, 0x85, 0x76, 0x86, 0x5D, 0x00, 0x00, 0x07, 
0xD4, 0xFF, 0xBC, 0x1A, 0x00, 0x00, 0x00, 0x00, 0x00, 0x00, 0x00, 0x6E, 0xFF, 0xD1, 0x08, 0x00, 
0x00, 0x00, 0x00, 0x00, 0x00, 0x00, 0x00, 0xD5, 0xFF, 0x4C, 0x00, 0x00, 0x00, 0x00, 0x00, 0x00, 
0x00, 0x00, 0x1F, 0xFF, 0xF2, 0x04, 0x00, 0x00, 0x00, 0x00, 0x00, 0x00, 0x00, 0x00, 0x52, 0xFF, 
0xC2, 0x02, 0x60, 0xB5, 0xD5, 0xCB, 0x9B, 0x35, 0x00, 0x00, 0x73, 0xFF, 0xA6, 0xB1, 0xFF, 0xEE, 
0xD8, 0xF2, 0xFF, 0xFE, 0x76, 0x00, 0x86, 0xFF, 0xF1, 0xE3, 0x47, 0x01, 0x00, 0x03, 0x61, 0xFA, 
0xFF, 0x40, 0x8F, 0xFF, 0xF7, 0x24, 0x00, 0x00, 0x00, 0x00, 0x00, 0x85, 0xFF, 0xAD, 0x88, 0xFF, 
0xAA, 0x00, 0x00, 0x00, 0x00, 0x00, 0x00, 0x35, 0xFF, 0xE2, 0x6F, 0xFF, 0x9C, 0x00, 0x00, 0x00, 
0x00, 0x00, 0x00, 0x1F, 0xFF, 0xF2, 0x40, 0xFF, 0xCC, 0x00, 0x00, 0x00, 0x00, 0x00, 0x00, 0x2F, 
0xFF, 0xE1, 0x07, 0xEE, 0xFF, 0x35, 0x00, 0x00, 0x00, 0x00, 0x00, 0x73, 0xFF, 0xAD, 0x00, 0x81, 
0xFF, 0xDB, 0x23, 0x00, 0x00, 0x00, 0x35, 0xEE, 0xFF, 0x47, 0x00, 0x07, 0xC5, 0xFF, 0xF8, 0xAF, 
0x94, 0xBB, 0xFD, 0xFF, 0x98, 0x00, 0x00, 0x00, 0x0A, 0x8C, 0xF1, 0xFF, 0xFF, 0xFF, 0xE3, 0x6D, 
0x01, 0x00, 0x00, 0x00, 0x00, 0x00, 0x05, 0x2C, 0x38, 0x25, 0x01, 0x00, 0x00, 0x00, 0x14, 0x24, 
0x24, 0x24, 0x24, 0x24, 0x24, 0x24, 0x24, 0x24, 0x24, 0x22, 0x90, 0xFF, 0xFF, 0xFF, 0xFF, 0xFF, 
0xFF, 0xFF, 0xFF, 0xFF, 0xFF, 0xF4, 0x71, 0xC8, 0xC8, 0xC8, 0xC8, 0xC8, 0xC8, 0xC8, 0xC8, 0xD7, 
0xFF, 0xEA, 0x00, 0x00, 0x00, 0x00, 0x00, 0x00, 0x00, 0x00, 0x00, 0x87, 0xFF, 0x8F, 0x00, 0x00, 
0x00, 0x00, 0x00, 0x00, 0x00, 0x00, 0x0A, 0xED, 0xFE, 0x24, 0x00, 0x00, 0x00, 0x00, 0x00, 0x00, 
0x00, 0x00, 0x66, 0xFF, 0xB8, 0x00, 0x00, 0x00, 0x00, 0x00, 0x00, 0x00, 0x00, 0x01, 0xD5, 0xFF, 
0x4C, 0x00, 0x00, 0x00, 0x00, 0x00, 0x00, 0x00, 0x00, 0x46, 0xFF, 0xDE, 0x02, 0x00, 0x00, 0x00, 
0x00, 0x00, 0x00, 0x00, 0x00, 0xB4, 0xFF, 0x74, 0x00, 0x00, 0x00, 0x00, 0x00, 0x00, 0x00, 0x00, 
0x24, 0xFE, 0xF6, 0x11, 0x00, 0x00, 0x00, 0x00, 0x00, 0x00, 0x00, 0x00, 0x92, 0xFF, 0x9D, 0x00, 
0x00, 0x00, 0x00, 0x00, 0x00, 0x00, 0x00, 0x0F, 0xF3, 0xFF, 0x31, 0x00, 0x00, 0x00, 0x00, 0x00, 
0x00, 0x00, 0x00, 0x72, 0xFF, 0xC5, 0x00, 0x00, 0x00, 0x00, 0x00, 0x00, 0x00, 0x00, 0x02, 0xDC, 
0xFF, 0x59, 0x00, 0x00, 0x00, 0x00, 0x00, 0x00, 0x00, 0x00, 0x4E, 0xFF, 0xE8, 0x05, 0x00, 0x00, 
0x00, 0x00, 0x00, 0x00, 0x00, 0x00, 0xBE, 0xFF, 0x81, 0x00, 0x00, 0x00, 0x00, 0x00, 0x00, 0x00, 
0x00, 0x2D, 0xFF, 0xFB, 0x1B, 0x00, 0x00, 0x00, 0x00, 0x00, 0x00, 0x00, 0x00, 0x9E, 0xFF, 0xAA, 
0x00, 0x00, 0x00, 0x00, 0x00, 0x00, 0x00, 0x00, 0x00, 0x00, 0x29, 0x54, 0x5D, 0x40, 0x09, 0x00, 
0x00, 0x00, 0x00, 0x00, 0x36, 0xCE, 0xFF, 0xFF, 0xFF, 0xFF, 0xF2, 0x7B, 0x02, 0x00, 0x00, 0x2C, 
0xF6, 0xFF, 0xC7, 0x7B, 0x72, 0xA4, 0xFB, 0xFF, 0x84, 0x00, 0x00, 0xA0, 0xFF, 0xAA, 0x01, 0x00, 
0x00, 0x00, 0x4C, 0xFF, 0xF6, 0x0A, 0x00, 0xCB, 0xFF, 0x4E, 0x00, 0x00, 0x00, 0x00, 0x00, 0xEE, 
0xFF, 0x2B, 0x00, 0xBC, 0xFF, 0x5C, 0x00, 0x00, 0x00, 0x00, 0x07, 0xF6, 0xFF, 0x1B, 0x00, 0x67, 
0xFF, 0xD5, 0x10, 0x00, 0x00, 0x00, 0x7C, 0xFF, 0xC6, 0x00, 0x00, 0x03, 0xB9, 0xFF, 0xDD, 0x4C, 
0x19, 0x9F, 0xFF, 0xE2, 0x24, 0x00, 0x00, 0x00, 0x07, 0x98, 0xFF, 0xFF, 0xFE, 0xFF, 0xA3, 0x15, 
0x00, 0x00, 0x00, 0x00, 0x15, 0xA2, 0xFE, 0xF6, 0xFD, 0xFF, 0xC5, 0x2D, 0x00, 0x00, 0x00, 0x24, 
0xE4, 0xFF, 0x9F, 0x14, 0x27, 0xAF, 0xFF, 0xF8, 0x54, 0x00, 0x01, 0xCD, 0xFF, 0x8A, 0x00, 0x00, 
0x00, 0x00, 0x5A, 0xFC, 0xF9, 0x2A, 0x3A, 0xFF, 0xEF, 0x08, 0x00, 0x00, 0x00, 0x00, 0x00, 0x93, 
0xFF, 0x95, 0x5C, 0xFF, 0xC5, 0x00, 0x00, 0x00, 0x00, 0x00, 0x00, 0x5D, 0xFF, 0xBC, 0x4C, 0xFF, 
0xE0, 0x01, 0x00, 0x00, 0x00, 0x00, 0x00, 0x85, 0xFF, 0xA9, 0x0F, 0xF4, 0xFF, 0x6E, 0x00, 0x00, 
0x00, 0x00, 0x32, 0xF1, 0xFF, 0x56, 0x00, 0x64, 0xFF, 0xFF, 0xC7, 0x90, 0x8A, 0xB3, 0xFB, 0xFF, 
0xA6, 0x01, 0x00, 0x00, 0x4B, 0xCC, 0xFF, 0xFF, 0xFF, 0xFF, 0xDE, 0x6B, 0x02, 0x00, 0x00, 0x00, 
0x00, 0x00, 0x14, 0x35, 0x38, 0x1D, 0x00, 0x00, 0x00, 0x00, 0x00, 0x00, 0x00, 0x02, 0x32, 0x58, 
0x5A, 0x35, 0x03, 0x00, 0x00, 0x00, 0x00, 0x00, 0x4C, 0xDD, 0xFF, 0xFF, 0xFF, 0xFF, 0xE1, 0x4F, 
0x00, 0x00, 0x00, 0x55, 0xFE, 0xFF, 0xBA, 0x78, 0x76, 0xBC, 0xFF, 0xFE, 0x52, 0x00, 0x0B, 0xED, 
0xFF, 0x67, 0x00, 0x00, 0x00, 0x00, 0x6F, 0xFF, 0xEB, 0x0B, 0x56, 0xFF, 0xCD, 0x00, 0x00, 0x00, 
0x00, 0x00, 0x00, 0xBA, 0xFF, 0x61, 0x84, 0xFF, 0x91, 0x00, 0x00, 0x00, 0x00, 0x00, 0x00, 0x55, 
0xFF, 0xA7, 0x8E, 0xFF, 0x83, 0x00, 0x00, 0x00, 0x00, 0x00, 0x00, 0x30, 0xFF, 0xD3, 0x77, 0xFF, 
0x9C, 0x00, 0x00, 0x00, 0x00, 0x00, 0x00, 0x52, 0xFF, 0xEA, 0x3B, 0xFF, 0xE9, 0x0C, 0x00, 0x00, 
0x00, 0x00, 0x08, 0xCA, 0xFF, 0xF2, 0x01, 0xC4, 0xFF, 0xC3, 0x37, 0x02, 0x06, 0x42, 0xC8, 0xE6, 
0xFF, 0xEC, 0x00, 0x1A, 0xD0, 0xFF, 0xFF, 0xFD, 0xFF, 0xFF, 0xD9, 0x5B, 0xFF, 0xD9, 0x00, 0x00, 
0x05, 0x5A, 0x9D, 0xB6, 0xA7, 0x68, 0x09, 0x61, 0xFF, 0xB9, 0x00, 0x00, 0x00, 0x00, 0x00, 0x00, 
0x00, 0x00, 0x00, 0x9D, 0xFF, 0x84, 0x00, 0x00, 0x00, 0x00, 0x00, 0x00, 0x00, 0x00, 0x0C, 0xEF, 
0xFF, 0x37, 0x00, 0x00, 0x00, 0x00, 0x00, 0x00, 0x00, 0x00, 0x8F, 0xFF, 0xCA, 0x00, 0x00, 0x00, 
0x00, 0x00, 0x00, 0x00, 0x0B, 0x8D, 0xFF, 0xFA, 0x37, 0x00, 0x00, 0x00, 0xB0, 0x9B, 0x98, 0xB4, 
0xF2, 0xFF, 0xF8, 0x56, 0x00, 0x00, 0x00, 0x00, 0xE8, 0xFF, 0xFF, 0xFF, 0xF5, 0xA4, 0x27, 0x00, 
0x00, 0x00, 0x00, 0x00, 0x19, 0x33, 0x39, 0x28, 0x05, 0x00, 0x00, 0x00, 0x00, 0x00, 0x00, 0x06, 
0x11, 0x00, 0x12, 0xE5, 0xFE, 0x67, 0x3F, 0xFF, 0xFF, 0xAB, 0x14, 0xE9, 0xFF, 0x6A, 0x00, 0x0B, 
0x1C, 0x00, 0x00, 0x00, 0x00, 0x00, 0x00, 0x00, 0x00, 0x00, 0x00, 0x00, 0x00, 0x00, 0x00, 0x00, 
0x00, 0x00, 0x00, 0x00, 0x00, 0x00, 0x00, 0x00, 0x03, 0x00, 0x10, 0xD8, 0xF7, 0x54, 0x43, 0xFF, 
0xFF, 0xA3, 0x1C, 0xF3, 0xFF, 0x71, 0x00, 0x17, 0x2E, 0x00, 0x00, 0x00, 0x11, 0x05, 0x00, 0x00, 
0x70, 0xFF, 0xE1, 0x0E, 0x00, 0xB7, 0xFF, 0xFF, 0x37, 0x00, 0x75, 0xFF, 0xE6, 0x0F, 0x00, 0x00, 
0x1B, 0x09, 0x00, 0x00, 0x00, 0x00, 0x00, 0x00, 0x00, 0x00, 0x00, 0x00, 0x00, 0x00, 0x00, 0x00, 
0x00, 0x00, 0x00, 0x00, 0x00, 0x00, 0x00, 0x00, 0x00, 0x00, 0x00, 0x00, 0x00, 0x10, 0x18, 0x17, 
0x00, 0x00, 0xBC, 0xFF, 0xFC, 0x0B, 0x00, 0xE6, 0xFF, 0xBD, 0x00, 0x18, 0xFF, 0xFF, 0x65, 0x00, 
0x4C, 0xFF, 0xF6, 0x10, 0x00, 0x82, 0xFF, 0xA4, 0x00, 0x00, 0xBC, 0xFF, 0x3A, 0x00, 0x00, 0x52, 
0x55, 0x00, 0x00, 0x00, 0x00, 0x00, 0x00, 0x00, 0x00, 0x00, 0x00, 0x00, 0x00, 0x30, 0x20, 0x00, 
0x00, 0x00, 0x00, 0x00, 0x00, 0x00, 0x1C, 0x9E, 0xFE, 0x3C, 0x00, 0x00, 0x00, 0x00, 0x00, 0x0C, 
0x81, 0xF6, 0xFF, 0xAF, 0x15, 0x00, 0x00, 0x00, 0x02, 0x62, 0xE6, 0xFF, 0xC9, 0x3D, 0x00, 0x00, 
0x00, 0x00, 0x43, 0xD0, 0xFF, 0xDC, 0x56, 0x01, 0x00, 0x00, 0x00, 0x2A, 0xB6, 0xFF, 0xED, 0x6F, 
0x06, 0x00, 0x00, 0x00, 0x00, 0x00, 0xD8, 0xFF, 0xD4, 0x15, 0x00, 0x00, 0x00, 0x00, 0x00, 0x00, 
0x00, 0x63, 0xE3, 0xFF, 0xE1, 0x6B, 0x09, 0x00, 0x00, 0x00, 0x00, 0x00, 0x00, 0x06, 0x68, 0xE1, 
0xFF, 0xE7, 0x75, 0x0C, 0x00, 0x00, 0x00, 0x00, 0x00, 0x00, 0x05, 0x64, 0xDF, 0xFF, 0xED, 0x7E, 
0x10, 0x00, 0x00, 0x00, 0x00, 0x00, 0x00, 0x05, 0x60, 0xDC, 0xFF, 0xF2, 0x2B, 0x00, 0x00, 0x00, 
0x00, 0x00, 0x00, 0x00, 0x04, 0x5C, 0xD9, 0x3C, 0x00, 0x00, 0x00, 0x00, 0x00, 0x00, 0x00, 0x00, 
0x00, 0x03, 0x0A, 0x37, 0xB0, 0xB0, 0xB0, 0xB0, 0xB0, 0xB0, 0xB0, 0xB0, 0xB0, 0xB0, 0x7F, 0x50, 
0xFF, 0xFF, 0xFF, 0xFF, 0xFF, 0xFF, 0xFF, 0xFF, 0xFF, 0xFF, 0xB8, 0x13, 0x3C, 0x3C, 0x3C, 0x3C, 
0x3C, 0x3C, 0x3C, 0x3C, 0x3C, 0x3C, 0x2B, 0x00, 0x00, 0x00, 0x00, 0x00, 0x00, 0x00, 0x00, 0x00, 
0x00, 0x00, 0x00, 0x0A, 0x20, 0x20, 0x20, 0x20, 0x20, 0x20, 0x20, 0x20, 0x20, 0x20, 0x17, 0x50, 
0xFF, 0xFF, 0xFF, 0xFF, 0xFF, 0xFF, 0xFF, 0xFF, 0xFF, 0xFF, 0xB8, 0x40, 0xCC, 0xCC, 0xCC, 0xCC, 
0xCC, 0xCC, 0xCC, 0xCC, 0xCC, 0xCC, 0x93, 0x4D, 0x03, 0x00, 0x00, 0x00, 0x00, 0x00, 0x00, 0x00, 
0x00, 0x00, 0xD8, 0xD3, 0x49, 0x00, 0x00, 0x00, 0x00, 0x00, 0x00, 0x00, 0x00, 0x6F, 0xF1, 0xFF, 
0xBA, 0x2D, 0x00, 0x00, 0x00, 0x00, 0x00, 0x00, 0x00, 0x14, 0x92, 0xFA, 0xFD, 0x9A, 0x17, 0x00, 
0x00, 0x00, 0x00, 0x00, 0x00, 0x00, 0x24, 0xAA, 0xFF, 0xF3, 0x7B, 0x0A, 0x00, 0x00, 0x00, 0x00, 
0x00, 0x00, 0x00, 0x37, 0xC3, 0xFF, 0xE3, 0x5E, 0x02, 0x00, 0x00, 0x00, 0x00, 0x00, 0x00, 0x00, 
0x80, 0xFF, 0xFF, 0x3B, 0x00, 0x00, 0x00, 0x00, 0x00, 0x3B, 0xB6, 0xFF, 0xFB, 0x9C, 0x12, 0x00, 
0x00, 0x00, 0x43, 0xBF, 0xFF, 0xFA, 0x9A, 0x21, 0x00, 0x00, 0x01, 0x4D, 0xC9, 0xFF, 0xF8, 0x97, 
0x1E, 0x00, 0x00, 0x00, 0x00, 0xB7, 0xFF, 0xF7, 0x91, 0x1B, 0x00, 0x00, 0x00, 0x00, 0x00, 0x00, 
0xCE, 0x90, 0x19, 0x00, 0x00, 0x00, 0x00, 0x00, 0x00, 0x00, 0x00, 0x0D, 0x00, 0x00, 0x00, 0x00, 
0x00, 0x00, 0x00, 0x00, 0x00, 0x00, 0x00, 0x00, 0x16, 0x46, 0x5C, 0x5A, 0x3C, 0x07, 0x00, 0x00, 
0x00, 0x58, 0xC4, 0xFE, 0xFF, 0xFF, 0xFF, 0xFF, 0xF0, 0x75, 0x01, 0x00, 0x86, 0xFF, 0xEB, 0xAA, 
0x88, 0x86, 0xB5, 0xFE, 0xFF, 0x80, 0x00, 0x1B, 0x4F, 0x04, 0x00, 0x00, 0x00, 0x00, 0x53, 0xFF, 
0xF8, 0x0D, 0x00, 0x00, 0x00, 0x00, 0x00, 0x00, 0x00, 0x00, 0xDB, 0xFF, 0x35, 0x00, 0x00, 0x00, 
0x00, 0x00, 0x00, 0x00, 0x00, 0xD5, 0xFF, 0x32, 0x00, 0x00, 0x00, 0x00, 0x00, 0x00, 0x00, 0x18, 
0xFC, 0xF9, 0x0B, 0x00, 0x00, 0x00, 0x00, 0x00, 0x00, 0x08, 0xB9, 0xFF, 0x96, 0x00, 0x00, 0x00, 
0x00, 0x00, 0x00, 0x23, 0xCD, 0xFF, 0xC5, 0x0C, 0x00, 0x00, 0x00, 0x00, 0x00, 0x38, 0xEF, 0xFF, 
0xA2, 0x09, 0x00, 0x00, 0x00, 0x00, 0x00, 0x0D, 0xE8, 0xFF, 0x78, 0x00, 0x00, 0x00, 0x00, 0x00, 
0x00, 0x00, 0x58, 0xFF, 0xAC, 0x00, 0x00, 0x00, 0x00, 0x00, 0x00, 0x00, 0x00, 0x79, 0xFF, 0x6C, 
0x00, 0x00, 0x00, 0x00, 0x00, 0x00, 0x00, 0x00, 0x13, 0x28, 0x10, 0x00, 0x00, 0x00, 0x00, 0x00, 
0x00, 0x00, 0x00, 0x00, 0x03, 0x00, 0x00, 0x00, 0x00, 0x00, 0x00, 0x00, 0x00, 0x00, 0x90, 0xFF, 
0xAA, 0x00, 0x00, 0x00, 0x00, 0x00, 0x00, 0x00, 0x00, 0xEB, 0xFF, 0xFF, 0x08, 0x00, 0x00, 0x00, 
0x00, 0x00, 0x00, 0x00, 0xB6, 0xFF, 0xD1, 0x00, 0x00, 0x00, 0x00, 0x00, 0x00, 0x00, 0x00, 0x06, 
0x35, 0x0A, 0x00, 0x00, 0x00, 0x00, 0x00, 0x00, 0x00, 0x00, 0x00, 0x00, 0x00, 0x0B, 0x20, 0x14, 
0x00, 0x00, 0x00, 0x00, 0x00, 0x00, 0x00, 0x00, 0x00, 0x01, 0x5E, 0xCD, 0xFF, 0xFF, 0xFF, 0xDC, 
0x6C, 0x03, 0x00, 0x00, 0x00, 0x00, 0x00, 0x07, 0xAD, 0xFF, 0xE4, 0x94, 0x78, 0x8D, 0xDF, 0xFF, 
0xAF, 0x04, 0x00, 0x00, 0x00, 0x00, 0x9F, 0xFF, 0x93, 0x07, 0x00, 0x00, 0x00, 0x06, 0x9A, 0xFF, 
0x85, 0x00, 0x00, 0x00, 0x40, 0xFF, 0xA5, 0x00, 0x00, 0x00, 0x00, 0x00, 0x00, 0x02, 0xBF, 0xFA, 
0x1B, 0x00, 0x00, 0xB7, 0xF6, 0x17, 0x00, 0x02, 0x48, 0x77, 0x6F, 0x47, 0x0B, 0x3B, 0xFF, 0x79, 
0x00, 0x12, 0xFD, 0xA5, 0x00, 0x0D, 0xC0, 0xFF, 0xFF, 0xFF, 0xFF, 0xAC, 0x01, 0xE5, 0xBE, 0x00, 
0x4D, 0xFF, 0x5D, 0x00, 0x9B, 0xFF, 0x82, 0x0F, 0x54, 0xFF, 0xA0, 0x00, 0xB2, 0xEC, 0x00, 0x79, 
0xFF, 0x2F, 0x13, 0xFB, 0xD9, 0x02, 0x00, 0x42, 0xFF, 0x92, 0x00, 0x99, 0xFF, 0x03, 0x95, 0xFF, 
0x13, 0x4D, 0xFF, 0x97, 0x00, 0x00, 0x52, 0xFF, 0x84, 0x00, 0x92, 0xFF, 0x0A, 0xA1, 0xFF, 0x08, 
0x68, 0xFF, 0x7A, 0x00, 0x00, 0x62, 0xFF, 0x76, 0x00, 0x98, 0xFE, 0x02, 0x9F, 0xFF, 0x0A, 0x63, 
0xFF, 0x7A, 0x00, 0x00, 0x7F, 0xFF, 0x6D, 0x00, 0xAA, 0xE3, 0x00, 0x8F, 0xFF, 0x1C, 0x41, 0xFF, 
0x9E, 0x00, 0x00, 0xB5, 0xFF, 0x73, 0x00, 0xD1, 0xB3, 0x00, 0x6D, 0xFF, 0x44, 0x07, 0xEC, 0xF3, 
0x41, 0x4B, 0xFB, 0xCC, 0xBC, 0x48, 0xFF, 0x66, 0x00, 0x35, 0xFF, 0x86, 0x00, 0x5B, 0xFD, 0xFF, 
0xFF, 0x8E, 0x37, 0xFD, 0xFF, 0xD2, 0x07, 0x00, 0x02, 0xE3, 0xE5, 0x06, 0x00, 0x29, 0x63, 0x3E, 
0x00, 0x00, 0x37, 0x5C, 0x0E, 0x00, 0x00, 0x00, 0x72, 0xFF, 0x84, 0x00, 0x00, 0x00, 0x00, 0x00, 
0x00, 0x00, 0x00, 0x00, 0x00, 0x00, 0x00, 0x05, 0xCC, 0xFF, 0x81, 0x06, 0x00, 0x00, 0x00, 0x00, 
0x00, 0x30, 0x00, 0x00, 0x00, 0x00, 0x00, 0x17, 0xCD, 0xFF, 0xE6, 0x9C, 0x7E, 0x7F, 0x9E, 0xDF, 
0xE8, 0x00, 0x00, 0x00, 0x00, 0x00, 0x00, 0x07, 0x72, 0xD5, 0xFF, 0xFF, 0xFF, 0xF9, 0xBC, 0x57, 
0x00, 0x00, 0x00, 0x00, 0x00, 0x00, 0x00, 0x00, 0x00, 0x0C, 0x21, 0x1C, 0x05, 0x00, 0x00, 0x00, 
0x00, 0x00, 0x00, 0x00, 0x00, 0x00, 0x00, 0x00, 0x33, 0x34, 0x13, 0x00, 0x00, 0x00, 0x00, 0x00, 
0x00, 0x00, 0x00, 0x00, 0x00, 0x2E, 0xFF, 0xFF, 0x8E, 0x00, 0x00, 0x00, 0x00, 0x00, 0x00, 0x00, 
0x00, 0x00, 0x00, 0x82, 0xFF, 0xFF, 0xE1, 0x01, 0x00, 0x00, 0x00, 0x00, 0x00, 0x00, 0x00, 0x00, 
0x00, 0xD4, 0xFF, 0xCB, 0xFF, 0x35, 0x00, 0x00, 0x00, 0x00, 0x00, 0x00, 0x00, 0x00, 0x27, 0xFF, 
0xD4, 0x73, 0xFF, 0x88, 0x00, 0x00, 0x00, 0x00, 0x00, 0x00, 0x00, 0x00, 0x7A, 0xFF, 0x8E, 0x2A, 
0xFF, 0xDB, 0x00, 0x00, 0x00, 0x00, 0x00, 0x00, 0x00, 0x00, 0xCD, 0xFF, 0x3E, 0x00, 0xDE, 0xFF, 
0x2E, 0x00, 0x00, 0x00, 0x00, 0x00, 0x00, 0x1F, 0xFF, 0xEB, 0x03, 0x00, 0x8E, 0xFF, 0x82, 0x00, 
0x00, 0x00, 0x00, 0x00, 0x00, 0x72, 0xFF, 0x9E, 0x00, 0x00, 0x3E, 0xFF, 0xD5, 0x00, 0x00, 0x00, 
0x00, 0x00, 0x00, 0xC4, 0xFF, 0x4E, 0x00, 0x00, 0x03, 0xEB, 0xFF, 0x28, 0x00, 0x00, 0x00, 0x00, 
0x19, 0xFE, 0xFD, 0x35, 0x2C, 0x2C, 0x2C, 0xB5, 0xFF, 0x7C, 0x00, 0x00, 0x00, 0x00, 0x6A, 0xFF, 
0xFF, 0xFF, 0xFF, 0xFF, 0xFF, 0xFF, 0xFF, 0xCF, 0x00, 0x00, 0x00, 0x00, 0xBD, 0xFF, 0xD0, 0xC0, 
0xC0, 0xC0, 0xC0, 0xC0, 0xF8, 0xFF, 0x22, 0x00, 0x00, 0x14, 0xFC, 0xFC, 0x12, 0x00, 0x00, 0x00, 
0x00, 0x00, 0xAE, 0xFF, 0x76, 0x00, 0x00, 0x63, 0xFF, 0xBE, 0x00, 0x00, 0x00, 0x00, 0x00, 0x00, 
0x5F, 0xFF, 0xC8, 0x00, 0x00, 0xB6, 0xFF, 0x6E, 0x00, 0x00, 0x00, 0x00, 0x00, 0x00, 0x13, 0xFC, 
0xFF, 0x1D, 0x0F, 0xF9, 0xFF, 0x1F, 0x00, 0x00, 0x00, 0x00, 0x00, 0x00, 0x00, 0xBE, 0xFF, 0x6F, 
0x5A, 0xFF, 0xCF, 0x00, 0x00, 0x00, 0x00, 0x00, 0x00, 0x00, 0x00, 0x71, 0xFF, 0xC2, 0x1A, 0x24, 
0x24, 0x24, 0x24, 0x1F, 0x09, 0x00, 0x00, 0x00, 0x00, 0x00, 0xB8, 0xFF, 0xFF, 0xFF, 0xFF, 0xFF, 
0xFE, 0xD4, 0x7A, 0x09, 0x00, 0x00, 0xB8, 0xFF, 0xD1, 0xBC, 0xBC, 0xC4, 0xE7, 0xFF, 0xFF, 0xC7, 
0x05, 0x00, 0xB8, 0xFF, 0x50, 0x00, 0x00, 0x00, 0x01, 0x52, 0xFC, 0xFF, 0x5A, 0x00, 0xB8, 0xFF, 
0x50, 0x00, 0x00, 0x00, 0x00, 0x00, 0xB2, 0xFF, 0x8E, 0x00, 0xB8, 0xFF, 0x50, 0x00, 0x00, 0x00, 
0x00, 0x00, 0x99, 0xFF, 0x91, 0x00, 0xB8, 0xFF, 0x50, 0x00, 0x00, 0x00, 0x00, 0x00, 0xC6, 0xFF, 
0x63, 0x00, 0xB8, 0xFF, 0x50, 0x00, 0x00, 0x00, 0x0E, 0x81, 0xFF, 0xDB, 0x0B, 0x00, 0xB8, 0xFF, 
0xED, 0xE4, 0xE4, 0xE8, 0xFE, 0xEE, 0x9C, 0x17, 0x00, 0x00, 0xB8, 0xFF, 0xFD, 0xFC, 0xFC, 0xFF, 
0xFF, 0xF7, 0xB8, 0x41, 0x00, 0x00, 0xB8, 0xFF, 0x50, 0x00, 0x00, 0x01, 0x1D, 0x75, 0xF9, 0xFE, 
0x53, 0x00, 0xB8, 0xFF, 0x50, 0x00, 0x00, 0x00, 0x00, 0x00, 0x77, 0xFF, 0xDB, 0x00, 0xB8, 0xFF, 
0x50, 0x00, 0x00, 0x00, 0x00, 0x00, 0x2C, 0xFF, 0xFF, 0x0D, 0xB8, 0xFF, 0x50, 0x00, 0x00, 0x00, 
0x00, 0x00, 0x2C, 0xFF, 0xFF, 0x0D, 0xB8, 0xFF, 0x50, 0x00, 0x00, 0x00, 0x00, 0x00, 0x72, 0xFF, 
0xE5, 0x00, 0xB8, 0xFF, 0x50, 0x00, 0x00, 0x00, 0x05, 0x55, 0xF3, 0xFF, 0x84, 0x00, 0xB8, 0xFF, 
0xEA, 0xE0, 0xE0, 0xE3, 0xF8, 0xFF, 0xFF, 0xC0, 0x09, 0x00, 0xB8, 0xFF, 0xFF, 0xFF, 0xFF, 0xFF, 
0xF3, 0xC5, 0x68, 0x05, 0x00, 0x00, 0x00, 0x00, 0x00, 0x00, 0x00, 0x0F, 0x43, 0x5C, 0x5A, 0x3D, 
0x0C, 0x00, 0x00, 0x00, 0x00, 0x00, 0x17, 0x9F, 0xF9, 0xFF, 0xFF, 0xFF, 0xFF, 0xF9, 0xAE, 0x0E, 
0x00, 0x00, 0x26, 0xE4, 0xFF, 0xFB, 0xB9, 0x91, 0x97, 0xBB, 0xF6, 0xCD, 0x00, 0x00, 0x07, 0xD7, 
0xFF, 0xCE, 0x22, 0x00, 0x00, 0x00, 0x00, 0x0D, 0x27, 0x00, 0x00, 0x70, 0xFF, 0xEA, 0x16, 0x00, 
0x00, 0x00, 0x00, 0x00, 0x00, 0x00, 0x00, 0x00, 0xD8, 0xFF, 0x7A, 0x00, 0x00, 0x00, 0x00, 0x00, 
0x00, 0x00, 0x00, 0x00, 0x1F, 0xFF, 0xFF, 0x24, 0x00, 0x00, 0x00, 0x00, 0x00, 0x00, 0x00, 0x00, 
0x00, 0x4B, 0xFF, 0xEF, 0x00, 0x00, 0x00, 0x00, 0x00, 0x00, 0x00, 0x00, 0x00, 0x00, 0x63, 0xFF, 
0xD5, 0x00, 0x00, 0x00, 0x00, 0x00, 0x00, 0x00, 0x00, 0x00, 0x00, 0x6A, 0xFF, 0xCD, 0x00, 0x00, 
0x00, 0x00, 0x00, 0x00, 0x00, 0x00, 0x00, 0x00, 0x61, 0xFF, 0xD7, 0x00, 0x00, 0x00, 0x00, 0x00, 
0x00, 0x00, 0x00, 0x00, 0x00, 0x48, 0xFF, 0xF2, 0x01, 0x00, 0x00, 0x00, 0x00, 0x00, 0x00, 0x00, 
0x00, 0x00, 0x1A, 0xFF, 0xFF, 0x28, 0x00, 0x00, 0x00, 0x00, 0x00, 0x00, 0x00, 0x00, 0x00, 0x00, 
0xD6, 0xFF, 0x7D, 0x00, 0x00, 0x00, 0x00, 0x00, 0x00, 0x00, 0x00, 0x00, 0x00, 0x73, 0xFF, 0xEF, 
0x1D, 0x00, 0x00, 0x00, 0x00, 0x00, 0x00, 0x00, 0x00, 0x00, 0x08, 0xDA, 0xFF, 0xDE, 0x40, 0x00, 
0x00, 0x00, 0x01, 0x2C, 0x30, 0x00, 0x00, 0x00, 0x27, 0xE3, 0xFF, 0xFF, 0xE6, 0xC6, 0xCB, 0xED, 
0xFF, 0x74, 0x00, 0x00, 0x00, 0x00, 0x15, 0x96, 0xF0, 0xFF, 0xFF, 0xFF, 0xFF, 0xDA, 0x48, 0x00, 
0x00, 0x00, 0x00, 0x00, 0x00, 0x03, 0x26, 0x3A, 0x33, 0x15, 0x00, 0x00, 0x00, 0x0B, 0x24, 0x24, 
0x24, 0x24, 0x1A, 0x03, 0x00, 0x00, 0x00, 0x00, 0x00, 0x00, 0x50, 0xFF, 0xFF, 0xFF, 0xFF, 0xFF, 
0xF8, 0xBA, 0x50, 0x00, 0x00, 0x00, 0x00, 0x50, 0xFF, 0xF5, 0xBC, 0xBD, 0xCE, 0xF8, 0xFF, 0xFF, 
0xAD, 0x09, 0x00, 0x00, 0x50, 0xFF, 0xD8, 0x00, 0x00, 0x00, 0x0B, 0x72, 0xF6, 0xFF, 0xAA, 0x00, 
0x00, 0x50, 0xFF, 0xD8, 0x00, 0x00, 0x00, 0x00, 0x00, 0x43, 0xFD, 0xFF, 0x4C, 0x00, 0x50, 0xFF, 
0xD8, 0x00, 0x00, 0x00, 0x00, 0x00, 0x00, 0x9F, 0xFF, 0xBB, 0x00, 0x50, 0xFF, 0xD8, 0x00, 0x00, 
0x00, 0x00, 0x00, 0x00, 0x3E, 0xFF, 0xFA, 0x0B, 0x50, 0xFF, 0xD8, 0x00, 0x00, 0x00, 0x00, 0x00, 
0x00, 0x0A, 0xFF, 0xFF, 0x31, 0x50, 0xFF, 0xD8, 0x00, 0x00, 0x00, 0x00, 0x00, 0x00, 0x00, 0xED, 
0xFF, 0x47, 0x50, 0xFF, 0xD8, 0x00, 0x00, 0x00, 0x00, 0x00, 0x00, 0x00, 0xE7, 0xFF, 0x4D, 0x50, 
0xFF, 0xD8, 0x00, 0x00, 0x00, 0x00, 0x00, 0x00, 0x00, 0xF3, 0xFF, 0x41, 0x50, 0xFF, 0xD8, 0x00, 
0x00, 0x00, 0x00, 0x00, 0x00, 0x15, 0xFF, 0xFF, 0x22, 0x50, 0xFF, 0xD8, 0x00, 0x00, 0x00, 0x00, 
0x00, 0x00, 0x56, 0xFF, 0xEB, 0x01, 0x50, 0xFF, 0xD8, 0x00, 0x00, 0x00, 0x00, 0x00, 0x00, 0xC1, 
0xFF, 0x9A, 0x00, 0x50, 0xFF, 0xD8, 0x00, 0x00, 0x00, 0x00, 0x00, 0x76, 0xFF, 0xFA, 0x27, 0x00, 
0x50, 0xFF, 0xD8, 0x00, 0x00, 0x03, 0x37, 0xA9, 0xFF, 0xFF, 0x70, 0x00, 0x00, 0x50, 0xFF, 0xFB, 
0xE0, 0xE4, 0xF8, 0xFF, 0xFF, 0xF6, 0x6D, 0x00, 0x00, 0x00, 0x50, 0xFF, 0xFF, 0xFF, 0xFD, 0xEF, 
0xC8, 0x81, 0x1B, 0x00, 0x00, 0x00, 0x00, 0x1A, 0x24, 0x24, 0x24, 0x24, 0x24, 0x24, 0x24, 0x24, 
0x24, 0x0D, 0xB8, 0xFF, 0xFF, 0xFF, 0xFF, 0xFF, 0xFF, 0xFF, 0xFF, 0xFF, 0x5C, 0xB8, 0xFF, 0xE1, 
0xC8, 0xC8, 0xC8, 0xC8, 0xC8, 0xC8, 0xC8, 0x48, 0xB8, 0xFF, 0x70, 0x00, 0x00, 0x00, 0x00, 0x00, 
0x00, 0x00, 0x00, 0xB8, 0xFF, 0x70, 0x00, 0x00, 0x00, 0x00, 0x00, 0x00, 0x00, 0x00, 0xB8, 0xFF, 
0x70, 0x00, 0x00, 0x00, 0x00, 0x00, 0x00, 0x00, 0x00, 0xB8, 0xFF, 0x70, 0x00, 0x00, 0x00, 0x00, 
0x00, 0x00, 0x00, 0x00, 0xB8, 0xFF, 0x70, 0x00, 0x00, 0x00, 0x00, 0x00, 0x00, 0x00, 0x00, 0xB8, 
0xFF, 0xF3, 0xE8, 0xE8, 0xE8, 0xE8, 0xE8, 0xE8, 0xD2, 0x00, 0xB8, 0xFF, 0xFF, 0xFF, 0xFF, 0xFF, 
0xFF, 0xFF, 0xFF, 0xE8, 0x00, 0xB8, 0xFF, 0x72, 0x04, 0x04, 0x04, 0x04, 0x04, 0x04, 0x04, 0x00, 
0xB8, 0xFF, 0x70, 0x00, 0x00, 0x00, 0x00, 0x00, 0x00, 0x00, 0x00, 0xB8, 0xFF, 0x70, 0x00, 0x00, 
0x00, 0x00, 0x00, 0x00, 0x00, 0x00, 0xB8, 0xFF, 0x70, 0x00, 0x00, 0x00, 0x00, 0x00, 0x00, 0x00, 
0x00, 0xB8, 0xFF, 0x70, 0x00, 0x00, 0x00, 0x00, 0x00, 0x00, 0x00, 0x00, 0xB8, 0xFF, 0x70, 0x00, 
0x00, 0x00, 0x00, 0x00, 0x00, 0x00, 0x00, 0xB8, 0xFF, 0xF5, 0xEC, 0xEC, 0xEC, 0xEC, 0xEC, 0xEC, 
0xEC, 0x55, 0xB8, 0xFF, 0xFF, 0xFF, 0xFF, 0xFF, 0xFF, 0xFF, 0xFF, 0xFF, 0x5C, 0x1A, 0x24, 0x24, 
0x24, 0x24, 0x24, 0x24, 0x24, 0x24, 0x24, 0x0D, 0xB8, 0xFF, 0xFF, 0xFF, 0xFF, 0xFF, 0xFF, 0xFF, 
0xFF, 0xFF, 0x5C, 0xB8, 0xFF, 0xE1, 0xC8, 0xC8, 0xC8, 0xC8, 0xC8, 0xC8, 0xC8, 0x48, 0xB8, 0xFF, 
0x70, 0x00, 0x00, 0x00, 0x00, 0x00, 0x00, 0x00, 0x00, 0xB8, 0xFF, 0x70, 0x00, 0x00, 0x00, 0x00, 
0x00, 0x00, 0x00, 0x00, 0xB8, 0xFF, 0x70, 0x00, 0x00, 0x00, 0x00, 0x00, 0x00, 0x00, 0x00, 0xB8, 
0xFF, 0x70, 0x00, 0x00, 0x00, 0x00, 0x00, 0x00, 0x00, 0x00, 0xB8, 0xFF, 0x70, 0x00, 0x00, 0x00, 
0x00, 0x00, 0x00, 0x00, 0x00, 0xB8, 0xFF, 0x89, 0x2C, 0x2C, 0x2C, 0x2C, 0x2C, 0x2C, 0x28, 0x00, 
0xB8, 0xFF, 0xFF, 0xFF, 0xFF, 0xFF, 0xFF, 0xFF, 0xFF, 0xE8, 0x00, 0xB8, 0xFF, 0xDC, 0xC0, 0xC0, 
0xC0, 0xC0, 0xC0, 0xC0, 0xAE, 0x00, 0xB8, 0xFF, 0x70, 0x00, 0x00, 0x00, 0x00, 0x00, 0x00, 0x00, 
0x00, 0xB8, 0xFF, 0x70, 0x00, 0x00, 0x00, 0x00, 0x00, 0x00, 0x00, 0x00, 0xB8, 0xFF, 0x70, 0x00, 
0x00, 0x00, 0x00, 0x00, 0x00, 0x00, 0x00, 0xB8, 0xFF, 0x70, 0x00, 0x00, 0x00, 0x00, 0x00, 0x00, 
0x00, 0x00, 0xB8, 0xFF, 0x70, 0x00, 0x00, 0x00, 0x00, 0x00, 0x00, 0x00, 0x00, 0xB8, 0xFF, 0x70, 
0x00, 0x00, 0x00, 0x00, 0x00, 0x00, 0x00, 0x00, 0xB8, 0xFF, 0x70, 0x00, 0x00, 0x00, 0x00, 0x00, 
0x00, 0x00, 0x00, 0x00, 0x00, 0x00, 0x00, 0x00, 0x29, 0x53, 0x5E, 0x50, 0x23, 0x00, 0x00, 0x00, 
0x00, 0x00, 0x58, 0xDA, 0xFF, 0xFF, 0xFF, 0xFF, 0xFF, 0xD2, 0x3B, 0x00, 0x00, 0x8B, 0xFF, 0xFF, 
0xE8, 0xA8, 0x96, 0xA5, 0xDE, 0xFF, 0x2A, 0x00, 0x60, 0xFF, 0xFF, 0x7E, 0x05, 0x00, 0x00, 0x00, 
0x01, 0x37, 0x00, 0x08, 0xE7, 0xFF, 0x8B, 0x00, 0x00, 0x00, 0x00, 0x00, 0x00, 0x00, 0x00, 0x53, 
0xFF, 0xF0, 0x0D, 0x00, 0x00, 0x00, 0x00, 0x00, 0x00, 0x00, 0x00, 0x98, 0xFF, 0xA5, 0x00, 0x00, 
0x00, 0x00, 0x00, 0x00, 0x00, 0x00, 0x00, 0xC4, 0xFF, 0x70, 0x00, 0x00, 0x00, 0x00, 0x00, 0x00, 
0x00, 0x00, 0x00, 0xDF, 0xFF, 0x54, 0x00, 0x00, 0x00, 0x06, 0x0C, 0x0C, 0x0C, 0x0C, 0x09, 0xEA, 
0xFF, 0x4A, 0x00, 0x00, 0x00, 0x7C, 0xFF, 0xFF, 0xFF, 0xFF, 0xB8, 0xE4, 0xFF, 0x51, 0x00, 0x00, 
0x00, 0x6D, 0xE0, 0xE0, 0xEC, 0xFF, 0xB8, 0xD0, 0xFF, 0x6C, 0x00, 0x00, 0x00, 0x00, 0x00, 0x00, 
0x60, 0xFF, 0xB8, 0xAB, 0xFF, 0x9C, 0x00, 0x00, 0x00, 0x00, 0x00, 0x00, 0x60, 0xFF, 0xB8, 0x6D, 
0xFF, 0xE8, 0x06, 0x00, 0x00, 0x00, 0x00, 0x00, 0x60, 0xFF, 0xB8, 0x19, 0xF8, 0xFF, 0x77, 0x00, 
0x00, 0x00, 0x00, 0x00, 0x60, 0xFF, 0xB8, 0x00, 0x88, 0xFF, 0xFD, 0x75, 0x07, 0x00, 0x00, 0x00, 
0x61, 0xFF, 0xB8, 0x00, 0x05, 0xAE, 0xFF, 0xFF, 0xEF, 0xBE, 0xB3, 0xCB, 0xFA, 0xFF, 0xB8, 0x00, 
0x00, 0x01, 0x63, 0xD3, 0xFF, 0xFF, 0xFF, 0xFF, 0xFA, 0xC3, 0x5A, 0x00, 0x00, 0x00, 0x00, 0x00, 
0x14, 0x32, 0x3A, 0x29, 0x07, 0x00, 0x00, 0x0B, 0x24, 0x1E, 0x00, 0x00, 0x00, 0x00, 0x00, 0x00, 
0x10, 0x24, 0x1A, 0x50, 0xFF, 0xD8, 0x00, 0x00, 0x00, 0x00, 0x00, 0x00, 0x70, 0xFF, 0xB8, 0x50, 
0xFF, 0xD8, 0x00, 0x00, 0x00, 0x00, 0x00, 0x00, 0x70, 0xFF, 0xB8, 0x50, 0xFF, 0xD8, 0x00, 0x00, 
0x00, 0x00, 0x00, 0x00, 0x70, 0xFF, 0xB8, 0x50, 0xFF, 0xD8, 0x00, 0x00, 0x00, 0x00, 0x00, 0x00, 
0x70, 0xFF, 0xB8, 0x50, 0xFF, 0xD8, 0x00, 0x00, 0x00, 0x00, 0x00, 0x00, 0x70, 0xFF, 0xB8, 0x50, 
0xFF, 0xD8, 0x00, 0x00, 0x00, 0x00, 0x00, 0x00, 0x70, 0xFF, 0xB8, 0x50, 0xFF, 0xD8, 0x00, 0x00, 
0x00, 0x00, 0x00, 0x00, 0x70, 0xFF, 0xB8, 0x50, 0xFF, 0xFC, 0xE8, 0xE8, 0xE8, 0xE8, 0xE8, 0xE8, 
0xF3, 0xFF, 0xB8, 0x50, 0xFF, 0xFF, 0xFF, 0xFF, 0xFF, 0xFF, 0xFF, 0xFF, 0xFF, 0xFF, 0xB8, 0x50, 
0xFF, 0xD9, 0x04, 0x04, 0x04, 0x04, 0x04, 0x04, 0x72, 0xFF, 0xB8, 0x50, 0xFF, 0xD8, 0x00, 0x00, 
0x00, 0x00, 0x00, 0x00, 0x70, 0xFF, 0xB8, 0x50, 0xFF, 0xD8, 0x00, 0x00, 0x00, 0x00, 0x00, 0x00, 
0x70, 0xFF, 0xB8, 0x50, 0xFF, 0xD8, 0x00, 0x00, 0x00, 0x00, 0x00, 0x00, 0x70, 0xFF, 0xB8, 0x50, 
0xFF, 0xD8, 0x00, 0x00, 0x00, 0x00, 0x00, 0x00, 0x70, 0xFF, 0xB8, 0x50, 0xFF, 0xD8, 0x00, 0x00, 
0x00, 0x00, 0x00, 0x00, 0x70, 0xFF, 0xB8, 0x50, 0xFF, 0xD8, 0x00, 0x00, 0x00, 0x00, 0x00, 0x00, 
0x70, 0xFF, 0xB8, 0x50, 0xFF, 0xD8, 0x00, 0x00, 0x00, 0x00, 0x00, 0x00, 0x70, 0xFF, 0xB8, 0x0D, 
0x24, 0x24, 0x24, 0x24, 0x24, 0x24, 0x24, 0x24, 0x1C, 0x5C, 0xFF, 0xFF, 0xFF, 0xFF, 0xFF, 0xFF, 
0xFF, 0xFF, 0xC4, 0x22, 0x6F, 0x85, 0x9B, 0xF8, 0xFF, 0xB8, 0x8D, 0x78, 0x4D, 0x00, 0x00, 0x00, 
0x00, 0xE8, 0xFF, 0x40, 0x00, 0x00, 0x00, 0x00, 0x00, 0x00, 0x00, 0xE8, 0xFF, 0x40, 0x00, 0x00, 
0x00, 0x00, 0x00, 0x00, 0x00, 0xE8, 0xFF, 0x40, 0x00, 0x00, 0x00, 0x00, 0x00, 0x00, 0x00, 0xE8, 
0xFF, 0x40, 0x00, 0x00, 0x00, 0x00, 0x00, 0x00, 0x00, 0xE8, 0xFF, 0x40, 0x00, 0x00, 0x00, 0x00, 
0x00, 0x00, 0x00, 0xE8, 0xFF, 0x40, 0x00, 0x00, 0x00, 0x00, 0x00, 0x00, 0x00, 0xE8, 0xFF, 0x40, 
0x00, 0x00, 0x00, 0x00, 0x00, 0x00, 0x00, 0xE8, 0xFF, 0x40, 0x00, 0x00, 0x00, 0x00, 0x00, 0x00, 
0x00, 0xE8, 0xFF, 0x40, 0x00, 0x00, 0x00, 0x00, 0x00, 0x00, 0x00, 0xE8, 0xFF, 0x40, 0x00, 0x00, 
0x00, 0x00, 0x00, 0x00, 0x00, 0xE8, 0xFF, 0x40, 0x00, 0x00, 0x00, 0x00, 0x00, 0x00, 0x00, 0xE8, 
0xFF, 0x40, 0x00, 0x00, 0x00, 0x00, 0x00, 0x00, 0x00, 0xE8, 0xFF, 0x40, 0x00, 0x00, 0x00, 0x2E, 
0x90, 0xA7, 0xBE, 0xFB, 0xFF, 0xD2, 0xB0, 0x98, 0x66, 0x5C, 0xFF, 0xFF, 0xFF, 0xFF, 0xFF, 0xFF, 
0xFF, 0xFF, 0xC4, 0x00, 0x00, 0x00, 0x00, 0x00, 0x00, 0x00, 0x24, 0x24, 0x06, 0x00, 0x00, 0x00, 
0x00, 0x00, 0x00, 0x00, 0xFF, 0xFF, 0x28, 0x00, 0x00, 0x00, 0x00, 0x00, 0x00, 0x00, 0xFF, 0xFF, 
0x28, 0x00, 0x00, 0x00, 0x00, 0x00, 0x00, 0x00, 0xFF, 0xFF, 0x28, 0x00, 0x00, 0x00, 0x00, 0x00, 
0x00, 0x00, 0xFF, 0xFF, 0x28, 0x00, 0x00, 0x00, 0x00, 0x00, 0x00, 0x00, 0xFF, 0xFF, 0x28, 0x00, 
0x00, 0x00, 0x00, 0x00, 0x00, 0x00, 0xFF, 0xFF, 0x28, 0x00, 0x00, 0x00, 0x00, 0x00, 0x00, 0x00, 
0xFF, 0xFF, 0x28, 0x00, 0x00, 0x00, 0x00, 0x00, 0x00, 0x00, 0xFF, 0xFF, 0x28, 0x00, 0x00, 0x00, 
0x00, 0x00, 0x00, 0x00, 0xFF, 0xFF, 0x28, 0x00, 0x00, 0x00, 0x00, 0x00, 0x00, 0x00, 0xFF, 0xFF, 
0x28, 0x00, 0x00, 0x00, 0x00, 0x00, 0x00, 0x00, 0xFF, 0xFF, 0x28, 0x00, 0x00, 0x00, 0x00, 0x00, 
0x00, 0x01, 0xFF, 0xFF, 0x28, 0x00, 0x00, 0x00, 0x00, 0x00, 0x00, 0x12, 0xFF, 0xFF, 0x1D, 0x00, 
0x00, 0x00, 0x00, 0x00, 0x00, 0x53, 0xFF, 0xF6, 0x04, 0x3A, 0x1F, 0x00, 0x00, 0x00, 0x26, 0xDF, 
0xFF, 0xAC, 0x00, 0x98, 0xFF, 0xE6, 0xC6, 0xCF, 0xFD, 0xFF, 0xF3, 0x28, 0x00, 0x66, 0xE9, 0xFF, 
0xFF, 0xFF, 0xFF, 0xC4, 0x31, 0x00, 0x00, 0x00, 0x00, 0x1A, 0x35, 0x36, 0x15, 0x00, 0x00, 0x00, 
0x00, 0x0B, 0x24, 0x1E, 0x00, 0x00, 0x00, 0x00, 0x00, 0x00, 0x13, 0x24, 0x22, 0x00, 0x50, 0xFF, 
0xD8, 0x00, 0x00, 0x00, 0x00, 0x00, 0x13, 0xE4, 0xFF, 0x83, 0x00, 0x50, 0xFF, 0xD8, 0x00, 0x00, 
0x00, 0x00, 0x01, 0xB5, 0xFF, 0xC1, 0x03, 0x00, 0x50, 0xFF, 0xD8, 0x00, 0x00, 0x00, 0x00, 0x75, 
0xFF, 0xED, 0x1C, 0x00, 0x00, 0x50, 0xFF, 0xD8, 0x00, 0x00, 0x00, 0x39, 0xFB, 0xFF, 0x4A, 0x00, 
0x00, 0x00, 0x50, 0xFF, 0xD8, 0x00, 0x00, 0x12, 0xE2, 0xFF, 0x8C, 0x00, 0x00, 0x00, 0x00, 0x50, 
0xFF, 0xD8, 0x00, 0x01, 0xB3, 0xFF, 0xCA, 0x06, 0x00, 0x00, 0x00, 0x00, 0x50, 0xFF, 0xD8, 0x00, 
0x72, 0xFF, 0xF1, 0x21, 0x00, 0x00, 0x00, 0x00, 0x00, 0x50, 0xFF, 0xD8, 0x2C, 0xF9, 0xFF, 0x70, 
0x00, 0x00, 0x00, 0x00, 0x00, 0x00, 0x50, 0xFF, 0xDA, 0xC7, 0xFF, 0xFF, 0xCD, 0x03, 0x00, 0x00, 
0x00, 0x00, 0x00, 0x50, 0xFF, 0xFF, 0xFF, 0x79, 0xE6, 0xFF, 0x72, 0x00, 0x00, 0x00, 0x00, 0x00, 
0x50, 0xFF, 0xFF, 0x8C, 0x00, 0x54, 0xFF, 0xF5, 0x20, 0x00, 0x00, 0x00, 0x00, 0x50, 0xFF, 0xE0, 
0x02, 0x00, 0x00, 0xB5, 0xFF, 0xB8, 0x00, 0x00, 0x00, 0x00, 0x50, 0xFF, 0xD8, 0x00, 0x00, 0x00, 
0x1F, 0xF5, 0xFF, 0x59, 0x00, 0x00, 0x00, 0x50, 0xFF, 0xD8, 0x00, 0x00, 0x00, 0x00, 0x74, 0xFF, 
0xEA, 0x13, 0x00, 0x00, 0x50, 0xFF, 0xD8, 0x00, 0x00, 0x00, 0x00, 0x04, 0xD0, 0xFF, 0x9E, 0x00, 
0x00, 0x50, 0xFF, 0xD8, 0x00, 0x00, 0x00, 0x00, 0x00, 0x36, 0xFE, 0xFF, 0x41, 0x00, 0x50, 0xFF, 
0xD8, 0x00, 0x00, 0x00, 0x00, 0x00, 0x00, 0x94, 0xFF, 0xDA, 0x08, 0x08, 0x24, 0x21, 0x00, 0x00, 
0x00, 0x00, 0x00, 0x00, 0x00, 0x00, 0x3C, 0xFF, 0xEC, 0x00, 0x00, 0x00, 0x00, 0x00, 0x00, 0x00, 
0x00, 0x3C, 0xFF, 0xEC, 0x00, 0x00, 0x00, 0x00, 0x00, 0x00, 0x00, 0x00, 0x3C, 0xFF, 0xEC, 0x00, 
0x00, 0x00, 0x00, 0x00, 0x00, 0x00, 0x00, 0x3C, 0xFF, 0xEC, 0x00, 0x00, 0x00, 0x00, 0x00, 0x00, 
0x00, 0x00, 0x3C, 0xFF, 0xEC, 0x00, 0x00, 0x00, 0x00, 0x00, 0x00, 0x00, 0x00, 0x3C, 0xFF, 0xEC, 
0x00, 0x00, 0x00, 0x00, 0x00, 0x00, 0x00, 0x00, 0x3C, 0xFF, 0xEC, 0x00, 0x00, 0x00, 0x00, 0x00, 
0x00, 0x00, 0x00, 0x3C, 0xFF, 0xEC, 0x00, 0x00, 0x00, 0x00, 0x00, 0x00, 0x00, 0x00, 0x3C, 0xFF, 
0xEC, 0x00, 0x00, 0x00, 0x00, 0x00, 0x00, 0x00, 0x00, 0x3C, 0xFF, 0xEC, 0x00, 0x00, 0x00, 0x00, 
0x00, 0x00, 0x00, 0x00, 0x3C, 0xFF, 0xEC, 0x00, 0x00, 0x00, 0x00, 0x00, 0x00, 0x00, 0x00, 0x3C, 
0xFF, 0xEC, 0x00, 0x00, 0x00, 0x00, 0x00, 0x00, 0x00, 0x00, 0x3C, 0xFF, 0xEC, 0x00, 0x00, 0x00, 
0x00, 0x00, 0x00, 0x00, 0x00, 0x3C, 0xFF, 0xEC, 0x00, 0x00, 0x00, 0x00, 0x00, 0x00, 0x00, 0x00, 
0x3C, 0xFF, 0xEC, 0x00, 0x00, 0x00, 0x00, 0x00, 0x00, 0x00, 0x00, 0x3C, 0xFF, 0xFF, 0xFC, 0xFC, 
0xFC, 0xFC, 0xFC, 0xFC, 0xFC, 0x5B, 0x3C, 0xFF, 0xFF, 0xFF, 0xFF, 0xFF, 0xFF, 0xFF, 0xFF, 0xFF, 
0x5C, 0x1D, 0x24, 0x24, 0x0B, 0x00, 0x00, 0x00, 0x00, 0x00, 0x22, 0x24, 0x24, 0x07, 0xCC, 0xFF, 
0xFF, 0x7A, 0x00, 0x00, 0x00, 0x00, 0x1B, 0xFF, 0xFF, 0xFF, 0x34, 0xCC, 0xFF, 0xFF, 0xC3, 0x00, 
0x00, 0x00, 0x00, 0x63, 0xFF, 0xFF, 0xFF, 0x34, 0xCC, 0xF7, 0xDB, 0xFC, 0x10, 0x00, 0x00, 0x00, 
0xAC, 0xFF, 0xD3, 0xFF, 0x34, 0xCC, 0xFF, 0x9F, 0xFF, 0x54, 0x00, 0x00, 0x04, 0xF0, 0xEB, 0xB5, 
0xFF, 0x34, 0xCC, 0xFF, 0x66, 0xFF, 0x9E, 0x00, 0x00, 0x3E, 0xFF, 0xA1, 0xC2, 0xFF, 0x34, 0xCC, 
0xFF, 0x37, 0xF0, 0xE6, 0x01, 0x00, 0x86, 0xFF, 0x55, 0xCC, 0xFF, 0x34, 0xCC, 0xFF, 0x39, 0xAA, 
0xFF, 0x2F, 0x00, 0xD0, 0xFA, 0x0F, 0xD2, 0xFF, 0x34, 0xCC, 0xFF, 0x3C, 0x5F, 0xFF, 0x79, 0x19, 
0xFF, 0xBD, 0x00, 0xD7, 0xFF, 0x34, 0xCC, 0xFF, 0x3C, 0x15, 0xFD, 0xC0, 0x60, 0xFF, 0x71, 0x00, 
0xD8, 0xFF, 0x34, 0xCC, 0xFF, 0x3C, 0x00, 0xC6, 0xFA, 0xBA, 0xFF, 0x26, 0x00, 0xD8, 0xFF, 0x34, 
0xCC, 0xFF, 0x3C, 0x00, 0x7A, 0xFF, 0xFF, 0xD9, 0x00, 0x00, 0xD8, 0xFF, 0x34, 0xCC, 0xFF, 0x3C, 
0x00, 0x2E, 0xFF, 0xFF, 0x8E, 0x00, 0x00, 0xD8, 0xFF, 0x34, 0xCC, 0xFF, 0x3C, 0x00, 0x00, 0xAD, 
0xBC, 0x38, 0x00, 0x00, 0xD8, 0xFF, 0x34, 0xCC, 0xFF, 0x3C, 0x00, 0x00, 0x00, 0x00, 0x00, 0x00, 
0x00, 0xD8, 0xFF, 0x34, 0xCC, 0xFF, 0x3C, 0x00, 0x00, 0x00, 0x00, 0x00, 0x00, 0x00, 0xD8, 0xFF, 
0x34, 0xCC, 0xFF, 0x3C, 0x00, 0x00, 0x00, 0x00, 0x00, 0x00, 0x00, 0xD8, 0xFF, 0x34, 0xCC, 0xFF, 
0x3C, 0x00, 0x00, 0x00, 0x00, 0x00, 0x00, 0x00, 0xD8, 0xFF, 0x34, 0x0B, 0x24, 0x24, 0x14, 0x00, 
0x00, 0x00, 0x00, 0x00, 0x0E, 0x24, 0x1A, 0x50, 0xFF, 0xFF, 0xCE, 0x00, 0x00, 0x00, 0x00, 0x00, 
0x60, 0xFF, 0xB8, 0x50, 0xFF, 0xFF, 0xFF, 0x3E, 0x00, 0x00, 0x00, 0x00, 0x60, 0xFF, 0xB8, 0x50, 
0xFF, 0xC4, 0xFF, 0xB0, 0x00, 0x00, 0x00, 0x00, 0x60, 0xFF, 0xB8, 0x50, 0xFF, 0x92, 0xD4, 0xFD, 
0x22, 0x00, 0x00, 0x00, 0x60, 0xFF, 0xB8, 0x50, 0xFF, 0xA6, 0x62, 0xFF, 0x8E, 0x00, 0x00, 0x00, 
0x60, 0xFF, 0xB8, 0x50, 0xFF, 0xB6, 0x08, 0xEA, 0xF1, 0x0D, 0x00, 0x00, 0x60, 0xFF, 0xB8, 0x50, 
0xFF, 0xBF, 0x00, 0x82, 0xFF, 0x70, 0x00, 0x00, 0x60, 0xFF, 0xB8, 0x50, 0xFF, 0xC4, 0x00, 0x18, 
0xFA, 0xDE, 0x03, 0x00, 0x60, 0xFF, 0xB8, 0x50, 0xFF, 0xC4, 0x00, 0x00, 0xA2, 0xFF, 0x50, 0x00, 
0x60, 0xFF, 0xB8, 0x50, 0xFF, 0xC4, 0x00, 0x00, 0x32, 0xFF, 0xC2, 0x00, 0x60, 0xFF, 0xB8, 0x50, 
0xFF, 0xC4, 0x00, 0x00, 0x00, 0xBF, 0xFF, 0x32, 0x5A, 0xFF, 0xB8, 0x50, 0xFF, 0xC4, 0x00, 0x00, 
0x00, 0x4E, 0xFF, 0xA1, 0x52, 0xFF, 0xB8, 0x50, 0xFF, 0xC4, 0x00, 0x00, 0x00, 0x02, 0xDC, 0xF9, 
0x5D, 0xFF, 0xB8, 0x50, 0xFF, 0xC4, 0x00, 0x00, 0x00, 0x00, 0x6E, 0xFF, 0xB7, 0xFF, 0xB8, 0x50, 
0xFF, 0xC4, 0x00, 0x00, 0x00, 0x00, 0x0D, 0xF1, 0xFD, 0xFF, 0xB8, 0x50, 0xFF, 0xC4, 0x00, 0x00, 
0x00, 0x00, 0x00, 0x8E, 0xFF, 0xFF, 0xB8, 0x50, 0xFF, 0xC4, 0x00, 0x00, 0x00, 0x00, 0x00, 0x21, 
0xFD, 0xFF, 0xB8, 0x00, 0x00, 0x00, 0x01, 0x33, 0x61, 0x68, 0x4B, 0x0D, 0x00, 0x00, 0x00, 0x00, 
0x00, 0x00, 0x2A, 0xCF, 0xFF, 0xFF, 0xFF, 0xFF, 0xF2, 0x6F, 0x00, 0x00, 0x00, 0x00, 0x21, 0xEC, 
0xFF, 0xE6, 0x96, 0x85, 0xB7, 0xFF, 0xFF, 0x79, 0x00, 0x00, 0x00, 0xB9, 0xFF, 0xC3, 0x0D, 0x00, 
0x00, 0x00, 0x53, 0xFF, 0xFB, 0x25, 0x00, 0x29, 0xFF, 0xFC, 0x22, 0x00, 0x00, 0x00, 0x00, 0x00, 
0xAF, 0xFF, 0x91, 0x00, 0x79, 0xFF, 0xBE, 0x00, 0x00, 0x00, 0x00, 0x00, 0x00, 0x55, 0xFF, 0xE0, 
0x00, 0xAE, 0xFF, 0x83, 0x00, 0x00, 0x00, 0x00, 0x00, 0x00, 0x1D, 0xFF, 0xFF, 0x15, 0xD1, 0xFF, 
0x61, 0x00, 0x00, 0x00, 0x00, 0x00, 0x00, 0x01, 0xF9, 0xFF, 0x37, 0xE4, 0xFF, 0x4F, 0x00, 0x00, 
0x00, 0x00, 0x00, 0x00, 0x00, 0xEB, 0xFF, 0x49, 0xEA, 0xFF, 0x49, 0x00, 0x00, 0x00, 0x00, 0x00, 
0x00, 0x00, 0xE5, 0xFF, 0x4F, 0xE4, 0xFF, 0x50, 0x00, 0x00, 0x00, 0x00, 0x00, 0x00, 0x00, 0xEC, 
0xFF, 0x46, 0xCF, 0xFF, 0x65, 0x00, 0x00, 0x00, 0x00, 0x00, 0x00, 0x04, 0xFD, 0xFF, 0x31, 0xAA, 
0xFF, 0x8C, 0x00, 0x00, 0x00, 0x00, 0x00, 0x00, 0x24, 0xFF, 0xFF, 0x0E, 0x73, 0xFF, 0xCB, 0x00, 
0x00, 0x00, 0x00, 0x00, 0x00, 0x61, 0xFF, 0xD3, 0x00, 0x21, 0xFE, 0xFF, 0x37, 0x00, 0x00, 0x00, 
0x00, 0x01, 0xC8, 0xFF, 0x7F, 0x00, 0x00, 0xA5, 0xFF, 0xDC, 0x25, 0x00, 0x00, 0x04, 0x8C, 0xFF, 
0xF0, 0x14, 0x00, 0x00, 0x13, 0xDB, 0xFF, 0xFB, 0xC5, 0xB6, 0xE7, 0xFF, 0xFC, 0x51, 0x00, 0x00, 
0x00, 0x00, 0x15, 0xA1, 0xF9, 0xFF, 0xFF, 0xFF, 0xCB, 0x3E, 0x00, 0x00, 0x00, 0x00, 0x00, 0x00, 
0x00, 0x0B, 0x31, 0x38, 0x19, 0x00, 0x00, 0x00, 0x00, 0x00, 0x1A, 0x24, 0x24, 0x24, 0x24, 0x22, 
0x0F, 0x00, 0x00, 0x00, 0x00, 0x00, 0xB8, 0xFF, 0xFF, 0xFF, 0xFF, 0xFF, 0xFF, 0xE3, 0x8F, 0x13, 
0x00, 0x00, 0xB8, 0xFF, 0xDA, 0xBC, 0xBC, 0xC2, 0xE2, 0xFF, 0xFF, 0xDE, 0x16, 0x00, 0xB8, 0xFF, 
0x70, 0x00, 0x00, 0x00, 0x00, 0x3B, 0xE6, 0xFF, 0x9A, 0x00, 0xB8, 0xFF, 0x70, 0x00, 0x00, 0x00, 
0x00, 0x00, 0x5F, 0xFF, 0xEE, 0x00, 0xB8, 0xFF, 0x70, 0x00, 0x00, 0x00, 0x00, 0x00, 0x28, 0xFF, 
0xFF, 0x0F, 0xB8, 0xFF, 0x70, 0x00, 0x00, 0x00, 0x00, 0x00, 0x28, 0xFF, 0xFF, 0x09, 0xB8, 0xFF, 
0x70, 0x00, 0x00, 0x00, 0x00, 0x00, 0x5F, 0xFF, 0xDD, 0x00, 0xB8, 0xFF, 0x70, 0x00, 0x00, 0x00, 
0x00, 0x21, 0xE0, 0xFF, 0x81, 0x00, 0xB8, 0xFF, 0xB4, 0x78, 0x79, 0x84, 0xB0, 0xF8, 0xFF, 0xD3, 
0x0C, 0x00, 0xB8, 0xFF, 0xFF, 0xFF, 0xFF, 0xFF, 0xFF, 0xFC, 0xA1, 0x12, 0x00, 0x00, 0xB8, 0xFF, 
0xAB, 0x68, 0x68, 0x61, 0x47, 0x11, 0x00, 0x00, 0x00, 0x00, 0xB8, 0xFF, 0x70, 0x00, 0x00, 0x00, 
0x00, 0x00, 0x00, 0x00, 0x00, 0x00, 0xB8, 0xFF, 0x70, 0x00, 0x00, 0x00, 0x00, 0x00, 0x00, 0x00, 
0x00, 0x00, 0xB8, 0xFF, 0x70, 0x00, 0x00, 0x00, 0x00, 0x00, 0x00, 0x00, 0x00, 0x00, 0xB8, 0xFF, 
0x70, 0x00, 0x00, 0x00, 0x00, 0x00, 0x00, 0x00, 0x00, 0x00, 0xB8, 0xFF, 0x70, 0x00, 0x00, 0x00, 
0x00, 0x00, 0x00, 0x00, 0x00, 0x00, 0xB8, 0xFF, 0x70, 0x00, 0x00, 0x00, 0x00, 0x00, 0x00, 0x00, 
0x00, 0x00, 0x00, 0x00, 0x00, 0x01, 0x33, 0x61, 0x68, 0x4B, 0x0D, 0x00, 0x00, 0x00, 0x00, 0x00, 
0x00, 0x2A, 0xCF, 0xFF, 0xFF, 0xFF, 0xFF, 0xF2, 0x6F, 0x00, 0x00, 0x00, 0x00, 0x21, 0xEC, 0xFF, 
0xE6, 0x96, 0x85, 0xB7, 0xFF, 0xFF, 0x79, 0x00, 0x00, 0x00, 0xB9, 0xFF, 0xC3, 0x0D, 0x00, 0x00, 
0x00, 0x53, 0xFF, 0xFB, 0x25, 0x00, 0x29, 0xFF, 0xFC, 0x22, 0x00, 0x00, 0x00, 0x00, 0x00, 0xAF, 
0xFF, 0x91, 0x00, 0x79, 0xFF, 0xBE, 0x00, 0x00, 0x00, 0x00, 0x00, 0x00, 0x55, 0xFF, 0xE0, 0x00, 
0xAE, 0xFF, 0x83, 0x00, 0x00, 0x00, 0x00, 0x00, 0x00, 0x1D, 0xFF, 0xFF, 0x15, 0xD1, 0xFF, 0x61, 
0x00, 0x00, 0x00, 0x00, 0x00, 0x00, 0x01, 0xF9, 0xFF, 0x37, 0xE4, 0xFF, 0x4F, 0x00, 0x00, 0x00, 
0x00, 0x00, 0x00, 0x00, 0xEB, 0xFF, 0x49, 0xEA, 0xFF, 0x49, 0x00, 0x00, 0x00, 0x00, 0x00, 0x00, 
0x00, 0xE5, 0xFF, 0x4F, 0xE4, 0xFF, 0x50, 0x00, 0x00, 0x00, 0x00, 0x00, 0x00, 0x00, 0xEC, 0xFF, 
0x46, 0xCF, 0xFF, 0x65, 0x00, 0x00, 0x00, 0x00, 0x00, 0x00, 0x04, 0xFD, 0xFF, 0x31, 0xAA, 0xFF, 
0x8C, 0x00, 0x00, 0x00, 0x00, 0x00, 0x00, 0x24, 0xFF, 0xFF, 0x0E, 0x73, 0xFF, 0xCB, 0x00, 0x00, 
0x00, 0x00, 0x00, 0x00, 0x61, 0xFF, 0xD3, 0x00, 0x21, 0xFE, 0xFF, 0x37, 0x00, 0x00, 0x00, 0x00, 
0x01, 0xC8, 0xFF, 0x7F, 0x00, 0x00, 0xA5, 0xFF, 0xDC, 0x25, 0x00, 0x00, 0x04, 0x8C, 0xFF, 0xF0, 
0x14, 0x00, 0x00, 0x13, 0xDB, 0xFF, 0xFB, 0xC5, 0xB6, 0xE7, 0xFF, 0xFC, 0x51, 0x00, 0x00, 0x00, 
0x00, 0x15, 0xA1, 0xF9, 0xFF, 0xFF, 0xFF, 0xFF, 0x91, 0x00, 0x00, 0x00, 0x00, 0x00, 0x00, 0x00, 
0x0B, 0x31, 0x38, 0x69, 0xFF, 0xEC, 0x0E, 0x00, 0x00, 0x00, 0x00, 0x00, 0x00, 0x00, 0x00, 0x00, 
0x02, 0xD4, 0xFF, 0x80, 0x00, 0x00, 0x00, 0x00, 0x00, 0x00, 0x00, 0x00, 0x00, 0x00, 0x56, 0xFF, 
0xF2, 0x14, 0x00, 0x00, 0x00, 0x00, 0x00, 0x00, 0x00, 0x00, 0x00, 0x02, 0xD2, 0xFF, 0x8F, 0x00, 
0x00, 0x00, 0x00, 0x00, 0x00, 0x00, 0x00, 0x00, 0x00, 0x28, 0x50, 0x48, 0x00, 0x1A, 0x24, 0x24, 
0x24, 0x22, 0x13, 0x00, 0x00, 0x00, 0x00, 0x00, 0x00, 0xB8, 0xFF, 0xFF, 0xFF, 0xFF, 0xFF, 0xED, 
0xA2, 0x29, 0x00, 0x00, 0x00, 0xB8, 0xFF, 0xDA, 0xBC, 0xBF, 0xD5, 0xFE, 0xFF, 0xF7, 0x42, 0x00, 
0x00, 0xB8, 0xFF, 0x70, 0x00, 0x00, 0x00, 0x1D, 0xC2, 0xFF, 0xDF, 0x02, 0x00, 0xB8, 0xFF, 0x70, 
0x00, 0x00, 0x00, 0x00, 0x26, 0xFF, 0xFF, 0x32, 0x00, 0xB8, 0xFF, 0x70, 0x00, 0x00, 0x00, 0x00, 
0x00, 0xF3, 0xFF, 0x4C, 0x00, 0xB8, 0xFF, 0x70, 0x00, 0x00, 0x00, 0x00, 0x02, 0xF8, 0xFF, 0x41, 
0x00, 0xB8, 0xFF, 0x70, 0x00, 0x00, 0x00, 0x00, 0x43, 0xFF, 0xF9, 0x11, 0x00, 0xB8, 0xFF, 0x70, 
0x00, 0x00, 0x04, 0x4A, 0xE4, 0xFF, 0x8C, 0x00, 0x00, 0xB8, 0xFF, 0xEE, 0xE0, 0xE3, 0xF8, 0xFF, 
0xFF, 0x96, 0x05, 0x00, 0x00, 0xB8, 0xFF, 0xFE, 0xFC, 0xFC, 0xFF, 0xFF, 0x5A, 0x00, 0x00, 0x00, 
0x00, 0xB8, 0xFF, 0x70, 0x00, 0x00, 0x93, 0xFF, 0xC0, 0x01, 0x00, 0x00, 0x00, 0xB8, 0xFF, 0x70, 
0x00, 0x00, 0x11, 0xEB, 0xFF, 0x5A, 0x00, 0x00, 0x00, 0xB8, 0xFF, 0x70, 0x00, 0x00, 0x00, 0x65, 
0xFF, 0xE7, 0x0D, 0x00, 0x00, 0xB8, 0xFF, 0x70, 0x00, 0x00, 0x00, 0x02, 0xCD, 0xFF, 0x8E, 0x00, 
0x00, 0xB8, 0xFF, 0x70, 0x00, 0x00, 0x00, 0x00, 0x39, 0xFF, 0xFB, 0x2C, 0x00, 0xB8, 0xFF, 0x70, 
0x00, 0x00, 0x00, 0x00, 0x00, 0xA2, 0xFF, 0xC1, 0x01, 0xB8, 0xFF, 0x70, 0x00, 0x00, 0x00, 0x00, 
0x00, 0x19, 0xF3, 0xFF, 0x5B, 0x00, 0x00, 0x00, 0x0E, 0x43, 0x5C, 0x5A, 0x42, 0x11, 0x00, 0x00, 
0x00, 0x0C, 0x96, 0xF9, 0xFF, 0xFF, 0xFF, 0xFF, 0xFE, 0xC3, 0x26, 0x02, 0xBE, 0xFF, 0xFD, 0xBA, 
0x91, 0x96, 0xB8, 0xF1, 0xF4, 0x0C, 0x4A, 0xFF, 0xFB, 0x3D, 0x00, 0x00, 0x00, 0x00, 0x05, 0x32, 
0x00, 0x86, 0xFF, 0xB6, 0x00, 0x00, 0x00, 0x00, 0x00, 0x00, 0x00, 0x00, 0x8F, 0xFF, 0xA6, 0x00, 
0x00, 0x00, 0x00, 0x00, 0x00, 0x00, 0x00, 0x6A, 0xFF, 0xE6, 0x0E, 0x00, 0x00, 0x00, 0x00, 0x00, 
0x00, 0x00, 0x13, 0xED, 0xFF, 0xD5, 0x45, 0x00, 0x00, 0x00, 0x00, 0x00, 0x00, 0x00, 0x39, 0xE9, 
0xFF, 0xFF, 0xCD, 0x5B, 0x05, 0x00, 0x00, 0x00, 0x00, 0x00, 0x10, 0x87, 0xF4, 0xFF, 0xFF, 0xDF, 
0x5C, 0x00, 0x00, 0x00, 0x00, 0x00, 0x00, 0x11, 0x7A, 0xE8, 0xFF, 0xFF, 0x9B, 0x01, 0x00, 0x00, 
0x00, 0x00, 0x00, 0x00, 0x09, 0x82, 0xFF, 0xFF, 0x54, 0x00, 0x00, 0x00, 0x00, 0x00, 0x00, 0x00, 
0x00, 0xAE, 0xFF, 0xA0, 0x00, 0x00, 0x00, 0x00, 0x00, 0x00, 0x00, 0x00, 0x88, 0xFF, 0xB1, 0x00, 
0x00, 0x00, 0x00, 0x00, 0x00, 0x00, 0x00, 0xB3, 0xFF, 0x98, 0x6D, 0x1F, 0x00, 0x00, 0x00, 0x00, 
0x00, 0x5B, 0xFE, 0xFF, 0x4A, 0xF4, 0xFF, 0xDD, 0xB1, 0x9E, 0xA6, 0xD8, 0xFF, 0xFF, 0xA5, 0x00, 
0x87, 0xDB, 0xFF, 0xFF, 0xFF, 0xFF, 0xFF, 0xDA, 0x6C, 0x02, 0x00, 0x00, 0x00, 0x0C, 0x2C, 0x39, 
0x34, 0x18, 0x00, 0x00, 0x00, 0x00, 0x21, 0x24, 0x24, 0x24, 0x24, 0x24, 0x24, 0x24, 0x24, 0x24, 
0x24, 0x24, 0x0B, 0xEC, 0xFF, 0xFF, 0xFF, 0xFF, 0xFF, 0xFF, 0xFF, 0xFF, 0xFF, 0xFF, 0xFF, 0x50, 
0xB8, 0xC8, 0xC8, 0xC8, 0xC8, 0xF9, 0xFF, 0xD8, 0xC8, 0xC8, 0xC8, 0xC8, 0x3F, 0x00, 0x00, 0x00, 
0x00, 0x00, 0xE0, 0xFF, 0x48, 0x00, 0x00, 0x00, 0x00, 0x00, 0x00, 0x00, 0x00, 0x00, 0x00, 0xE0, 
0xFF, 0x48, 0x00, 0x00, 0x00, 0x00, 0x00, 0x00, 0x00, 0x00, 0x00, 0x00, 0xE0, 0xFF, 0x48, 0x00, 
0x00, 0x00, 0x00, 0x00, 0x00, 0x00, 0x00, 0x00, 0x00, 0xE0, 0xFF, 0x48, 0x00, 0x00, 0x00, 0x00, 
0x00, 0x00, 0x00, 0x00, 0x00, 0x00, 0xE0, 0xFF, 0x48, 0x00, 0x00, 0x00, 0x00, 0x00, 0x00, 0x00, 
0x00, 0x00, 0x00, 0xE0, 0xFF, 0x48, 0x00, 0x00, 0x00, 0x00, 0x00, 0x00, 0x00, 0x00, 0x00, 0x00, 
0xE0, 0xFF, 0x48, 0x00, 0x00, 0x00, 0x00, 0x00, 0x00, 0x00, 0x00, 0x00, 0x00, 0xE0, 0xFF, 0x48, 
0x00, 0x00, 0x00, 0x00, 0x00, 0x00, 0x00, 0x00, 0x00, 0x00, 0xE0, 0xFF, 0x48, 0x00, 0x00, 0x00, 
0x00, 0x00, 0x00, 0x00, 0x00, 0x00, 0x00, 0xE0, 0xFF, 0x48, 0x00, 0x00, 0x00, 0x00, 0x00, 0x00, 
0x00, 0x00, 0x00, 0x00, 0xE0, 0xFF, 0x48, 0x00, 0x00, 0x00, 0x00, 0x00, 0x00, 0x00, 0x00, 0x00, 
0x00, 0xE0, 0xFF, 0x48, 0x00, 0x00, 0x00, 0x00, 0x00, 0x00, 0x00, 0x00, 0x00, 0x00, 0xE0, 0xFF, 
0x48, 0x00, 0x00, 0x00, 0x00, 0x00, 0x00, 0x00, 0x00, 0x00, 0x00, 0xE0, 0xFF, 0x48, 0x00, 0x00, 
0x00, 0x00, 0x00, 0x00, 0x00, 0x00, 0x00, 0x00, 0xE0, 0xFF, 0x48, 0x00, 0x00, 0x00, 0x00, 0x00, 
0x0B, 0x24, 0x1E, 0x00, 0x00, 0x00, 0x00, 0x00, 0x00, 0x10, 0x24, 0x1A, 0x50, 0xFF, 0xD8, 0x00, 
0x00, 0x00, 0x00, 0x00, 0x00, 0x70, 0xFF, 0xB8, 0x50, 0xFF, 0xD8, 0x00, 0x00, 0x00, 0x00, 0x00, 
0x00, 0x70, 0xFF, 0xB8, 0x50, 0xFF, 0xD8, 0x00, 0x00, 0x00, 0x00, 0x00, 0x00, 0x70, 0xFF, 0xB8, 
0x50, 0xFF, 0xD8, 0x00, 0x00, 0x00, 0x00, 0x00, 0x00, 0x70, 0xFF, 0xB8, 0x50, 0xFF, 0xD8, 0x00, 
0x00, 0x00, 0x00, 0x00, 0x00, 0x70, 0xFF, 0xB8, 0x50, 0xFF, 0xD8, 0x00, 0x00, 0x00, 0x00, 0x00, 
0x00, 0x70, 0xFF, 0xB8, 0x50, 0xFF, 0xD8, 0x00, 0x00, 0x00, 0x00, 0x00, 0x00, 0x70, 0xFF, 0xB8, 
0x50, 0xFF, 0xD8, 0x00, 0x00, 0x00, 0x00, 0x00, 0x00, 0x70, 0xFF, 0xB8, 0x50, 0xFF, 0xD8, 0x00, 
0x00, 0x00, 0x00, 0x00, 0x00, 0x70, 0xFF, 0xB8, 0x50, 0xFF, 0xD8, 0x00, 0x00, 0x00, 0x00, 0x00, 
0x00, 0x70, 0xFF, 0xB8, 0x50, 0xFF, 0xD8, 0x00, 0x00, 0x00, 0x00, 0x00, 0x00, 0x70, 0xFF, 0xB8, 
0x4B, 0xFF, 0xE0, 0x00, 0x00, 0x00, 0x00, 0x00, 0x00, 0x78, 0xFF, 0xB2, 0x33, 0xFF, 0xFA, 0x06, 
0x00, 0x00, 0x00, 0x00, 0x00, 0x97, 0xFF, 0x98, 0x08, 0xF7, 0xFF, 0x47, 0x00, 0x00, 0x00, 0x00, 
0x02, 0xD9, 0xFF, 0x63, 0x00, 0xA9, 0xFF, 0xD7, 0x1C, 0x00, 0x00, 0x02, 0x84, 0xFF, 0xF4, 0x12, 
0x00, 0x21, 0xEC, 0xFF, 0xF8, 0xC0, 0xB6, 0xE2, 0xFF, 0xFF, 0x66, 0x00, 0x00, 0x00, 0x27, 0xB9, 
0xFD, 0xFF, 0xFF, 0xFF, 0xDA, 0x56, 0x00, 0x00, 0x00, 0x00, 0x00, 0x00, 0x0F, 0x32, 0x37, 0x1E, 
0x00, 0x00, 0x00, 0x00, 0x0E, 0x24, 0x20, 0x00, 0x00, 0x00, 0x00, 0x00, 0x00, 0x00, 0x00, 0x12, 
0x24, 0x1C, 0x33, 0xFF, 0xFC, 0x11, 0x00, 0x00, 0x00, 0x00, 0x00, 0x00, 0x00, 0xAC, 0xFF, 0x98, 
0x01, 0xE1, 0xFF, 0x5A, 0x00, 0x00, 0x00, 0x00, 0x00, 0x00, 0x06, 0xF1, 0xFF, 0x46, 0x00, 0x8E, 
0xFF, 0xA6, 0x00, 0x00, 0x00, 0x00, 0x00, 0x00, 0x41, 0xFF, 0xF0, 0x06, 0x00, 0x3C, 0xFF, 0xEE, 
0x04, 0x00, 0x00, 0x00, 0x00, 0x00, 0x8C, 0xFF, 0xA6, 0x00, 0x00, 0x02, 0xE7, 0xFF, 0x3F, 0x00, 
0x00, 0x00, 0x00, 0x00, 0xD5, 0xFF, 0x55, 0x00, 0x00, 0x00, 0x96, 0xFF, 0x8C, 0x00, 0x00, 0x00, 
0x00, 0x20, 0xFF, 0xF7, 0x0B, 0x00, 0x00, 0x00, 0x43, 0xFF, 0xD8, 0x00, 0x00, 0x00, 0x00, 0x6B, 
0xFF, 0xB2, 0x00, 0x00, 0x00, 0x00, 0x04, 0xED, 0xFF, 0x25, 0x00, 0x00, 0x00, 0xB4, 0xFF, 0x62, 
0x00, 0x00, 0x00, 0x00, 0x00, 0x9E, 0xFF, 0x70, 0x00, 0x00, 0x09, 0xF7, 0xFC, 0x15, 0x00, 0x00, 
0x00, 0x00, 0x00, 0x4D, 0xFF, 0xBD, 0x00, 0x00, 0x4C, 0xFF, 0xBE, 0x00, 0x00, 0x00, 0x00, 0x00, 
0x00, 0x07, 0xF3, 0xFA, 0x10, 0x00, 0x95, 0xFF, 0x6E, 0x00, 0x00, 0x00, 0x00, 0x00, 0x00, 0x00, 
0xA6, 0xFF, 0x55, 0x00, 0xDC, 0xFF, 0x1F, 0x00, 0x00, 0x00, 0x00, 0x00, 0x00, 0x00, 0x54, 0xFF, 
0x9E, 0x20, 0xFF, 0xCD, 0x00, 0x00, 0x00, 0x00, 0x00, 0x00, 0x00, 0x00, 0x0B, 0xF7, 0xE2, 0x60, 
0xFF, 0x7B, 0x00, 0x00, 0x00, 0x00, 0x00, 0x00, 0x00, 0x00, 0x00, 0xAE, 0xFF, 0xBE, 0xFF, 0x2A, 
0x00, 0x00, 0x00, 0x00, 0x00, 0x00, 0x00, 0x00, 0x00, 0x5C, 0xFF, 0xFF, 0xDA, 0x00, 0x00, 0x00, 
0x00, 0x00, 0x00, 0x00, 0x00, 0x00, 0x00, 0x10, 0xFA, 0xFF, 0x89, 0x00, 0x00, 0x00, 0x00, 0x00, 
0x0E, 0x24, 0x16, 0x00, 0x00, 0x00, 0x00, 0x00, 0x00, 0x00, 0x00, 0x07, 0x24, 0x1C, 0x56, 0xFF, 
0xA8, 0x00, 0x00, 0x00, 0x00, 0x00, 0x00, 0x00, 0x00, 0x40, 0xFF, 0xBB, 0x39, 0xFF, 0xC0, 0x00, 
0x00, 0x00, 0x00, 0x00, 0x00, 0x00, 0x00, 0x57, 0xFF, 0xA2, 0x1C, 0xFF, 0xD8, 0x00, 0x00, 0x00, 
0x00, 0x00, 0x00, 0x00, 0x00, 0x6B, 0xFF, 0x88, 0x04, 0xFC, 0xF0, 0x00, 0x00, 0x00, 0x00, 0x00, 
0x00, 0x00, 0x00, 0x80, 0xFF, 0x6E, 0x00, 0xE3, 0xFF, 0x08, 0x00, 0x00, 0xC9, 0xDC, 0x4D, 0x00, 
0x00, 0x96, 0xFF, 0x55, 0x00, 0xC6, 0xFF, 0x21, 0x00, 0x21, 0xFF, 0xFF, 0x94, 0x00, 0x00, 0xAC, 
0xFF, 0x3B, 0x00, 0xA9, 0xFF, 0x3A, 0x00, 0x5D, 0xFF, 0xDB, 0xD0, 0x00, 0x00, 0xC4, 0xFF, 0x22, 
0x00, 0x8D, 0xFF, 0x52, 0x00, 0x99, 0xF9, 0x86, 0xFE, 0x10, 0x00, 0xDB, 0xFF, 0x08, 0x00, 0x70, 
0xFF, 0x6A, 0x00, 0xD4, 0xC9, 0x4B, 0xFF, 0x4C, 0x00, 0xEF, 0xEE, 0x00, 0x00, 0x54, 0xFF, 0x7F, 
0x11, 0xFE, 0x8E, 0x12, 0xFE, 0x89, 0x04, 0xFF, 0xD5, 0x00, 0x00, 0x37, 0xFF, 0x92, 0x48, 0xFF, 
0x53, 0x00, 0xD4, 0xC7, 0x16, 0xFF, 0xBA, 0x00, 0x00, 0x1A, 0xFF, 0xA3, 0x80, 0xFF, 0x19, 0x00, 
0x94, 0xFA, 0x2E, 0xFF, 0xA1, 0x00, 0x00, 0x02, 0xFB, 0xB6, 0xB7, 0xDD, 0x00, 0x00, 0x57, 0xFF, 
0x6E, 0xFF, 0x87, 0x00, 0x00, 0x00, 0xE0, 0xC6, 0xEB, 0xA2, 0x00, 0x00, 0x19, 0xFF, 0xAE, 0xFF, 
0x6E, 0x00, 0x00, 0x00, 0xC4, 0xED, 0xFF, 0x67, 0x00, 0x00, 0x00, 0xDC, 0xEC, 0xFF, 0x54, 0x00, 
0x00, 0x00, 0xA7, 0xFF, 0xFF, 0x2D, 0x00, 0x00, 0x00, 0x9C, 0xFF, 0xFF, 0x3A, 0x00, 0x00, 0x00, 
0x8B, 0xFF, 0xEF, 0x02, 0x00, 0x00, 0x00, 0x60, 0xFF, 0xFF, 0x21, 0x00, 0x00, 0x1B, 0x24, 0x15, 
0x00, 0x00, 0x00, 0x00, 0x00, 0x00, 0x04, 0x24, 0x24, 0x06, 0x00, 0x6A, 0xFF, 0xDC, 0x06, 0x00, 
0x00, 0x00, 0x00, 0x00, 0x72, 0xFF, 0xCF, 0x03, 0x00, 0x03, 0xCD, 0xFF, 0x73, 0x00, 0x00, 0x00, 
0x00, 0x13, 0xEF, 0xFF, 0x39, 0x00, 0x00, 0x00, 0x38, 0xFE, 0xEF, 0x13, 0x00, 0x00, 0x00, 0x93, 
0xFF, 0xA0, 0x00, 0x00, 0x00, 0x00, 0x00, 0x9B, 0xFF, 0x92, 0x00, 0x00, 0x29, 0xFB, 0xF0, 0x16, 
0x00, 0x00, 0x00, 0x00, 0x00, 0x14, 0xED, 0xFB, 0x27, 0x00, 0xB6, 0xFF, 0x6E, 0x00, 0x00, 0x00, 
0x00, 0x00, 0x00, 0x00, 0x67, 0xFF, 0xAF, 0x46, 0xFF, 0xD1, 0x04, 0x00, 0x00, 0x00, 0x00, 0x00, 
0x00, 0x00, 0x02, 0xCB, 0xFF, 0xE6, 0xFF, 0x3D, 0x00, 0x00, 0x00, 0x00, 0x00, 0x00, 0x00, 0x00, 
0x00, 0x34, 0xFE, 0xFF, 0xA2, 0x00, 0x00, 0x00, 0x00, 0x00, 0x00, 0x00, 0x00, 0x00, 0x00, 0x17, 
0xF3, 0xFF, 0x73, 0x00, 0x00, 0x00, 0x00, 0x00, 0x00, 0x00, 0x00, 0x00, 0x00, 0xA2, 0xFF, 0xFE, 
0xF1, 0x18, 0x00, 0x00, 0x00, 0x00, 0x00, 0x00, 0x00, 0x00, 0x3D, 0xFF, 0xD9, 0x72, 0xFF, 0xA2, 
0x00, 0x00, 0x00, 0x00, 0x00, 0x00, 0x00, 0x04, 0xD3, 0xFF, 0x4B, 0x04, 0xD6, 0xFF, 0x3F, 0x00, 
0x00, 0x00, 0x00, 0x00, 0x00, 0x71, 0xFF, 0xB9, 0x00, 0x00, 0x47, 0xFF, 0xD4, 0x05, 0x00, 0x00, 
0x00, 0x00, 0x19, 0xF2, 0xFC, 0x2A, 0x00, 0x00, 0x00, 0xB2, 0xFF, 0x73, 0x00, 0x00, 0x00, 0x00, 
0xA7, 0xFF, 0x93, 0x00, 0x00, 0x00, 0x00, 0x24, 0xFA, 0xF3, 0x1B, 0x00, 0x00, 0x41, 0xFF, 0xEE, 
0x12, 0x00, 0x00, 0x00, 0x00, 0x00, 0x8A, 0xFF, 0xA9, 0x00, 0x05, 0xD6, 0xFF, 0x6D, 0x00, 0x00, 
0x00, 0x00, 0x00, 0x00, 0x0D, 0xE9, 0xFF, 0x43, 0x04, 0x24, 0x24, 0x09, 0x00, 0x00, 0x00, 0x00, 
0x00, 0x00, 0x00, 0x1C, 0x24, 0x13, 0x02, 0xD3, 0xFF, 0x84, 0x00, 0x00, 0x00, 0x00, 0x00, 0x00, 
0x16, 0xF7, 0xFF, 0x3C, 0x00, 0x51, 0xFF, 0xEE, 0x0C, 0x00, 0x00, 0x00, 0x00, 0x00, 0x84, 0xFF, 
0xBB, 0x00, 0x00, 0x01, 0xCF, 0xFF, 0x6F, 0x00, 0x00, 0x00, 0x00, 0x0C, 0xEE, 0xFF, 0x38, 0x00, 
0x00, 0x00, 0x4F, 0xFF, 0xE1, 0x05, 0x00, 0x00, 0x00, 0x73, 0xFF, 0xB6, 0x00, 0x00, 0x00, 0x00, 
0x01, 0xCB, 0xFF, 0x5C, 0x00, 0x00, 0x05, 0xE2, 0xFF, 0x34, 0x00, 0x00, 0x00, 0x00, 0x00, 0x48, 
0xFF, 0xD0, 0x01, 0x00, 0x60, 0xFF, 0xB0, 0x00, 0x00, 0x00, 0x00, 0x00, 0x00, 0x00, 0xC7, 0xFF, 
0x48, 0x01, 0xD4, 0xFF, 0x31, 0x00, 0x00, 0x00, 0x00, 0x00, 0x00, 0x00, 0x44, 0xFF, 0xBE, 0x4D, 
0xFF, 0xAD, 0x00, 0x00, 0x00, 0x00, 0x00, 0x00, 0x00, 0x00, 0x00, 0xC2, 0xFF, 0xDE, 0xFE, 0x2B, 
0x00, 0x00, 0x00, 0x00, 0x00, 0x00, 0x00, 0x00, 0x00, 0x40, 0xFF, 0xFF, 0xA8, 0x00, 0x00, 0x00, 
0x00, 0x00, 0x00, 0x00, 0x00, 0x00, 0x00, 0x00, 0xDB, 0xFF, 0x43, 0x00, 0x00, 0x00, 0x00, 0x00, 
0x00, 0x00, 0x00, 0x00, 0x00, 0x00, 0xD4, 0xFF, 0x3C, 0x00, 0x00, 0x00, 0x00, 0x00, 0x00, 0x00, 
0x00, 0x00, 0x00, 0x00, 0xD4, 0xFF, 0x3C, 0x00, 0x00, 0x00, 0x00, 0x00, 0x00, 0x00, 0x00, 0x00, 
0x00, 0x00, 0xD4, 0xFF, 0x3C, 0x00, 0x00, 0x00, 0x00, 0x00, 0x00, 0x00, 0x00, 0x00, 0x00, 0x00, 
0xD4, 0xFF, 0x3C, 0x00, 0x00, 0x00, 0x00, 0x00, 0x00, 0x00, 0x00, 0x00, 0x00, 0x00, 0xD4, 0xFF, 
0x3C, 0x00, 0x00, 0x00, 0x00, 0x00, 0x00, 0x00, 0x00, 0x00, 0x00, 0x00, 0xD4, 0xFF, 0x3C, 0x00, 
0x00, 0x00, 0x00, 0x00, 0x08, 0x24, 0x24, 0x24, 0x24, 0x24, 0x24, 0x24, 0x24, 0x24, 0x05, 0x3C, 
0xFF, 0xFF, 0xFF, 0xFF, 0xFF, 0xFF, 0xFF, 0xFF, 0xFF, 0x20, 0x2C, 0xBC, 0xBC, 0xBC, 0xBC, 0xBC, 
0xBC, 0xC8, 0xFF, 0xFD, 0x15, 0x00, 0x00, 0x00, 0x00, 0x00, 0x00, 0x00, 0x8A, 0xFF, 0x9A, 0x00, 
0x00, 0x00, 0x00, 0x00, 0x00, 0x00, 0x21, 0xF9, 0xF4, 0x18, 0x00, 0x00, 0x00, 0x00, 0x00, 0x00, 
0x00, 0xAA, 0xFF, 0x7E, 0x00, 0x00, 0x00, 0x00, 0x00, 0x00, 0x00, 0x3B, 0xFF, 0xE4, 0x0A, 0x00, 
0x00, 0x00, 0x00, 0x00, 0x00, 0x01, 0xC8, 0xFF, 0x62, 0x00, 0x00, 0x00, 0x00, 0x00, 0x00, 0x00, 
0x5A, 0xFF, 0xD0, 0x02, 0x00, 0x00, 0x00, 0x00, 0x00, 0x00, 0x07, 0xE0, 0xFF, 0x45, 0x00, 0x00, 
0x00, 0x00, 0x00, 0x00, 0x00, 0x77, 0xFF, 0xB6, 0x00, 0x00, 0x00, 0x00, 0x00, 0x00, 0x00, 0x15, 
0xF1, 0xFD, 0x2A, 0x00, 0x00, 0x00, 0x00, 0x00, 0x00, 0x00, 0x96, 0xFF, 0x9A, 0x00, 0x00, 0x00, 
0x00, 0x00, 0x00, 0x00, 0x2A, 0xFC, 0xF3, 0x17, 0x00, 0x00, 0x00, 0x00, 0x00, 0x00, 0x00, 0xB6, 
0xFF, 0x7D, 0x00, 0x00, 0x00, 0x00, 0x00, 0x00, 0x00, 0x46, 0xFF, 0xE4, 0x0A, 0x00, 0x00, 0x00, 
0x00, 0x00, 0x00, 0x00, 0xB2, 0xFF, 0xF9, 0xEC, 0xEC, 0xEC, 0xEC, 0xEC, 0xEC, 0xEC, 0x1E, 0xB8, 
0xFF, 0xFF, 0xFF, 0xFF, 0xFF, 0xFF, 0xFF, 0xFF, 0xFF, 0x20, 0x08, 0x24, 0x24, 0x24, 0x24, 0x24, 
0x06, 0x3C, 0xFF, 0xFF, 0xFF, 0xFF, 0xFF, 0x28, 0x3C, 0xFF, 0xEE, 0x98, 0x98, 0x98, 0x18, 0x3C, 
0xFF, 0xD4, 0x00, 0x00, 0x00, 0x00, 0x3C, 0xFF, 0xD4, 0x00, 0x00, 0x00, 0x00, 0x3C, 0xFF, 0xD4, 
0x00, 0x00, 0x00, 0x00, 0x3C, 0xFF, 0xD4, 0x00, 0x00, 0x00, 0x00, 0x3C, 0xFF, 0xD4, 0x00, 0x00, 
0x00, 0x00, 0x3C, 0xFF, 0xD4, 0x00, 0x00, 0x00, 0x00, 0x3C, 0xFF, 0xD4, 0x00, 0x00, 0x00, 0x00, 
0x3C, 0xFF, 0xD4, 0x00, 0x00, 0x00, 0x00, 0x3C, 0xFF, 0xD4, 0x00, 0x00, 0x00, 0x00, 0x3C, 0xFF, 
0xD4, 0x00, 0x00, 0x00, 0x00, 0x3C, 0xFF, 0xD4, 0x00, 0x00, 0x00, 0x00, 0x3C, 0xFF, 0xD4, 0x00, 
0x00, 0x00, 0x00, 0x3C, 0xFF, 0xD4, 0x00, 0x00, 0x00, 0x00, 0x3C, 0xFF, 0xD4, 0x00, 0x00, 0x00, 
0x00, 0x3C, 0xFF, 0xD4, 0x00, 0x00, 0x00, 0x00, 0x3C, 0xFF, 0xD4, 0x00, 0x00, 0x00, 0x00, 0x3C, 
0xFF, 0xD4, 0x00, 0x00, 0x00, 0x00, 0x3C, 0xFF, 0xFD, 0xF0, 0xF0, 0xF0, 0x26, 0x30, 0xCC, 0xCC, 
0xCC, 0xCC, 0xCC, 0x20, 0x04, 0x24, 0x23, 0x00, 0x00, 0x00, 0x00, 0x00, 0x00, 0x00, 0x02, 0xDF, 
0xFF, 0x30, 0x00, 0x00, 0x00, 0x00, 0x00, 0x00, 0x00, 0x80, 0xFF, 0x90, 0x00, 0x00, 0x00, 0x00, 
0x00, 0x00, 0x00, 0x1E, 0xFE, 0xED, 0x07, 0x00, 0x00, 0x00, 0x00, 0x00, 0x00, 0x00, 0xBB, 0xFF, 
0x54, 0x00, 0x00, 0x00, 0x00, 0x00, 0x00, 0x00, 0x58, 0xFF, 0xB8, 0x00, 0x00, 0x00, 0x00, 0x00, 
0x00, 0x00, 0x08, 0xED, 0xFD, 0x1D, 0x00, 0x00, 0x00, 0x00, 0x00, 0x00, 0x00, 0x94, 0xFF, 0x7C, 
0x00, 0x00, 0x00, 0x00, 0x00, 0x00, 0x00, 0x32, 0xFF, 0xDE, 0x01, 0x00, 0x00, 0x00, 0x00, 0x00, 
0x00, 0x00, 0xD0, 0xFF, 0x40, 0x00, 0x00, 0x00, 0x00, 0x00, 0x00, 0x00, 0x6C, 0xFF, 0xA4, 0x00, 
0x00, 0x00, 0x00, 0x00, 0x00, 0x00, 0x13, 0xF8, 0xF6, 0x0F, 0x00, 0x00, 0x00, 0x00, 0x00, 0x00, 
0x00, 0xA8, 0xFF, 0x68, 0x00, 0x00, 0x00, 0x00, 0x00, 0x00, 0x00, 0x46, 0xFF, 0xCA, 0x00, 0x00, 
0x00, 0x00, 0x00, 0x00, 0x00, 0x02, 0xE2, 0xFF, 0x2C, 0x00, 0x00, 0x00, 0x00, 0x00, 0x00, 0x00, 
0x82, 0xFF, 0x8E, 0x00, 0x00, 0x00, 0x00, 0x00, 0x00, 0x00, 0x21, 0xFE, 0xEB, 0x05, 0x00, 0x00, 
0x00, 0x00, 0x00, 0x00, 0x00, 0xBD, 0xFF, 0x54, 0x1C, 0x24, 0x24, 0x24, 0x24, 0x17, 0xC4, 0xFF, 
0xFF, 0xFF, 0xFF, 0xA4, 0x74, 0x98, 0x98, 0xC4, 0xFF, 0xA4, 0x00, 0x00, 0x00, 0x6C, 0xFF, 0xA4, 
0x00, 0x00, 0x00, 0x6C, 0xFF, 0xA4, 0x00, 0x00, 0x00, 0x6C, 0xFF, 0xA4, 0x00, 0x00, 0x00, 0x6C, 
0xFF, 0xA4, 0x00, 0x00, 0x00, 0x6C, 0xFF, 0xA4, 0x00, 0x00, 0x00, 0x6C, 0xFF, 0xA4, 0x00, 0x00, 
0x00, 0x6C, 0xFF, 0xA4, 0x00, 0x00, 0x00, 0x6C, 0xFF, 0xA4, 0x00, 0x00, 0x00, 0x6C, 0xFF, 0xA4, 
0x00, 0x00, 0x00, 0x6C, 0xFF, 0xA4, 0x00, 0x00, 0x00, 0x6C, 0xFF, 0xA4, 0x00, 0x00, 0x00, 0x6C, 
0xFF, 0xA4, 0x00, 0x00, 0x00, 0x6C, 0xFF, 0xA4, 0x00, 0x00, 0x00, 0x6C, 0xFF, 0xA4, 0x00, 0x00, 
0x00, 0x6C, 0xFF, 0xA4, 0x00, 0x00, 0x00, 0x6C, 0xFF, 0xA4, 0x00, 0x00, 0x00, 0x6C, 0xFF, 0xA4, 
0xB8, 0xF0, 0xF0, 0xF7, 0xFF, 0xA4, 0x9C, 0xCC, 0xCC, 0xCC, 0xCC, 0x83, 0x00, 0x00, 0x00, 0x00, 
0x00, 0x2E, 0x26, 0x00, 0x00, 0x00, 0x00, 0x00, 0x00, 0x00, 0x00, 0x00, 0x00, 0x11, 0xF2, 0xE4, 
0x09, 0x00, 0x00, 0x00, 0x00, 0x00, 0x00, 0x00, 0x00, 0x00, 0x7D, 0xFF, 0xFF, 0x71, 0x00, 0x00, 
0x00, 0x00, 0x00, 0x00, 0x00, 0x00, 0x0B, 0xEC, 0xB8, 0xC8, 0xEC, 0x0D, 0x00, 0x00, 0x00, 0x00, 
0x00, 0x00, 0x00, 0x6F, 0xFF, 0x44, 0x44, 0xFF, 0x7E, 0x00, 0x00, 0x00, 0x00, 0x00, 0x00, 0x06, 
0xE2, 0xD0, 0x00, 0x00, 0xC4, 0xF1, 0x12, 0x00, 0x00, 0x00, 0x00, 0x00, 0x62, 0xFF, 0x5E, 0x00, 
0x00, 0x41, 0xFF, 0x8A, 0x00, 0x00, 0x00, 0x00, 0x02, 0xD9, 0xE5, 0x05, 0x00, 0x00, 0x00, 0xC0, 
0xF6, 0x19, 0x00, 0x00, 0x00, 0x55, 0xFF, 0x78, 0x00, 0x00, 0x00, 0x00, 0x3E, 0xFF, 0x96, 0x00, 
0x00, 0x00, 0xCD, 0xF4, 0x11, 0x00, 0x00, 0x00, 0x00, 0x00, 0xBC, 0xFA, 0x21, 0x00, 0x47, 0xFF, 
0x92, 0x00, 0x00, 0x00, 0x00, 0x00, 0x00, 0x3C, 0xFF, 0xA2, 0x00, 0x64, 0x98, 0x20, 0x00, 0x00, 
0x00, 0x00, 0x00, 0x00, 0x00, 0x7D, 0x95, 0x0A, 0x38, 0x38, 0x38, 0x38, 0x38, 0x38, 0x38, 0x38, 
0x38, 0x38, 0x38, 0x38, 0x38, 0x38, 0x17, 0xFF, 0xFF, 0xFF, 0xFF, 0xFF, 0xFF, 0xFF, 0xFF, 0xFF, 
0xFF, 0xFF, 0xFF, 0xFF, 0xFF, 0x68, 0xB4, 0xB4, 0xB4, 0xB4, 0xB4, 0xB4, 0xB4, 0xB4, 0xB4, 0xB4, 
0xB4, 0xB4, 0xB4, 0xB4, 0x49, 0x2D, 0x64, 0x64, 0x11, 0x00, 0x00, 0x17, 0xE4, 0xFF, 0x8A, 0x00, 
0x00, 0x00, 0x2F, 0xEE, 0xFB, 0x2F, 0x00, 0x00, 0x00, 0x32, 0xED, 0xD2, 0x08, 0x00, 0x00, 0x00, 
0x26, 0x74, 0x27, 0x00, 0x00, 0x00, 0x00, 0x02, 0x14, 0x19, 0x06, 0x00, 0x00, 0x00, 0x00, 0x00, 
0x06, 0x5E, 0xBB, 0xF6, 0xFF, 0xFF, 0xFC, 0xC6, 0x4E, 0x00, 0x00, 0x00, 0x32, 0xFF, 0xFF, 0xD1, 
0xAB, 0xAB, 0xDA, 0xFF, 0xFF, 0x64, 0x00, 0x00, 0x00, 0x6C, 0x21, 0x00, 0x00, 0x00, 0x00, 0x6C, 
0xFF, 0xEC, 0x04, 0x00, 0x00, 0x00, 0x00, 0x00, 0x00, 0x00, 0x00, 0x00, 0xDE, 0xFF, 0x2B, 0x00, 
0x00, 0x00, 0x00, 0x00, 0x00, 0x00, 0x00, 0x00, 0xBF, 0xFF, 0x3B, 0x00, 0x00, 0x02, 0x46, 0x8A, 
0xAF, 0xBF, 0xC7, 0xCE, 0xF4, 0xFF, 0x3C, 0x00, 0x22, 0xD1, 0xFF, 0xFF, 0xEB, 0xCE, 0xC4, 0xBE, 
0xED, 0xFF, 0x3C, 0x02, 0xD3, 0xFF, 0xB4, 0x2C, 0x00, 0x00, 0x00, 0x00, 0xBC, 0xFF, 0x3C, 0x34, 
0xFF, 0xE5, 0x06, 0x00, 0x00, 0x00, 0x00, 0x00, 0xCA, 0xFF, 0x3C, 0x4E, 0xFF, 0xBD, 0x00, 0x00, 
0x00, 0x00, 0x00, 0x1A, 0xFB, 0xFF, 0x3C, 0x33, 0xFF, 0xEF, 0x17, 0x00, 0x00, 0x00, 0x17, 0xC6, 
0xFF, 0xFF, 0x3C, 0x02, 0xD0, 0xFF, 0xEA, 0x98, 0x87, 0xAB, 0xF5, 0xD7, 0xC4, 0xFF, 0x3C, 0x00, 
0x1A, 0xB2, 0xFE, 0xFF, 0xFF, 0xF9, 0xA0, 0x12, 0x8E, 0xFF, 0x3C, 0x00, 0x00, 0x00, 0x13, 0x36, 
0x31, 0x0C, 0x00, 0x00, 0x00, 0x00, 0x00, 0x05, 0x3C, 0x3C, 0x01, 0x00, 0x00, 0x00, 0x00, 0x00, 
0x00, 0x00, 0x00, 0x00, 0x14, 0xFF, 0xFF, 0x04, 0x00, 0x00, 0x00, 0x00, 0x00, 0x00, 0x00, 0x00, 
0x00, 0x14, 0xFF, 0xFF, 0x04, 0x00, 0x00, 0x00, 0x00, 0x00, 0x00, 0x00, 0x00, 0x00, 0x14, 0xFF, 
0xFF, 0x04, 0x00, 0x00, 0x00, 0x00, 0x00, 0x00, 0x00, 0x00, 0x00, 0x14, 0xFF, 0xFF, 0x04, 0x00, 
0x00, 0x00, 0x00, 0x00, 0x00, 0x00, 0x00, 0x00, 0x14, 0xFF, 0xFF, 0x03, 0x00, 0x01, 0x16, 0x11, 
0x00, 0x00, 0x00, 0x00, 0x00, 0x14, 0xFF, 0xFD, 0x07, 0x85, 0xED, 0xFF, 0xFF, 0xDC, 0x69, 0x01, 
0x00, 0x00, 0x14, 0xFF, 0xF3, 0xB7, 0xFF, 0xC9, 0xA7, 0xCA, 0xFF, 0xFF, 0x91, 0x00, 0x00, 0x14, 
0xFF, 0xFF, 0xFC, 0x50, 0x00, 0x00, 0x00, 0x54, 0xFE, 0xFF, 0x3D, 0x00, 0x14, 0xFF, 0xFF, 0x96, 
0x00, 0x00, 0x00, 0x00, 0x00, 0xA8, 0xFF, 0xA7, 0x00, 0x14, 0xFF, 0xFF, 0x3D, 0x00, 0x00, 0x00, 
0x00, 0x00, 0x55, 0xFF, 0xE6, 0x00, 0x14, 0xFF, 0xFF, 0x11, 0x00, 0x00, 0x00, 0x00, 0x00, 0x2E, 
0xFF, 0xFF, 0x08, 0x14, 0xFF, 0xFF, 0x06, 0x00, 0x00, 0x00, 0x00, 0x00, 0x22, 0xFF, 0xFF, 0x12, 
0x14, 0xFF, 0xFF, 0x0F, 0x00, 0x00, 0x00, 0x00, 0x00, 0x2B, 0xFF, 0xFF, 0x09, 0x14, 0xFF, 0xFF, 
0x35, 0x00, 0x00, 0x00, 0x00, 0x00, 0x4F, 0xFF, 0xEC, 0x00, 0x14, 0xFF, 0xFF, 0x83, 0x00, 0x00, 
0x00, 0x00, 0x00, 0x99, 0xFF, 0xB0, 0x00, 0x14, 0xFF, 0xFF, 0xF3, 0x2E, 0x00, 0x00, 0x00, 0x39, 
0xF9, 0xFF, 0x4C, 0x00, 0x14, 0xFF, 0xE1, 0xD7, 0xF7, 0xA7, 0x86, 0xA9, 0xFA, 0xFF, 0xA9, 0x00, 
0x00, 0x14, 0xFF, 0xB4, 0x13, 0xA5, 0xFD, 0xFF, 0xFF, 0xF4, 0x88, 0x05, 0x00, 0x00, 0x00, 0x00, 
0x00, 0x00, 0x00, 0x11, 0x36, 0x32, 0x08, 0x00, 0x00, 0x00, 0x00, 0x00, 0x00, 0x00, 0x00, 0x00, 
0x10, 0x18, 0x08, 0x00, 0x00, 0x00, 0x00, 0x00, 0x24, 0x9C, 0xE8, 0xFF, 0xFF, 0xFE, 0xD4, 0x7D, 
0x05, 0x00, 0x47, 0xF6, 0xFF, 0xFE, 0xD7, 0xC8, 0xDD, 0xFF, 0xDB, 0x01, 0x15, 0xF0, 0xFF, 0xB7, 
0x1C, 0x00, 0x00, 0x00, 0x1F, 0x41, 0x00, 0x7C, 0xFF, 0xDF, 0x08, 0x00, 0x00, 0x00, 0x00, 0x00, 
0x00, 0x00, 0xC0, 0xFF, 0x81, 0x00, 0x00, 0x00, 0x00, 0x00, 0x00, 0x00, 0x00, 0xE5, 0xFF, 0x51, 
0x00, 0x00, 0x00, 0x00, 0x00, 0x00, 0x00, 0x00, 0xF1, 0xFF, 0x42, 0x00, 0x00, 0x00, 0x00, 0x00, 
0x00, 0x00, 0x00, 0xEB, 0xFF, 0x4B, 0x00, 0x00, 0x00, 0x00, 0x00, 0x00, 0x00, 0x00, 0xCE, 0xFF, 
0x71, 0x00, 0x00, 0x00, 0x00, 0x00, 0x00, 0x00, 0x00, 0x92, 0xFF, 0xC6, 0x01, 0x00, 0x00, 0x00, 
0x00, 0x00, 0x00, 0x00, 0x2D, 0xFD, 0xFF, 0x88, 0x05, 0x00, 0x00, 0x00, 0x00, 0x30, 0x00, 0x00, 
0x7A, 0xFF, 0xFF, 0xE8, 0xAD, 0xA0, 0xB2, 0xE3, 0xF8, 0x00, 0x00, 0x00, 0x52, 0xCE, 0xFF, 0xFF, 
0xFF, 0xFF, 0xF6, 0xAF, 0x00, 0x00, 0x00, 0x00, 0x00, 0x15, 0x35, 0x38, 0x24, 0x05, 0x00, 0x00, 
0x00, 0x00, 0x00, 0x00, 0x00, 0x00, 0x00, 0x00, 0x00, 0x27, 0x3C, 0x1D, 0x00, 0x00, 0x00, 0x00, 
0x00, 0x00, 0x00, 0x00, 0x00, 0xA8, 0xFF, 0x7C, 0x00, 0x00, 0x00, 0x00, 0x00, 0x00, 0x00, 0x00, 
0x00, 0xA8, 0xFF, 0x7C, 0x00, 0x00, 0x00, 0x00, 0x00, 0x00, 0x00, 0x00, 0x00, 0xA8, 0xFF, 0x7C, 
0x00, 0x00, 0x00, 0x00, 0x00, 0x00, 0x00, 0x00, 0x00, 0xA8, 0xFF, 0x7C, 0x00, 0x00, 0x00, 0x00, 
0x04, 0x17, 0x0D, 0x00, 0x00, 0xA8, 0xFF, 0x7C, 0x00, 0x00, 0x2D, 0xB1, 0xF8, 0xFF, 0xFF, 0xCD, 
0x40, 0xA1, 0xFF, 0x7C, 0x00, 0x3C, 0xF7, 0xFF, 0xF1, 0xB3, 0xAE, 0xEC, 0xF9, 0xBF, 0xFF, 0x7C, 
0x04, 0xDB, 0xFF, 0xC4, 0x13, 0x00, 0x00, 0x0E, 0xC8, 0xFF, 0xFF, 0x7C, 0x47, 0xFF, 0xFC, 0x20, 
0x00, 0x00, 0x00, 0x00, 0x2D, 0xFF, 0xFF, 0x7C, 0x84, 0xFF, 0xC5, 0x00, 0x00, 0x00, 0x00, 0x00, 
0x00, 0xDF, 0xFF, 0x7C, 0xA5, 0xFF, 0x99, 0x00, 0x00, 0x00, 0x00, 0x00, 0x00, 0xB6, 0xFF, 0x7C, 
0xAE, 0xFF, 0x89, 0x00, 0x00, 0x00, 0x00, 0x00, 0x00, 0xA9, 0xFF, 0x7C, 0xA5, 0xFF, 0x90, 0x00, 
0x00, 0x00, 0x00, 0x00, 0x00, 0xAE, 0xFF, 0x7C, 0x87, 0xFF, 0xB0, 0x00, 0x00, 0x00, 0x00, 0x00, 
0x00, 0xCA, 0xFF, 0x7C, 0x4C, 0xFF, 0xF0, 0x0A, 0x00, 0x00, 0x00, 0x00, 0x1A, 0xFC, 0xFF, 0x7C, 
0x06, 0xE3, 0xFF, 0x95, 0x01, 0x00, 0x00, 0x04, 0xAA, 0xFF, 0xFF, 0x7C, 0x00, 0x4C, 0xFD, 0xFF, 
0xD1, 0x8D, 0x8E, 0xD7, 0xFA, 0xB8, 0xFF, 0x7C, 0x00, 0x00, 0x48, 0xD7, 0xFF, 0xFF, 0xFF, 0xDE, 
0x45, 0x5D, 0xFF, 0x7C, 0x00, 0x00, 0x00, 0x00, 0x20, 0x39, 0x28, 0x02, 0x00, 0x00, 0x00, 0x00, 
0x00, 0x00, 0x00, 0x00, 0x00, 0x09, 0x18, 0x09, 0x00, 0x00, 0x00, 0x00, 0x00, 0x00, 0x01, 0x5E, 
0xCD, 0xFE, 0xFF, 0xFE, 0xC8, 0x4B, 0x00, 0x00, 0x00, 0x03, 0xA8, 0xFF, 0xFE, 0xC7, 0xA8, 0xC7, 
0xFF, 0xFF, 0x6F, 0x00, 0x00, 0x7D, 0xFF, 0xE9, 0x37, 0x00, 0x00, 0x00, 0x47, 0xF9, 0xFC, 0x2B, 
0x0E, 0xF3, 0xFF, 0x49, 0x00, 0x00, 0x00, 0x00, 0x00, 0x92, 0xFF, 0x95, 0x52, 0xFF, 0xDC, 0x00, 
0x00, 0x00, 0x00, 0x00, 0x00, 0x4B, 0xFF, 0xD4, 0x7E, 0xFF, 0xED, 0xC0, 0xC0, 0xC0, 0xC0, 0xC0, 
0xC0, 0xCE, 0xFF, 0xEE, 0x8D, 0xFF, 0xFD, 0xF8, 0xF8, 0xF8, 0xF8, 0xF8, 0xF8, 0xF8, 0xF8, 0xEC, 
0x83, 0xFF, 0xAB, 0x00, 0x00, 0x00, 0x00, 0x00, 0x00, 0x00, 0x00, 0x00, 0x5D, 0xFF, 0xD2, 0x00, 
0x00, 0x00, 0x00, 0x00, 0x00, 0x00, 0x00, 0x00, 0x17, 0xFB, 0xFF, 0x34, 0x00, 0x00, 0x00, 0x00, 
0x00, 0x00, 0x00, 0x00, 0x00, 0x93, 0xFF, 0xDD, 0x2B, 0x00, 0x00, 0x00, 0x00, 0x01, 0x3A, 0x32, 
0x00, 0x09, 0xBB, 0xFF, 0xFD, 0xC1, 0x93, 0x8B, 0xA6, 0xE1, 0xFF, 0x64, 0x00, 0x00, 0x04, 0x6D, 
0xD8, 0xFF, 0xFF, 0xFF, 0xFF, 0xF1, 0xAB, 0x29, 0x00, 0x00, 0x00, 0x00, 0x00, 0x18, 0x35, 0x36, 
0x1F, 0x02, 0x00, 0x00, 0x00, 0x00, 0x00, 0x00, 0x00, 0x00, 0x00, 0x1E, 0x4E, 0x5A, 0x4E, 0x2C, 
0x03, 0x00, 0x00, 0x00, 0x00, 0x00, 0x19, 0xBB, 0xFF, 0xFF, 0xFF, 0xFF, 0xFF, 0x8D, 0x00, 0x00, 
0x00, 0x00, 0x00, 0xBE, 0xFF, 0xF1, 0x93, 0x70, 0x79, 0x9F, 0x3F, 0x00, 0x00, 0x00, 0x00, 0x19, 
0xFF, 0xFF, 0x3F, 0x00, 0x00, 0x00, 0x00, 0x00, 0x00, 0x00, 0x00, 0x00, 0x35, 0xFF, 0xF7, 0x01, 
0x00, 0x00, 0x00, 0x00, 0x00, 0x00, 0x00, 0x00, 0x00, 0x38, 0xFF, 0xF0, 0x00, 0x00, 0x00, 0x00, 
0x00, 0x00, 0x3C, 0x9E, 0xB1, 0xC3, 0xDE, 0xFF, 0xFE, 0xDC, 0xDC, 0xDC, 0xDC, 0xAF, 0x00, 0x65, 
0xF0, 0xF0, 0xF0, 0xF4, 0xFF, 0xFF, 0xF0, 0xF0, 0xF0, 0xF0, 0xBF, 0x00, 0x00, 0x00, 0x00, 0x00, 
0x38, 0xFF, 0xF0, 0x00, 0x00, 0x00, 0x00, 0x00, 0x00, 0x00, 0x00, 0x00, 0x00, 0x38, 0xFF, 0xF0, 
0x00, 0x00, 0x00, 0x00, 0x00, 0x00, 0x00, 0x00, 0x00, 0x00, 0x38, 0xFF, 0xF0, 0x00, 0x00, 0x00, 
0x00, 0x00, 0x00, 0x00, 0x00, 0x00, 0x00, 0x38, 0xFF, 0xF0, 0x00, 0x00, 0x00, 0x00, 0x00, 0x00, 
0x00, 0x00, 0x00, 0x00, 0x38, 0xFF, 0xF0, 0x00, 0x00, 0x00, 0x00, 0x00, 0x00, 0x00, 0x00, 0x00, 
0x00, 0x38, 0xFF, 0xF0, 0x00, 0x00, 0x00, 0x00, 0x00, 0x00, 0x00, 0x00, 0x00, 0x00, 0x38, 0xFF, 
0xF0, 0x00, 0x00, 0x00, 0x00, 0x00, 0x00, 0x00, 0x00, 0x00, 0x00, 0x38, 0xFF, 0xF0, 0x00, 0x00, 
0x00, 0x00, 0x00, 0x00, 0x00, 0x00, 0x00, 0x00, 0x38, 0xFF, 0xF0, 0x00, 0x00, 0x00, 0x00, 0x00, 
0x00, 0x00, 0x00, 0x00, 0x00, 0x38, 0xFF, 0xF0, 0x00, 0x00, 0x00, 0x00, 0x00, 0x00, 0x00, 0x00, 
0x00, 0x00, 0x38, 0xFF, 0xF0, 0x00, 0x00, 0x00, 0x00, 0x00, 0x00, 0x00, 0x00, 0x00, 0x00, 0x06, 
0x19, 0x0B, 0x00, 0x00, 0x00, 0x00, 0x00, 0x00, 0x00, 0x26, 0xB0, 0xFA, 0xFF, 0xFF, 0xC7, 0x38, 
0x48, 0xDC, 0x6B, 0x00, 0x2A, 0xEE, 0xFF, 0xEB, 0xAF, 0xAE, 0xEB, 0xF6, 0xB1, 0xFF, 0x7C, 0x00, 
0xC8, 0xFF, 0xB6, 0x0B, 0x00, 0x00, 0x0A, 0xAD, 0xFF, 0xFF, 0x7C, 0x39, 0xFF, 0xFA, 0x19, 0x00, 
0x00, 0x00, 0x00, 0x0F, 0xF2, 0xFF, 0x7C, 0x7D, 0xFF, 0xBF, 0x00, 0x00, 0x00, 0x00, 0x00, 0x00, 
0xAD, 0xFF, 0x7C, 0xA2, 0xFF, 0x96, 0x00, 0x00, 0x00, 0x00, 0x00, 0x00, 0x86, 0xFF, 0x7C, 0xAF, 
0xFF, 0x89, 0x00, 0x00, 0x00, 0x00, 0x00, 0x00, 0x7A, 0xFF, 0x7C, 0xA7, 0xFF, 0x93, 0x00, 0x00, 
0x00, 0x00, 0x00, 0x00, 0x7C, 0xFF, 0x7C, 0x89, 0xFF, 0xB7, 0x00, 0x00, 0x00, 0x00, 0x00, 0x00, 
0x96, 0xFF, 0x7C, 0x4C, 0xFF, 0xF6, 0x11, 0x00, 0x00, 0x00, 0x00, 0x02, 0xDA, 0xFF, 0x7C, 0x05, 
0xE1, 0xFF, 0xA5, 0x04, 0x00, 0x00, 0x00, 0x78, 0xFF, 0xFF, 0x7C, 0x00, 0x44, 0xFB, 0xFF, 0xDA, 
0x92, 0x8D, 0xC8, 0xFF, 0xE0, 0xFF, 0x7C, 0x00, 0x00, 0x3E, 0xD1, 0xFF, 0xFF, 0xFF, 0xF4, 0x7A, 
0x87, 0xFF, 0x7C, 0x00, 0x00, 0x00, 0x00, 0x1C, 0x39, 0x2F, 0x08, 0x00, 0x8B, 0xFF, 0x79, 0x00, 
0x00, 0x00, 0x00, 0x00, 0x00, 0x00, 0x00, 0x00, 0xA8, 0xFF, 0x67, 0x00, 0x00, 0x00, 0x00, 0x00, 
0x00, 0x00, 0x00, 0x13, 0xF1, 0xFF, 0x31, 0x04, 0xB3, 0x53, 0x12, 0x00, 0x00, 0x00, 0x26, 0xC0, 
0xFF, 0xC6, 0x00, 0x04, 0xFF, 0xFF, 0xFF, 0xE9, 0xDA, 0xE9, 0xFF, 0xFF, 0xDC, 0x22, 0x00, 0x00, 
0x27, 0x76, 0xAE, 0xD1, 0xDC, 0xD5, 0xB2, 0x6B, 0x0A, 0x00, 0x00, 0x05, 0x3C, 0x3C, 0x05, 0x00, 
0x00, 0x00, 0x00, 0x00, 0x00, 0x00, 0x00, 0x14, 0xFF, 0xFF, 0x14, 0x00, 0x00, 0x00, 0x00, 0x00, 
0x00, 0x00, 0x00, 0x14, 0xFF, 0xFF, 0x14, 0x00, 0x00, 0x00, 0x00, 0x00, 0x00, 0x00, 0x00, 0x14, 
0xFF, 0xFF, 0x14, 0x00, 0x00, 0x00, 0x00, 0x00, 0x00, 0x00, 0x00, 0x14, 0xFF, 0xFF, 0x14, 0x00, 
0x00, 0x00, 0x00, 0x00, 0x00, 0x00, 0x00, 0x14, 0xFF, 0xFF, 0x14, 0x00, 0x00, 0x0F, 0x17, 0x02, 
0x00, 0x00, 0x00, 0x14, 0xFF, 0xFF, 0x12, 0x58, 0xD5, 0xFF, 0xFF, 0xF0, 0x91, 0x0D, 0x00, 0x14, 
0xFF, 0xFF, 0x74, 0xFF, 0xD5, 0xA9, 0xC7, 0xFF, 0xFF, 0xC1, 0x02, 0x14, 0xFF, 0xFF, 0xF6, 0x6A, 
0x00, 0x00, 0x00, 0x55, 0xFF, 0xFF, 0x48, 0x14, 0xFF, 0xFF, 0xA9, 0x00, 0x00, 0x00, 0x00, 0x00, 
0xC6, 0xFF, 0x83, 0x14, 0xFF, 0xFF, 0x4B, 0x00, 0x00, 0x00, 0x00, 0x00, 0x99, 0xFF, 0x97, 0x14, 
0xFF, 0xFF, 0x21, 0x00, 0x00, 0x00, 0x00, 0x00, 0x90, 0xFF, 0x98, 0x14, 0xFF, 0xFF, 0x14, 0x00, 
0x00, 0x00, 0x00, 0x00, 0x90, 0xFF, 0x98, 0x14, 0xFF, 0xFF, 0x14, 0x00, 0x00, 0x00, 0x00, 0x00, 
0x90, 0xFF, 0x98, 0x14, 0xFF, 0xFF, 0x14, 0x00, 0x00, 0x00, 0x00, 0x00, 0x90, 0xFF, 0x98, 0x14, 
0xFF, 0xFF, 0x14, 0x00, 0x00, 0x00, 0x00, 0x00, 0x90, 0xFF, 0x98, 0x14, 0xFF, 0xFF, 0x14, 0x00, 
0x00, 0x00, 0x00, 0x00, 0x90, 0xFF, 0x98, 0x14, 0xFF, 0xFF, 0x14, 0x00, 0x00, 0x00, 0x00, 0x00, 
0x90, 0xFF, 0x98, 0x14, 0xFF, 0xFF, 0x14, 0x00, 0x00, 0x00, 0x00, 0x00, 0x90, 0xFF, 0x98, 0x00, 
0x00, 0x00, 0x00, 0x00, 0x0E, 0x35, 0x04, 0x00, 0x00, 0x00, 0x00, 0x00, 0x00, 0x00, 0x00, 0x08, 
0xE4, 0xFF, 0xA9, 0x00, 0x00, 0x00, 0x00, 0x00, 0x00, 0x00, 0x00, 0x1B, 0xFF, 0xFF, 0xD7, 0x00, 
0x00, 0x00, 0x00, 0x00, 0x00, 0x00, 0x00, 0x00, 0x85, 0xC9, 0x52, 0x00, 0x00, 0x00, 0x00, 0x00, 
0x00, 0x00, 0x00, 0x00, 0x00, 0x00, 0x00, 0x00, 0x00, 0x00, 0x00, 0x00, 0x00, 0x00, 0x00, 0x00, 
0x00, 0x00, 0x00, 0x00, 0x00, 0x00, 0x00, 0x00, 0x9B, 0xDC, 0xDC, 0xDC, 0xDC, 0xDC, 0x90, 0x00, 
0x00, 0x00, 0x00, 0x00, 0x76, 0xB7, 0xCA, 0xDD, 0xF5, 0xFF, 0xA8, 0x00, 0x00, 0x00, 0x00, 0x00, 
0x00, 0x00, 0x00, 0x00, 0x80, 0xFF, 0xA8, 0x00, 0x00, 0x00, 0x00, 0x00, 0x00, 0x00, 0x00, 0x00, 
0x80, 0xFF, 0xA8, 0x00, 0x00, 0x00, 0x00, 0x00, 0x00, 0x00, 0x00, 0x00, 0x80, 0xFF, 0xA8, 0x00, 
0x00, 0x00, 0x00, 0x00, 0x00, 0x00, 0x00, 0x00, 0x80, 0xFF, 0xA8, 0x00, 0x00, 0x00, 0x00, 0x00, 
0x00, 0x00, 0x00, 0x00, 0x80, 0xFF, 0xA8, 0x00, 0x00, 0x00, 0x00, 0x00, 0x00, 0x00, 0x00, 0x00, 
0x80, 0xFF, 0xA8, 0x00, 0x00, 0x00, 0x00, 0x00, 0x00, 0x00, 0x00, 0x00, 0x80, 0xFF, 0xA8, 0x00, 
0x00, 0x00, 0x00, 0x00, 0x00, 0x00, 0x00, 0x00, 0x80, 0xFF, 0xA8, 0x00, 0x00, 0x00, 0x00, 0x00, 
0x00, 0x00, 0x00, 0x00, 0x80, 0xFF, 0xA8, 0x00, 0x00, 0x00, 0x00, 0x09, 0x7C, 0x90, 0xA4, 0xB8, 
0xE3, 0xFF, 0xED, 0xB9, 0xA4, 0x8F, 0x74, 0x14, 0xFF, 0xFF, 0xFF, 0xFF, 0xFF, 0xFF, 0xFF, 0xFF, 
0xFF, 0xFF, 0xF4, 0x00, 0x00, 0x00, 0x00, 0x00, 0x00, 0x18, 0x2F, 0x00, 0x00, 0x00, 0x00, 0x00, 
0x00, 0x1E, 0xF5, 0xFF, 0x80, 0x00, 0x00, 0x00, 0x00, 0x00, 0x3F, 0xFF, 0xFF, 0xAE, 0x00, 0x00, 
0x00, 0x00, 0x00, 0x05, 0x9E, 0xC3, 0x39, 0x00, 0x00, 0x00, 0x00, 0x00, 0x00, 0x00, 0x00, 0x00, 
0x00, 0x00, 0x00, 0x00, 0x00, 0x00, 0x00, 0x00, 0x00, 0x00, 0x00, 0xB6, 0xDC, 0xDC, 0xDC, 0xDC, 
0xDC, 0x75, 0x00, 0x00, 0x8B, 0xBA, 0xCD, 0xDF, 0xF9, 0xFF, 0x88, 0x00, 0x00, 0x00, 0x00, 0x00, 
0x00, 0xA0, 0xFF, 0x88, 0x00, 0x00, 0x00, 0x00, 0x00, 0x00, 0xA0, 0xFF, 0x88, 0x00, 0x00, 0x00, 
0x00, 0x00, 0x00, 0xA0, 0xFF, 0x88, 0x00, 0x00, 0x00, 0x00, 0x00, 0x00, 0xA0, 0xFF, 0x88, 0x00, 
0x00, 0x00, 0x00, 0x00, 0x00, 0xA0, 0xFF, 0x88, 0x00, 0x00, 0x00, 0x00, 0x00, 0x00, 0xA0, 0xFF, 
0x88, 0x00, 0x00, 0x00, 0x00, 0x00, 0x00, 0xA0, 0xFF, 0x88, 0x00, 0x00, 0x00, 0x00, 0x00, 0x00, 
0xA0, 0xFF, 0x88, 0x00, 0x00, 0x00, 0x00, 0x00, 0x00, 0xA0, 0xFF, 0x88, 0x00, 0x00, 0x00, 0x00, 
0x00, 0x00, 0xA0, 0xFF, 0x88, 0x00, 0x00, 0x00, 0x00, 0x00, 0x00, 0xA0, 0xFF, 0x88, 0x00, 0x00, 
0x00, 0x00, 0x00, 0x00, 0xA0, 0xFF, 0x88, 0x00, 0x00, 0x00, 0x00, 0x00, 0x00, 0xAA, 0xFF, 0x85, 
0x00, 0x00, 0x00, 0x00, 0x00, 0x02, 0xE0, 0xFF, 0x66, 0x32, 0x27, 0x02, 0x00, 0x11, 0x94, 0xFF, 
0xF9, 0x1A, 0x90, 0xFF, 0xF9, 0xEF, 0xFE, 0xFF, 0xFE, 0x67, 0x00, 0x4E, 0xB0, 0xD0, 0xDD, 0xD2, 
0x9F, 0x36, 0x00, 0x00, 0x1D, 0x3C, 0x29, 0x00, 0x00, 0x00, 0x00, 0x00, 0x00, 0x00, 0x00, 0x00, 
0x7C, 0xFF, 0xB0, 0x00, 0x00, 0x00, 0x00, 0x00, 0x00, 0x00, 0x00, 0x00, 0x7C, 0xFF, 0xB0, 0x00, 
0x00, 0x00, 0x00, 0x00, 0x00, 0x00, 0x00, 0x00, 0x7C, 0xFF, 0xB0, 0x00, 0x00, 0x00, 0x00, 0x00, 
0x00, 0x00, 0x00, 0x00, 0x7C, 0xFF, 0xB0, 0x00, 0x00, 0x00, 0x00, 0x00, 0x00, 0x00, 0x00, 0x00, 
0x7C, 0xFF, 0xB0, 0x00, 0x00, 0x00, 0x00, 0x00, 0x00, 0x00, 0x00, 0x00, 0x7C, 0xFF, 0xB0, 0x00, 
0x00, 0x00, 0x00, 0x00, 0x8C, 0xDC, 0xC0, 0x10, 0x7C, 0xFF, 0xB0, 0x00, 0x00, 0x00, 0x00, 0x7A, 
0xFF, 0xED, 0x2A, 0x00, 0x7C, 0xFF, 0xB0, 0x00, 0x00, 0x00, 0x62, 0xFF, 0xF5, 0x37, 0x00, 0x00, 
0x7C, 0xFF, 0xB0, 0x00, 0x00, 0x4C, 0xFC, 0xFA, 0x46, 0x00, 0x00, 0x00, 0x7C, 0xFF, 0xA9, 0x00, 
0x38, 0xF6, 0xFE, 0x56, 0x00, 0x00, 0x00, 0x00, 0x7C, 0xFF, 0x9E, 0x25, 0xEC, 0xFF, 0x7E, 0x00, 
0x00, 0x00, 0x00, 0x00, 0x7C, 0xFF, 0x9F, 0xDA, 0xFF, 0xFF, 0xCF, 0x08, 0x00, 0x00, 0x00, 0x00, 
0x7C, 0xFF, 0xFB, 0xF6, 0x4A, 0xC9, 0xFF, 0x95, 0x00, 0x00, 0x00, 0x00, 0x7C, 0xFF, 0xF2, 0x3E, 
0x00, 0x23, 0xF2, 0xFF, 0x55, 0x00, 0x00, 0x00, 0x7C, 0xFF, 0xB0, 0x00, 0x00, 0x00, 0x5A, 0xFF, 
0xF1, 0x23, 0x00, 0x00, 0x7C, 0xFF, 0xB0, 0x00, 0x00, 0x00, 0x00, 0xA1, 0xFF, 0xCD, 0x07, 0x00, 
0x7C, 0xFF, 0xB0, 0x00, 0x00, 0x00, 0x00, 0x0C, 0xDA, 0xFF, 0x91, 0x00, 0x7C, 0xFF, 0xB0, 0x00, 
0x00, 0x00, 0x00, 0x00, 0x32, 0xFA, 0xFF, 0x51, 0x00, 0x38, 0x3C, 0x3C, 0x3C, 0x3C, 0x3C, 0x2F, 
0x00, 0x00, 0x00, 0x00, 0x00, 0xF0, 0xFF, 0xFF, 0xFF, 0xFF, 0xFF, 0xC8, 0x00, 0x00, 0x00, 0x00, 
0x00, 0x44, 0x5A, 0x6A, 0x7D, 0xB7, 0xFF, 0xC8, 0x00, 0x00, 0x00, 0x00, 0x00, 0x00, 0x00, 0x00, 
0x00, 0x60, 0xFF, 0xC8, 0x00, 0x00, 0x00, 0x00, 0x00, 0x00, 0x00, 0x00, 0x00, 0x60, 0xFF, 0xC8, 
0x00, 0x00, 0x00, 0x00, 0x00, 0x00, 0x00, 0x00, 0x00, 0x60, 0xFF, 0xC8, 0x00, 0x00, 0x00, 0x00, 
0x00, 0x00, 0x00, 0x00, 0x00, 0x60, 0xFF, 0xC8, 0x00, 0x00, 0x00, 0x00, 0x00, 0x00, 0x00, 0x00, 
0x00, 0x60, 0xFF, 0xC8, 0x00, 0x00, 0x00, 0x00, 0x00, 0x00, 0x00, 0x00, 0x00, 0x60, 0xFF, 0xC8, 
0x00, 0x00, 0x00, 0x00, 0x00, 0x00, 0x00, 0x00, 0x00, 0x60, 0xFF, 0xC8, 0x00, 0x00, 0x00, 0x00, 
0x00, 0x00, 0x00, 0x00, 0x00, 0x60, 0xFF, 0xC8, 0x00, 0x00, 0x00, 0x00, 0x00, 0x00, 0x00, 0x00, 
0x00, 0x60, 0xFF, 0xC8, 0x00, 0x00, 0x00, 0x00, 0x00, 0x00, 0x00, 0x00, 0x00, 0x60, 0xFF, 0xC8, 
0x00, 0x00, 0x00, 0x00, 0x00, 0x00, 0x00, 0x00, 0x00, 0x60, 0xFF, 0xC8, 0x00, 0x00, 0x00, 0x00, 
0x00, 0x00, 0x00, 0x00, 0x00, 0x60, 0xFF, 0xC8, 0x00, 0x00, 0x00, 0x00, 0x00, 0x00, 0x00, 0x00, 
0x00, 0x60, 0xFF, 0xC8, 0x00, 0x00, 0x00, 0x00, 0x00, 0x00, 0x00, 0x00, 0x00, 0x60, 0xFF, 0xC8, 
0x00, 0x00, 0x00, 0x00, 0x09, 0x7B, 0x8F, 0xA2, 0xB6, 0xDC, 0xFF, 0xF4, 0xBC, 0xA6, 0x90, 0x75, 
0x14, 0xFF, 0xFF, 0xFF, 0xFF, 0xFF, 0xFF, 0xFF, 0xFF, 0xFF, 0xFF, 0xF4, 0x00, 0x00, 0x00, 0x02, 
0x16, 0x03, 0x00, 0x00, 0x02, 0x18, 0x04, 0x00, 0x00, 0xAF, 0xAC, 0x33, 0xE3, 0xFF, 0xE7, 0x31, 
0x3E, 0xE6, 0xFF, 0xEA, 0x3D, 0x00, 0xCC, 0xF8, 0xD9, 0xDA, 0xEA, 0xFF, 0xC8, 0xE7, 0xE6, 0xE1, 
0xFF, 0xD2, 0x00, 0xCC, 0xFF, 0xC1, 0x02, 0x1D, 0xFB, 0xFF, 0xE0, 0x0E, 0x0B, 0xEF, 0xFF, 0x13, 
0xCC, 0xFF, 0x62, 0x00, 0x00, 0xD2, 0xFF, 0x81, 0x00, 0x00, 0xC3, 0xFF, 0x2E, 0xCC, 0xFF, 0x39, 
0x00, 0x00, 0xBF, 0xFF, 0x4E, 0x00, 0x00, 0xB6, 0xFF, 0x37, 0xCC, 0xFF, 0x27, 0x00, 0x00, 0xBC, 
0xFF, 0x37, 0x00, 0x00, 0xB4, 0xFF, 0x38, 0xCC, 0xFF, 0x20, 0x00, 0x00, 0xBC, 0xFF, 0x30, 0x00, 
0x00, 0xB4, 0xFF, 0x38, 0xCC, 0xFF, 0x20, 0x00, 0x00, 0xBC, 0xFF, 0x30, 0x00, 0x00, 0xB4, 0xFF, 
0x38, 0xCC, 0xFF, 0x20, 0x00, 0x00, 0xBC, 0xFF, 0x30, 0x00, 0x00, 0xB4, 0xFF, 0x38, 0xCC, 0xFF, 
0x20, 0x00, 0x00, 0xBC, 0xFF, 0x30, 0x00, 0x00, 0xB4, 0xFF, 0x38, 0xCC, 0xFF, 0x20, 0x00, 0x00, 
0xBC, 0xFF, 0x30, 0x00, 0x00, 0xB4, 0xFF, 0x38, 0xCC, 0xFF, 0x20, 0x00, 0x00, 0xBC, 0xFF, 0x30, 
0x00, 0x00, 0xB4, 0xFF, 0x38, 0xCC, 0xFF, 0x20, 0x00, 0x00, 0xBC, 0xFF, 0x30, 0x00, 0x00, 0xB4, 
0xFF, 0x38, 0x00, 0x00, 0x00, 0x00, 0x00, 0x00, 0x0D, 0x18, 0x04, 0x00, 0x00, 0x00, 0x11, 0xDC, 
0x9C, 0x02, 0x6E, 0xDB, 0xFF, 0xFF, 0xF5, 0x9E, 0x12, 0x00, 0x14, 0xFF, 0xDD, 0x8F, 0xFF, 0xCA, 
0xA8, 0xBE, 0xFC, 0xFF, 0xCF, 0x05, 0x14, 0xFF, 0xFF, 0xF8, 0x47, 0x00, 0x00, 0x00, 0x37, 0xFB, 
0xFF, 0x52, 0x14, 0xFF, 0xFF, 0x94, 0x00, 0x00, 0x00, 0x00, 0x00, 0xB9, 0xFF, 0x89, 0x14, 0xFF, 
0xFF, 0x43, 0x00, 0x00, 0x00, 0x00, 0x00, 0x95, 0xFF, 0x97, 0x14, 0xFF, 0xFF, 0x1F, 0x00, 0x00, 
0x00, 0x00, 0x00, 0x90, 0xFF, 0x98, 0x14, 0xFF, 0xFF, 0x14, 0x00, 0x00, 0x00, 0x00, 0x00, 0x90, 
0xFF, 0x98, 0x14, 0xFF, 0xFF, 0x14, 0x00, 0x00, 0x00, 0x00, 0x00, 0x90, 0xFF, 0x98, 0x14, 0xFF, 
0xFF, 0x14, 0x00, 0x00, 0x00, 0x00, 0x00, 0x90, 0xFF, 0x98, 0x14, 0xFF, 0xFF, 0x14, 0x00, 0x00, 
0x00, 0x00, 0x00, 0x90, 0xFF, 0x98, 0x14, 0xFF, 0xFF, 0x14, 0x00, 0x00, 0x00, 0x00, 0x00, 0x90, 
0xFF, 0x98, 0x14, 0xFF, 0xFF, 0x14, 0x00, 0x00, 0x00, 0x00, 0x00, 0x90, 0xFF, 0x98, 0x14, 0xFF, 
0xFF, 0x14, 0x00, 0x00, 0x00, 0x00, 0x00, 0x90, 0xFF, 0x98, 0x00, 0x00, 0x00, 0x00, 0x00, 0x11, 
0x16, 0x02, 0x00, 0x00, 0x00, 0x00, 0x00, 0x00, 0x00, 0x0E, 0x88, 0xE4, 0xFF, 0xFF, 0xF5, 0xAB, 
0x2D, 0x00, 0x00, 0x00, 0x00, 0x1A, 0xDA, 0xFF, 0xF2, 0xB4, 0xAB, 0xDD, 0xFF, 0xFA, 0x51, 0x00, 
0x00, 0x00, 0xBC, 0xFF, 0xBF, 0x11, 0x00, 0x00, 0x02, 0x7A, 0xFF, 0xF5, 0x21, 0x00, 0x36, 0xFF, 
0xF9, 0x1C, 0x00, 0x00, 0x00, 0x00, 0x00, 0xB8, 0xFF, 0x93, 0x00, 0x7D, 0xFF, 0xB4, 0x00, 0x00, 
0x00, 0x00, 0x00, 0x00, 0x5A, 0xFF, 0xDE, 0x00, 0xA2, 0xFF, 0x86, 0x00, 0x00, 0x00, 0x00, 0x00, 
0x00, 0x2D, 0xFF, 0xFE, 0x06, 0xAE, 0xFF, 0x77, 0x00, 0x00, 0x00, 0x00, 0x00, 0x00, 0x1E, 0xFF, 
0xFF, 0x11, 0xA4, 0xFF, 0x81, 0x00, 0x00, 0x00, 0x00, 0x00, 0x00, 0x29, 0xFF, 0xFF, 0x09, 0x80, 
0xFF, 0xAE, 0x00, 0x00, 0x00, 0x00, 0x00, 0x00, 0x53, 0xFF, 0xE6, 0x00, 0x39, 0xFF, 0xF5, 0x14, 
0x00, 0x00, 0x00, 0x00, 0x00, 0xAC, 0xFF, 0xA0, 0x00, 0x00, 0xC4, 0xFF, 0xB4, 0x08, 0x00, 0x00, 
0x00, 0x5B, 0xFF, 0xFD, 0x30, 0x00, 0x00, 0x24, 0xE8, 0xFF, 0xE2, 0x95, 0x8A, 0xBE, 0xFF, 0xFF, 
0x78, 0x00, 0x00, 0x00, 0x00, 0x1C, 0xA4, 0xF9, 0xFF, 0xFF, 0xFF, 0xD6, 0x55, 0x00, 0x00, 0x00, 
0x00, 0x00, 0x00, 0x00, 0x0A, 0x30, 0x39, 0x1C, 0x00, 0x00, 0x00, 0x00, 0x00, 0x00, 0x00, 0x00, 
0x00, 0x00, 0x01, 0x16, 0x12, 0x00, 0x00, 0x00, 0x00, 0x00, 0x11, 0xDC, 0xA8, 0x06, 0x85, 0xED, 
0xFF, 0xFF, 0xDE, 0x6C, 0x01, 0x00, 0x00, 0x14, 0xFF, 0xE7, 0xA6, 0xFC, 0xC0, 0xA7, 0xC8, 0xFF, 
0xFF, 0x95, 0x00, 0x00, 0x14, 0xFF, 0xFF, 0xF2, 0x32, 0x00, 0x00, 0x00, 0x47, 0xFA, 0xFF, 0x40, 
0x00, 0x14, 0xFF, 0xFF, 0x80, 0x00, 0x00, 0x00, 0x00, 0x00, 0x99, 0xFF, 0xA8, 0x00, 0x14, 0xFF, 
0xFF, 0x36, 0x00, 0x00, 0x00, 0x00, 0x00, 0x4F, 0xFF, 0xE7, 0x00, 0x14, 0xFF, 0xFF, 0x17, 0x00, 
0x00, 0x00, 0x00, 0x00, 0x2B, 0xFF, 0xFF, 0x08, 0x14, 0xFF, 0xFF, 0x11, 0x00, 0x00, 0x00, 0x00, 
0x00, 0x22, 0xFF, 0xFF, 0x12, 0x14, 0xFF, 0xFF, 0x1C, 0x00, 0x00, 0x00, 0x00, 0x00, 0x2B, 0xFF, 
0xFF, 0x09, 0x14, 0xFF, 0xFF, 0x3F, 0x00, 0x00, 0x00, 0x00, 0x00, 0x4C, 0xFF, 0xEA, 0x00, 0x14, 
0xFF, 0xFF, 0x85, 0x00, 0x00, 0x00, 0x00, 0x00, 0x95, 0xFF, 0xB0, 0x00, 0x14, 0xFF, 0xFF, 0xED, 
0x21, 0x00, 0x00, 0x00, 0x35, 0xF8, 0xFF, 0x4F, 0x00, 0x14, 0xFF, 0xF7, 0xC5, 0xF2, 0xA0, 0x86, 
0xAB, 0xFA, 0xFF, 0xAF, 0x01, 0x00, 0x14, 0xFF, 0xFF, 0x14, 0x9F, 0xFC, 0xFF, 0xFF, 0xF5, 0x8D, 
0x07, 0x00, 0x00, 0x14, 0xFF, 0xFF, 0x10, 0x00, 0x10, 0x37, 0x30, 0x09, 0x00, 0x00, 0x00, 0x00, 
0x14, 0xFF, 0xFF, 0x10, 0x00, 0x00, 0x00, 0x00, 0x00, 0x00, 0x00, 0x00, 0x00, 0x14, 0xFF, 0xFF, 
0x10, 0x00, 0x00, 0x00, 0x00, 0x00, 0x00, 0x00, 0x00, 0x00, 0x14, 0xFF, 0xFF, 0x10, 0x00, 0x00, 
0x00, 0x00, 0x00, 0x00, 0x00, 0x00, 0x00, 0x14, 0xFF, 0xFF, 0x10, 0x00, 0x00, 0x00, 0x00, 0x00, 
0x00, 0x00, 0x00, 0x00, 0x0F, 0xC4, 0xC4, 0x0C, 0x00, 0x00, 0x00, 0x00, 0x00, 0x00, 0x00, 0x00, 
0x00, 0x00, 0x00, 0x00, 0x00, 0x05, 0x18, 0x09, 0x00, 0x00, 0x00, 0x00, 0x00, 0x00, 0x00, 0x1F, 
0xA8, 0xF8, 0xFF, 0xFE, 0xBB, 0x25, 0x49, 0xDC, 0x6B, 0x00, 0x26, 0xEA, 0xFF, 0xE7, 0xAC, 0xB1, 
0xED, 0xEB, 0xA3, 0xFF, 0x7C, 0x00, 0xC9, 0xFF, 0xAF, 0x08, 0x00, 0x00, 0x0D, 0xBF, 0xFF, 0xFF, 
0x7C, 0x3A, 0xFF, 0xF9, 0x15, 0x00, 0x00, 0x00, 0x00, 0x2A, 0xFF, 0xFF, 0x7C, 0x7D, 0xFF, 0xBD, 
0x00, 0x00, 0x00, 0x00, 0x00, 0x00, 0xDB, 0xFF, 0x7C, 0xA2, 0xFF, 0x96, 0x00, 0x00, 0x00, 0x00, 
0x00, 0x00, 0xB6, 0xFF, 0x7C, 0xAF, 0xFF, 0x8A, 0x00, 0x00, 0x00, 0x00, 0x00, 0x00, 0xA9, 0xFF, 
0x7C, 0xA5, 0xFF, 0x95, 0x00, 0x00, 0x00, 0x00, 0x00, 0x00, 0xAC, 0xFF, 0x7C, 0x86, 0xFF, 0xBB, 
0x00, 0x00, 0x00, 0x00, 0x00, 0x00, 0xC6, 0xFF, 0x7C, 0x47, 0xFF, 0xF8, 0x14, 0x00, 0x00, 0x00, 
0x00, 0x11, 0xF9, 0xFF, 0x7C, 0x04, 0xDD, 0xFF, 0xA3, 0x03, 0x00, 0x00, 0x03, 0xA2, 0xFF, 0xFF, 
0x7C, 0x00, 0x41, 0xFB, 0xFF, 0xD2, 0x8E, 0x8E, 0xD7, 0xF7, 0xC8, 0xFF, 0x7C, 0x00, 0x00, 0x40, 
0xD3, 0xFF, 0xFF, 0xFF, 0xDC, 0x3D, 0xA1, 0xFF, 0x7C, 0x00, 0x00, 0x00, 0x00, 0x20, 0x39, 0x28, 
0x01, 0x00, 0xA8, 0xFF, 0x7C, 0x00, 0x00, 0x00, 0x00, 0x00, 0x00, 0x00, 0x00, 0x00, 0xA8, 0xFF, 
0x7C, 0x00, 0x00, 0x00, 0x00, 0x00, 0x00, 0x00, 0x00, 0x00, 0xA8, 0xFF, 0x7C, 0x00, 0x00, 0x00, 
0x00, 0x00, 0x00, 0x00, 0x00, 0x00, 0xA8, 0xFF, 0x7C, 0x00, 0x00, 0x00, 0x00, 0x00, 0x00, 0x00, 
0x00, 0x00, 0xA8, 0xFF, 0x7C, 0x00, 0x00, 0x00, 0x00, 0x00, 0x00, 0x00, 0x00, 0x00, 0x81, 0xC4, 
0x5F, 0x00, 0x00, 0x00, 0x00, 0x00, 0x00, 0x00, 0x00, 0x00, 0x0E, 0x16, 0x02, 0x00, 0x1C, 0xDC, 
0xDC, 0xDC, 0xDC, 0xDC, 0x28, 0x1C, 0xBF, 0xFF, 0xFF, 0xF3, 0x79, 0x14, 0xAE, 0xC5, 0xDC, 0xF7, 
0xFF, 0x54, 0xD4, 0xFF, 0xE2, 0xD4, 0xFA, 0x67, 0x00, 0x00, 0x00, 0x00, 0x98, 0xFF, 0xDF, 0xF7, 
0x51, 0x00, 0x00, 0x12, 0x0F, 0x00, 0x00, 0x00, 0x00, 0x98, 0xFF, 0xFF, 0x68, 0x00, 0x00, 0x00, 
0x00, 0x00, 0x00, 0x00, 0x00, 0x00, 0x98, 0xFF, 0xE9, 0x04, 0x00, 0x00, 0x00, 0x00, 0x00, 0x00, 
0x00, 0x00, 0x00, 0x98, 0xFF, 0xAB, 0x00, 0x00, 0x00, 0x00, 0x00, 0x00, 0x00, 0x00, 0x00, 0x00, 
0x98, 0xFF, 0x95, 0x00, 0x00, 0x00, 0x00, 0x00, 0x00, 0x00, 0x00, 0x00, 0x00, 0x98, 0xFF, 0x94, 
0x00, 0x00, 0x00, 0x00, 0x00, 0x00, 0x00, 0x00, 0x00, 0x00, 0x98, 0xFF, 0x94, 0x00, 0x00, 0x00, 
0x00, 0x00, 0x00, 0x00, 0x00, 0x00, 0x00, 0x98, 0xFF, 0x94, 0x00, 0x00, 0x00, 0x00, 0x00, 0x00, 
0x00, 0x00, 0x00, 0x00, 0x98, 0xFF, 0x94, 0x00, 0x00, 0x00, 0x00, 0x00, 0x00, 0x3D, 0x88, 0xA0, 
0xB6, 0xE9, 0xFF, 0xE8, 0xB6, 0x9C, 0x84, 0x26, 0x00, 0x00, 0x84, 0xFF, 0xFF, 0xFF, 0xFF, 0xFF, 
0xFF, 0xFF, 0xFF, 0xFF, 0x54, 0x00, 0x00, 0x00, 0x00, 0x00, 0x00, 0x0A, 0x19, 0x11, 0x00, 0x00, 
0x00, 0x00, 0x08, 0x7E, 0xDB, 0xFF, 0xFF, 0xFF, 0xF0, 0xB2, 0x43, 0x00, 0xB4, 0xFF, 0xFC, 0xCB, 
0xB7, 0xC1, 0xE6, 0xFF, 0x64, 0x29, 0xFF, 0xF7, 0x29, 0x00, 0x00, 0x00, 0x00, 0x30, 0x0D, 0x3F, 
0xFF, 0xE0, 0x00, 0x00, 0x00, 0x00, 0x00, 0x00, 0x00, 0x13, 0xF7, 0xFF, 0x86, 0x09, 0x00, 0x00, 
0x00, 0x00, 0x00, 0x00, 0x57, 0xF8, 0xFF, 0xEA, 0x7E, 0x17, 0x00, 0x00, 0x00, 0x00, 0x00, 0x23, 
0xA0, 0xFB, 0xFF, 0xFA, 0x9E, 0x20, 0x00, 0x00, 0x00, 0x00, 0x00, 0x1B, 0x87, 0xF0, 0xFF, 0xF3, 
0x39, 0x00, 0x00, 0x00, 0x00, 0x00, 0x00, 0x11, 0xBA, 0xFF, 0xBD, 0x00, 0x00, 0x00, 0x00, 0x00, 
0x00, 0x00, 0x50, 0xFF, 0xDC, 0x3A, 0x2C, 0x00, 0x00, 0x00, 0x00, 0x00, 0x91, 0xFF, 0xBD, 0x7C, 
0xFF, 0xD6, 0x9F, 0x8A, 0x92, 0xC6, 0xFF, 0xFF, 0x4B, 0x41, 0xCB, 0xFE, 0xFF, 0xFF, 0xFF, 0xFF, 
0xCF, 0x4C, 0x00, 0x00, 0x00, 0x0B, 0x2B, 0x39, 0x34, 0x15, 0x00, 0x00, 0x00, 0x00, 0x00, 0x00, 
0x00, 0x38, 0x4C, 0x01, 0x00, 0x00, 0x00, 0x00, 0x00, 0x00, 0x00, 0x00, 0x00, 0xD4, 0xFF, 0x04, 
0x00, 0x00, 0x00, 0x00, 0x00, 0x00, 0x00, 0x00, 0x00, 0xF4, 0xFF, 0x04, 0x00, 0x00, 0x00, 0x00, 
0x00, 0x00, 0x00, 0x00, 0x14, 0xFF, 0xFF, 0x04, 0x00, 0x00, 0x00, 0x00, 0x00, 0x62, 0xAD, 0xC9, 
0xE8, 0xFF, 0xFF, 0xDD, 0xDC, 0xDC, 0xDC, 0xDC, 0x07, 0x9E, 0xF0, 0xF0, 0xF3, 0xFF, 0xFF, 0xF0, 
0xF0, 0xF0, 0xF0, 0xF0, 0x08, 0x00, 0x00, 0x00, 0x28, 0xFF, 0xFF, 0x04, 0x00, 0x00, 0x00, 0x00, 
0x00, 0x00, 0x00, 0x00, 0x28, 0xFF, 0xFF, 0x04, 0x00, 0x00, 0x00, 0x00, 0x00, 0x00, 0x00, 0x00, 
0x28, 0xFF, 0xFF, 0x04, 0x00, 0x00, 0x00, 0x00, 0x00, 0x00, 0x00, 0x00, 0x28, 0xFF, 0xFF, 0x04, 
0x00, 0x00, 0x00, 0x00, 0x00, 0x00, 0x00, 0x00, 0x28, 0xFF, 0xFF, 0x04, 0x00, 0x00, 0x00, 0x00, 
0x00, 0x00, 0x00, 0x00, 0x28, 0xFF, 0xFF, 0x04, 0x00, 0x00, 0x00, 0x00, 0x00, 0x00, 0x00, 0x00, 
0x28, 0xFF, 0xFF, 0x04, 0x00, 0x00, 0x00, 0x00, 0x00, 0x00, 0x00, 0x00, 0x22, 0xFF, 0xFF, 0x16, 
0x00, 0x00, 0x00, 0x00, 0x00, 0x00, 0x00, 0x00, 0x06, 0xF6, 0xFF, 0x75, 0x00, 0x00, 0x00, 0x00, 
0x00, 0x00, 0x00, 0x00, 0x00, 0x8D, 0xFF, 0xFF, 0xB5, 0x88, 0x8F, 0xB2, 0x53, 0x00, 0x00, 0x00, 
0x00, 0x04, 0x87, 0xF0, 0xFF, 0xFF, 0xFF, 0xFE, 0x5B, 0x00, 0x00, 0x00, 0x00, 0x00, 0x00, 0x03, 
0x28, 0x39, 0x2F, 0x0D, 0x00, 0x2D, 0xDC, 0xD2, 0x00, 0x00, 0x00, 0x00, 0x00, 0x00, 0x97, 0xDC, 
0x6B, 0x34, 0xFF, 0xF4, 0x00, 0x00, 0x00, 0x00, 0x00, 0x00, 0xB0, 0xFF, 0x7C, 0x34, 0xFF, 0xF4, 
0x00, 0x00, 0x00, 0x00, 0x00, 0x00, 0xB0, 0xFF, 0x7C, 0x34, 0xFF, 0xF4, 0x00, 0x00, 0x00, 0x00, 
0x00, 0x00, 0xB0, 0xFF, 0x7C, 0x34, 0xFF, 0xF4, 0x00, 0x00, 0x00, 0x00, 0x00, 0x00, 0xB0, 0xFF, 
0x7C, 0x34, 0xFF, 0xF4, 0x00, 0x00, 0x00, 0x00, 0x00, 0x00, 0xB0, 0xFF, 0x7C, 0x34, 0xFF, 0xF4, 
0x00, 0x00, 0x00, 0x00, 0x00, 0x00, 0xB0, 0xFF, 0x7C, 0x34, 0xFF, 0xF4, 0x00, 0x00, 0x00, 0x00, 
0x00, 0x00, 0xB8, 0xFF, 0x7C, 0x34, 0xFF, 0xF7, 0x00, 0x00, 0x00, 0x00, 0x00, 0x00, 0xD5, 0xFF, 
0x7C, 0x28, 0xFF, 0xFF, 0x14, 0x00, 0x00, 0x00, 0x00, 0x19, 0xFE, 0xFF, 0x7C, 0x05, 0xF3, 0xFF, 
0x80, 0x00, 0x00, 0x00, 0x04, 0xAB, 0xFF, 0xFF, 0x7C, 0x00, 0x89, 0xFF, 0xFF, 0xBA, 0x8A, 0x94, 
0xDA, 0xF7, 0xB3, 0xFF, 0x7C, 0x00, 0x05, 0x90, 0xF7, 0xFF, 0xFF, 0xFF, 0xD3, 0x3C, 0x56, 0xFF, 
0x7C, 0x00, 0x00, 0x00, 0x0A, 0x31, 0x39, 0x1E, 0x00, 0x00, 0x00, 0x00, 0x00, 0xA9, 0xDC, 0x5F, 
0x00, 0x00, 0x00, 0x00, 0x00, 0x00, 0x17, 0xDB, 0xDC, 0x1E, 0x6C, 0xFF, 0xC2, 0x00, 0x00, 0x00, 
0x00, 0x00, 0x00, 0x6C, 0xFF, 0xCB, 0x00, 0x13, 0xF9, 0xFF, 0x1E, 0x00, 0x00, 0x00, 0x00, 0x00, 
0xC4, 0xFF, 0x6C, 0x00, 0x00, 0xAE, 0xFF, 0x77, 0x00, 0x00, 0x00, 0x00, 0x1D, 0xFF, 0xF9, 0x13, 
0x00, 0x00, 0x50, 0xFF, 0xD2, 0x00, 0x00, 0x00, 0x00, 0x74, 0xFF, 0xAC, 0x00, 0x00, 0x00, 0x05, 
0xEB, 0xFF, 0x2B, 0x00, 0x00, 0x00, 0xCC, 0xFF, 0x4C, 0x00, 0x00, 0x00, 0x00, 0x94, 0xFF, 0x85, 
0x00, 0x00, 0x25, 0xFF, 0xE8, 0x04, 0x00, 0x00, 0x00, 0x00, 0x34, 0xFF, 0xDF, 0x01, 0x00, 0x7C, 
0xFF, 0x8C, 0x00, 0x00, 0x00, 0x00, 0x00, 0x00, 0xD5, 0xFF, 0x3B, 0x00, 0xD3, 0xFF, 0x2C, 0x00, 
0x00, 0x00, 0x00, 0x00, 0x00, 0x78, 0xFF, 0x95, 0x30, 0xFF, 0xCF, 0x00, 0x00, 0x00, 0x00, 0x00, 
0x00, 0x00, 0x1B, 0xFD, 0xEA, 0x92, 0xFF, 0x6F, 0x00, 0x00, 0x00, 0x00, 0x00, 0x00, 0x00, 0x00, 
0xBB, 0xFF, 0xFB, 0xFB, 0x15, 0x00, 0x00, 0x00, 0x00, 0x00, 0x00, 0x00, 0x00, 0x5C, 0xFF, 0xFF, 
0xB0, 0x00, 0x00, 0x00, 0x00, 0x00, 0x77, 0xDC, 0x68, 0x00, 0x00, 0x00, 0x00, 0x00, 0x00, 0x00, 
0x00, 0x03, 0xD7, 0xD5, 0x02, 0x64, 0xFF, 0x9B, 0x00, 0x00, 0x00, 0x00, 0x00, 0x00, 0x00, 0x00, 
0x24, 0xFF, 0xD3, 0x00, 0x3C, 0xFF, 0xC1, 0x00, 0x00, 0x07, 0x70, 0x70, 0x31, 0x00, 0x00, 0x4C, 
0xFF, 0xA8, 0x00, 0x12, 0xFF, 0xE7, 0x00, 0x00, 0x45, 0xFF, 0xFF, 0xA2, 0x00, 0x00, 0x76, 0xFF, 
0x7D, 0x00, 0x00, 0xE9, 0xFF, 0x0D, 0x00, 0x8F, 0xFF, 0xF0, 0xE9, 0x01, 0x00, 0x9E, 0xFF, 0x54, 
0x00, 0x00, 0xC0, 0xFF, 0x32, 0x00, 0xD8, 0xEE, 0x92, 0xFF, 0x30, 0x00, 0xC8, 0xFF, 0x29, 0x00, 
0x00, 0x97, 0xFF, 0x57, 0x22, 0xFF, 0xAF, 0x53, 0xFF, 0x77, 0x00, 0xEF, 0xFA, 0x05, 0x00, 0x00, 
0x6E, 0xFF, 0x7A, 0x6A, 0xFF, 0x69, 0x13, 0xFE, 0xBE, 0x14, 0xFF, 0xD4, 0x00, 0x00, 0x00, 0x45, 
0xFF, 0x93, 0xA6, 0xFF, 0x23, 0x00, 0xD0, 0xF8, 0x34, 0xFF, 0xAB, 0x00, 0x00, 0x00, 0x1C, 0xFF, 
0xA8, 0xDA, 0xE0, 0x00, 0x00, 0x8D, 0xFF, 0x7A, 0xFF, 0x80, 0x00, 0x00, 0x00, 0x01, 0xF2, 0xC6, 
0xFE, 0x9E, 0x00, 0x00, 0x4C, 0xFF, 0xC2, 0xFF, 0x55, 0x00, 0x00, 0x00, 0x00, 0xCA, 0xFB, 0xFF, 
0x5C, 0x00, 0x00, 0x0F, 0xFC, 0xFB, 0xFF, 0x2C, 0x00, 0x00, 0x00, 0x00, 0xA0, 0xFF, 0xFF, 0x1A, 
0x00, 0x00, 0x00, 0xC9, 0xFF, 0xFB, 0x06, 0x00, 0x00, 0x51, 0xDC, 0xD1, 0x17, 0x00, 0x00, 0x00, 
0x00, 0x00, 0x90, 0xDC, 0xA6, 0x01, 0x00, 0xAE, 0xFF, 0xB8, 0x01, 0x00, 0x00, 0x00, 0x52, 0xFF, 
0xF1, 0x21, 0x00, 0x00, 0x11, 0xE1, 0xFF, 0x71, 0x00, 0x00, 0x1C, 0xED, 0xFF, 0x55, 0x00, 0x00, 
0x00, 0x00, 0x39, 0xFB, 0xF9, 0x30, 0x02, 0xBF, 0xFF, 0x95, 0x00, 0x00, 0x00, 0x00, 0x00, 0x00, 
0x77, 0xFF, 0xD7, 0x83, 0xFF, 0xD1, 0x08, 0x00, 0x00, 0x00, 0x00, 0x00, 0x00, 0x02, 0xBA, 0xFF, 
0xFF, 0xF4, 0x27, 0x00, 0x00, 0x00, 0x00, 0x00, 0x00, 0x00, 0x00, 0x3C, 0xFF, 0xFF, 0x9D, 0x00, 
0x00, 0x00, 0x00, 0x00, 0x00, 0x00, 0x00, 0x08, 0xD1, 0xFF, 0xFE, 0xFC, 0x3B, 0x00, 0x00, 0x00, 
0x00, 0x00, 0x00, 0x00, 0x95, 0xFF, 0xC0, 0x5E, 0xFF, 0xE4, 0x13, 0x00, 0x00, 0x00, 0x00, 0x00, 
0x55, 0xFF, 0xED, 0x1C, 0x00, 0xA5, 0xFF, 0xB3, 0x01, 0x00, 0x00, 0x00, 0x21, 0xF1, 0xFF, 0x50, 
0x00, 0x00, 0x0E, 0xDE, 0xFF, 0x71, 0x00, 0x00, 0x06, 0xCA, 0xFF, 0x95, 0x00, 0x00, 0x00, 0x00, 
0x39, 0xFC, 0xFA, 0x35, 0x00, 0x8C, 0xFF, 0xD4, 0x09, 0x00, 0x00, 0x00, 0x00, 0x00, 0x7D, 0xFF, 
0xDD, 0x0F, 0xA3, 0xDC, 0x50, 0x00, 0x00, 0x00, 0x00, 0x00, 0x00, 0x0E, 0xD9, 0xDC, 0x1E, 0x5B, 
0xFF, 0xBE, 0x00, 0x00, 0x00, 0x00, 0x00, 0x00, 0x5D, 0xFF, 0xCC, 0x00, 0x07, 0xEA, 0xFF, 0x27, 
0x00, 0x00, 0x00, 0x00, 0x00, 0xB3, 0xFF, 0x6C, 0x00, 0x00, 0x87, 0xFF, 0x8E, 0x00, 0x00, 0x00, 
0x00, 0x0F, 0xF9, 0xF9, 0x13, 0x00, 0x00, 0x1F, 0xFD, 0xEE, 0x08, 0x00, 0x00, 0x00, 0x60, 0xFF, 
0xAC, 0x00, 0x00, 0x00, 0x00, 0xB1, 0xFF, 0x5F, 0x00, 0x00, 0x00, 0xB5, 0xFF, 0x4E, 0x00, 0x00, 
0x00, 0x00, 0x47, 0xFF, 0xC6, 0x00, 0x00, 0x12, 0xFA, 0xEA, 0x05, 0x00, 0x00, 0x00, 0x00, 0x01, 
0xDB, 0xFF, 0x2E, 0x00, 0x61, 0xFF, 0x90, 0x00, 0x00, 0x00, 0x00, 0x00, 0x00, 0x71, 0xFF, 0x93, 
0x00, 0xB2, 0xFF, 0x30, 0x00, 0x00, 0x00, 0x00, 0x00, 0x00, 0x11, 0xF6, 0xE9, 0x10, 0xF7, 0xD1, 
0x00, 0x00, 0x00, 0x00, 0x00, 0x00, 0x00, 0x00, 0x9C, 0xFF, 0x92, 0xFF, 0x73, 0x00, 0x00, 0x00, 
0x00, 0x00, 0x00, 0x00, 0x00, 0x31, 0xFF, 0xFD, 0xFC, 0x18, 0x00, 0x00, 0x00, 0x00, 0x00, 0x00, 
0x00, 0x00, 0x00, 0xC7, 0xFF, 0xB4, 0x00, 0x00, 0x00, 0x00, 0x00, 0x00, 0x00, 0x00, 0x00, 0x00, 
0xAC, 0xFF, 0x54, 0x00, 0x00, 0x00, 0x00, 0x00, 0x00, 0x00, 0x00, 0x00, 0x17, 0xFB, 0xED, 0x07, 
0x00, 0x00, 0x00, 0x00, 0x00, 0x00, 0x00, 0x00, 0x00, 0x81, 0xFF, 0x91, 0x00, 0x00, 0x00, 0x00, 
0x00, 0x00, 0x00, 0x00, 0x00, 0x40, 0xF6, 0xF9, 0x1E, 0x00, 0x00, 0x00, 0x00, 0x00, 0x00, 0x70, 
0xDB, 0xDF, 0xFF, 0xFF, 0x71, 0x00, 0x00, 0x00, 0x00, 0x00, 0x00, 0x00, 0x58, 0xD5, 0xDD, 0xBC, 
0x55, 0x00, 0x00, 0x00, 0x00, 0x00, 0x00, 0x00, 0x00, 0x64, 0xDC, 0xDC, 0xDC, 0xDC, 0xDC, 0xDC, 
0xDC, 0xDC, 0xDC, 0x0A, 0x5C, 0xCC, 0xCC, 0xCC, 0xCC, 0xCC, 0xCC, 0xDF, 0xFF, 0xFF, 0x0A, 0x00, 
0x00, 0x00, 0x00, 0x00, 0x00, 0x08, 0xCC, 0xFF, 0x88, 0x00, 0x00, 0x00, 0x00, 0x00, 0x00, 0x00, 
0x9B, 0xFF, 0xBC, 0x03, 0x00, 0x00, 0x00, 0x00, 0x00, 0x00, 0x62, 0xFF, 0xE2, 0x15, 0x00, 0x00, 
0x00, 0x00, 0x00, 0x00, 0x31, 0xF8, 0xF9, 0x36, 0x00, 0x00, 0x00, 0x00, 0x00, 0x00, 0x12, 0xDE, 
0xFF, 0x66, 0x00, 0x00, 0x00, 0x00, 0x00, 0x00, 0x02, 0xB5, 0xFF, 0x9E, 0x00, 0x00, 0x00, 0x00, 
0x00, 0x00, 0x00, 0x7D, 0xFF, 0xCC, 0x08, 0x00, 0x00, 0x00, 0x00, 0x00, 0x00, 0x47, 0xFE, 0xEC, 
0x1F, 0x00, 0x00, 0x00, 0x00, 0x00, 0x00, 0x1E, 0xEC, 0xFD, 0x46, 0x00, 0x00, 0x00, 0x00, 0x00, 
0x00, 0x00, 0xBC, 0xFF, 0xF7, 0xD4, 0xD4, 0xD4, 0xD4, 0xD4, 0xD4, 0xD4, 0x32, 0xD8, 0xFF, 0xFF, 
0xFF, 0xFF, 0xFF, 0xFF, 0xFF, 0xFF, 0xFF, 0x3C, 0x00, 0x00, 0x00, 0x00, 0x00, 0x00, 0x04, 0x1D, 
0x02, 0x00, 0x00, 0x00, 0x00, 0x25, 0xAC, 0xF7, 0xFF, 0x0C, 0x00, 0x00, 0x00, 0x1F, 0xED, 0xFF, 
0xE7, 0xA7, 0x07, 0x00, 0x00, 0x00, 0x8D, 0xFF, 0xC7, 0x0A, 0x00, 0x00, 0x00, 0x00, 0x00, 0xB5, 
0xFF, 0x69, 0x00, 0x00, 0x00, 0x00, 0x00, 0x00, 0xB8, 0xFF, 0x60, 0x00, 0x00, 0x00, 0x00, 0x00, 
0x00, 0xB8, 0xFF, 0x60, 0x00, 0x00, 0x00, 0x00, 0x00, 0x00, 0xB8, 0xFF, 0x60, 0x00, 0x00, 0x00, 
0x00, 0x00, 0x00, 0xC0, 0xFF, 0x5C, 0x00, 0x00, 0x00, 0x00, 0x00, 0x27, 0xF7, 0xFF, 0x28, 0x00, 
0x00, 0x00, 0x5F, 0xB1, 0xF7, 0xF6, 0x6F, 0x00, 0x00, 0x00, 0x00, 0xA4, 0xFF, 0xF4, 0x7A, 0x0A, 
0x00, 0x00, 0x00, 0x00, 0x22, 0x50, 0xB9, 0xFF, 0xCD, 0x05, 0x00, 0x00, 0x00, 0x00, 0x00, 0x04, 
0xE3, 0xFF, 0x47, 0x00, 0x00, 0x00, 0x00, 0x00, 0x00, 0xBA, 0xFF, 0x5F, 0x00, 0x00, 0x00, 0x00, 
0x00, 0x00, 0xB8, 0xFF, 0x60, 0x00, 0x00, 0x00, 0x00, 0x00, 0x00, 0xB8, 0xFF, 0x60, 0x00, 0x00, 
0x00, 0x00, 0x00, 0x00, 0xB8, 0xFF, 0x60, 0x00, 0x00, 0x00, 0x00, 0x00, 0x00, 0xAD, 0xFF, 0x77, 
0x00, 0x00, 0x00, 0x00, 0x00, 0x00, 0x6E, 0xFF, 0xE7, 0x41, 0x02, 0x00, 0x00, 0x00, 0x00, 0x08, 
0xBF, 0xFF, 0xFF, 0xFA, 0x0B, 0x00, 0x00, 0x00, 0x00, 0x03, 0x56, 0xA1, 0xC4, 0x0A, 0x27, 0x3C, 
0x06, 0xA8, 0xFF, 0x18, 0xA8, 0xFF, 0x18, 0xA8, 0xFF, 0x18, 0xA8, 0xFF, 0x18, 0xA8, 0xFF, 0x18, 
0xA8, 0xFF, 0x18, 0xA8, 0xFF, 0x18, 0xA8, 0xFF, 0x18, 0xA8, 0xFF, 0x18, 0xA8, 0xFF, 0x18, 0xA8, 
0xFF, 0x18, 0xA8, 0xFF, 0x18, 0xA8, 0xFF, 0x18, 0xA8, 0xFF, 0x18, 0xA8, 0xFF, 0x18, 0xA8, 0xFF, 
0x18, 0xA8, 0xFF, 0x18, 0xA8, 0xFF, 0x18, 0xA8, 0xFF, 0x18, 0xA8, 0xFF, 0x18, 0xA8, 0xFF, 0x18, 
0xA8, 0xFF, 0x18, 0xA8, 0xFF, 0x18, 0x81, 0xC4, 0x12, 0x15, 0x10, 0x00, 0x00, 0x00, 0x00, 0x00, 
0x00, 0x00, 0xA4, 0xFF, 0xD8, 0x65, 0x00, 0x00, 0x00, 0x00, 0x00, 0x65, 0xC3, 0xFF, 0xFF, 0x76, 
0x00, 0x00, 0x00, 0x00, 0x00, 0x00, 0x5F, 0xFF, 0xEF, 0x02, 0x00, 0x00, 0x00, 0x00, 0x00, 0x04, 
0xFD, 0xFF, 0x19, 0x00, 0x00, 0x00, 0x00, 0x00, 0x00, 0xF8, 0xFF, 0x1C, 0x00, 0x00, 0x00, 0x00, 
0x00, 0x00, 0xF8, 0xFF, 0x1C, 0x00, 0x00, 0x00, 0x00, 0x00, 0x00, 0xF8, 0xFF, 0x1C, 0x00, 0x00, 
0x00, 0x00, 0x00, 0x00, 0xF5, 0xFF, 0x24, 0x00, 0x00, 0x00, 0x00, 0x00, 0x00, 0xC5, 0xFF, 0x7E, 
0x00, 0x00, 0x00, 0x00, 0x00, 0x00, 0x2F, 0xE2, 0xFF, 0xC4, 0x91, 0x06, 0x00, 0x00, 0x00, 0x00, 
0x3A, 0xD0, 0xFF, 0xFF, 0x0C, 0x00, 0x00, 0x00, 0x5F, 0xFF, 0xED, 0x76, 0x43, 0x03, 0x00, 0x00, 
0x00, 0xDB, 0xFF, 0x4E, 0x00, 0x00, 0x00, 0x00, 0x00, 0x00, 0xF7, 0xFF, 0x1E, 0x00, 0x00, 0x00, 
0x00, 0x00, 0x00, 0xF8, 0xFF, 0x1C, 0x00, 0x00, 0x00, 0x00, 0x00, 0x00, 0xF8, 0xFF, 0x1C, 0x00, 
0x00, 0x00, 0x00, 0x00, 0x00, 0xF8, 0xFF, 0x1C, 0x00, 0x00, 0x00, 0x00, 0x00, 0x14, 0xFF, 0xFF, 
0x10, 0x00, 0x00, 0x00, 0x00, 0x1E, 0xB1, 0xFF, 0xD1, 0x00, 0x00, 0x00, 0x00, 0x9D, 0xFF, 0xFF, 
0xEF, 0x35, 0x00, 0x00, 0x00, 0x00, 0x81, 0xB7, 0x7C, 0x17, 0x00, 0x00, 0x00, 0x00, 0x00, 0x00, 
0x00, 0x00, 0x12, 0x05, 0x00, 0x00, 0x00, 0x00, 0x00, 0x15, 0x0E, 0x00, 0x15, 0xC8, 0xFF, 0xF2, 
0x7B, 0x02, 0x00, 0x00, 0x02, 0xF3, 0x7D, 0x00, 0x9C, 0xEC, 0x65, 0x93, 0xFF, 0xAD, 0x08, 0x00, 
0x30, 0xFF, 0x46, 0x03, 0xF1, 0x7D, 0x00, 0x00, 0x5B, 0xFB, 0xCC, 0x59, 0xBD, 0xE2, 0x05, 0x23, 
0xFF, 0x45, 0x00, 0x00, 0x00, 0x40, 0xDA, 0xFF, 0xEE, 0x40, 0x00, 0x06, 0x1C, 0x05, 0x00, 0x00, 
0x00, 0x00, 0x01, 0x17, 0x05, 0x00, 0x00, 0x00, 0x16, 0x4E, 0x6F, 0x74, 0x6F, 0x20, 0x53, 0x61, 
0x6E, 0x73, 0x20, 0x4D, 0x6F, 0x6E, 0x6F, 0x20, 0x52, 0x65, 0x67, 0x75, 0x6C, 0x61, 0x72, 0x00, 
0x14, 0x4E, 0x6F, 0x74, 0x6F, 0x53, 0x61, 0x6E, 0x73, 0x4D, 0x6F, 0x6E, 0x6F, 0x2D, 0x52, 0x65, 
0x67, 0x75, 0x6C, 0x61, 0x72, 0x01
};
