/* The font vlw file can be converted to a byte array using:

   https://tomeko.net/online_tools/file_to_hex.php?lang=en

   Paste the byte array into a sketch tab and add two lines
   at the start with a unique font name:

                const uint8_t  fontName[] PROGMEM = {

   At the end add:

        };

   See example below. Include the tab in the main sketch, e.g.:

        #include "NotoSans12.h"
*/


#pragma once

// See core/resources/FontRegistry.h for why this is guarded: the array must
// be defined in exactly one translation unit (Fonts.cpp). Every other
// includer only sees the extern declaration.
#ifdef NERDBOX_DEFINE_FONT_DATA
extern const uint8_t  NotoSansDisplay12[] PROGMEM = {
0x00, 0x00, 0x01, 0x0B, 0x00, 0x00, 0x00, 0x0B, 0x00, 0x00, 0x00, 0x0C, 0x00, 0x00, 0x00, 0x00, 
0x00, 0x00, 0x00, 0x0A, 0x00, 0x00, 0x00, 0x03, 0x00, 0x00, 0x00, 0x21, 0x00, 0x00, 0x00, 0x09, 
0x00, 0x00, 0x00, 0x02, 0x00, 0x00, 0x00, 0x03, 0x00, 0x00, 0x00, 0x09, 0x00, 0x00, 0x00, 0x00, 
0x00, 0x00, 0x00, 0x00, 0x00, 0x00, 0x00, 0x22, 0x00, 0x00, 0x00, 0x03, 0x00, 0x00, 0x00, 0x04, 
0x00, 0x00, 0x00, 0x05, 0x00, 0x00, 0x00, 0x09, 0x00, 0x00, 0x00, 0x00, 0x00, 0x00, 0x00, 0x00, 
0x00, 0x00, 0x00, 0x23, 0x00, 0x00, 0x00, 0x09, 0x00, 0x00, 0x00, 0x07, 0x00, 0x00, 0x00, 0x07, 
0x00, 0x00, 0x00, 0x09, 0x00, 0x00, 0x00, 0x00, 0x00, 0x00, 0x00, 0x00, 0x00, 0x00, 0x00, 0x24, 
0x00, 0x00, 0x00, 0x0B, 0x00, 0x00, 0x00, 0x06, 0x00, 0x00, 0x00, 0x07, 0x00, 0x00, 0x00, 0x0A, 
0x00, 0x00, 0x00, 0x00, 0x00, 0x00, 0x00, 0x00, 0x00, 0x00, 0x00, 0x25, 0x00, 0x00, 0x00, 0x09, 
0x00, 0x00, 0x00, 0x09, 0x00, 0x00, 0x00, 0x09, 0x00, 0x00, 0x00, 0x09, 0x00, 0x00, 0x00, 0x00, 
0x00, 0x00, 0x00, 0x00, 0x00, 0x00, 0x00, 0x26, 0x00, 0x00, 0x00, 0x09, 0x00, 0x00, 0x00, 0x09, 
0x00, 0x00, 0x00, 0x09, 0x00, 0x00, 0x00, 0x09, 0x00, 0x00, 0x00, 0x00, 0x00, 0x00, 0x00, 0x00, 
0x00, 0x00, 0x00, 0x27, 0x00, 0x00, 0x00, 0x03, 0x00, 0x00, 0x00, 0x02, 0x00, 0x00, 0x00, 0x03, 
0x00, 0x00, 0x00, 0x09, 0x00, 0x00, 0x00, 0x00, 0x00, 0x00, 0x00, 0x00, 0x00, 0x00, 0x00, 0x28, 
0x00, 0x00, 0x00, 0x0B, 0x00, 0x00, 0x00, 0x04, 0x00, 0x00, 0x00, 0x04, 0x00, 0x00, 0x00, 0x09, 
0x00, 0x00, 0x00, 0x00, 0x00, 0x00, 0x00, 0x00, 0x00, 0x00, 0x00, 0x29, 0x00, 0x00, 0x00, 0x0B, 
0x00, 0x00, 0x00, 0x03, 0x00, 0x00, 0x00, 0x03, 0x00, 0x00, 0x00, 0x09, 0x00, 0x00, 0x00, 0x00, 
0x00, 0x00, 0x00, 0x00, 0x00, 0x00, 0x00, 0x2A, 0x00, 0x00, 0x00, 0x06, 0x00, 0x00, 0x00, 0x06, 
0x00, 0x00, 0x00, 0x06, 0x00, 0x00, 0x00, 0x0A, 0x00, 0x00, 0x00, 0x00, 0x00, 0x00, 0x00, 0x00, 
0x00, 0x00, 0x00, 0x2B, 0x00, 0x00, 0x00, 0x06, 0x00, 0x00, 0x00, 0x07, 0x00, 0x00, 0x00, 0x07, 
0x00, 0x00, 0x00, 0x07, 0x00, 0x00, 0x00, 0x00, 0x00, 0x00, 0x00, 0x00, 0x00, 0x00, 0x00, 0x2C, 
0x00, 0x00, 0x00, 0x03, 0x00, 0x00, 0x00, 0x03, 0x00, 0x00, 0x00, 0x03, 0x00, 0x00, 0x00, 0x01, 
0x00, 0x00, 0x00, 0x00, 0x00, 0x00, 0x00, 0x00, 0x00, 0x00, 0x00, 0x2D, 0x00, 0x00, 0x00, 0x01, 
0x00, 0x00, 0x00, 0x03, 0x00, 0x00, 0x00, 0x04, 0x00, 0x00, 0x00, 0x04, 0x00, 0x00, 0x00, 0x01, 
0x00, 0x00, 0x00, 0x00, 0x00, 0x00, 0x00, 0x2E, 0x00, 0x00, 0x00, 0x02, 0x00, 0x00, 0x00, 0x02, 
0x00, 0x00, 0x00, 0x03, 0x00, 0x00, 0x00, 0x02, 0x00, 0x00, 0x00, 0x00, 0x00, 0x00, 0x00, 0x00, 
0x00, 0x00, 0x00, 0x2F, 0x00, 0x00, 0x00, 0x09, 0x00, 0x00, 0x00, 0x05, 0x00, 0x00, 0x00, 0x04, 
0x00, 0x00, 0x00, 0x09, 0x00, 0x00, 0x00, 0x00, 0x00, 0x00, 0x00, 0x00, 0x00, 0x00, 0x00, 0x30, 
0x00, 0x00, 0x00, 0x09, 0x00, 0x00, 0x00, 0x06, 0x00, 0x00, 0x00, 0x06, 0x00, 0x00, 0x00, 0x09, 
0x00, 0x00, 0x00, 0x00, 0x00, 0x00, 0x00, 0x00, 0x00, 0x00, 0x00, 0x31, 0x00, 0x00, 0x00, 0x09, 
0x00, 0x00, 0x00, 0x04, 0x00, 0x00, 0x00, 0x06, 0x00, 0x00, 0x00, 0x09, 0x00, 0x00, 0x00, 0x00, 
0x00, 0x00, 0x00, 0x00, 0x00, 0x00, 0x00, 0x32, 0x00, 0x00, 0x00, 0x09, 0x00, 0x00, 0x00, 0x05, 
0x00, 0x00, 0x00, 0x06, 0x00, 0x00, 0x00, 0x09, 0x00, 0x00, 0x00, 0x01, 0x00, 0x00, 0x00, 0x00, 
0x00, 0x00, 0x00, 0x33, 0x00, 0x00, 0x00, 0x09, 0x00, 0x00, 0x00, 0x06, 0x00, 0x00, 0x00, 0x06, 
0x00, 0x00, 0x00, 0x09, 0x00, 0x00, 0x00, 0x00, 0x00, 0x00, 0x00, 0x00, 0x00, 0x00, 0x00, 0x34, 
0x00, 0x00, 0x00, 0x09, 0x00, 0x00, 0x00, 0x06, 0x00, 0x00, 0x00, 0x06, 0x00, 0x00, 0x00, 0x09, 
0x00, 0x00, 0x00, 0x01, 0x00, 0x00, 0x00, 0x00, 0x00, 0x00, 0x00, 0x35, 0x00, 0x00, 0x00, 0x09, 
0x00, 0x00, 0x00, 0x06, 0x00, 0x00, 0x00, 0x06, 0x00, 0x00, 0x00, 0x09, 0x00, 0x00, 0x00, 0x00, 
0x00, 0x00, 0x00, 0x00, 0x00, 0x00, 0x00, 0x36, 0x00, 0x00, 0x00, 0x09, 0x00, 0x00, 0x00, 0x06, 
0x00, 0x00, 0x00, 0x06, 0x00, 0x00, 0x00, 0x09, 0x00, 0x00, 0x00, 0x00, 0x00, 0x00, 0x00, 0x00, 
0x00, 0x00, 0x00, 0x37, 0x00, 0x00, 0x00, 0x09, 0x00, 0x00, 0x00, 0x05, 0x00, 0x00, 0x00, 0x06, 
0x00, 0x00, 0x00, 0x09, 0x00, 0x00, 0x00, 0x01, 0x00, 0x00, 0x00, 0x00, 0x00, 0x00, 0x00, 0x38, 
0x00, 0x00, 0x00, 0x09, 0x00, 0x00, 0x00, 0x06, 0x00, 0x00, 0x00, 0x06, 0x00, 0x00, 0x00, 0x09, 
0x00, 0x00, 0x00, 0x00, 0x00, 0x00, 0x00, 0x00, 0x00, 0x00, 0x00, 0x39, 0x00, 0x00, 0x00, 0x09, 
0x00, 0x00, 0x00, 0x06, 0x00, 0x00, 0x00, 0x06, 0x00, 0x00, 0x00, 0x09, 0x00, 0x00, 0x00, 0x00, 
0x00, 0x00, 0x00, 0x00, 0x00, 0x00, 0x00, 0x3A, 0x00, 0x00, 0x00, 0x07, 0x00, 0x00, 0x00, 0x02, 
0x00, 0x00, 0x00, 0x03, 0x00, 0x00, 0x00, 0x07, 0x00, 0x00, 0x00, 0x00, 0x00, 0x00, 0x00, 0x00, 
0x00, 0x00, 0x00, 0x3B, 0x00, 0x00, 0x00, 0x09, 0x00, 0x00, 0x00, 0x02, 0x00, 0x00, 0x00, 0x03, 
0x00, 0x00, 0x00, 0x07, 0x00, 0x00, 0x00, 0x00, 0x00, 0x00, 0x00, 0x00, 0x00, 0x00, 0x00, 0x3C, 
0x00, 0x00, 0x00, 0x07, 0x00, 0x00, 0x00, 0x06, 0x00, 0x00, 0x00, 0x07, 0x00, 0x00, 0x00, 0x08, 
0x00, 0x00, 0x00, 0x01, 0x00, 0x00, 0x00, 0x00, 0x00, 0x00, 0x00, 0x3D, 0x00, 0x00, 0x00, 0x04, 
0x00, 0x00, 0x00, 0x06, 0x00, 0x00, 0x00, 0x06, 0x00, 0x00, 0x00, 0x07, 0x00, 0x00, 0x00, 0x00, 
0x00, 0x00, 0x00, 0x00, 0x00, 0x00, 0x00, 0x3E, 0x00, 0x00, 0x00, 0x07, 0x00, 0x00, 0x00, 0x06, 
0x00, 0x00, 0x00, 0x07, 0x00, 0x00, 0x00, 0x08, 0x00, 0x00, 0x00, 0x01, 0x00, 0x00, 0x00, 0x00, 
0x00, 0x00, 0x00, 0x3F, 0x00, 0x00, 0x00, 0x09, 0x00, 0x00, 0x00, 0x05, 0x00, 0x00, 0x00, 0x04, 
0x00, 0x00, 0x00, 0x09, 0xFF, 0xFF, 0xFF, 0xFF, 0x00, 0x00, 0x00, 0x00, 0x00, 0x00, 0x00, 0x40, 
0x00, 0x00, 0x00, 0x0A, 0x00, 0x00, 0x00, 0x0A, 0x00, 0x00, 0x00, 0x0B, 0x00, 0x00, 0x00, 0x09, 
0x00, 0x00, 0x00, 0x00, 0x00, 0x00, 0x00, 0x00, 0x00, 0x00, 0x00, 0x41, 0x00, 0x00, 0x00, 0x09, 
0x00, 0x00, 0x00, 0x08, 0x00, 0x00, 0x00, 0x07, 0x00, 0x00, 0x00, 0x09, 0x00, 0x00, 0x00, 0x00, 
0x00, 0x00, 0x00, 0x00, 0x00, 0x00, 0x00, 0x42, 0x00, 0x00, 0x00, 0x09, 0x00, 0x00, 0x00, 0x07, 
0x00, 0x00, 0x00, 0x08, 0x00, 0x00, 0x00, 0x09, 0x00, 0x00, 0x00, 0x00, 0x00, 0x00, 0x00, 0x00, 
0x00, 0x00, 0x00, 0x43, 0x00, 0x00, 0x00, 0x09, 0x00, 0x00, 0x00, 0x08, 0x00, 0x00, 0x00, 0x08, 
0x00, 0x00, 0x00, 0x09, 0x00, 0x00, 0x00, 0x00, 0x00, 0x00, 0x00, 0x00, 0x00, 0x00, 0x00, 0x44, 
0x00, 0x00, 0x00, 0x09, 0x00, 0x00, 0x00, 0x07, 0x00, 0x00, 0x00, 0x08, 0x00, 0x00, 0x00, 0x09, 
0x00, 0x00, 0x00, 0x00, 0x00, 0x00, 0x00, 0x00, 0x00, 0x00, 0x00, 0x45, 0x00, 0x00, 0x00, 0x09, 
0x00, 0x00, 0x00, 0x06, 0x00, 0x00, 0x00, 0x06, 0x00, 0x00, 0x00, 0x09, 0x00, 0x00, 0x00, 0x00, 
0x00, 0x00, 0x00, 0x00, 0x00, 0x00, 0x00, 0x46, 0x00, 0x00, 0x00, 0x09, 0x00, 0x00, 0x00, 0x06, 
0x00, 0x00, 0x00, 0x06, 0x00, 0x00, 0x00, 0x09, 0x00, 0x00, 0x00, 0x00, 0x00, 0x00, 0x00, 0x00, 
0x00, 0x00, 0x00, 0x47, 0x00, 0x00, 0x00, 0x09, 0x00, 0x00, 0x00, 0x08, 0x00, 0x00, 0x00, 0x09, 
0x00, 0x00, 0x00, 0x09, 0x00, 0x00, 0x00, 0x00, 0x00, 0x00, 0x00, 0x00, 0x00, 0x00, 0x00, 0x48, 
0x00, 0x00, 0x00, 0x09, 0x00, 0x00, 0x00, 0x07, 0x00, 0x00, 0x00, 0x08, 0x00, 0x00, 0x00, 0x09, 
0x00, 0x00, 0x00, 0x00, 0x00, 0x00, 0x00, 0x00, 0x00, 0x00, 0x00, 0x49, 0x00, 0x00, 0x00, 0x09, 
0x00, 0x00, 0x00, 0x04, 0x00, 0x00, 0x00, 0x04, 0x00, 0x00, 0x00, 0x09, 0x00, 0x00, 0x00, 0x00, 
0x00, 0x00, 0x00, 0x00, 0x00, 0x00, 0x00, 0x4A, 0x00, 0x00, 0x00, 0x0C, 0x00, 0x00, 0x00, 0x04, 
0x00, 0x00, 0x00, 0x03, 0x00, 0x00, 0x00, 0x09, 0xFF, 0xFF, 0xFF, 0xFE, 0x00, 0x00, 0x00, 0x00, 
0x00, 0x00, 0x00, 0x4B, 0x00, 0x00, 0x00, 0x09, 0x00, 0x00, 0x00, 0x07, 0x00, 0x00, 0x00, 0x07, 
0x00, 0x00, 0x00, 0x09, 0x00, 0x00, 0x00, 0x00, 0x00, 0x00, 0x00, 0x00, 0x00, 0x00, 0x00, 0x4C, 
0x00, 0x00, 0x00, 0x09, 0x00, 0x00, 0x00, 0x06, 0x00, 0x00, 0x00, 0x06, 0x00, 0x00, 0x00, 0x09, 
0x00, 0x00, 0x00, 0x00, 0x00, 0x00, 0x00, 0x00, 0x00, 0x00, 0x00, 0x4D, 0x00, 0x00, 0x00, 0x09, 
0x00, 0x00, 0x00, 0x09, 0x00, 0x00, 0x00, 0x0A, 0x00, 0x00, 0x00, 0x09, 0x00, 0x00, 0x00, 0x00, 
0x00, 0x00, 0x00, 0x00, 0x00, 0x00, 0x00, 0x4E, 0x00, 0x00, 0x00, 0x09, 0x00, 0x00, 0x00, 0x07, 
0x00, 0x00, 0x00, 0x08, 0x00, 0x00, 0x00, 0x09, 0x00, 0x00, 0x00, 0x00, 0x00, 0x00, 0x00, 0x00, 
0x00, 0x00, 0x00, 0x4F, 0x00, 0x00, 0x00, 0x09, 0x00, 0x00, 0x00, 0x08, 0x00, 0x00, 0x00, 0x09, 
0x00, 0x00, 0x00, 0x09, 0x00, 0x00, 0x00, 0x00, 0x00, 0x00, 0x00, 0x00, 0x00, 0x00, 0x00, 0x50, 
0x00, 0x00, 0x00, 0x09, 0x00, 0x00, 0x00, 0x06, 0x00, 0x00, 0x00, 0x07, 0x00, 0x00, 0x00, 0x09, 
0x00, 0x00, 0x00, 0x00, 0x00, 0x00, 0x00, 0x00, 0x00, 0x00, 0x00, 0x51, 0x00, 0x00, 0x00, 0x0B, 
0x00, 0x00, 0x00, 0x08, 0x00, 0x00, 0x00, 0x09, 0x00, 0x00, 0x00, 0x09, 0x00, 0x00, 0x00, 0x00, 
0x00, 0x00, 0x00, 0x00, 0x00, 0x00, 0x00, 0x52, 0x00, 0x00, 0x00, 0x09, 0x00, 0x00, 0x00, 0x07, 
0x00, 0x00, 0x00, 0x07, 0x00, 0x00, 0x00, 0x09, 0x00, 0x00, 0x00, 0x00, 0x00, 0x00, 0x00, 0x00, 
0x00, 0x00, 0x00, 0x53, 0x00, 0x00, 0x00, 0x09, 0x00, 0x00, 0x00, 0x06, 0x00, 0x00, 0x00, 0x06, 
0x00, 0x00, 0x00, 0x09, 0x00, 0x00, 0x00, 0x00, 0x00, 0x00, 0x00, 0x00, 0x00, 0x00, 0x00, 0x54, 
0x00, 0x00, 0x00, 0x09, 0x00, 0x00, 0x00, 0x06, 0x00, 0x00, 0x00, 0x08, 0x00, 0x00, 0x00, 0x09, 
0x00, 0x00, 0x00, 0x01, 0x00, 0x00, 0x00, 0x00, 0x00, 0x00, 0x00, 0x55, 0x00, 0x00, 0x00, 0x09, 
0x00, 0x00, 0x00, 0x07, 0x00, 0x00, 0x00, 0x08, 0x00, 0x00, 0x00, 0x09, 0x00, 0x00, 0x00, 0x00, 
0x00, 0x00, 0x00, 0x00, 0x00, 0x00, 0x00, 0x56, 0x00, 0x00, 0x00, 0x09, 0x00, 0x00, 0x00, 0x07, 
0x00, 0x00, 0x00, 0x07, 0x00, 0x00, 0x00, 0x09, 0x00, 0x00, 0x00, 0x00, 0x00, 0x00, 0x00, 0x00, 
0x00, 0x00, 0x00, 0x57, 0x00, 0x00, 0x00, 0x09, 0x00, 0x00, 0x00, 0x0B, 0x00, 0x00, 0x00, 0x0B, 
0x00, 0x00, 0x00, 0x09, 0x00, 0x00, 0x00, 0x00, 0x00, 0x00, 0x00, 0x00, 0x00, 0x00, 0x00, 0x58, 
0x00, 0x00, 0x00, 0x09, 0x00, 0x00, 0x00, 0x07, 0x00, 0x00, 0x00, 0x07, 0x00, 0x00, 0x00, 0x09, 
0x00, 0x00, 0x00, 0x00, 0x00, 0x00, 0x00, 0x00, 0x00, 0x00, 0x00, 0x59, 0x00, 0x00, 0x00, 0x09, 
0x00, 0x00, 0x00, 0x07, 0x00, 0x00, 0x00, 0x07, 0x00, 0x00, 0x00, 0x09, 0x00, 0x00, 0x00, 0x00, 
0x00, 0x00, 0x00, 0x00, 0x00, 0x00, 0x00, 0x5A, 0x00, 0x00, 0x00, 0x09, 0x00, 0x00, 0x00, 0x06, 
0x00, 0x00, 0x00, 0x08, 0x00, 0x00, 0x00, 0x09, 0x00, 0x00, 0x00, 0x01, 0x00, 0x00, 0x00, 0x00, 
0x00, 0x00, 0x00, 0x5B, 0x00, 0x00, 0x00, 0x0B, 0x00, 0x00, 0x00, 0x04, 0x00, 0x00, 0x00, 0x04, 
0x00, 0x00, 0x00, 0x09, 0x00, 0x00, 0x00, 0x00, 0x00, 0x00, 0x00, 0x00, 0x00, 0x00, 0x00, 0x5C, 
0x00, 0x00, 0x00, 0x09, 0x00, 0x00, 0x00, 0x05, 0x00, 0x00, 0x00, 0x04, 0x00, 0x00, 0x00, 0x09, 
0x00, 0x00, 0x00, 0x00, 0x00, 0x00, 0x00, 0x00, 0x00, 0x00, 0x00, 0x5D, 0x00, 0x00, 0x00, 0x0B, 
0x00, 0x00, 0x00, 0x03, 0x00, 0x00, 0x00, 0x04, 0x00, 0x00, 0x00, 0x09, 0x00, 0x00, 0x00, 0x00, 
0x00, 0x00, 0x00, 0x00, 0x00, 0x00, 0x00, 0x5E, 0x00, 0x00, 0x00, 0x06, 0x00, 0x00, 0x00, 0x06, 
0x00, 0x00, 0x00, 0x06, 0x00, 0x00, 0x00, 0x09, 0x00, 0x00, 0x00, 0x00, 0x00, 0x00, 0x00, 0x00, 
0x00, 0x00, 0x00, 0x5F, 0x00, 0x00, 0x00, 0x01, 0x00, 0x00, 0x00, 0x06, 0x00, 0x00, 0x00, 0x05, 
0xFF, 0xFF, 0xFF, 0xFF, 0xFF, 0xFF, 0xFF, 0xFF, 0x00, 0x00, 0x00, 0x00, 0x00, 0x00, 0x00, 0x60, 
0x00, 0x00, 0x00, 0x02, 0x00, 0x00, 0x00, 0x03, 0x00, 0x00, 0x00, 0x03, 0x00, 0x00, 0x00, 0x0A, 
0x00, 0x00, 0x00, 0x00, 0x00, 0x00, 0x00, 0x00, 0x00, 0x00, 0x00, 0x61, 0x00, 0x00, 0x00, 0x07, 
0x00, 0x00, 0x00, 0x06, 0x00, 0x00, 0x00, 0x07, 0x00, 0x00, 0x00, 0x07, 0x00, 0x00, 0x00, 0x00, 
0x00, 0x00, 0x00, 0x00, 0x00, 0x00, 0x00, 0x62, 0x00, 0x00, 0x00, 0x0A, 0x00, 0x00, 0x00, 0x06, 
0x00, 0x00, 0x00, 0x07, 0x00, 0x00, 0x00, 0x0A, 0x00, 0x00, 0x00, 0x00, 0x00, 0x00, 0x00, 0x00, 
0x00, 0x00, 0x00, 0x63, 0x00, 0x00, 0x00, 0x07, 0x00, 0x00, 0x00, 0x06, 0x00, 0x00, 0x00, 0x06, 
0x00, 0x00, 0x00, 0x07, 0x00, 0x00, 0x00, 0x00, 0x00, 0x00, 0x00, 0x00, 0x00, 0x00, 0x00, 0x64, 
0x00, 0x00, 0x00, 0x0A, 0x00, 0x00, 0x00, 0x06, 0x00, 0x00, 0x00, 0x07, 0x00, 0x00, 0x00, 0x0A, 
0x00, 0x00, 0x00, 0x00, 0x00, 0x00, 0x00, 0x00, 0x00, 0x00, 0x00, 0x65, 0x00, 0x00, 0x00, 0x07, 
0x00, 0x00, 0x00, 0x06, 0x00, 0x00, 0x00, 0x07, 0x00, 0x00, 0x00, 0x07, 0x00, 0x00, 0x00, 0x00, 
0x00, 0x00, 0x00, 0x00, 0x00, 0x00, 0x00, 0x66, 0x00, 0x00, 0x00, 0x0A, 0x00, 0x00, 0x00, 0x06, 
0x00, 0x00, 0x00, 0x04, 0x00, 0x00, 0x00, 0x0A, 0xFF, 0xFF, 0xFF, 0xFF, 0x00, 0x00, 0x00, 0x00, 
0x00, 0x00, 0x00, 0x67, 0x00, 0x00, 0x00, 0x0A, 0x00, 0x00, 0x00, 0x06, 0x00, 0x00, 0x00, 0x07, 
0x00, 0x00, 0x00, 0x07, 0x00, 0x00, 0x00, 0x00, 0x00, 0x00, 0x00, 0x00, 0x00, 0x00, 0x00, 0x68, 
0x00, 0x00, 0x00, 0x0A, 0x00, 0x00, 0x00, 0x06, 0x00, 0x00, 0x00, 0x07, 0x00, 0x00, 0x00, 0x0A, 
0x00, 0x00, 0x00, 0x00, 0x00, 0x00, 0x00, 0x00, 0x00, 0x00, 0x00, 0x69, 0x00, 0x00, 0x00, 0x0A, 
0x00, 0x00, 0x00, 0x02, 0x00, 0x00, 0x00, 0x03, 0x00, 0x00, 0x00, 0x0A, 0x00, 0x00, 0x00, 0x00, 
0x00, 0x00, 0x00, 0x00, 0x00, 0x00, 0x00, 0x6A, 0x00, 0x00, 0x00, 0x0D, 0x00, 0x00, 0x00, 0x03, 
0x00, 0x00, 0x00, 0x03, 0x00, 0x00, 0x00, 0x0A, 0xFF, 0xFF, 0xFF, 0xFF, 0x00, 0x00, 0x00, 0x00, 
0x00, 0x00, 0x00, 0x6B, 0x00, 0x00, 0x00, 0x0A, 0x00, 0x00, 0x00, 0x06, 0x00, 0x00, 0x00, 0x06, 
0x00, 0x00, 0x00, 0x0A, 0x00, 0x00, 0x00, 0x00, 0x00, 0x00, 0x00, 0x00, 0x00, 0x00, 0x00, 0x6C, 
0x00, 0x00, 0x00, 0x0A, 0x00, 0x00, 0x00, 0x02, 0x00, 0x00, 0x00, 0x03, 0x00, 0x00, 0x00, 0x0A, 
0x00, 0x00, 0x00, 0x00, 0x00, 0x00, 0x00, 0x00, 0x00, 0x00, 0x00, 0x6D, 0x00, 0x00, 0x00, 0x07, 
0x00, 0x00, 0x00, 0x0A, 0x00, 0x00, 0x00, 0x0B, 0x00, 0x00, 0x00, 0x07, 0x00, 0x00, 0x00, 0x00, 
0x00, 0x00, 0x00, 0x00, 0x00, 0x00, 0x00, 0x6E, 0x00, 0x00, 0x00, 0x07, 0x00, 0x00, 0x00, 0x06, 
0x00, 0x00, 0x00, 0x07, 0x00, 0x00, 0x00, 0x07, 0x00, 0x00, 0x00, 0x00, 0x00, 0x00, 0x00, 0x00, 
0x00, 0x00, 0x00, 0x6F, 0x00, 0x00, 0x00, 0x07, 0x00, 0x00, 0x00, 0x07, 0x00, 0x00, 0x00, 0x08, 
0x00, 0x00, 0x00, 0x07, 0x00, 0x00, 0x00, 0x00, 0x00, 0x00, 0x00, 0x00, 0x00, 0x00, 0x00, 0x70, 
0x00, 0x00, 0x00, 0x0A, 0x00, 0x00, 0x00, 0x06, 0x00, 0x00, 0x00, 0x07, 0x00, 0x00, 0x00, 0x07, 
0x00, 0x00, 0x00, 0x00, 0x00, 0x00, 0x00, 0x00, 0x00, 0x00, 0x00, 0x71, 0x00, 0x00, 0x00, 0x0A, 
0x00, 0x00, 0x00, 0x06, 0x00, 0x00, 0x00, 0x07, 0x00, 0x00, 0x00, 0x07, 0x00, 0x00, 0x00, 0x00, 
0x00, 0x00, 0x00, 0x00, 0x00, 0x00, 0x00, 0x72, 0x00, 0x00, 0x00, 0x07, 0x00, 0x00, 0x00, 0x05, 
0x00, 0x00, 0x00, 0x05, 0x00, 0x00, 0x00, 0x07, 0x00, 0x00, 0x00, 0x00, 0x00, 0x00, 0x00, 0x00, 
0x00, 0x00, 0x00, 0x73, 0x00, 0x00, 0x00, 0x07, 0x00, 0x00, 0x00, 0x05, 0x00, 0x00, 0x00, 0x05, 
0x00, 0x00, 0x00, 0x07, 0x00, 0x00, 0x00, 0x00, 0x00, 0x00, 0x00, 0x00, 0x00, 0x00, 0x00, 0x74, 
0x00, 0x00, 0x00, 0x09, 0x00, 0x00, 0x00, 0x04, 0x00, 0x00, 0x00, 0x04, 0x00, 0x00, 0x00, 0x09, 
0x00, 0x00, 0x00, 0x00, 0x00, 0x00, 0x00, 0x00, 0x00, 0x00, 0x00, 0x75, 0x00, 0x00, 0x00, 0x07, 
0x00, 0x00, 0x00, 0x06, 0x00, 0x00, 0x00, 0x07, 0x00, 0x00, 0x00, 0x07, 0x00, 0x00, 0x00, 0x00, 
0x00, 0x00, 0x00, 0x00, 0x00, 0x00, 0x00, 0x76, 0x00, 0x00, 0x00, 0x07, 0x00, 0x00, 0x00, 0x06, 
0x00, 0x00, 0x00, 0x06, 0x00, 0x00, 0x00, 0x07, 0x00, 0x00, 0x00, 0x00, 0x00, 0x00, 0x00, 0x00, 
0x00, 0x00, 0x00, 0x77, 0x00, 0x00, 0x00, 0x07, 0x00, 0x00, 0x00, 0x09, 0x00, 0x00, 0x00, 0x09, 
0x00, 0x00, 0x00, 0x07, 0x00, 0x00, 0x00, 0x00, 0x00, 0x00, 0x00, 0x00, 0x00, 0x00, 0x00, 0x78, 
0x00, 0x00, 0x00, 0x07, 0x00, 0x00, 0x00, 0x06, 0x00, 0x00, 0x00, 0x06, 0x00, 0x00, 0x00, 0x07, 
0x00, 0x00, 0x00, 0x00, 0x00, 0x00, 0x00, 0x00, 0x00, 0x00, 0x00, 0x79, 0x00, 0x00, 0x00, 0x0A, 
0x00, 0x00, 0x00, 0x06, 0x00, 0x00, 0x00, 0x06, 0x00, 0x00, 0x00, 0x07, 0x00, 0x00, 0x00, 0x00, 
0x00, 0x00, 0x00, 0x00, 0x00, 0x00, 0x00, 0x7A, 0x00, 0x00, 0x00, 0x07, 0x00, 0x00, 0x00, 0x05, 
0x00, 0x00, 0x00, 0x06, 0x00, 0x00, 0x00, 0x07, 0x00, 0x00, 0x00, 0x01, 0x00, 0x00, 0x00, 0x00, 
0x00, 0x00, 0x00, 0x7B, 0x00, 0x00, 0x00, 0x0B, 0x00, 0x00, 0x00, 0x05, 0x00, 0x00, 0x00, 0x05, 
0x00, 0x00, 0x00, 0x09, 0x00, 0x00, 0x00, 0x00, 0x00, 0x00, 0x00, 0x00, 0x00, 0x00, 0x00, 0x7C, 
0x00, 0x00, 0x00, 0x0D, 0x00, 0x00, 0x00, 0x02, 0x00, 0x00, 0x00, 0x07, 0x00, 0x00, 0x00, 0x0A, 
0x00, 0x00, 0x00, 0x02, 0x00, 0x00, 0x00, 0x00, 0x00, 0x00, 0x00, 0x7D, 0x00, 0x00, 0x00, 0x0B, 
0x00, 0x00, 0x00, 0x05, 0x00, 0x00, 0x00, 0x05, 0x00, 0x00, 0x00, 0x09, 0x00, 0x00, 0x00, 0x00, 
0x00, 0x00, 0x00, 0x00, 0x00, 0x00, 0x00, 0x7E, 0x00, 0x00, 0x00, 0x02, 0x00, 0x00, 0x00, 0x05, 
0x00, 0x00, 0x00, 0x07, 0x00, 0x00, 0x00, 0x06, 0x00, 0x00, 0x00, 0x01, 0x00, 0x00, 0x00, 0x00, 
0x00, 0x00, 0x00, 0xA0, 0x00, 0x00, 0x00, 0x01, 0x00, 0x00, 0x00, 0x01, 0x00, 0x00, 0x00, 0x03, 
0x00, 0x00, 0x00, 0x18, 0xFF, 0xFF, 0xFF, 0xF4, 0x00, 0x00, 0x00, 0x00, 0x00, 0x00, 0x00, 0xA1, 
0x00, 0x00, 0x00, 0x0A, 0x00, 0x00, 0x00, 0x02, 0x00, 0x00, 0x00, 0x03, 0x00, 0x00, 0x00, 0x07, 
0x00, 0x00, 0x00, 0x00, 0x00, 0x00, 0x00, 0x00, 0x00, 0x00, 0x00, 0xA2, 0x00, 0x00, 0x00, 0x09, 
0x00, 0x00, 0x00, 0x06, 0x00, 0x00, 0x00, 0x06, 0x00, 0x00, 0x00, 0x09, 0x00, 0x00, 0x00, 0x00, 
0x00, 0x00, 0x00, 0x00, 0x00, 0x00, 0x00, 0xA3, 0x00, 0x00, 0x00, 0x09, 0x00, 0x00, 0x00, 0x07, 
0x00, 0x00, 0x00, 0x07, 0x00, 0x00, 0x00, 0x09, 0x00, 0x00, 0x00, 0x00, 0x00, 0x00, 0x00, 0x00, 
0x00, 0x00, 0x00, 0xA4, 0x00, 0x00, 0x00, 0x07, 0x00, 0x00, 0x00, 0x07, 0x00, 0x00, 0x00, 0x07, 
0x00, 0x00, 0x00, 0x08, 0x00, 0x00, 0x00, 0x00, 0x00, 0x00, 0x00, 0x00, 0x00, 0x00, 0x00, 0xA5, 
0x00, 0x00, 0x00, 0x09, 0x00, 0x00, 0x00, 0x07, 0x00, 0x00, 0x00, 0x07, 0x00, 0x00, 0x00, 0x09, 
0x00, 0x00, 0x00, 0x00, 0x00, 0x00, 0x00, 0x00, 0x00, 0x00, 0x00, 0xA6, 0x00, 0x00, 0x00, 0x0D, 
0x00, 0x00, 0x00, 0x02, 0x00, 0x00, 0x00, 0x07, 0x00, 0x00, 0x00, 0x0A, 0x00, 0x00, 0x00, 0x02, 
0x00, 0x00, 0x00, 0x00, 0x00, 0x00, 0x00, 0xA7, 0x00, 0x00, 0x00, 0x0A, 0x00, 0x00, 0x00, 0x05, 
0x00, 0x00, 0x00, 0x06, 0x00, 0x00, 0x00, 0x0A, 0x00, 0x00, 0x00, 0x00, 0x00, 0x00, 0x00, 0x00, 
0x00, 0x00, 0x00, 0xA8, 0x00, 0x00, 0x00, 0x01, 0x00, 0x00, 0x00, 0x04, 0x00, 0x00, 0x00, 0x07, 
0x00, 0x00, 0x00, 0x09, 0x00, 0x00, 0x00, 0x01, 0x00, 0x00, 0x00, 0x00, 0x00, 0x00, 0x00, 0xA9, 
0x00, 0x00, 0x00, 0x0A, 0x00, 0x00, 0x00, 0x09, 0x00, 0x00, 0x00, 0x0A, 0x00, 0x00, 0x00, 0x0A, 
0x00, 0x00, 0x00, 0x00, 0x00, 0x00, 0x00, 0x00, 0x00, 0x00, 0x00, 0xAA, 0x00, 0x00, 0x00, 0x04, 
0x00, 0x00, 0x00, 0x03, 0x00, 0x00, 0x00, 0x03, 0x00, 0x00, 0x00, 0x09, 0x00, 0x00, 0x00, 0x00, 
0x00, 0x00, 0x00, 0x00, 0x00, 0x00, 0x00, 0xAB, 0x00, 0x00, 0x00, 0x07, 0x00, 0x00, 0x00, 0x06, 
0x00, 0x00, 0x00, 0x07, 0x00, 0x00, 0x00, 0x07, 0x00, 0x00, 0x00, 0x01, 0x00, 0x00, 0x00, 0x00, 
0x00, 0x00, 0x00, 0xAC, 0x00, 0x00, 0x00, 0x04, 0x00, 0x00, 0x00, 0x06, 0x00, 0x00, 0x00, 0x07, 
0x00, 0x00, 0x00, 0x05, 0x00, 0x00, 0x00, 0x00, 0x00, 0x00, 0x00, 0x00, 0x00, 0x00, 0x00, 0xAD, 
0x00, 0x00, 0x00, 0x01, 0x00, 0x00, 0x00, 0x03, 0x00, 0x00, 0x00, 0x05, 0x00, 0x00, 0x00, 0x04, 
0x00, 0x00, 0x00, 0x01, 0x00, 0x00, 0x00, 0x00, 0x00, 0x00, 0x00, 0xAE, 0x00, 0x00, 0x00, 0x0A, 
0x00, 0x00, 0x00, 0x09, 0x00, 0x00, 0x00, 0x0A, 0x00, 0x00, 0x00, 0x0A, 0x00, 0x00, 0x00, 0x00, 
0x00, 0x00, 0x00, 0x00, 0x00, 0x00, 0x00, 0xAF, 0x00, 0x00, 0x00, 0x01, 0x00, 0x00, 0x00, 0x07, 
0x00, 0x00, 0x00, 0x06, 0x00, 0x00, 0x00, 0x0B, 0xFF, 0xFF, 0xFF, 0xFF, 0x00, 0x00, 0x00, 0x00, 
0x00, 0x00, 0x00, 0xB0, 0x00, 0x00, 0x00, 0x04, 0x00, 0x00, 0x00, 0x05, 0x00, 0x00, 0x00, 0x06, 
0x00, 0x00, 0x00, 0x09, 0x00, 0x00, 0x00, 0x00, 0x00, 0x00, 0x00, 0x00, 0x00, 0x00, 0x00, 0xB1, 
0x00, 0x00, 0x00, 0x08, 0x00, 0x00, 0x00, 0x07, 0x00, 0x00, 0x00, 0x07, 0x00, 0x00, 0x00, 0x08, 
0x00, 0x00, 0x00, 0x00, 0x00, 0x00, 0x00, 0x00, 0x00, 0x00, 0x00, 0xB4, 0x00, 0x00, 0x00, 0x02, 
0x00, 0x00, 0x00, 0x03, 0x00, 0x00, 0x00, 0x03, 0x00, 0x00, 0x00, 0x0A, 0x00, 0x00, 0x00, 0x00, 
0x00, 0x00, 0x00, 0x00, 0x00, 0x00, 0x00, 0xB5, 0x00, 0x00, 0x00, 0x0A, 0x00, 0x00, 0x00, 0x06, 
0x00, 0x00, 0x00, 0x07, 0x00, 0x00, 0x00, 0x07, 0x00, 0x00, 0x00, 0x00, 0x00, 0x00, 0x00, 0x00, 
0x00, 0x00, 0x00, 0xB6, 0x00, 0x00, 0x00, 0x0C, 0x00, 0x00, 0x00, 0x07, 0x00, 0x00, 0x00, 0x08, 
0x00, 0x00, 0x00, 0x0A, 0x00, 0x00, 0x00, 0x00, 0x00, 0x00, 0x00, 0x00, 0x00, 0x00, 0x00, 0xB7, 
0x00, 0x00, 0x00, 0x02, 0x00, 0x00, 0x00, 0x02, 0x00, 0x00, 0x00, 0x03, 0x00, 0x00, 0x00, 0x06, 
0x00, 0x00, 0x00, 0x00, 0x00, 0x00, 0x00, 0x00, 0x00, 0x00, 0x00, 0xB8, 0x00, 0x00, 0x00, 0x04, 
0x00, 0x00, 0x00, 0x03, 0x00, 0x00, 0x00, 0x03, 0x00, 0x00, 0x00, 0x01, 0xFF, 0xFF, 0xFF, 0xFF, 
0x00, 0x00, 0x00, 0x00, 0x00, 0x00, 0x00, 0xBA, 0x00, 0x00, 0x00, 0x05, 0x00, 0x00, 0x00, 0x04, 
0x00, 0x00, 0x00, 0x04, 0x00, 0x00, 0x00, 0x09, 0x00, 0x00, 0x00, 0x00, 0x00, 0x00, 0x00, 0x00, 
0x00, 0x00, 0x00, 0xBB, 0x00, 0x00, 0x00, 0x07, 0x00, 0x00, 0x00, 0x06, 0x00, 0x00, 0x00, 0x06, 
0x00, 0x00, 0x00, 0x07, 0x00, 0x00, 0x00, 0x00, 0x00, 0x00, 0x00, 0x00, 0x00, 0x00, 0x00, 0xBF, 
0x00, 0x00, 0x00, 0x0A, 0x00, 0x00, 0x00, 0x06, 0x00, 0x00, 0x00, 0x05, 0x00, 0x00, 0x00, 0x07, 
0x00, 0x00, 0x00, 0x00, 0x00, 0x00, 0x00, 0x00, 0x00, 0x00, 0x00, 0xC0, 0x00, 0x00, 0x00, 0x0C, 
0x00, 0x00, 0x00, 0x08, 0x00, 0x00, 0x00, 0x07, 0x00, 0x00, 0x00, 0x0C, 0x00, 0x00, 0x00, 0x00, 
0x00, 0x00, 0x00, 0x00, 0x00, 0x00, 0x00, 0xC1, 0x00, 0x00, 0x00, 0x0C, 0x00, 0x00, 0x00, 0x08, 
0x00, 0x00, 0x00, 0x07, 0x00, 0x00, 0x00, 0x0C, 0x00, 0x00, 0x00, 0x00, 0x00, 0x00, 0x00, 0x00, 
0x00, 0x00, 0x00, 0xC2, 0x00, 0x00, 0x00, 0x0C, 0x00, 0x00, 0x00, 0x08, 0x00, 0x00, 0x00, 0x07, 
0x00, 0x00, 0x00, 0x0C, 0x00, 0x00, 0x00, 0x00, 0x00, 0x00, 0x00, 0x00, 0x00, 0x00, 0x00, 0xC3, 
0x00, 0x00, 0x00, 0x0C, 0x00, 0x00, 0x00, 0x08, 0x00, 0x00, 0x00, 0x07, 0x00, 0x00, 0x00, 0x0C, 
0x00, 0x00, 0x00, 0x00, 0x00, 0x00, 0x00, 0x00, 0x00, 0x00, 0x00, 0xC4, 0x00, 0x00, 0x00, 0x0C, 
0x00, 0x00, 0x00, 0x08, 0x00, 0x00, 0x00, 0x07, 0x00, 0x00, 0x00, 0x0C, 0x00, 0x00, 0x00, 0x00, 
0x00, 0x00, 0x00, 0x00, 0x00, 0x00, 0x00, 0xC5, 0x00, 0x00, 0x00, 0x0B, 0x00, 0x00, 0x00, 0x09, 
0x00, 0x00, 0x00, 0x07, 0x00, 0x00, 0x00, 0x0B, 0xFF, 0xFF, 0xFF, 0xFF, 0x00, 0x00, 0x00, 0x00, 
0x00, 0x00, 0x00, 0xC6, 0x00, 0x00, 0x00, 0x09, 0x00, 0x00, 0x00, 0x0B, 0x00, 0x00, 0x00, 0x0A, 
0x00, 0x00, 0x00, 0x09, 0xFF, 0xFF, 0xFF, 0xFF, 0x00, 0x00, 0x00, 0x00, 0x00, 0x00, 0x00, 0xC7, 
0x00, 0x00, 0x00, 0x0C, 0x00, 0x00, 0x00, 0x08, 0x00, 0x00, 0x00, 0x08, 0x00, 0x00, 0x00, 0x09, 
0x00, 0x00, 0x00, 0x00, 0x00, 0x00, 0x00, 0x00, 0x00, 0x00, 0x00, 0xC8, 0x00, 0x00, 0x00, 0x0C, 
0x00, 0x00, 0x00, 0x06, 0x00, 0x00, 0x00, 0x06, 0x00, 0x00, 0x00, 0x0C, 0x00, 0x00, 0x00, 0x00, 
0x00, 0x00, 0x00, 0x00, 0x00, 0x00, 0x00, 0xC9, 0x00, 0x00, 0x00, 0x0C, 0x00, 0x00, 0x00, 0x06, 
0x00, 0x00, 0x00, 0x06, 0x00, 0x00, 0x00, 0x0C, 0x00, 0x00, 0x00, 0x00, 0x00, 0x00, 0x00, 0x00, 
0x00, 0x00, 0x00, 0xCA, 0x00, 0x00, 0x00, 0x0C, 0x00, 0x00, 0x00, 0x06, 0x00, 0x00, 0x00, 0x06, 
0x00, 0x00, 0x00, 0x0C, 0x00, 0x00, 0x00, 0x00, 0x00, 0x00, 0x00, 0x00, 0x00, 0x00, 0x00, 0xCB, 
0x00, 0x00, 0x00, 0x0C, 0x00, 0x00, 0x00, 0x06, 0x00, 0x00, 0x00, 0x06, 0x00, 0x00, 0x00, 0x0C, 
0x00, 0x00, 0x00, 0x00, 0x00, 0x00, 0x00, 0x00, 0x00, 0x00, 0x00, 0xCC, 0x00, 0x00, 0x00, 0x0C, 
0x00, 0x00, 0x00, 0x04, 0x00, 0x00, 0x00, 0x04, 0x00, 0x00, 0x00, 0x0C, 0x00, 0x00, 0x00, 0x00, 
0x00, 0x00, 0x00, 0x00, 0x00, 0x00, 0x00, 0xCD, 0x00, 0x00, 0x00, 0x0C, 0x00, 0x00, 0x00, 0x05, 
0x00, 0x00, 0x00, 0x04, 0x00, 0x00, 0x00, 0x0C, 0x00, 0x00, 0x00, 0x00, 0x00, 0x00, 0x00, 0x00, 
0x00, 0x00, 0x00, 0xCE, 0x00, 0x00, 0x00, 0x0C, 0x00, 0x00, 0x00, 0x05, 0x00, 0x00, 0x00, 0x04, 
0x00, 0x00, 0x00, 0x0C, 0x00, 0x00, 0x00, 0x00, 0x00, 0x00, 0x00, 0x00, 0x00, 0x00, 0x00, 0xCF, 
0x00, 0x00, 0x00, 0x0C, 0x00, 0x00, 0x00, 0x04, 0x00, 0x00, 0x00, 0x04, 0x00, 0x00, 0x00, 0x0C, 
0x00, 0x00, 0x00, 0x00, 0x00, 0x00, 0x00, 0x00, 0x00, 0x00, 0x00, 0xD1, 0x00, 0x00, 0x00, 0x0C, 
0x00, 0x00, 0x00, 0x07, 0x00, 0x00, 0x00, 0x08, 0x00, 0x00, 0x00, 0x0C, 0x00, 0x00, 0x00, 0x00, 
0x00, 0x00, 0x00, 0x00, 0x00, 0x00, 0x00, 0xD2, 0x00, 0x00, 0x00, 0x0D, 0x00, 0x00, 0x00, 0x08, 
0x00, 0x00, 0x00, 0x09, 0x00, 0x00, 0x00, 0x0D, 0x00, 0x00, 0x00, 0x00, 0x00, 0x00, 0x00, 0x00, 
0x00, 0x00, 0x00, 0xD3, 0x00, 0x00, 0x00, 0x0D, 0x00, 0x00, 0x00, 0x08, 0x00, 0x00, 0x00, 0x09, 
0x00, 0x00, 0x00, 0x0D, 0x00, 0x00, 0x00, 0x00, 0x00, 0x00, 0x00, 0x00, 0x00, 0x00, 0x00, 0xD4, 
0x00, 0x00, 0x00, 0x0D, 0x00, 0x00, 0x00, 0x08, 0x00, 0x00, 0x00, 0x09, 0x00, 0x00, 0x00, 0x0D, 
0x00, 0x00, 0x00, 0x00, 0x00, 0x00, 0x00, 0x00, 0x00, 0x00, 0x00, 0xD5, 0x00, 0x00, 0x00, 0x0C, 
0x00, 0x00, 0x00, 0x08, 0x00, 0x00, 0x00, 0x09, 0x00, 0x00, 0x00, 0x0C, 0x00, 0x00, 0x00, 0x00, 
0x00, 0x00, 0x00, 0x00, 0x00, 0x00, 0x00, 0xD6, 0x00, 0x00, 0x00, 0x0C, 0x00, 0x00, 0x00, 0x08, 
0x00, 0x00, 0x00, 0x09, 0x00, 0x00, 0x00, 0x0C, 0x00, 0x00, 0x00, 0x00, 0x00, 0x00, 0x00, 0x00, 
0x00, 0x00, 0x00, 0xD7, 0x00, 0x00, 0x00, 0x07, 0x00, 0x00, 0x00, 0x06, 0x00, 0x00, 0x00, 0x06, 
0x00, 0x00, 0x00, 0x08, 0x00, 0x00, 0x00, 0x00, 0x00, 0x00, 0x00, 0x00, 0x00, 0x00, 0x00, 0xD8, 
0x00, 0x00, 0x00, 0x0B, 0x00, 0x00, 0x00, 0x08, 0x00, 0x00, 0x00, 0x09, 0x00, 0x00, 0x00, 0x0A, 
0x00, 0x00, 0x00, 0x00, 0x00, 0x00, 0x00, 0x00, 0x00, 0x00, 0x00, 0xD9, 0x00, 0x00, 0x00, 0x0C, 
0x00, 0x00, 0x00, 0x07, 0x00, 0x00, 0x00, 0x08, 0x00, 0x00, 0x00, 0x0C, 0x00, 0x00, 0x00, 0x00, 
0x00, 0x00, 0x00, 0x00, 0x00, 0x00, 0x00, 0xDA, 0x00, 0x00, 0x00, 0x0C, 0x00, 0x00, 0x00, 0x07, 
0x00, 0x00, 0x00, 0x08, 0x00, 0x00, 0x00, 0x0C, 0x00, 0x00, 0x00, 0x00, 0x00, 0x00, 0x00, 0x00, 
0x00, 0x00, 0x00, 0xDB, 0x00, 0x00, 0x00, 0x0C, 0x00, 0x00, 0x00, 0x07, 0x00, 0x00, 0x00, 0x08, 
0x00, 0x00, 0x00, 0x0C, 0x00, 0x00, 0x00, 0x00, 0x00, 0x00, 0x00, 0x00, 0x00, 0x00, 0x00, 0xDC, 
0x00, 0x00, 0x00, 0x0C, 0x00, 0x00, 0x00, 0x07, 0x00, 0x00, 0x00, 0x08, 0x00, 0x00, 0x00, 0x0C, 
0x00, 0x00, 0x00, 0x00, 0x00, 0x00, 0x00, 0x00, 0x00, 0x00, 0x00, 0xDD, 0x00, 0x00, 0x00, 0x0C, 
0x00, 0x00, 0x00, 0x07, 0x00, 0x00, 0x00, 0x07, 0x00, 0x00, 0x00, 0x0C, 0x00, 0x00, 0x00, 0x00, 
0x00, 0x00, 0x00, 0x00, 0x00, 0x00, 0x00, 0xDF, 0x00, 0x00, 0x00, 0x0A, 0x00, 0x00, 0x00, 0x07, 
0x00, 0x00, 0x00, 0x07, 0x00, 0x00, 0x00, 0x0A, 0x00, 0x00, 0x00, 0x00, 0x00, 0x00, 0x00, 0x00, 
0x00, 0x00, 0x00, 0xE0, 0x00, 0x00, 0x00, 0x0A, 0x00, 0x00, 0x00, 0x06, 0x00, 0x00, 0x00, 0x07, 
0x00, 0x00, 0x00, 0x0A, 0x00, 0x00, 0x00, 0x00, 0x00, 0x00, 0x00, 0x00, 0x00, 0x00, 0x00, 0xE1, 
0x00, 0x00, 0x00, 0x0A, 0x00, 0x00, 0x00, 0x06, 0x00, 0x00, 0x00, 0x07, 0x00, 0x00, 0x00, 0x0A, 
0x00, 0x00, 0x00, 0x00, 0x00, 0x00, 0x00, 0x00, 0x00, 0x00, 0x00, 0xE2, 0x00, 0x00, 0x00, 0x0A, 
0x00, 0x00, 0x00, 0x06, 0x00, 0x00, 0x00, 0x07, 0x00, 0x00, 0x00, 0x0A, 0x00, 0x00, 0x00, 0x00, 
0x00, 0x00, 0x00, 0x00, 0x00, 0x00, 0x00, 0xE3, 0x00, 0x00, 0x00, 0x09, 0x00, 0x00, 0x00, 0x06, 
0x00, 0x00, 0x00, 0x07, 0x00, 0x00, 0x00, 0x09, 0x00, 0x00, 0x00, 0x00, 0x00, 0x00, 0x00, 0x00, 
0x00, 0x00, 0x00, 0xE4, 0x00, 0x00, 0x00, 0x09, 0x00, 0x00, 0x00, 0x06, 0x00, 0x00, 0x00, 0x07, 
0x00, 0x00, 0x00, 0x09, 0x00, 0x00, 0x00, 0x00, 0x00, 0x00, 0x00, 0x00, 0x00, 0x00, 0x00, 0xE5, 
0x00, 0x00, 0x00, 0x0B, 0x00, 0x00, 0x00, 0x06, 0x00, 0x00, 0x00, 0x07, 0x00, 0x00, 0x00, 0x0B, 
0x00, 0x00, 0x00, 0x00, 0x00, 0x00, 0x00, 0x00, 0x00, 0x00, 0x00, 0xE6, 0x00, 0x00, 0x00, 0x07, 
0x00, 0x00, 0x00, 0x0A, 0x00, 0x00, 0x00, 0x0B, 0x00, 0x00, 0x00, 0x07, 0x00, 0x00, 0x00, 0x00, 
0x00, 0x00, 0x00, 0x00, 0x00, 0x00, 0x00, 0xE7, 0x00, 0x00, 0x00, 0x0A, 0x00, 0x00, 0x00, 0x06, 
0x00, 0x00, 0x00, 0x06, 0x00, 0x00, 0x00, 0x07, 0x00, 0x00, 0x00, 0x00, 0x00, 0x00, 0x00, 0x00, 
0x00, 0x00, 0x00, 0xE8, 0x00, 0x00, 0x00, 0x0A, 0x00, 0x00, 0x00, 0x06, 0x00, 0x00, 0x00, 0x07, 
0x00, 0x00, 0x00, 0x0A, 0x00, 0x00, 0x00, 0x00, 0x00, 0x00, 0x00, 0x00, 0x00, 0x00, 0x00, 0xE9, 
0x00, 0x00, 0x00, 0x0A, 0x00, 0x00, 0x00, 0x06, 0x00, 0x00, 0x00, 0x07, 0x00, 0x00, 0x00, 0x0A, 
0x00, 0x00, 0x00, 0x00, 0x00, 0x00, 0x00, 0x00, 0x00, 0x00, 0x00, 0xEA, 0x00, 0x00, 0x00, 0x0A, 
0x00, 0x00, 0x00, 0x06, 0x00, 0x00, 0x00, 0x07, 0x00, 0x00, 0x00, 0x0A, 0x00, 0x00, 0x00, 0x00, 
0x00, 0x00, 0x00, 0x00, 0x00, 0x00, 0x00, 0xEB, 0x00, 0x00, 0x00, 0x09, 0x00, 0x00, 0x00, 0x06, 
0x00, 0x00, 0x00, 0x07, 0x00, 0x00, 0x00, 0x09, 0x00, 0x00, 0x00, 0x00, 0x00, 0x00, 0x00, 0x00, 
0x00, 0x00, 0x00, 0xEC, 0x00, 0x00, 0x00, 0x0A, 0x00, 0x00, 0x00, 0x04, 0x00, 0x00, 0x00, 0x03, 
0x00, 0x00, 0x00, 0x0A, 0xFF, 0xFF, 0xFF, 0xFF, 0x00, 0x00, 0x00, 0x00, 0x00, 0x00, 0x00, 0xED, 
0x00, 0x00, 0x00, 0x0A, 0x00, 0x00, 0x00, 0x04, 0x00, 0x00, 0x00, 0x03, 0x00, 0x00, 0x00, 0x0A, 
0x00, 0x00, 0x00, 0x00, 0x00, 0x00, 0x00, 0x00, 0x00, 0x00, 0x00, 0xEE, 0x00, 0x00, 0x00, 0x0A, 
0x00, 0x00, 0x00, 0x05, 0x00, 0x00, 0x00, 0x03, 0x00, 0x00, 0x00, 0x0A, 0xFF, 0xFF, 0xFF, 0xFF, 
0x00, 0x00, 0x00, 0x00, 0x00, 0x00, 0x00, 0xEF, 0x00, 0x00, 0x00, 0x09, 0x00, 0x00, 0x00, 0x05, 
0x00, 0x00, 0x00, 0x03, 0x00, 0x00, 0x00, 0x09, 0xFF, 0xFF, 0xFF, 0xFF, 0x00, 0x00, 0x00, 0x00, 
0x00, 0x00, 0x00, 0xF1, 0x00, 0x00, 0x00, 0x09, 0x00, 0x00, 0x00, 0x06, 0x00, 0x00, 0x00, 0x07, 
0x00, 0x00, 0x00, 0x09, 0x00, 0x00, 0x00, 0x00, 0x00, 0x00, 0x00, 0x00, 0x00, 0x00, 0x00, 0xF2, 
0x00, 0x00, 0x00, 0x0A, 0x00, 0x00, 0x00, 0x07, 0x00, 0x00, 0x00, 0x08, 0x00, 0x00, 0x00, 0x0A, 
0x00, 0x00, 0x00, 0x00, 0x00, 0x00, 0x00, 0x00, 0x00, 0x00, 0x00, 0xF3, 0x00, 0x00, 0x00, 0x0A, 
0x00, 0x00, 0x00, 0x07, 0x00, 0x00, 0x00, 0x08, 0x00, 0x00, 0x00, 0x0A, 0x00, 0x00, 0x00, 0x00, 
0x00, 0x00, 0x00, 0x00, 0x00, 0x00, 0x00, 0xF4, 0x00, 0x00, 0x00, 0x0A, 0x00, 0x00, 0x00, 0x07, 
0x00, 0x00, 0x00, 0x08, 0x00, 0x00, 0x00, 0x0A, 0x00, 0x00, 0x00, 0x00, 0x00, 0x00, 0x00, 0x00, 
0x00, 0x00, 0x00, 0xF5, 0x00, 0x00, 0x00, 0x09, 0x00, 0x00, 0x00, 0x07, 0x00, 0x00, 0x00, 0x08, 
0x00, 0x00, 0x00, 0x09, 0x00, 0x00, 0x00, 0x00, 0x00, 0x00, 0x00, 0x00, 0x00, 0x00, 0x00, 0xF6, 
0x00, 0x00, 0x00, 0x09, 0x00, 0x00, 0x00, 0x07, 0x00, 0x00, 0x00, 0x08, 0x00, 0x00, 0x00, 0x09, 
0x00, 0x00, 0x00, 0x00, 0x00, 0x00, 0x00, 0x00, 0x00, 0x00, 0x00, 0xF7, 0x00, 0x00, 0x00, 0x06, 
0x00, 0x00, 0x00, 0x06, 0x00, 0x00, 0x00, 0x07, 0x00, 0x00, 0x00, 0x08, 0x00, 0x00, 0x00, 0x00, 
0x00, 0x00, 0x00, 0x00, 0x00, 0x00, 0x00, 0xF8, 0x00, 0x00, 0x00, 0x09, 0x00, 0x00, 0x00, 0x07, 
0x00, 0x00, 0x00, 0x08, 0x00, 0x00, 0x00, 0x08, 0x00, 0x00, 0x00, 0x00, 0x00, 0x00, 0x00, 0x00, 
0x00, 0x00, 0x00, 0xF9, 0x00, 0x00, 0x00, 0x0A, 0x00, 0x00, 0x00, 0x06, 0x00, 0x00, 0x00, 0x07, 
0x00, 0x00, 0x00, 0x0A, 0x00, 0x00, 0x00, 0x00, 0x00, 0x00, 0x00, 0x00, 0x00, 0x00, 0x00, 0xFA, 
0x00, 0x00, 0x00, 0x0A, 0x00, 0x00, 0x00, 0x06, 0x00, 0x00, 0x00, 0x07, 0x00, 0x00, 0x00, 0x0A, 
0x00, 0x00, 0x00, 0x00, 0x00, 0x00, 0x00, 0x00, 0x00, 0x00, 0x00, 0xFB, 0x00, 0x00, 0x00, 0x0A, 
0x00, 0x00, 0x00, 0x06, 0x00, 0x00, 0x00, 0x07, 0x00, 0x00, 0x00, 0x0A, 0x00, 0x00, 0x00, 0x00, 
0x00, 0x00, 0x00, 0x00, 0x00, 0x00, 0x00, 0xFC, 0x00, 0x00, 0x00, 0x09, 0x00, 0x00, 0x00, 0x06, 
0x00, 0x00, 0x00, 0x07, 0x00, 0x00, 0x00, 0x09, 0x00, 0x00, 0x00, 0x00, 0x00, 0x00, 0x00, 0x00, 
0x00, 0x00, 0x00, 0xFD, 0x00, 0x00, 0x00, 0x0D, 0x00, 0x00, 0x00, 0x06, 0x00, 0x00, 0x00, 0x06, 
0x00, 0x00, 0x00, 0x0A, 0x00, 0x00, 0x00, 0x00, 0x00, 0x00, 0x00, 0x00, 0x00, 0x00, 0x00, 0xFF, 
0x00, 0x00, 0x00, 0x0C, 0x00, 0x00, 0x00, 0x06, 0x00, 0x00, 0x00, 0x06, 0x00, 0x00, 0x00, 0x09, 
0x00, 0x00, 0x00, 0x00, 0x00, 0x00, 0x00, 0x00, 0x00, 0x00, 0x01, 0x02, 0x00, 0x00, 0x00, 0x0C, 
0x00, 0x00, 0x00, 0x08, 0x00, 0x00, 0x00, 0x07, 0x00, 0x00, 0x00, 0x0C, 0x00, 0x00, 0x00, 0x00, 
0x00, 0x00, 0x00, 0x00, 0x00, 0x00, 0x01, 0x03, 0x00, 0x00, 0x00, 0x0A, 0x00, 0x00, 0x00, 0x06, 
0x00, 0x00, 0x00, 0x07, 0x00, 0x00, 0x00, 0x0A, 0x00, 0x00, 0x00, 0x00, 0x00, 0x00, 0x00, 0x00, 
0x00, 0x00, 0x01, 0x04, 0x00, 0x00, 0x00, 0x0C, 0x00, 0x00, 0x00, 0x08, 0x00, 0x00, 0x00, 0x08, 
0x00, 0x00, 0x00, 0x09, 0x00, 0x00, 0x00, 0x00, 0x00, 0x00, 0x00, 0x00, 0x00, 0x00, 0x01, 0x05, 
0x00, 0x00, 0x00, 0x0A, 0x00, 0x00, 0x00, 0x07, 0x00, 0x00, 0x00, 0x07, 0x00, 0x00, 0x00, 0x07, 
0x00, 0x00, 0x00, 0x00, 0x00, 0x00, 0x00, 0x00, 0x00, 0x00, 0x01, 0x06, 0x00, 0x00, 0x00, 0x0C, 
0x00, 0x00, 0x00, 0x08, 0x00, 0x00, 0x00, 0x08, 0x00, 0x00, 0x00, 0x0C, 0x00, 0x00, 0x00, 0x00, 
0x00, 0x00, 0x00, 0x00, 0x00, 0x00, 0x01, 0x07, 0x00, 0x00, 0x00, 0x0A, 0x00, 0x00, 0x00, 0x06, 
0x00, 0x00, 0x00, 0x06, 0x00, 0x00, 0x00, 0x0A, 0x00, 0x00, 0x00, 0x00, 0x00, 0x00, 0x00, 0x00, 
0x00, 0x00, 0x01, 0x0C, 0x00, 0x00, 0x00, 0x0C, 0x00, 0x00, 0x00, 0x08, 0x00, 0x00, 0x00, 0x08, 
0x00, 0x00, 0x00, 0x0C, 0x00, 0x00, 0x00, 0x00, 0x00, 0x00, 0x00, 0x00, 0x00, 0x00, 0x01, 0x0D, 
0x00, 0x00, 0x00, 0x0A, 0x00, 0x00, 0x00, 0x06, 0x00, 0x00, 0x00, 0x06, 0x00, 0x00, 0x00, 0x0A, 
0x00, 0x00, 0x00, 0x00, 0x00, 0x00, 0x00, 0x00, 0x00, 0x00, 0x01, 0x0E, 0x00, 0x00, 0x00, 0x0C, 
0x00, 0x00, 0x00, 0x07, 0x00, 0x00, 0x00, 0x08, 0x00, 0x00, 0x00, 0x0C, 0x00, 0x00, 0x00, 0x00, 
0x00, 0x00, 0x00, 0x00, 0x00, 0x00, 0x01, 0x0F, 0x00, 0x00, 0x00, 0x0A, 0x00, 0x00, 0x00, 0x08, 
0x00, 0x00, 0x00, 0x07, 0x00, 0x00, 0x00, 0x0A, 0x00, 0x00, 0x00, 0x00, 0x00, 0x00, 0x00, 0x00, 
0x00, 0x00, 0x01, 0x10, 0x00, 0x00, 0x00, 0x09, 0x00, 0x00, 0x00, 0x07, 0x00, 0x00, 0x00, 0x09, 
0x00, 0x00, 0x00, 0x09, 0x00, 0x00, 0x00, 0x01, 0x00, 0x00, 0x00, 0x00, 0x00, 0x00, 0x01, 0x11, 
0x00, 0x00, 0x00, 0x0A, 0x00, 0x00, 0x00, 0x07, 0x00, 0x00, 0x00, 0x07, 0x00, 0x00, 0x00, 0x0A, 
0x00, 0x00, 0x00, 0x00, 0x00, 0x00, 0x00, 0x00, 0x00, 0x00, 0x01, 0x18, 0x00, 0x00, 0x00, 0x0C, 
0x00, 0x00, 0x00, 0x06, 0x00, 0x00, 0x00, 0x06, 0x00, 0x00, 0x00, 0x09, 0x00, 0x00, 0x00, 0x00, 
0x00, 0x00, 0x00, 0x00, 0x00, 0x00, 0x01, 0x19, 0x00, 0x00, 0x00, 0x0A, 0x00, 0x00, 0x00, 0x06, 
0x00, 0x00, 0x00, 0x07, 0x00, 0x00, 0x00, 0x07, 0x00, 0x00, 0x00, 0x00, 0x00, 0x00, 0x00, 0x00, 
0x00, 0x00, 0x01, 0x1A, 0x00, 0x00, 0x00, 0x0C, 0x00, 0x00, 0x00, 0x06, 0x00, 0x00, 0x00, 0x06, 
0x00, 0x00, 0x00, 0x0C, 0x00, 0x00, 0x00, 0x00, 0x00, 0x00, 0x00, 0x00, 0x00, 0x00, 0x01, 0x1B, 
0x00, 0x00, 0x00, 0x0A, 0x00, 0x00, 0x00, 0x06, 0x00, 0x00, 0x00, 0x07, 0x00, 0x00, 0x00, 0x0A, 
0x00, 0x00, 0x00, 0x00, 0x00, 0x00, 0x00, 0x00, 0x00, 0x00, 0x01, 0x31, 0x00, 0x00, 0x00, 0x07, 
0x00, 0x00, 0x00, 0x02, 0x00, 0x00, 0x00, 0x03, 0x00, 0x00, 0x00, 0x07, 0x00, 0x00, 0x00, 0x00, 
0x00, 0x00, 0x00, 0x00, 0x00, 0x00, 0x01, 0x39, 0x00, 0x00, 0x00, 0x0C, 0x00, 0x00, 0x00, 0x06, 
0x00, 0x00, 0x00, 0x06, 0x00, 0x00, 0x00, 0x0C, 0x00, 0x00, 0x00, 0x00, 0x00, 0x00, 0x00, 0x00, 
0x00, 0x00, 0x01, 0x3A, 0x00, 0x00, 0x00, 0x0D, 0x00, 0x00, 0x00, 0x04, 0x00, 0x00, 0x00, 0x03, 
0x00, 0x00, 0x00, 0x0D, 0x00, 0x00, 0x00, 0x00, 0x00, 0x00, 0x00, 0x00, 0x00, 0x00, 0x01, 0x3D, 
0x00, 0x00, 0x00, 0x09, 0x00, 0x00, 0x00, 0x06, 0x00, 0x00, 0x00, 0x06, 0x00, 0x00, 0x00, 0x09, 
0x00, 0x00, 0x00, 0x00, 0x00, 0x00, 0x00, 0x00, 0x00, 0x00, 0x01, 0x3E, 0x00, 0x00, 0x00, 0x0A, 
0x00, 0x00, 0x00, 0x04, 0x00, 0x00, 0x00, 0x03, 0x00, 0x00, 0x00, 0x0A, 0x00, 0x00, 0x00, 0x00, 
0x00, 0x00, 0x00, 0x00, 0x00, 0x00, 0x01, 0x41, 0x00, 0x00, 0x00, 0x09, 0x00, 0x00, 0x00, 0x07, 
0x00, 0x00, 0x00, 0x06, 0x00, 0x00, 0x00, 0x09, 0xFF, 0xFF, 0xFF, 0xFF, 0x00, 0x00, 0x00, 0x00, 
0x00, 0x00, 0x01, 0x42, 0x00, 0x00, 0x00, 0x0A, 0x00, 0x00, 0x00, 0x05, 0x00, 0x00, 0x00, 0x03, 
0x00, 0x00, 0x00, 0x0A, 0xFF, 0xFF, 0xFF, 0xFF, 0x00, 0x00, 0x00, 0x00, 0x00, 0x00, 0x01, 0x43, 
0x00, 0x00, 0x00, 0x0C, 0x00, 0x00, 0x00, 0x07, 0x00, 0x00, 0x00, 0x08, 0x00, 0x00, 0x00, 0x0C, 
0x00, 0x00, 0x00, 0x00, 0x00, 0x00, 0x00, 0x00, 0x00, 0x00, 0x01, 0x44, 0x00, 0x00, 0x00, 0x0A, 
0x00, 0x00, 0x00, 0x06, 0x00, 0x00, 0x00, 0x07, 0x00, 0x00, 0x00, 0x0A, 0x00, 0x00, 0x00, 0x00, 
0x00, 0x00, 0x00, 0x00, 0x00, 0x00, 0x01, 0x47, 0x00, 0x00, 0x00, 0x0C, 0x00, 0x00, 0x00, 0x07, 
0x00, 0x00, 0x00, 0x08, 0x00, 0x00, 0x00, 0x0C, 0x00, 0x00, 0x00, 0x00, 0x00, 0x00, 0x00, 0x00, 
0x00, 0x00, 0x01, 0x48, 0x00, 0x00, 0x00, 0x0A, 0x00, 0x00, 0x00, 0x06, 0x00, 0x00, 0x00, 0x07, 
0x00, 0x00, 0x00, 0x0A, 0x00, 0x00, 0x00, 0x00, 0x00, 0x00, 0x00, 0x00, 0x00, 0x00, 0x01, 0x50, 
0x00, 0x00, 0x00, 0x0D, 0x00, 0x00, 0x00, 0x08, 0x00, 0x00, 0x00, 0x09, 0x00, 0x00, 0x00, 0x0D, 
0x00, 0x00, 0x00, 0x00, 0x00, 0x00, 0x00, 0x00, 0x00, 0x00, 0x01, 0x51, 0x00, 0x00, 0x00, 0x0A, 
0x00, 0x00, 0x00, 0x07, 0x00, 0x00, 0x00, 0x08, 0x00, 0x00, 0x00, 0x0A, 0x00, 0x00, 0x00, 0x00, 
0x00, 0x00, 0x00, 0x00, 0x00, 0x00, 0x01, 0x52, 0x00, 0x00, 0x00, 0x09, 0x00, 0x00, 0x00, 0x0A, 
0x00, 0x00, 0x00, 0x0B, 0x00, 0x00, 0x00, 0x09, 0x00, 0x00, 0x00, 0x00, 0x00, 0x00, 0x00, 0x00, 
0x00, 0x00, 0x01, 0x53, 0x00, 0x00, 0x00, 0x07, 0x00, 0x00, 0x00, 0x0A, 0x00, 0x00, 0x00, 0x0B, 
0x00, 0x00, 0x00, 0x07, 0x00, 0x00, 0x00, 0x00, 0x00, 0x00, 0x00, 0x00, 0x00, 0x00, 0x01, 0x54, 
0x00, 0x00, 0x00, 0x0C, 0x00, 0x00, 0x00, 0x07, 0x00, 0x00, 0x00, 0x07, 0x00, 0x00, 0x00, 0x0C, 
0x00, 0x00, 0x00, 0x00, 0x00, 0x00, 0x00, 0x00, 0x00, 0x00, 0x01, 0x55, 0x00, 0x00, 0x00, 0x0A, 
0x00, 0x00, 0x00, 0x05, 0x00, 0x00, 0x00, 0x05, 0x00, 0x00, 0x00, 0x0A, 0x00, 0x00, 0x00, 0x00, 
0x00, 0x00, 0x00, 0x00, 0x00, 0x00, 0x01, 0x58, 0x00, 0x00, 0x00, 0x0C, 0x00, 0x00, 0x00, 0x07, 
0x00, 0x00, 0x00, 0x07, 0x00, 0x00, 0x00, 0x0C, 0x00, 0x00, 0x00, 0x00, 0x00, 0x00, 0x00, 0x00, 
0x00, 0x00, 0x01, 0x59, 0x00, 0x00, 0x00, 0x0A, 0x00, 0x00, 0x00, 0x05, 0x00, 0x00, 0x00, 0x05, 
0x00, 0x00, 0x00, 0x0A, 0x00, 0x00, 0x00, 0x00, 0x00, 0x00, 0x00, 0x00, 0x00, 0x00, 0x01, 0x5A, 
0x00, 0x00, 0x00, 0x0C, 0x00, 0x00, 0x00, 0x06, 0x00, 0x00, 0x00, 0x06, 0x00, 0x00, 0x00, 0x0C, 
0x00, 0x00, 0x00, 0x00, 0x00, 0x00, 0x00, 0x00, 0x00, 0x00, 0x01, 0x5B, 0x00, 0x00, 0x00, 0x0A, 
0x00, 0x00, 0x00, 0x05, 0x00, 0x00, 0x00, 0x05, 0x00, 0x00, 0x00, 0x0A, 0x00, 0x00, 0x00, 0x00, 
0x00, 0x00, 0x00, 0x00, 0x00, 0x00, 0x01, 0x5E, 0x00, 0x00, 0x00, 0x0C, 0x00, 0x00, 0x00, 0x06, 
0x00, 0x00, 0x00, 0x06, 0x00, 0x00, 0x00, 0x09, 0x00, 0x00, 0x00, 0x00, 0x00, 0x00, 0x00, 0x00, 
0x00, 0x00, 0x01, 0x5F, 0x00, 0x00, 0x00, 0x0A, 0x00, 0x00, 0x00, 0x05, 0x00, 0x00, 0x00, 0x05, 
0x00, 0x00, 0x00, 0x07, 0x00, 0x00, 0x00, 0x00, 0x00, 0x00, 0x00, 0x00, 0x00, 0x00, 0x01, 0x60, 
0x00, 0x00, 0x00, 0x0C, 0x00, 0x00, 0x00, 0x06, 0x00, 0x00, 0x00, 0x06, 0x00, 0x00, 0x00, 0x0C, 
0x00, 0x00, 0x00, 0x00, 0x00, 0x00, 0x00, 0x00, 0x00, 0x00, 0x01, 0x61, 0x00, 0x00, 0x00, 0x0A, 
0x00, 0x00, 0x00, 0x05, 0x00, 0x00, 0x00, 0x05, 0x00, 0x00, 0x00, 0x0A, 0x00, 0x00, 0x00, 0x00, 
0x00, 0x00, 0x00, 0x00, 0x00, 0x00, 0x01, 0x62, 0x00, 0x00, 0x00, 0x0C, 0x00, 0x00, 0x00, 0x06, 
0x00, 0x00, 0x00, 0x08, 0x00, 0x00, 0x00, 0x09, 0x00, 0x00, 0x00, 0x01, 0x00, 0x00, 0x00, 0x00, 
0x00, 0x00, 0x01, 0x63, 0x00, 0x00, 0x00, 0x0C, 0x00, 0x00, 0x00, 0x04, 0x00, 0x00, 0x00, 0x04, 
0x00, 0x00, 0x00, 0x09, 0x00, 0x00, 0x00, 0x00, 0x00, 0x00, 0x00, 0x00, 0x00, 0x00, 0x01, 0x64, 
0x00, 0x00, 0x00, 0x0C, 0x00, 0x00, 0x00, 0x06, 0x00, 0x00, 0x00, 0x08, 0x00, 0x00, 0x00, 0x0C, 
0x00, 0x00, 0x00, 0x01, 0x00, 0x00, 0x00, 0x00, 0x00, 0x00, 0x01, 0x65, 0x00, 0x00, 0x00, 0x0A, 
0x00, 0x00, 0x00, 0x06, 0x00, 0x00, 0x00, 0x04, 0x00, 0x00, 0x00, 0x0A, 0x00, 0x00, 0x00, 0x00, 
0x00, 0x00, 0x00, 0x00, 0x00, 0x00, 0x01, 0x6E, 0x00, 0x00, 0x00, 0x0D, 0x00, 0x00, 0x00, 0x07, 
0x00, 0x00, 0x00, 0x08, 0x00, 0x00, 0x00, 0x0D, 0x00, 0x00, 0x00, 0x00, 0x00, 0x00, 0x00, 0x00, 
0x00, 0x00, 0x01, 0x6F, 0x00, 0x00, 0x00, 0x0B, 0x00, 0x00, 0x00, 0x06, 0x00, 0x00, 0x00, 0x07, 
0x00, 0x00, 0x00, 0x0B, 0x00, 0x00, 0x00, 0x00, 0x00, 0x00, 0x00, 0x00, 0x00, 0x00, 0x01, 0x70, 
0x00, 0x00, 0x00, 0x0D, 0x00, 0x00, 0x00, 0x07, 0x00, 0x00, 0x00, 0x08, 0x00, 0x00, 0x00, 0x0D, 
0x00, 0x00, 0x00, 0x00, 0x00, 0x00, 0x00, 0x00, 0x00, 0x00, 0x01, 0x71, 0x00, 0x00, 0x00, 0x0A, 
0x00, 0x00, 0x00, 0x06, 0x00, 0x00, 0x00, 0x07, 0x00, 0x00, 0x00, 0x0A, 0x00, 0x00, 0x00, 0x00, 
0x00, 0x00, 0x00, 0x00, 0x00, 0x00, 0x01, 0x78, 0x00, 0x00, 0x00, 0x0C, 0x00, 0x00, 0x00, 0x07, 
0x00, 0x00, 0x00, 0x07, 0x00, 0x00, 0x00, 0x0C, 0x00, 0x00, 0x00, 0x00, 0x00, 0x00, 0x00, 0x00, 
0x00, 0x00, 0x01, 0x79, 0x00, 0x00, 0x00, 0x0C, 0x00, 0x00, 0x00, 0x06, 0x00, 0x00, 0x00, 0x08, 
0x00, 0x00, 0x00, 0x0C, 0x00, 0x00, 0x00, 0x01, 0x00, 0x00, 0x00, 0x00, 0x00, 0x00, 0x01, 0x7A, 
0x00, 0x00, 0x00, 0x0A, 0x00, 0x00, 0x00, 0x05, 0x00, 0x00, 0x00, 0x06, 0x00, 0x00, 0x00, 0x0A, 
0x00, 0x00, 0x00, 0x01, 0x00, 0x00, 0x00, 0x00, 0x00, 0x00, 0x01, 0x7B, 0x00, 0x00, 0x00, 0x0C, 
0x00, 0x00, 0x00, 0x06, 0x00, 0x00, 0x00, 0x08, 0x00, 0x00, 0x00, 0x0C, 0x00, 0x00, 0x00, 0x01, 
0x00, 0x00, 0x00, 0x00, 0x00, 0x00, 0x01, 0x7C, 0x00, 0x00, 0x00, 0x0A, 0x00, 0x00, 0x00, 0x05, 
0x00, 0x00, 0x00, 0x05, 0x00, 0x00, 0x00, 0x0A, 0x00, 0x00, 0x00, 0x00, 0x00, 0x00, 0x00, 0x00, 
0x00, 0x00, 0x01, 0x7D, 0x00, 0x00, 0x00, 0x0C, 0x00, 0x00, 0x00, 0x06, 0x00, 0x00, 0x00, 0x08, 
0x00, 0x00, 0x00, 0x0C, 0x00, 0x00, 0x00, 0x01, 0x00, 0x00, 0x00, 0x00, 0x00, 0x00, 0x01, 0x7E, 
0x00, 0x00, 0x00, 0x0A, 0x00, 0x00, 0x00, 0x05, 0x00, 0x00, 0x00, 0x06, 0x00, 0x00, 0x00, 0x0A, 
0x00, 0x00, 0x00, 0x01, 0x00, 0x00, 0x00, 0x00, 0x00, 0x00, 0x01, 0x92, 0x00, 0x00, 0x00, 0x0D, 
0x00, 0x00, 0x00, 0x07, 0x00, 0x00, 0x00, 0x06, 0x00, 0x00, 0x00, 0x0A, 0x00, 0x00, 0x00, 0x00, 
0x00, 0x00, 0x00, 0x00, 0x00, 0x00, 0x02, 0xC6, 0x00, 0x00, 0x00, 0x02, 0x00, 0x00, 0x00, 0x05, 
0x00, 0x00, 0x00, 0x05, 0x00, 0x00, 0x00, 0x0A, 0x00, 0x00, 0x00, 0x00, 0x00, 0x00, 0x00, 0x00, 
0x00, 0x00, 0x02, 0xC7, 0x00, 0x00, 0x00, 0x02, 0x00, 0x00, 0x00, 0x05, 0x00, 0x00, 0x00, 0x05, 
0x00, 0x00, 0x00, 0x0A, 0x00, 0x00, 0x00, 0x00, 0x00, 0x00, 0x00, 0x00, 0x00, 0x00, 0x02, 0xD8, 
0x00, 0x00, 0x00, 0x02, 0x00, 0x00, 0x00, 0x04, 0x00, 0x00, 0x00, 0x05, 0x00, 0x00, 0x00, 0x0A, 
0x00, 0x00, 0x00, 0x01, 0x00, 0x00, 0x00, 0x00, 0x00, 0x00, 0x02, 0xD9, 0x00, 0x00, 0x00, 0x01, 
0x00, 0x00, 0x00, 0x02, 0x00, 0x00, 0x00, 0x02, 0x00, 0x00, 0x00, 0x09, 0x00, 0x00, 0x00, 0x00, 
0x00, 0x00, 0x00, 0x00, 0x00, 0x00, 0x02, 0xDA, 0x00, 0x00, 0x00, 0x03, 0x00, 0x00, 0x00, 0x04, 
0x00, 0x00, 0x00, 0x04, 0x00, 0x00, 0x00, 0x0B, 0x00, 0x00, 0x00, 0x00, 0x00, 0x00, 0x00, 0x00, 
0x00, 0x00, 0x02, 0xDB, 0x00, 0x00, 0x00, 0x04, 0x00, 0x00, 0x00, 0x03, 0x00, 0x00, 0x00, 0x03, 
0x00, 0x00, 0x00, 0x01, 0x00, 0x00, 0x00, 0x00, 0x00, 0x00, 0x00, 0x00, 0x00, 0x00, 0x02, 0xDC, 
0x00, 0x00, 0x00, 0x02, 0x00, 0x00, 0x00, 0x05, 0x00, 0x00, 0x00, 0x05, 0x00, 0x00, 0x00, 0x0A, 
0x00, 0x00, 0x00, 0x00, 0x00, 0x00, 0x00, 0x00, 0x00, 0x00, 0x02, 0xDD, 0x00, 0x00, 0x00, 0x03, 
0x00, 0x00, 0x00, 0x05, 0x00, 0x00, 0x00, 0x05, 0x00, 0x00, 0x00, 0x0B, 0x00, 0x00, 0x00, 0x00, 
0x00, 0x00, 0x00, 0x00, 0x00, 0x00, 0x03, 0xA9, 0x00, 0x00, 0x00, 0x09, 0x00, 0x00, 0x00, 0x08, 
0x00, 0x00, 0x00, 0x0A, 0x00, 0x00, 0x00, 0x09, 0x00, 0x00, 0x00, 0x01, 0x00, 0x00, 0x00, 0x00, 
0x00, 0x00, 0x03, 0xC0, 0x00, 0x00, 0x00, 0x07, 0x00, 0x00, 0x00, 0x09, 0x00, 0x00, 0x00, 0x08, 
0x00, 0x00, 0x00, 0x07, 0xFF, 0xFF, 0xFF, 0xFF, 0x00, 0x00, 0x00, 0x00, 0x00, 0x00, 0x20, 0x13, 
0x00, 0x00, 0x00, 0x01, 0x00, 0x00, 0x00, 0x05, 0x00, 0x00, 0x00, 0x07, 0x00, 0x00, 0x00, 0x04, 
0x00, 0x00, 0x00, 0x01, 0x00, 0x00, 0x00, 0x00, 0x00, 0x00, 0x20, 0x14, 0x00, 0x00, 0x00, 0x01, 
0x00, 0x00, 0x00, 0x0A, 0x00, 0x00, 0x00, 0x0C, 0x00, 0x00, 0x00, 0x04, 0x00, 0x00, 0x00, 0x01, 
0x00, 0x00, 0x00, 0x00, 0x00, 0x00, 0x20, 0x18, 0x00, 0x00, 0x00, 0x03, 0x00, 0x00, 0x00, 0x02, 
0x00, 0x00, 0x00, 0x02, 0x00, 0x00, 0x00, 0x09, 0x00, 0x00, 0x00, 0x00, 0x00, 0x00, 0x00, 0x00, 
0x00, 0x00, 0x20, 0x19, 0x00, 0x00, 0x00, 0x03, 0x00, 0x00, 0x00, 0x02, 0x00, 0x00, 0x00, 0x02, 
0x00, 0x00, 0x00, 0x09, 0x00, 0x00, 0x00, 0x00, 0x00, 0x00, 0x00, 0x00, 0x00, 0x00, 0x20, 0x1A, 
0x00, 0x00, 0x00, 0x03, 0x00, 0x00, 0x00, 0x03, 0x00, 0x00, 0x00, 0x03, 0x00, 0x00, 0x00, 0x01, 
0x00, 0x00, 0x00, 0x00, 0x00, 0x00, 0x00, 0x00, 0x00, 0x00, 0x20, 0x1C, 0x00, 0x00, 0x00, 0x03, 
0x00, 0x00, 0x00, 0x04, 0x00, 0x00, 0x00, 0x04, 0x00, 0x00, 0x00, 0x09, 0x00, 0x00, 0x00, 0x00, 
0x00, 0x00, 0x00, 0x00, 0x00, 0x00, 0x20, 0x1D, 0x00, 0x00, 0x00, 0x03, 0x00, 0x00, 0x00, 0x04, 
0x00, 0x00, 0x00, 0x04, 0x00, 0x00, 0x00, 0x09, 0x00, 0x00, 0x00, 0x00, 0x00, 0x00, 0x00, 0x00, 
0x00, 0x00, 0x20, 0x1E, 0x00, 0x00, 0x00, 0x03, 0x00, 0x00, 0x00, 0x05, 0x00, 0x00, 0x00, 0x05, 
0x00, 0x00, 0x00, 0x01, 0x00, 0x00, 0x00, 0x00, 0x00, 0x00, 0x00, 0x00, 0x00, 0x00, 0x20, 0x20, 
0x00, 0x00, 0x00, 0x0A, 0x00, 0x00, 0x00, 0x05, 0x00, 0x00, 0x00, 0x06, 0x00, 0x00, 0x00, 0x0A, 
0x00, 0x00, 0x00, 0x01, 0x00, 0x00, 0x00, 0x00, 0x00, 0x00, 0x20, 0x21, 0x00, 0x00, 0x00, 0x0A, 
0x00, 0x00, 0x00, 0x04, 0x00, 0x00, 0x00, 0x06, 0x00, 0x00, 0x00, 0x0A, 0x00, 0x00, 0x00, 0x01, 
0x00, 0x00, 0x00, 0x00, 0x00, 0x00, 0x20, 0x22, 0x00, 0x00, 0x00, 0x03, 0x00, 0x00, 0x00, 0x03, 
0x00, 0x00, 0x00, 0x05, 0x00, 0x00, 0x00, 0x06, 0x00, 0x00, 0x00, 0x01, 0x00, 0x00, 0x00, 0x00, 
0x00, 0x00, 0x20, 0x26, 0x00, 0x00, 0x00, 0x02, 0x00, 0x00, 0x00, 0x08, 0x00, 0x00, 0x00, 0x09, 
0x00, 0x00, 0x00, 0x02, 0x00, 0x00, 0x00, 0x00, 0x00, 0x00, 0x00, 0x00, 0x00, 0x00, 0x20, 0x30, 
0x00, 0x00, 0x00, 0x09, 0x00, 0x00, 0x00, 0x0D, 0x00, 0x00, 0x00, 0x0D, 0x00, 0x00, 0x00, 0x09, 
0x00, 0x00, 0x00, 0x00, 0x00, 0x00, 0x00, 0x00, 0x00, 0x00, 0x20, 0x39, 0x00, 0x00, 0x00, 0x07, 
0x00, 0x00, 0x00, 0x03, 0x00, 0x00, 0x00, 0x04, 0x00, 0x00, 0x00, 0x07, 0x00, 0x00, 0x00, 0x00, 
0x00, 0x00, 0x00, 0x00, 0x00, 0x00, 0x20, 0x3A, 0x00, 0x00, 0x00, 0x07, 0x00, 0x00, 0x00, 0x03, 
0x00, 0x00, 0x00, 0x04, 0x00, 0x00, 0x00, 0x07, 0x00, 0x00, 0x00, 0x00, 0x00, 0x00, 0x00, 0x00, 
0x00, 0x00, 0x20, 0x44, 0x00, 0x00, 0x00, 0x09, 0x00, 0x00, 0x00, 0x07, 0x00, 0x00, 0x00, 0x01, 
0x00, 0x00, 0x00, 0x09, 0xFF, 0xFF, 0xFF, 0xFD, 0x00, 0x00, 0x00, 0x00, 0x00, 0x00, 0x20, 0xAC, 
0x00, 0x00, 0x00, 0x09, 0x00, 0x00, 0x00, 0x07, 0x00, 0x00, 0x00, 0x06, 0x00, 0x00, 0x00, 0x09, 
0x00, 0x00, 0x00, 0x00, 0x00, 0x00, 0x00, 0x00, 0x00, 0x00, 0x21, 0x22, 0x00, 0x00, 0x00, 0x05, 
0x00, 0x00, 0x00, 0x08, 0x00, 0x00, 0x00, 0x09, 0x00, 0x00, 0x00, 0x09, 0x00, 0x00, 0x00, 0x00, 
0x00, 0x00, 0x00, 0x00, 0x00, 0x00, 0xFB, 0x01, 0x00, 0x00, 0x00, 0x0A, 0x00, 0x00, 0x00, 0x07, 
0x00, 0x00, 0x00, 0x07, 0x00, 0x00, 0x00, 0x0A, 0xFF, 0xFF, 0xFF, 0xFF, 0x00, 0x00, 0x00, 0x00, 
0x00, 0x00, 0xFB, 0x02, 0x00, 0x00, 0x00, 0x0A, 0x00, 0x00, 0x00, 0x07, 0x00, 0x00, 0x00, 0x07, 
0x00, 0x00, 0x00, 0x0A, 0xFF, 0xFF, 0xFF, 0xFF, 0x00, 0x00, 0x00, 0x00, 0x20, 0xF4, 0x20, 0xF4, 
0x20, 0xF4, 0x20, 0xF4, 0x20, 0xF4, 0x20, 0xF4, 0x00, 0x00, 0x0D, 0xAD, 0x12, 0xD2, 0x26, 0xE2, 
0x00, 0xF6, 0x14, 0xCE, 0x00, 0xE4, 0x03, 0xB9, 0x00, 0xD2, 0x00, 0x00, 0x52, 0x84, 0x00, 0xD2, 
0x01, 0x00, 0x00, 0x89, 0x4F, 0x1D, 0xB2, 0x00, 0x40, 0xD8, 0xF5, 0xDC, 0xE6, 0xEB, 0xD8, 0x00, 
0x00, 0xD1, 0x00, 0x83, 0x51, 0x00, 0x00, 0x11, 0xC2, 0x00, 0xAC, 0x2A, 0x00, 0xAC, 0xF4, 0xF9, 
0xF0, 0xFC, 0xF1, 0x92, 0x00, 0x63, 0x70, 0x03, 0xD1, 0x00, 0x00, 0x00, 0x87, 0x4B, 0x23, 0xB2, 
0x00, 0x00, 0x00, 0xAA, 0x26, 0x49, 0x8B, 0x00, 0x00, 0x00, 0x00, 0x20, 0xF0, 0x00, 0x00, 0x00, 
0x5A, 0xD4, 0xFE, 0xCD, 0x5E, 0x0C, 0xF7, 0x5D, 0xF1, 0x2D, 0x31, 0x16, 0xFC, 0x2E, 0xF0, 0x00, 
0x00, 0x00, 0xA9, 0xE5, 0xF6, 0x28, 0x00, 0x00, 0x01, 0x5D, 0xFC, 0xED, 0x70, 0x00, 0x00, 0x20, 
0xF0, 0x39, 0xE6, 0x0F, 0x3E, 0x25, 0xF1, 0x62, 0xD1, 0x13, 0xCA, 0xF5, 0xFF, 0xCB, 0x37, 0x00, 
0x00, 0x20, 0xF0, 0x00, 0x00, 0x00, 0x00, 0x10, 0x78, 0x00, 0x00, 0x00, 0x85, 0xF1, 0x52, 0x00, 
0x00, 0x42, 0x41, 0x00, 0x04, 0xF6, 0x53, 0xC7, 0x00, 0x00, 0x84, 0x00, 0x00, 0x1B, 0xF7, 0x23, 
0xEA, 0x00, 0x4E, 0x37, 0x00, 0x00, 0x1A, 0xF7, 0x23, 0xEA, 0x02, 0x80, 0x72, 0xD6, 0x43, 0x02, 
0xF2, 0x58, 0xC8, 0x57, 0x2E, 0xF1, 0x4D, 0xC1, 0x00, 0x77, 0xED, 0x58, 0x7E, 0x1A, 0xF3, 0x23, 
0xEA, 0x00, 0x00, 0x00, 0x5E, 0x23, 0x1B, 0xF3, 0x23, 0xEB, 0x00, 0x00, 0x07, 0x7A, 0x00, 0x04, 
0xF3, 0x50, 0xC8, 0x00, 0x00, 0x65, 0x1B, 0x00, 0x00, 0x81, 0xF3, 0x57, 0x00, 0x00, 0x8B, 0xF0, 
0xED, 0x6A, 0x00, 0x00, 0x00, 0x00, 0x16, 0xFA, 0x17, 0x40, 0xE8, 0x00, 0x00, 0x00, 0x00, 0x05, 
0xE4, 0x2F, 0x73, 0xAE, 0x00, 0x00, 0x00, 0x00, 0x00, 0x68, 0xF4, 0xAF, 0x09, 0x00, 0x00, 0x00, 
0x00, 0x54, 0xE7, 0xBF, 0xE2, 0x17, 0x00, 0xE0, 0x2E, 0x06, 0xF0, 0x39, 0x06, 0xB6, 0xCB, 0x37, 
0xE3, 0x01, 0x1B, 0xFA, 0x01, 0x00, 0x08, 0xBD, 0xF6, 0x70, 0x00, 0x03, 0xE9, 0x64, 0x00, 0x1C, 
0xB6, 0xF9, 0x88, 0x00, 0x00, 0x41, 0xD6, 0xF2, 0xE1, 0x82, 0x23, 0xE9, 0x5E, 0x3A, 0xCE, 0x28, 
0xBA, 0x16, 0xA6, 0x00, 0x01, 0xC3, 0x3E, 0x00, 0x51, 0xC0, 0x00, 0x00, 0xB1, 0x67, 0x00, 0x00, 
0xF0, 0x28, 0x00, 0x12, 0xFF, 0x05, 0x00, 0x1E, 0xF6, 0x00, 0x00, 0x14, 0xFF, 0x04, 0x00, 0x01, 
0xF2, 0x27, 0x00, 0x00, 0xB5, 0x66, 0x00, 0x00, 0x53, 0xC1, 0x00, 0x00, 0x02, 0xC3, 0x3E, 0x6A, 
0x99, 0x00, 0x06, 0xE6, 0x28, 0x00, 0x93, 0x83, 0x00, 0x54, 0xC0, 0x00, 0x2E, 0xE5, 0x00, 0x22, 
0xF1, 0x00, 0x2F, 0xE6, 0x00, 0x54, 0xC4, 0x00, 0x92, 0x87, 0x06, 0xE5, 0x28, 0x6A, 0x99, 0x00, 
0x00, 0x00, 0x70, 0x98, 0x00, 0x00, 0x12, 0x04, 0x58, 0x82, 0x01, 0x16, 0x78, 0xEE, 0xC0, 0xCA, 
0xE1, 0xA9, 0x00, 0x0D, 0xC8, 0xD7, 0x1B, 0x01, 0x00, 0x61, 0xB3, 0x84, 0x92, 0x00, 0x00, 0x52, 
0x42, 0x1D, 0x78, 0x00, 0x00, 0x00, 0x20, 0xF4, 0x00, 0x00, 0x00, 0x00, 0x00, 0x20, 0xF4, 0x00, 
0x00, 0x00, 0x56, 0xF0, 0xF2, 0xFF, 0xF0, 0xF0, 0x2E, 0x00, 0x00, 0x20, 0xF4, 0x00, 0x00, 0x00, 
0x00, 0x00, 0x20, 0xF4, 0x00, 0x00, 0x00, 0x00, 0x00, 0x20, 0xF4, 0x00, 0x00, 0x00, 0x0E, 0xFF, 
0x18, 0x3B, 0xC9, 0x00, 0x70, 0x6B, 0x00, 0xF0, 0xF0, 0xCA, 0x0D, 0xAD, 0x12, 0xD2, 0x00, 0x00, 
0x13, 0xE9, 0x04, 0x00, 0x00, 0x64, 0x9C, 0x00, 0x00, 0x00, 0xB9, 0x47, 0x00, 0x00, 0x13, 0xE9, 
0x04, 0x00, 0x00, 0x64, 0x9C, 0x00, 0x00, 0x00, 0xB9, 0x47, 0x00, 0x00, 0x13, 0xE9, 0x04, 0x00, 
0x00, 0x64, 0x9C, 0x00, 0x00, 0x00, 0xB9, 0x47, 0x00, 0x00, 0x00, 0x00, 0x21, 0xCE, 0xF4, 0xAA, 
0x07, 0x00, 0xAF, 0x82, 0x03, 0xA9, 0x70, 0x02, 0xF4, 0x1E, 0x00, 0x48, 0xC0, 0x16, 0xFD, 0x01, 
0x00, 0x2A, 0xE5, 0x1F, 0xF4, 0x00, 0x00, 0x20, 0xEE, 0x15, 0xFD, 0x01, 0x00, 0x2A, 0xE5, 0x01, 
0xF0, 0x1F, 0x00, 0x48, 0xC3, 0x00, 0xA5, 0x82, 0x02, 0xA9, 0x79, 0x00, 0x1B, 0xC8, 0xF3, 0xB2, 
0x0B, 0x00, 0x03, 0x8F, 0xF4, 0x09, 0xB3, 0xA8, 0xF4, 0x03, 0x5D, 0x20, 0xF4, 0x00, 0x00, 0x20, 
0xF4, 0x00, 0x00, 0x20, 0xF4, 0x00, 0x00, 0x20, 0xF4, 0x00, 0x00, 0x20, 0xF4, 0x00, 0x00, 0x20, 
0xF4, 0x00, 0x00, 0x20, 0xF4, 0x47, 0xD0, 0xF4, 0xD3, 0x30, 0x79, 0x34, 0x00, 0x6F, 0xC8, 0x00, 
0x00, 0x00, 0x26, 0xEC, 0x00, 0x00, 0x00, 0x57, 0xBD, 0x00, 0x00, 0x0C, 0xD8, 0x42, 0x00, 0x02, 
0xB1, 0x83, 0x00, 0x00, 0x90, 0xA4, 0x01, 0x00, 0x6C, 0xBE, 0x06, 0x00, 0x00, 0xFD, 0xF5, 0xF0, 
0xF0, 0xF0, 0x02, 0x74, 0xDD, 0xF1, 0xD3, 0x36, 0x00, 0x73, 0x1F, 0x00, 0x6B, 0xD1, 0x00, 0x00, 
0x00, 0x00, 0x2A, 0xEB, 0x00, 0x00, 0x00, 0x0F, 0xA2, 0x96, 0x00, 0x00, 0xD6, 0xFE, 0xCC, 0x16, 
0x00, 0x00, 0x00, 0x0A, 0x89, 0xB9, 0x00, 0x00, 0x00, 0x00, 0x28, 0xEB, 0x0F, 0x39, 0x02, 0x04, 
0x87, 0xBB, 0x11, 0xC4, 0xF0, 0xF2, 0xBA, 0x20, 0x00, 0x00, 0x00, 0x80, 0xF0, 0x00, 0x00, 0x00, 
0x26, 0xCB, 0xF0, 0x00, 0x00, 0x01, 0xB9, 0x51, 0xF0, 0x00, 0x00, 0x5D, 0x95, 0x20, 0xF0, 0x00, 
0x11, 0xD4, 0x10, 0x20, 0xF0, 0x00, 0x9A, 0x5F, 0x00, 0x20, 0xF0, 0x00, 0xFE, 0xE9, 0xE8, 0xEB, 
0xFF, 0xE8, 0x18, 0x18, 0x18, 0x35, 0xF2, 0x18, 0x00, 0x00, 0x00, 0x20, 0xF0, 0x00, 0x00, 0xAE, 
0xF4, 0xF0, 0xF0, 0x5A, 0x00, 0xC2, 0x34, 0x00, 0x00, 0x00, 0x00, 0xD6, 0x1F, 0x00, 0x00, 0x00, 
0x00, 0xE3, 0xE6, 0xF2, 0xB4, 0x18, 0x00, 0x13, 0x04, 0x0D, 0xA3, 0xAD, 0x00, 0x00, 0x00, 0x00, 
0x2C, 0xED, 0x00, 0x00, 0x00, 0x00, 0x33, 0xE5, 0x11, 0x42, 0x03, 0x0C, 0xAA, 0x96, 0x12, 0xC7, 
0xF2, 0xEE, 0xA0, 0x0B, 0x00, 0x00, 0x70, 0xE4, 0xF1, 0x49, 0x00, 0x5B, 0xC9, 0x1D, 0x00, 0x02, 
0x00, 0xCA, 0x39, 0x00, 0x00, 0x00, 0x05, 0xF6, 0x78, 0xEB, 0xD2, 0x2A, 0x1A, 0xFD, 0x75, 0x03, 
0x85, 0xB8, 0x1A, 0xFA, 0x04, 0x00, 0x28, 0xEA, 0x05, 0xF7, 0x11, 0x00, 0x2E, 0xE3, 0x00, 0xA9, 
0x87, 0x02, 0x8C, 0xA3, 0x00, 0x16, 0xBD, 0xF2, 0xC4, 0x1A, 0xF0, 0xF0, 0xF0, 0xF1, 0xFE, 0x00, 
0x00, 0x00, 0x3F, 0xBF, 0x00, 0x00, 0x00, 0x9C, 0x61, 0x00, 0x00, 0x0A, 0xE8, 0x0E, 0x00, 0x00, 
0x5C, 0xA8, 0x00, 0x00, 0x00, 0xBC, 0x4A, 0x00, 0x00, 0x1E, 0xE6, 0x04, 0x00, 0x00, 0x7C, 0x90, 
0x00, 0x00, 0x01, 0xDB, 0x33, 0x00, 0x00, 0x00, 0x53, 0xDC, 0xEF, 0xCE, 0x37, 0x0D, 0xF6, 0x36, 
0x00, 0x64, 0xD6, 0x12, 0xF8, 0x09, 0x00, 0x32, 0xDF, 0x00, 0x93, 0xBB, 0x4D, 0xCA, 0x56, 0x00, 
0x25, 0xEB, 0xE3, 0xC3, 0x0F, 0x01, 0xD7, 0x5A, 0x05, 0x9C, 0xA8, 0x1B, 0xF9, 0x01, 0x00, 0x2A, 
0xEB, 0x08, 0xF4, 0x46, 0x01, 0x79, 0xC6, 0x00, 0x53, 0xDE, 0xF1, 0xCC, 0x2A, 0x00, 0x41, 0xDB, 
0xEE, 0xA0, 0x06, 0x03, 0xE8, 0x4B, 0x03, 0x98, 0x76, 0x1C, 0xF8, 0x00, 0x00, 0x2B, 0xCE, 0x08, 
0xF5, 0x44, 0x04, 0x7C, 0xED, 0x00, 0x56, 0xE4, 0xE3, 0x7C, 0xE9, 0x00, 0x00, 0x00, 0x00, 0x48, 
0xD0, 0x00, 0x00, 0x00, 0x00, 0x8D, 0x99, 0x00, 0x08, 0x00, 0x43, 0xF3, 0x34, 0x00, 0x7B, 0xF3, 
0xDB, 0x55, 0x00, 0x12, 0xD4, 0x0C, 0xAD, 0x00, 0x00, 0x00, 0x00, 0x00, 0x00, 0x0D, 0xAD, 0x12, 
0xD2, 0x12, 0xD4, 0x0C, 0xAD, 0x00, 0x00, 0x00, 0x00, 0x00, 0x00, 0x00, 0x00, 0x18, 0xCA, 0x42, 
0x90, 0x74, 0x4A, 0x00, 0x00, 0x00, 0x00, 0x40, 0x55, 0x00, 0x00, 0x2A, 0xB3, 0xBA, 0x2B, 0x19, 
0x9B, 0xC2, 0x40, 0x00, 0x00, 0xEF, 0xA3, 0x04, 0x00, 0x00, 0x00, 0x1F, 0x96, 0xD6, 0x6B, 0x09, 
0x00, 0x00, 0x00, 0x19, 0x8D, 0xDF, 0x4D, 0x00, 0x00, 0x00, 0x00, 0x14, 0x32, 0x5A, 0xF0, 0xF0, 
0xF0, 0xF0, 0xC4, 0x00, 0x00, 0x00, 0x00, 0x00, 0x00, 0x00, 0x00, 0x00, 0x00, 0x00, 0x00, 0x5A, 
0xF0, 0xF0, 0xF0, 0xF0, 0xC4, 0x86, 0x0F, 0x00, 0x00, 0x00, 0x00, 0x78, 0xDA, 0x6D, 0x05, 0x00, 
0x00, 0x00, 0x10, 0x86, 0xD1, 0x53, 0x01, 0x00, 0x00, 0x00, 0x39, 0xF0, 0x6F, 0x00, 0x30, 0xA5, 
0xCE, 0x58, 0x03, 0xB8, 0xC9, 0x50, 0x01, 0x00, 0x00, 0x46, 0x00, 0x00, 0x00, 0x00, 0x00, 0x1D, 
0xC5, 0xF0, 0xE4, 0x4C, 0x05, 0x3C, 0x01, 0x51, 0xDA, 0x00, 0x00, 0x00, 0x2F, 0xE2, 0x00, 0x00, 
0x06, 0xBB, 0x6C, 0x00, 0x00, 0x91, 0x72, 0x00, 0x00, 0x00, 0xAD, 0x00, 0x00, 0x00, 0x00, 0x21, 
0x00, 0x00, 0x00, 0x0D, 0xAD, 0x00, 0x00, 0x00, 0x12, 0xD2, 0x00, 0x00, 0x00, 0x00, 0x06, 0x79, 
0xD7, 0xEF, 0xED, 0xAE, 0x2B, 0x00, 0x00, 0x05, 0xBD, 0xA6, 0x20, 0x00, 0x09, 0x68, 0xEB, 0x28, 
0x00, 0x74, 0xBB, 0x3F, 0xDC, 0xF3, 0xC2, 0x00, 0x79, 0xA7, 0x00, 0xDA, 0x42, 0xE3, 0x47, 0x21, 
0xF0, 0x00, 0x2D, 0xE3, 0x10, 0xFF, 0x23, 0xF7, 0x01, 0x23, 0xF0, 0x00, 0x2C, 0xE8, 0x1D, 0xF7, 
0x0C, 0xF9, 0x22, 0x63, 0xF1, 0x12, 0x88, 0xA7, 0x0A, 0xFE, 0x12, 0x7C, 0xEF, 0x9C, 0x68, 0xEE, 
0xC1, 0x1A, 0x00, 0xC4, 0x68, 0x00, 0x00, 0x00, 0x00, 0x00, 0x00, 0x00, 0x00, 0x3D, 0xED, 0x5C, 
0x08, 0x05, 0x42, 0x31, 0x00, 0x00, 0x00, 0x00, 0x3B, 0xBB, 0xEF, 0xED, 0xBC, 0x2A, 0x00, 0x00, 
0x00, 0x00, 0x12, 0xFA, 0x4C, 0x00, 0x00, 0x00, 0x00, 0x00, 0x66, 0xCC, 0xA5, 0x00, 0x00, 0x00, 
0x00, 0x00, 0xBE, 0x42, 0xE6, 0x0A, 0x00, 0x00, 0x00, 0x1A, 0xE0, 0x01, 0xA4, 0x56, 0x00, 0x00, 
0x00, 0x70, 0x8E, 0x00, 0x4E, 0xAE, 0x00, 0x00, 0x00, 0xC9, 0xF3, 0xEC, 0xEE, 0xF8, 0x0E, 0x00, 
0x23, 0xE2, 0x1C, 0x1C, 0x1C, 0xB2, 0x5E, 0x00, 0x7B, 0x92, 0x00, 0x00, 0x00, 0x5A, 0xB8, 0x00, 
0xD4, 0x42, 0x00, 0x00, 0x00, 0x0F, 0xF6, 0x14, 0x20, 0xFF, 0xF0, 0xF1, 0xCD, 0x38, 0x00, 0x20, 
0xF4, 0x00, 0x01, 0x73, 0xD0, 0x00, 0x20, 0xF4, 0x00, 0x00, 0x25, 0xEA, 0x00, 0x20, 0xF4, 0x00, 
0x02, 0x75, 0xA4, 0x00, 0x20, 0xFF, 0xF0, 0xF3, 0xE5, 0x4E, 0x01, 0x20, 0xF4, 0x00, 0x00, 0x0B, 
0x8B, 0x97, 0x20, 0xF4, 0x00, 0x00, 0x00, 0x28, 0xEB, 0x20, 0xF4, 0x00, 0x00, 0x07, 0x8D, 0xBD, 
0x20, 0xFF, 0xF0, 0xF0, 0xF2, 0xB2, 0x1F, 0x00, 0x00, 0x47, 0xC8, 0xF1, 0xF0, 0xC0, 0x0B, 0x00, 
0x45, 0xEB, 0x48, 0x02, 0x08, 0x3E, 0x00, 0x00, 0xCA, 0x5E, 0x00, 0x00, 0x00, 0x00, 0x00, 0x0C, 
0xFE, 0x0E, 0x00, 0x00, 0x00, 0x00, 0x00, 0x1E, 0xF6, 0x00, 0x00, 0x00, 0x00, 0x00, 0x00, 0x0E, 
0xFE, 0x0B, 0x00, 0x00, 0x00, 0x00, 0x00, 0x00, 0xD4, 0x55, 0x00, 0x00, 0x00, 0x00, 0x00, 0x00, 
0x58, 0xE5, 0x3E, 0x01, 0x02, 0x27, 0x00, 0x00, 0x00, 0x5E, 0xD5, 0xF4, 0xF1, 0xB1, 0x00, 0x20, 
0xFF, 0xF0, 0xF1, 0xCB, 0x45, 0x00, 0x20, 0xF4, 0x00, 0x01, 0x46, 0xEB, 0x36, 0x20, 0xF4, 0x00, 
0x00, 0x00, 0x75, 0xAB, 0x20, 0xF4, 0x00, 0x00, 0x00, 0x32, 0xE0, 0x20, 0xF4, 0x00, 0x00, 0x00, 
0x24, 0xED, 0x20, 0xF4, 0x00, 0x00, 0x00, 0x37, 0xDB, 0x20, 0xF4, 0x00, 0x00, 0x00, 0x80, 0x9E, 
0x20, 0xF4, 0x00, 0x04, 0x58, 0xEC, 0x28, 0x20, 0xFF, 0xF0, 0xF2, 0xBF, 0x37, 0x00, 0x20, 0xFF, 
0xF0, 0xF0, 0xF0, 0x62, 0x20, 0xF4, 0x00, 0x00, 0x00, 0x00, 0x20, 0xF4, 0x00, 0x00, 0x00, 0x00, 
0x20, 0xF4, 0x00, 0x00, 0x00, 0x00, 0x20, 0xFF, 0xF0, 0xF0, 0xF0, 0x30, 0x20, 0xF4, 0x00, 0x00, 
0x00, 0x00, 0x20, 0xF4, 0x00, 0x00, 0x00, 0x00, 0x20, 0xF4, 0x00, 0x00, 0x00, 0x00, 0x20, 0xFF, 
0xF0, 0xF0, 0xF0, 0x62, 0x20, 0xFF, 0xF0, 0xF0, 0xF0, 0x62, 0x20, 0xF4, 0x00, 0x00, 0x00, 0x00, 
0x20, 0xF4, 0x00, 0x00, 0x00, 0x00, 0x20, 0xF4, 0x00, 0x00, 0x00, 0x00, 0x20, 0xFF, 0xF0, 0xF0, 
0xF0, 0x2E, 0x20, 0xF4, 0x00, 0x00, 0x00, 0x00, 0x20, 0xF4, 0x00, 0x00, 0x00, 0x00, 0x20, 0xF4, 
0x00, 0x00, 0x00, 0x00, 0x20, 0xF4, 0x00, 0x00, 0x00, 0x00, 0x00, 0x00, 0x2F, 0xB1, 0xEC, 0xF2, 
0xE1, 0x7C, 0x00, 0x33, 0xED, 0x62, 0x08, 0x00, 0x1D, 0x2E, 0x00, 0xC0, 0x6D, 0x00, 0x00, 0x00, 
0x00, 0x00, 0x0B, 0xFD, 0x10, 0x00, 0x00, 0x00, 0x00, 0x00, 0x1E, 0xF6, 0x00, 0x00, 0x0C, 0xF0, 
0xF1, 0xE9, 0x0C, 0xFE, 0x0D, 0x00, 0x00, 0x00, 0x20, 0xF0, 0x00, 0xCD, 0x60, 0x00, 0x00, 0x00, 
0x20, 0xF0, 0x00, 0x4A, 0xEE, 0x54, 0x05, 0x00, 0x31, 0xF0, 0x00, 0x00, 0x4B, 0xC8, 0xF4, 0xEF, 
0xE3, 0xA6, 0x20, 0xF4, 0x00, 0x00, 0x00, 0x20, 0xF0, 0x20, 0xF4, 0x00, 0x00, 0x00, 0x20, 0xF0, 
0x20, 0xF4, 0x00, 0x00, 0x00, 0x20, 0xF0, 0x20, 0xF4, 0x00, 0x00, 0x00, 0x20, 0xF0, 0x20, 0xFF, 
0xF0, 0xF0, 0xF0, 0xF2, 0xF0, 0x20, 0xF4, 0x00, 0x00, 0x00, 0x20, 0xF0, 0x20, 0xF4, 0x00, 0x00, 
0x00, 0x20, 0xF0, 0x20, 0xF4, 0x00, 0x00, 0x00, 0x20, 0xF0, 0x20, 0xF4, 0x00, 0x00, 0x00, 0x20, 
0xF0, 0x0D, 0xD1, 0xFF, 0xB4, 0x00, 0x20, 0xF4, 0x00, 0x00, 0x20, 0xF4, 0x00, 0x00, 0x20, 0xF4, 
0x00, 0x00, 0x20, 0xF4, 0x00, 0x00, 0x20, 0xF4, 0x00, 0x00, 0x20, 0xF4, 0x00, 0x00, 0x20, 0xF4, 
0x00, 0x0D, 0xCF, 0xFF, 0xB1, 0x00, 0x00, 0x20, 0xF4, 0x00, 0x00, 0x20, 0xF4, 0x00, 0x00, 0x20, 
0xF4, 0x00, 0x00, 0x20, 0xF4, 0x00, 0x00, 0x20, 0xF4, 0x00, 0x00, 0x20, 0xF4, 0x00, 0x00, 0x20, 
0xF4, 0x00, 0x00, 0x20, 0xF4, 0x00, 0x00, 0x20, 0xF4, 0x00, 0x00, 0x21, 0xF1, 0x03, 0x03, 0x66, 
0xC9, 0x1B, 0xEE, 0xD7, 0x3A, 0x20, 0xF4, 0x00, 0x00, 0x12, 0xDD, 0x4F, 0x20, 0xF4, 0x00, 0x03, 
0xBB, 0x7E, 0x00, 0x20, 0xF4, 0x00, 0x8A, 0xAF, 0x01, 0x00, 0x20, 0xF4, 0x54, 0xD6, 0x0D, 0x00, 
0x00, 0x20, 0xFB, 0xE0, 0xE0, 0x0B, 0x00, 0x00, 0x20, 0xFA, 0x1C, 0xB8, 0x91, 0x00, 0x00, 0x20, 
0xF4, 0x00, 0x1E, 0xF0, 0x37, 0x00, 0x20, 0xF4, 0x00, 0x00, 0x6A, 0xD3, 0x06, 0x20, 0xF4, 0x00, 
0x00, 0x02, 0xC2, 0x7E, 0x20, 0xF4, 0x00, 0x00, 0x00, 0x00, 0x20, 0xF4, 0x00, 0x00, 0x00, 0x00, 
0x20, 0xF4, 0x00, 0x00, 0x00, 0x00, 0x20, 0xF4, 0x00, 0x00, 0x00, 0x00, 0x20, 0xF4, 0x00, 0x00, 
0x00, 0x00, 0x20, 0xF4, 0x00, 0x00, 0x00, 0x00, 0x20, 0xF4, 0x00, 0x00, 0x00, 0x00, 0x20, 0xF4, 
0x08, 0x08, 0x08, 0x04, 0x20, 0xFF, 0xFF, 0xFF, 0xFF, 0x74, 0x20, 0xFF, 0xB6, 0x00, 0x00, 0x00, 
0x00, 0xCE, 0xF0, 0x20, 0xF3, 0xD3, 0x0D, 0x00, 0x00, 0x22, 0xD7, 0xF0, 0x20, 0xF4, 0x8A, 0x59, 
0x00, 0x00, 0x75, 0x86, 0xF0, 0x20, 0xF4, 0x3C, 0xAA, 0x00, 0x00, 0xC5, 0x35, 0xF0, 0x20, 0xF4, 
0x03, 0xDF, 0x09, 0x1D, 0xC1, 0x20, 0xF0, 0x20, 0xF4, 0x00, 0x9E, 0x4E, 0x6F, 0x71, 0x20, 0xF0, 
0x20, 0xF4, 0x00, 0x4E, 0xA2, 0xC2, 0x1F, 0x20, 0xF0, 0x20, 0xF4, 0x00, 0x09, 0xE7, 0xCC, 0x00, 
0x20, 0xF0, 0x20, 0xF4, 0x00, 0x00, 0xAF, 0x7E, 0x00, 0x20, 0xF0, 0x20, 0xFF, 0x76, 0x00, 0x00, 
0x20, 0xF0, 0x20, 0xF9, 0xD1, 0x08, 0x00, 0x20, 0xF0, 0x20, 0xF4, 0x7A, 0x6A, 0x00, 0x20, 0xF0, 
0x20, 0xF4, 0x0F, 0xD1, 0x05, 0x20, 0xF0, 0x20, 0xF4, 0x00, 0x86, 0x5F, 0x20, 0xF0, 0x20, 0xF4, 
0x00, 0x16, 0xCF, 0x22, 0xF0, 0x20, 0xF4, 0x00, 0x00, 0x95, 0x74, 0xF0, 0x20, 0xF4, 0x00, 0x00, 
0x1F, 0xE2, 0xF0, 0x20, 0xF4, 0x00, 0x00, 0x00, 0xA1, 0xF0, 0x00, 0x00, 0x73, 0xE1, 0xF1, 0xD4, 
0x4F, 0x00, 0x00, 0x68, 0xD1, 0x21, 0x00, 0x34, 0xE6, 0x38, 0x00, 0xDA, 0x42, 0x00, 0x00, 0x00, 
0x71, 0xA8, 0x10, 0xFE, 0x07, 0x00, 0x00, 0x00, 0x33, 0xDE, 0x1E, 0xF6, 0x00, 0x00, 0x00, 0x00, 
0x22, 0xED, 0x0E, 0xFF, 0x07, 0x00, 0x00, 0x00, 0x32, 0xDC, 0x00, 0xD9, 0x43, 0x00, 0x00, 0x00, 
0x6F, 0xA4, 0x00, 0x6A, 0xD2, 0x22, 0x00, 0x35, 0xE7, 0x35, 0x00, 0x01, 0x75, 0xE3, 0xF0, 0xD5, 
0x4F, 0x00, 0x20, 0xFF, 0xF0, 0xF3, 0xC2, 0x2B, 0x20, 0xF4, 0x00, 0x04, 0x7F, 0xC6, 0x20, 0xF4, 
0x00, 0x00, 0x26, 0xEB, 0x20, 0xF4, 0x00, 0x0B, 0x8E, 0xAF, 0x20, 0xFF, 0xF0, 0xEA, 0xA9, 0x16, 
0x20, 0xF4, 0x00, 0x00, 0x00, 0x00, 0x20, 0xF4, 0x00, 0x00, 0x00, 0x00, 0x20, 0xF4, 0x00, 0x00, 
0x00, 0x00, 0x20, 0xF4, 0x00, 0x00, 0x00, 0x00, 0x00, 0x00, 0x73, 0xE1, 0xF1, 0xD4, 0x4F, 0x00, 
0x00, 0x68, 0xD1, 0x21, 0x00, 0x34, 0xE6, 0x38, 0x00, 0xDA, 0x42, 0x00, 0x00, 0x00, 0x71, 0xA8, 
0x10, 0xFE, 0x07, 0x00, 0x00, 0x00, 0x33, 0xDE, 0x1E, 0xF6, 0x00, 0x00, 0x00, 0x00, 0x22, 0xED, 
0x0E, 0xFE, 0x07, 0x00, 0x00, 0x00, 0x32, 0xDD, 0x00, 0xD8, 0x43, 0x00, 0x00, 0x00, 0x6F, 0xA7, 
0x00, 0x66, 0xD2, 0x22, 0x00, 0x35, 0xE8, 0x39, 0x00, 0x00, 0x74, 0xE3, 0xF3, 0xF3, 0x56, 0x00, 
0x00, 0x00, 0x00, 0x00, 0x13, 0xE3, 0x58, 0x00, 0x00, 0x00, 0x00, 0x00, 0x00, 0x3F, 0xF4, 0x33, 
0x20, 0xFF, 0xF0, 0xF1, 0xC6, 0x30, 0x00, 0x20, 0xF4, 0x00, 0x03, 0x76, 0xCA, 0x00, 0x20, 0xF4, 
0x00, 0x00, 0x27, 0xEB, 0x00, 0x20, 0xF4, 0x00, 0x06, 0x87, 0xB0, 0x00, 0x20, 0xFF, 0xF0, 0xFA, 
0xBB, 0x11, 0x00, 0x20, 0xF4, 0x00, 0x4D, 0xCF, 0x01, 0x00, 0x20, 0xF4, 0x00, 0x01, 0xD4, 0x50, 
0x00, 0x20, 0xF4, 0x00, 0x00, 0x5C, 0xCF, 0x01, 0x20, 0xF4, 0x00, 0x00, 0x04, 0xE0, 0x50, 0x00, 
0x49, 0xD8, 0xF4, 0xE7, 0x75, 0x09, 0xF2, 0x41, 0x00, 0x16, 0x2A, 0x19, 0xFC, 0x07, 0x00, 0x00, 
0x00, 0x00, 0xC9, 0xAD, 0x1F, 0x00, 0x00, 0x00, 0x15, 0x9E, 0xF5, 0xA3, 0x12, 0x00, 0x00, 0x00, 
0x19, 0xB5, 0xB3, 0x00, 0x00, 0x00, 0x00, 0x2A, 0xEC, 0x0E, 0x37, 0x03, 0x03, 0x7B, 0xBF, 0x14, 
0xCD, 0xF2, 0xF1, 0xBC, 0x21, 0xF0, 0xF0, 0xF2, 0xFF, 0xF0, 0xF0, 0x00, 0x00, 0x20, 0xF0, 0x00, 
0x00, 0x00, 0x00, 0x20, 0xF0, 0x00, 0x00, 0x00, 0x00, 0x20, 0xF0, 0x00, 0x00, 0x00, 0x00, 0x20, 
0xF0, 0x00, 0x00, 0x00, 0x00, 0x20, 0xF0, 0x00, 0x00, 0x00, 0x00, 0x20, 0xF0, 0x00, 0x00, 0x00, 
0x00, 0x20, 0xF0, 0x00, 0x00, 0x00, 0x00, 0x20, 0xF0, 0x00, 0x00, 0x20, 0xF4, 0x00, 0x00, 0x00, 
0x20, 0xF0, 0x20, 0xF4, 0x00, 0x00, 0x00, 0x20, 0xF0, 0x20, 0xF4, 0x00, 0x00, 0x00, 0x20, 0xF0, 
0x20, 0xF4, 0x00, 0x00, 0x00, 0x20, 0xF0, 0x20, 0xF4, 0x00, 0x00, 0x00, 0x20, 0xF0, 0x1F, 0xF4, 
0x00, 0x00, 0x00, 0x21, 0xF0, 0x0D, 0xFD, 0x0B, 0x00, 0x00, 0x38, 0xDC, 0x00, 0xBA, 0x8C, 0x06, 
0x0A, 0xB1, 0x89, 0x00, 0x1B, 0xB6, 0xF0, 0xEB, 0x99, 0x08, 0xD6, 0x42, 0x00, 0x00, 0x00, 0x79, 
0xA7, 0x86, 0x92, 0x00, 0x00, 0x00, 0xC6, 0x56, 0x33, 0xE3, 0x01, 0x00, 0x18, 0xF6, 0x0D, 0x01, 
0xE1, 0x32, 0x00, 0x66, 0xB2, 0x00, 0x00, 0x91, 0x82, 0x00, 0xB6, 0x62, 0x00, 0x00, 0x3E, 0xD2, 
0x0D, 0xF6, 0x15, 0x00, 0x00, 0x03, 0xEB, 0x6F, 0xBE, 0x00, 0x00, 0x00, 0x00, 0x9A, 0xE5, 0x6E, 
0x00, 0x00, 0x00, 0x00, 0x49, 0xFF, 0x1E, 0x00, 0x00, 0xC2, 0x59, 0x00, 0x00, 0x74, 0xE5, 0x00, 
0x00, 0x00, 0xD4, 0x42, 0x85, 0x92, 0x00, 0x00, 0xB6, 0xE1, 0x2A, 0x00, 0x10, 0xF9, 0x0A, 0x4A, 
0xCC, 0x00, 0x05, 0xE6, 0x82, 0x6E, 0x00, 0x49, 0xCA, 0x00, 0x0F, 0xF8, 0x0A, 0x39, 0xB9, 0x40, 
0xB2, 0x00, 0x82, 0x8C, 0x00, 0x00, 0xD0, 0x3E, 0x7C, 0x79, 0x08, 0xE8, 0x04, 0xBB, 0x50, 0x00, 
0x00, 0x94, 0x77, 0xBC, 0x39, 0x00, 0xBC, 0x3B, 0xF1, 0x15, 0x00, 0x00, 0x58, 0xAF, 0xE7, 0x05, 
0x00, 0x7C, 0x9D, 0xD8, 0x00, 0x00, 0x00, 0x1B, 0xF1, 0xB9, 0x00, 0x00, 0x3B, 0xF0, 0x9B, 0x00, 
0x00, 0x00, 0x00, 0xDE, 0x79, 0x00, 0x00, 0x05, 0xF4, 0x5E, 0x00, 0x00, 0x82, 0xAA, 0x00, 0x00, 
0x0E, 0xE4, 0x2A, 0x0A, 0xE1, 0x3A, 0x00, 0x86, 0x92, 0x00, 0x00, 0x57, 0xC5, 0x20, 0xE2, 0x11, 
0x00, 0x00, 0x00, 0xC2, 0xD9, 0x68, 0x00, 0x00, 0x00, 0x00, 0x72, 0xFF, 0x21, 0x00, 0x00, 0x00, 
0x0D, 0xE0, 0x97, 0xA6, 0x00, 0x00, 0x00, 0x89, 0x8A, 0x09, 0xE3, 0x39, 0x00, 0x24, 0xE6, 0x0F, 
0x00, 0x64, 0xC8, 0x01, 0xAE, 0x6E, 0x00, 0x00, 0x03, 0xD6, 0x5B, 0x91, 0x93, 0x00, 0x00, 0x00, 
0xBF, 0x65, 0x1E, 0xEF, 0x13, 0x00, 0x36, 0xE2, 0x06, 0x00, 0x9B, 0x7D, 0x00, 0xAB, 0x6D, 0x00, 
0x00, 0x23, 0xE6, 0x2E, 0xE4, 0x09, 0x00, 0x00, 0x00, 0xA4, 0xE3, 0x72, 0x00, 0x00, 0x00, 0x00, 
0x34, 0xFA, 0x0B, 0x00, 0x00, 0x00, 0x00, 0x20, 0xF4, 0x00, 0x00, 0x00, 0x00, 0x00, 0x20, 0xF4, 
0x00, 0x00, 0x00, 0x00, 0x00, 0x20, 0xF4, 0x00, 0x00, 0x00, 0xF0, 0xF0, 0xF0, 0xF0, 0xF7, 0xFD, 
0x00, 0x00, 0x00, 0x01, 0xC2, 0x8F, 0x00, 0x00, 0x00, 0x65, 0xE1, 0x0B, 0x00, 0x00, 0x18, 0xEF, 
0x4A, 0x00, 0x00, 0x00, 0xA8, 0xA8, 0x00, 0x00, 0x00, 0x4A, 0xEF, 0x18, 0x00, 0x00, 0x0B, 0xE1, 
0x65, 0x00, 0x00, 0x00, 0x8F, 0xC2, 0x01, 0x00, 0x00, 0x00, 0xFD, 0xF7, 0xF0, 0xF0, 0xF0, 0xF0, 
0x20, 0xFF, 0xF0, 0x74, 0x20, 0xF4, 0x00, 0x00, 0x20, 0xF4, 0x00, 0x00, 0x20, 0xF4, 0x00, 0x00, 
0x20, 0xF4, 0x00, 0x00, 0x20, 0xF4, 0x00, 0x00, 0x20, 0xF4, 0x00, 0x00, 0x20, 0xF4, 0x00, 0x00, 
0x20, 0xF4, 0x00, 0x00, 0x20, 0xF4, 0x00, 0x00, 0x1F, 0xF8, 0xF0, 0x74, 0xB9, 0x47, 0x00, 0x00, 
0x00, 0x64, 0x9C, 0x00, 0x00, 0x00, 0x13, 0xEA, 0x05, 0x00, 0x00, 0x00, 0xB9, 0x48, 0x00, 0x00, 
0x00, 0x64, 0x9D, 0x00, 0x00, 0x00, 0x13, 0xEA, 0x05, 0x00, 0x00, 0x00, 0xB9, 0x49, 0x00, 0x00, 
0x00, 0x64, 0xA0, 0x00, 0x00, 0x00, 0x13, 0xEB, 0x06, 0xA1, 0xF2, 0xF4, 0x00, 0x20, 0xF4, 0x00, 
0x20, 0xF4, 0x00, 0x20, 0xF4, 0x00, 0x20, 0xF4, 0x00, 0x20, 0xF4, 0x00, 0x20, 0xF4, 0x00, 0x20, 
0xF4, 0x00, 0x20, 0xF4, 0x00, 0x20, 0xF4, 0xA2, 0xF1, 0xEC, 0x00, 0x00, 0x63, 0x9D, 0x00, 0x00, 
0x00, 0x00, 0xC1, 0xC5, 0x16, 0x00, 0x00, 0x2F, 0xA5, 0x58, 0x7E, 0x00, 0x00, 0x96, 0x44, 0x05, 
0xCF, 0x06, 0x0A, 0xD3, 0x02, 0x00, 0x81, 0x5E, 0x61, 0x84, 0x00, 0x00, 0x1B, 0xC9, 0x08, 0xF0, 
0xF0, 0xF0, 0xF0, 0xF0, 0x43, 0xE9, 0x10, 0x00, 0x67, 0x93, 0x00, 0x36, 0xCC, 0xF0, 0xE4, 0x4C, 
0x00, 0x1C, 0x34, 0x00, 0x60, 0xD6, 0x00, 0x00, 0x00, 0x00, 0x23, 0xEF, 0x00, 0x51, 0xCF, 0xF1, 
0xF2, 0xF0, 0x0D, 0xF7, 0x46, 0x02, 0x24, 0xF0, 0x13, 0xFB, 0x1C, 0x05, 0x88, 0xF0, 0x00, 0x82, 
0xF3, 0xE3, 0x5E, 0xE0, 0x20, 0xF4, 0x00, 0x00, 0x00, 0x00, 0x20, 0xF4, 0x00, 0x00, 0x00, 0x00, 
0x20, 0xF4, 0x00, 0x00, 0x00, 0x00, 0x20, 0xF3, 0x8E, 0xF0, 0xC8, 0x1A, 0x20, 0xFF, 0x60, 0x01, 
0x94, 0x9D, 0x20, 0xFE, 0x07, 0x00, 0x36, 0xDD, 0x20, 0xF5, 0x00, 0x00, 0x22, 0xEE, 0x20, 0xFF, 
0x09, 0x00, 0x36, 0xDE, 0x20, 0xFF, 0x67, 0x01, 0x97, 0x9D, 0x20, 0xC9, 0x91, 0xF2, 0xCB, 0x1B, 
0x00, 0x19, 0xB5, 0xF0, 0xEB, 0x48, 0x00, 0xB6, 0x8A, 0x03, 0x10, 0x0C, 0x0B, 0xFC, 0x11, 0x00, 
0x00, 0x00, 0x1E, 0xF7, 0x00, 0x00, 0x00, 0x00, 0x0C, 0xFE, 0x12, 0x00, 0x00, 0x00, 0x00, 0xBF, 
0x89, 0x02, 0x0C, 0x19, 0x00, 0x20, 0xBE, 0xF1, 0xEA, 0x45, 0x00, 0x00, 0x00, 0x00, 0x20, 0xF0, 
0x00, 0x00, 0x00, 0x00, 0x20, 0xF0, 0x00, 0x00, 0x00, 0x00, 0x20, 0xF0, 0x00, 0x32, 0xDB, 0xEC, 
0x86, 0xF0, 0x00, 0xCA, 0x70, 0x02, 0x92, 0xF0, 0x0D, 0xFE, 0x0D, 0x00, 0x35, 0xF0, 0x1E, 0xF6, 
0x00, 0x00, 0x21, 0xF0, 0x0D, 0xFF, 0x0B, 0x00, 0x2E, 0xF0, 0x00, 0xCE, 0x6D, 0x01, 0x8A, 0xF0, 
0x00, 0x34, 0xDC, 0xEB, 0x6F, 0xEB, 0x00, 0x1D, 0xC4, 0xF2, 0xBF, 0x15, 0x00, 0xB6, 0x7C, 0x00, 
0x89, 0x9C, 0x0B, 0xFC, 0x0D, 0x00, 0x2D, 0xE1, 0x1E, 0xFF, 0xF0, 0xF0, 0xF1, 0xE9, 0x0B, 0xFA, 
0x06, 0x00, 0x00, 0x00, 0x00, 0xB6, 0x7C, 0x02, 0x06, 0x28, 0x00, 0x19, 0xB7, 0xF2, 0xEA, 0x78, 
0x00, 0x00, 0x72, 0xF0, 0xE0, 0x04, 0x00, 0x08, 0xF9, 0x27, 0x09, 0x00, 0x00, 0x20, 0xF5, 0x00, 
0x00, 0x00, 0x1A, 0xD5, 0xFF, 0xF0, 0x71, 0x00, 0x00, 0x20, 0xF4, 0x00, 0x00, 0x00, 0x00, 0x20, 
0xF4, 0x00, 0x00, 0x00, 0x00, 0x20, 0xF4, 0x00, 0x00, 0x00, 0x00, 0x20, 0xF4, 0x00, 0x00, 0x00, 
0x00, 0x20, 0xF4, 0x00, 0x00, 0x00, 0x00, 0x20, 0xF4, 0x00, 0x00, 0x00, 0x00, 0x34, 0xDE, 0xE8, 
0x6C, 0xEC, 0x00, 0xC9, 0x6E, 0x02, 0x94, 0xF0, 0x0D, 0xFE, 0x0B, 0x00, 0x34, 0xF0, 0x1E, 0xF6, 
0x00, 0x00, 0x21, 0xF0, 0x0D, 0xFE, 0x0B, 0x00, 0x2E, 0xF0, 0x00, 0xC9, 0x6D, 0x01, 0x8C, 0xF0, 
0x00, 0x32, 0xDB, 0xEA, 0x83, 0xF0, 0x00, 0x00, 0x00, 0x00, 0x2A, 0xE9, 0x00, 0x36, 0x0C, 0x02, 
0x8E, 0xB5, 0x00, 0x76, 0xEA, 0xF3, 0xCA, 0x27, 0x20, 0xF4, 0x00, 0x00, 0x00, 0x00, 0x20, 0xF4, 
0x00, 0x00, 0x00, 0x00, 0x20, 0xF4, 0x00, 0x00, 0x00, 0x00, 0x20, 0xEE, 0x87, 0xEC, 0xE5, 0x47, 
0x20, 0xFF, 0x6F, 0x00, 0x67, 0xD0, 0x20, 0xFF, 0x0A, 0x00, 0x23, 0xEF, 0x20, 0xF5, 0x00, 0x00, 
0x20, 0xF0, 0x20, 0xF4, 0x00, 0x00, 0x20, 0xF0, 0x20, 0xF4, 0x00, 0x00, 0x20, 0xF0, 0x20, 0xF4, 
0x00, 0x00, 0x20, 0xF0, 0x0E, 0xBF, 0x00, 0x00, 0x00, 0x00, 0x20, 0xF4, 0x20, 0xF4, 0x20, 0xF4, 
0x20, 0xF4, 0x20, 0xF4, 0x20, 0xF4, 0x20, 0xF4, 0x00, 0x0E, 0xBF, 0x00, 0x00, 0x00, 0x00, 0x00, 
0x00, 0x00, 0x20, 0xF4, 0x00, 0x20, 0xF4, 0x00, 0x20, 0xF4, 0x00, 0x20, 0xF4, 0x00, 0x20, 0xF4, 
0x00, 0x20, 0xF4, 0x00, 0x20, 0xF4, 0x00, 0x20, 0xF4, 0x02, 0x3C, 0xE5, 0xA4, 0xF1, 0x6F, 0x20, 
0xF4, 0x00, 0x00, 0x00, 0x00, 0x20, 0xF4, 0x00, 0x00, 0x00, 0x00, 0x20, 0xF4, 0x00, 0x00, 0x00, 
0x00, 0x20, 0xF4, 0x00, 0x05, 0xC2, 0x6A, 0x20, 0xF4, 0x00, 0x94, 0x9B, 0x00, 0x20, 0xF4, 0x5F, 
0xC4, 0x06, 0x00, 0x20, 0xFB, 0xE4, 0xBA, 0x00, 0x00, 0x20, 0xF9, 0x18, 0xD3, 0x60, 0x00, 0x20, 
0xF4, 0x00, 0x37, 0xEB, 0x18, 0x20, 0xF4, 0x00, 0x00, 0x91, 0xAD, 0x20, 0xF4, 0x20, 0xF4, 0x20, 
0xF4, 0x20, 0xF4, 0x20, 0xF4, 0x20, 0xF4, 0x20, 0xF4, 0x20, 0xF4, 0x20, 0xF4, 0x20, 0xF4, 0x20, 
0xD3, 0x85, 0xEB, 0xE6, 0x4C, 0x94, 0xEB, 0xE4, 0x4A, 0x20, 0xFF, 0x6F, 0x00, 0x66, 0xFA, 0x68, 
0x00, 0x68, 0xD0, 0x20, 0xFF, 0x09, 0x00, 0x23, 0xFB, 0x05, 0x00, 0x23, 0xEF, 0x20, 0xF4, 0x00, 
0x00, 0x20, 0xF0, 0x00, 0x00, 0x20, 0xF0, 0x20, 0xF4, 0x00, 0x00, 0x20, 0xF0, 0x00, 0x00, 0x20, 
0xF0, 0x20, 0xF4, 0x00, 0x00, 0x20, 0xF0, 0x00, 0x00, 0x20, 0xF0, 0x20, 0xF4, 0x00, 0x00, 0x20, 
0xF0, 0x00, 0x00, 0x20, 0xF0, 0x20, 0xD3, 0x88, 0xEC, 0xE4, 0x49, 0x20, 0xFF, 0x73, 0x01, 0x67, 
0xCF, 0x20, 0xFF, 0x0B, 0x00, 0x23, 0xEE, 0x20, 0xF5, 0x00, 0x00, 0x20, 0xF0, 0x20, 0xF4, 0x00, 
0x00, 0x20, 0xF0, 0x20, 0xF4, 0x00, 0x00, 0x20, 0xF0, 0x20, 0xF4, 0x00, 0x00, 0x20, 0xF0, 0x00, 
0x15, 0xAD, 0xEF, 0xEB, 0x8E, 0x04, 0x00, 0xB2, 0x93, 0x06, 0x0F, 0xBD, 0x7B, 0x0B, 0xFC, 0x13, 
0x00, 0x00, 0x3F, 0xD6, 0x1C, 0xF8, 0x00, 0x00, 0x00, 0x26, 0xEC, 0x08, 0xFB, 0x14, 0x00, 0x00, 
0x41, 0xD4, 0x00, 0xA8, 0x93, 0x05, 0x0E, 0xBA, 0x7C, 0x00, 0x0F, 0xA8, 0xEE, 0xE9, 0x8F, 0x05, 
0x20, 0xD3, 0x8F, 0xEE, 0xC8, 0x1A, 0x20, 0xFF, 0x62, 0x02, 0x9B, 0x9E, 0x20, 0xFD, 0x06, 0x00, 
0x38, 0xDD, 0x20, 0xF5, 0x00, 0x00, 0x23, 0xEE, 0x20, 0xFF, 0x0A, 0x00, 0x39, 0xDC, 0x20, 0xFF, 
0x68, 0x01, 0x9E, 0x99, 0x20, 0xEE, 0x90, 0xEF, 0xC9, 0x18, 0x20, 0xF4, 0x00, 0x00, 0x00, 0x00, 
0x20, 0xF4, 0x00, 0x00, 0x00, 0x00, 0x20, 0xF4, 0x00, 0x00, 0x00, 0x00, 0x00, 0x34, 0xDD, 0xEC, 
0x6A, 0xEB, 0x00, 0xCC, 0x6F, 0x02, 0x93, 0xF0, 0x0E, 0xFE, 0x0D, 0x00, 0x36, 0xF0, 0x1E, 0xF6, 
0x00, 0x00, 0x22, 0xF0, 0x0D, 0xFF, 0x0B, 0x00, 0x30, 0xF0, 0x00, 0xCE, 0x6D, 0x01, 0x8B, 0xF0, 
0x00, 0x34, 0xDD, 0xEB, 0x82, 0xF0, 0x00, 0x00, 0x00, 0x00, 0x20, 0xF0, 0x00, 0x00, 0x00, 0x00, 
0x20, 0xF0, 0x00, 0x00, 0x00, 0x00, 0x20, 0xF0, 0x20, 0xCC, 0x6F, 0xED, 0x68, 0x20, 0xF6, 0x9B, 
0x05, 0x01, 0x20, 0xFF, 0x14, 0x00, 0x00, 0x20, 0xF5, 0x00, 0x00, 0x00, 0x20, 0xF4, 0x00, 0x00, 
0x00, 0x20, 0xF4, 0x00, 0x00, 0x00, 0x20, 0xF4, 0x00, 0x00, 0x00, 0x00, 0x82, 0xED, 0xEE, 0x86, 
0x14, 0xFC, 0x16, 0x09, 0x23, 0x08, 0xED, 0x70, 0x04, 0x00, 0x00, 0x2C, 0xC2, 0xDB, 0x3B, 0x00, 
0x00, 0x00, 0x69, 0xDB, 0x0C, 0x2F, 0x00, 0x49, 0xDF, 0x10, 0xCF, 0xF1, 0xE1, 0x4D, 0x00, 0x5B, 
0x00, 0x00, 0x08, 0xE7, 0x00, 0x00, 0xCC, 0xFF, 0xF0, 0xA9, 0x20, 0xF4, 0x00, 0x00, 0x20, 0xF4, 
0x00, 0x00, 0x20, 0xF4, 0x00, 0x00, 0x20, 0xF4, 0x00, 0x00, 0x12, 0xFD, 0x1F, 0x03, 0x00, 0x90, 
0xF2, 0xAB, 0x20, 0xF4, 0x00, 0x00, 0x20, 0xF0, 0x20, 0xF4, 0x00, 0x00, 0x20, 0xF0, 0x20, 0xF4, 
0x00, 0x00, 0x20, 0xF0, 0x20, 0xF4, 0x00, 0x00, 0x21, 0xF0, 0x1F, 0xF7, 0x00, 0x00, 0x34, 0xF0, 
0x09, 0xF9, 0x3C, 0x03, 0x96, 0xF0, 0x00, 0x71, 0xF0, 0xE6, 0x6C, 0xEB, 0xD6, 0x42, 0x00, 0x00, 
0x7D, 0x9D, 0x82, 0x92, 0x00, 0x00, 0xCB, 0x4A, 0x2E, 0xE1, 0x01, 0x1B, 0xEF, 0x06, 0x00, 0xDA, 
0x32, 0x6A, 0xA3, 0x00, 0x00, 0x86, 0x80, 0xB8, 0x4E, 0x00, 0x00, 0x32, 0xC9, 0xE9, 0x07, 0x00, 
0x00, 0x00, 0xDD, 0xA7, 0x00, 0x00, 0xC2, 0x50, 0x00, 0x3A, 0xFF, 0x2C, 0x00, 0x60, 0xAC, 0x85, 
0x8A, 0x00, 0x7E, 0xD4, 0x6F, 0x00, 0x99, 0x70, 0x4A, 0xC2, 0x00, 0xC2, 0x61, 0xB0, 0x00, 0xD2, 
0x31, 0x0F, 0xF3, 0x10, 0xDF, 0x06, 0xE5, 0x10, 0xEE, 0x03, 0x00, 0xD0, 0x74, 0xA2, 0x00, 0xBA, 
0x74, 0xB6, 0x00, 0x00, 0x93, 0xD9, 0x5E, 0x00, 0x79, 0xDE, 0x79, 0x00, 0x00, 0x56, 0xFF, 0x1B, 
0x00, 0x39, 0xFF, 0x3B, 0x00, 0x6A, 0xC2, 0x01, 0x00, 0xC2, 0x6A, 0x02, 0xCC, 0x58, 0x54, 0xCC, 
0x02, 0x00, 0x33, 0xE0, 0xDC, 0x33, 0x00, 0x00, 0x00, 0xC9, 0xC9, 0x00, 0x00, 0x00, 0x49, 0xD4, 
0xCF, 0x49, 0x00, 0x08, 0xDD, 0x43, 0x3E, 0xDC, 0x08, 0x81, 0xAC, 0x00, 0x00, 0xAA, 0x81, 0xCF, 
0x4E, 0x00, 0x00, 0x7E, 0xA6, 0x75, 0xA2, 0x00, 0x00, 0xCD, 0x51, 0x1D, 0xED, 0x06, 0x1B, 0xF2, 
0x09, 0x00, 0xC1, 0x48, 0x6A, 0xA7, 0x00, 0x00, 0x66, 0x9A, 0xB5, 0x51, 0x00, 0x00, 0x13, 0xD9, 
0xE6, 0x09, 0x00, 0x00, 0x00, 0xB3, 0xA8, 0x00, 0x00, 0x00, 0x00, 0xC0, 0x53, 0x00, 0x00, 0x00, 
0x3A, 0xE6, 0x07, 0x00, 0x00, 0xCB, 0xE7, 0x47, 0x00, 0x00, 0x00, 0xBF, 0xF0, 0xF0, 0xFC, 0x7F, 
0x00, 0x00, 0x1D, 0xEC, 0x27, 0x00, 0x00, 0xAF, 0x7D, 0x00, 0x00, 0x50, 0xD5, 0x06, 0x00, 0x0D, 
0xE1, 0x3B, 0x00, 0x00, 0x90, 0x98, 0x00, 0x00, 0x00, 0xFD, 0xF4, 0xF0, 0xF0, 0x8B, 0x00, 0x00, 
0x73, 0xEA, 0x2A, 0x00, 0x10, 0xFC, 0x28, 0x00, 0x00, 0x20, 0xF4, 0x00, 0x00, 0x00, 0x20, 0xF4, 
0x00, 0x00, 0x00, 0x5E, 0xD5, 0x00, 0x00, 0x82, 0xF1, 0x40, 0x00, 0x00, 0x00, 0x5F, 0xD7, 0x00, 
0x00, 0x00, 0x20, 0xF4, 0x00, 0x00, 0x00, 0x20, 0xF4, 0x00, 0x00, 0x00, 0x11, 0xFD, 0x2D, 0x00, 
0x00, 0x00, 0x73, 0xE4, 0x29, 0x20, 0xF4, 0x20, 0xF4, 0x20, 0xF4, 0x20, 0xF4, 0x20, 0xF4, 0x20, 
0xF4, 0x20, 0xF4, 0x20, 0xF4, 0x20, 0xF4, 0x20, 0xF4, 0x20, 0xF4, 0x20, 0xF4, 0x20, 0xF4, 0x53, 
0xE2, 0x53, 0x00, 0x00, 0x00, 0x51, 0xE2, 0x00, 0x00, 0x00, 0x20, 0xF4, 0x00, 0x00, 0x00, 0x20, 
0xF4, 0x00, 0x00, 0x00, 0x0D, 0xF5, 0x32, 0x00, 0x00, 0x00, 0x64, 0xFB, 0x54, 0x00, 0x0D, 0xF4, 
0x35, 0x00, 0x00, 0x20, 0xF4, 0x00, 0x00, 0x00, 0x20, 0xF4, 0x00, 0x00, 0x00, 0x58, 0xE2, 0x00, 
0x00, 0x52, 0xDA, 0x4A, 0x00, 0x00, 0xA1, 0xEC, 0x93, 0x1A, 0x6D, 0x65, 0x0C, 0x87, 0xEC, 0x9A, 
0x00, 0x10, 0xD1, 0x0C, 0xAD, 0x00, 0x00, 0x20, 0xF4, 0x20, 0xF4, 0x20, 0xF4, 0x20, 0xF4, 0x20, 
0xF4, 0x20, 0xF4, 0x20, 0xF4, 0x00, 0x00, 0x20, 0xF0, 0x00, 0x00, 0x00, 0x2D, 0xD2, 0xFF, 0xEB, 
0x49, 0x00, 0xCB, 0x8D, 0x06, 0x1A, 0x11, 0x0E, 0xFE, 0x10, 0x00, 0x00, 0x00, 0x1E, 0xF6, 0x00, 
0x00, 0x00, 0x00, 0x10, 0xFF, 0x0C, 0x00, 0x00, 0x00, 0x00, 0xD0, 0x84, 0x04, 0x12, 0x1A, 0x00, 
0x30, 0xD2, 0xFB, 0xE6, 0x42, 0x00, 0x00, 0x20, 0xF0, 0x00, 0x00, 0x00, 0x00, 0x5C, 0xE7, 0xF0, 
0xBC, 0x05, 0x00, 0x0A, 0xF7, 0x34, 0x02, 0x31, 0x00, 0x00, 0x20, 0xF5, 0x00, 0x00, 0x00, 0x00, 
0x00, 0x20, 0xF4, 0x00, 0x00, 0x00, 0x00, 0x2E, 0xF2, 0xFF, 0xF0, 0xF0, 0x2A, 0x00, 0x00, 0x20, 
0xF4, 0x00, 0x00, 0x00, 0x00, 0x00, 0x24, 0xF0, 0x00, 0x00, 0x00, 0x00, 0x00, 0x72, 0xA5, 0x00, 
0x00, 0x00, 0x00, 0x33, 0xFF, 0xF3, 0xF0, 0xF0, 0xF0, 0x5A, 0x06, 0x21, 0x00, 0x00, 0x00, 0x25, 
0x00, 0x37, 0xE4, 0xBD, 0xF2, 0xB3, 0xE0, 0x12, 0x01, 0xD3, 0x5E, 0x01, 0x87, 0x9C, 0x00, 0x18, 
0xFC, 0x01, 0x00, 0x28, 0xE8, 0x00, 0x01, 0xD3, 0x66, 0x04, 0x8F, 0xA3, 0x00, 0x34, 0xE1, 0xB8, 
0xF0, 0xAE, 0xE0, 0x12, 0x04, 0x1B, 0x00, 0x00, 0x00, 0x22, 0x00, 0x79, 0xA5, 0x00, 0x00, 0x00, 
0xCE, 0x4B, 0x11, 0xF0, 0x1C, 0x00, 0x40, 0xD9, 0x01, 0x00, 0x96, 0x8A, 0x00, 0xB2, 0x68, 0x00, 
0x00, 0x28, 0xEF, 0x34, 0xEB, 0x09, 0x00, 0x00, 0x00, 0xB7, 0xE8, 0x83, 0x00, 0x00, 0x00, 0xAA, 
0xDE, 0xFF, 0xD6, 0x86, 0x00, 0x00, 0xC4, 0xF2, 0xFF, 0xF0, 0x9A, 0x00, 0x00, 0x00, 0x20, 0xF4, 
0x00, 0x00, 0x00, 0x00, 0x00, 0x20, 0xF4, 0x00, 0x00, 0x00, 0x20, 0xF4, 0x20, 0xF4, 0x20, 0xF4, 
0x20, 0xF4, 0x20, 0xF4, 0x00, 0x00, 0x00, 0x00, 0x00, 0x00, 0x20, 0xF4, 0x20, 0xF4, 0x20, 0xF4, 
0x20, 0xF4, 0x20, 0xF4, 0x00, 0x8D, 0xEC, 0xF1, 0x89, 0x17, 0xB3, 0x01, 0x09, 0x26, 0x04, 0xBF, 
0x5C, 0x04, 0x00, 0x00, 0x7F, 0xC1, 0xD3, 0x37, 0x15, 0xFA, 0x05, 0x51, 0xD7, 0x0A, 0xF3, 0x5A, 
0x33, 0xD7, 0x00, 0x3F, 0xD8, 0xE8, 0x5D, 0x00, 0x00, 0x03, 0x7D, 0xC7, 0x17, 0x28, 0x00, 0x46, 
0xE0, 0x21, 0xD6, 0xF1, 0xE0, 0x4F, 0x36, 0x9A, 0x1C, 0xB3, 0x00, 0x00, 0x18, 0xA3, 0xEB, 0xE6, 
0x8E, 0x0A, 0x00, 0x00, 0x10, 0xDD, 0x7D, 0x09, 0x13, 0xA2, 0xBC, 0x02, 0x00, 0x8D, 0x9C, 0x44, 
0xE4, 0xDC, 0x1E, 0xC8, 0x60, 0x01, 0xED, 0x2E, 0xDE, 0x51, 0x16, 0x03, 0x5B, 0xBE, 0x19, 0xFD, 
0x17, 0xF8, 0x02, 0x00, 0x00, 0x2B, 0xE9, 0x19, 0xFD, 0x1A, 0xF7, 0x01, 0x00, 0x00, 0x2B, 0xE9, 
0x01, 0xED, 0x2F, 0xE3, 0x44, 0x10, 0x06, 0x5B, 0xBF, 0x00, 0x8D, 0x9C, 0x4D, 0xE6, 0xDA, 0x13, 
0xC8, 0x60, 0x00, 0x10, 0xDD, 0x7F, 0x09, 0x15, 0xA4, 0xBC, 0x02, 0x00, 0x00, 0x18, 0xA3, 0xEB, 
0xE6, 0x8E, 0x0A, 0x00, 0x52, 0xAE, 0x94, 0x7F, 0x9F, 0xD2, 0xC2, 0x01, 0xCE, 0x9A, 0x99, 0xC3, 
0x00, 0x00, 0x01, 0x00, 0x01, 0x00, 0x00, 0x59, 0x98, 0x16, 0xC7, 0x07, 0x33, 0xE4, 0x20, 0xBA, 
0x63, 0x00, 0xDA, 0x64, 0x5D, 0xC5, 0x00, 0x00, 0x5C, 0xD3, 0x18, 0xD7, 0x3B, 0x00, 0x00, 0x8A, 
0x97, 0x31, 0xD8, 0x08, 0x00, 0x03, 0x15, 0x00, 0x17, 0x00, 0x96, 0xF0, 0xF0, 0xF0, 0xF1, 0xEC, 
0x00, 0x00, 0x00, 0x00, 0x20, 0xF4, 0x00, 0x00, 0x00, 0x00, 0x20, 0xF4, 0x00, 0x00, 0x00, 0x00, 
0x0F, 0x72, 0xF0, 0xF0, 0xCA, 0x00, 0x00, 0x18, 0xA3, 0xEB, 0xE6, 0x8E, 0x0A, 0x00, 0x00, 0x10, 
0xDD, 0x7D, 0x09, 0x13, 0xA2, 0xBC, 0x02, 0x00, 0x8D, 0x9C, 0x1F, 0xF8, 0xED, 0x74, 0xC8, 0x60, 
0x01, 0xED, 0x2E, 0x20, 0xF0, 0x36, 0xE5, 0x5B, 0xBE, 0x19, 0xFD, 0x02, 0x20, 0xF0, 0x3D, 0xD7, 
0x2B, 0xE9, 0x19, 0xFD, 0x02, 0x20, 0xFF, 0xF6, 0x3B, 0x2B, 0xE9, 0x01, 0xED, 0x2E, 0x20, 0xF0, 
0x63, 0x5A, 0x5B, 0xBF, 0x00, 0x8D, 0x9C, 0x1F, 0xE5, 0x08, 0xC2, 0xC9, 0x60, 0x00, 0x10, 0xDD, 
0x7F, 0x09, 0x15, 0xA4, 0xBC, 0x02, 0x00, 0x00, 0x18, 0xA3, 0xEB, 0xE6, 0x8E, 0x0A, 0x00, 0x08, 
0xF0, 0xF0, 0xF0, 0xF0, 0xF0, 0xA2, 0x00, 0x5F, 0xE6, 0xDB, 0x3E, 0x0F, 0xF8, 0x26, 0x4E, 0xD7, 
0x10, 0xF9, 0x28, 0x4F, 0xD7, 0x00, 0x61, 0xE7, 0xDD, 0x3F, 0x00, 0x00, 0x20, 0xF4, 0x00, 0x00, 
0x00, 0x00, 0x00, 0x20, 0xF4, 0x00, 0x00, 0x00, 0x00, 0x00, 0x20, 0xF4, 0x00, 0x00, 0x00, 0x56, 
0xF0, 0xF2, 0xFF, 0xF0, 0xF0, 0x2E, 0x00, 0x00, 0x20, 0xF4, 0x00, 0x00, 0x00, 0x00, 0x00, 0x20, 
0xF4, 0x00, 0x00, 0x00, 0x00, 0x00, 0x00, 0x00, 0x00, 0x00, 0x00, 0x56, 0xF0, 0xF0, 0xF0, 0xF0, 
0xF0, 0x2D, 0x00, 0xB3, 0x8B, 0x4A, 0xAA, 0x03, 0x20, 0xF4, 0x00, 0x00, 0x20, 0xF0, 0x20, 0xF4, 
0x00, 0x00, 0x20, 0xF0, 0x20, 0xF4, 0x00, 0x00, 0x20, 0xF0, 0x20, 0xF4, 0x00, 0x00, 0x21, 0xF0, 
0x20, 0xF7, 0x00, 0x00, 0x34, 0xF0, 0x20, 0xFF, 0x3E, 0x03, 0x96, 0xF0, 0x20, 0xFA, 0xD2, 0xED, 
0x71, 0xE9, 0x20, 0xF4, 0x00, 0x00, 0x00, 0x00, 0x20, 0xF4, 0x00, 0x00, 0x00, 0x00, 0x20, 0xF4, 
0x00, 0x00, 0x00, 0x00, 0x00, 0x36, 0xD1, 0xFD, 0xFF, 0xF2, 0xF0, 0x00, 0xD8, 0xFF, 0xFF, 0xF4, 
0x20, 0xF0, 0x13, 0xFF, 0xFF, 0xFF, 0xF4, 0x20, 0xF0, 0x1E, 0xFF, 0xFF, 0xFF, 0xF4, 0x20, 0xF0, 
0x09, 0xFC, 0xFF, 0xFF, 0xF4, 0x20, 0xF0, 0x00, 0xA9, 0xFF, 0xFF, 0xF4, 0x20, 0xF0, 0x00, 0x0A, 
0x68, 0x88, 0xF4, 0x20, 0xF0, 0x00, 0x00, 0x00, 0x20, 0xF4, 0x20, 0xF0, 0x00, 0x00, 0x00, 0x20, 
0xF4, 0x20, 0xF0, 0x00, 0x00, 0x00, 0x20, 0xF4, 0x20, 0xF0, 0x00, 0x00, 0x00, 0x20, 0xF4, 0x20, 
0xF0, 0x00, 0x00, 0x00, 0x0E, 0x6B, 0x0E, 0x69, 0x0C, 0xAD, 0x12, 0xD1, 0x00, 0x11, 0x0B, 0x00, 
0x9C, 0x62, 0x0A, 0x21, 0xE3, 0x36, 0xD3, 0x79, 0x43, 0xBD, 0xBF, 0x40, 0xB9, 0x0A, 0x0C, 0xB9, 
0xC0, 0x00, 0x00, 0xC0, 0xB0, 0x17, 0x1A, 0xAF, 0x27, 0xAF, 0xAE, 0x25, 0x00, 0x01, 0x00, 0x01, 
0x00, 0x00, 0x65, 0x7F, 0x22, 0xC5, 0x09, 0x00, 0x0B, 0xD4, 0x3F, 0x8B, 0xA8, 0x01, 0x00, 0x43, 
0xDD, 0x04, 0xE0, 0x5A, 0x01, 0xB6, 0x6A, 0x5E, 0xCE, 0x0A, 0x63, 0xAB, 0x22, 0xDE, 0x1E, 0x00, 
0x0A, 0x0D, 0x00, 0x18, 0x00, 0x00, 0x00, 0x00, 0x10, 0xCC, 0x00, 0x00, 0x00, 0x00, 0x0C, 0xAA, 
0x00, 0x00, 0x00, 0x00, 0x00, 0x0D, 0x00, 0x00, 0x00, 0x00, 0x00, 0xA2, 0x00, 0x00, 0x00, 0x00, 
0x51, 0x8F, 0x00, 0x00, 0x00, 0x3D, 0xDF, 0x19, 0x00, 0x00, 0x02, 0xE2, 0x45, 0x00, 0x00, 0x00, 
0x1C, 0xF9, 0x00, 0x00, 0x00, 0x00, 0x09, 0xF6, 0x40, 0x0C, 0x58, 0x00, 0x00, 0x63, 0xEE, 0xF3, 
0xAE, 0x06, 0x00, 0x05, 0xCB, 0x69, 0x00, 0x00, 0x00, 0x00, 0x00, 0x00, 0x19, 0xC8, 0x15, 0x00, 
0x00, 0x00, 0x00, 0x00, 0x00, 0x00, 0x00, 0x00, 0x00, 0x00, 0x00, 0x00, 0x12, 0xFA, 0x4C, 0x00, 
0x00, 0x00, 0x00, 0x00, 0x66, 0xCC, 0xA5, 0x00, 0x00, 0x00, 0x00, 0x00, 0xBE, 0x42, 0xE6, 0x0A, 
0x00, 0x00, 0x00, 0x1A, 0xE0, 0x01, 0xA4, 0x56, 0x00, 0x00, 0x00, 0x70, 0x8E, 0x00, 0x4E, 0xAE, 
0x00, 0x00, 0x00, 0xC9, 0xF3, 0xEC, 0xEE, 0xF8, 0x0E, 0x00, 0x23, 0xE2, 0x1C, 0x1C, 0x1C, 0xB2, 
0x5E, 0x00, 0x7B, 0x92, 0x00, 0x00, 0x00, 0x5A, 0xB8, 0x00, 0xD4, 0x42, 0x00, 0x00, 0x00, 0x0F, 
0xF6, 0x14, 0x00, 0x00, 0x00, 0x27, 0xEF, 0x26, 0x00, 0x00, 0x00, 0x00, 0x00, 0xB2, 0x45, 0x00, 
0x00, 0x00, 0x00, 0x00, 0x00, 0x00, 0x00, 0x00, 0x00, 0x00, 0x00, 0x00, 0x12, 0xFA, 0x4C, 0x00, 
0x00, 0x00, 0x00, 0x00, 0x66, 0xCC, 0xA5, 0x00, 0x00, 0x00, 0x00, 0x00, 0xBE, 0x42, 0xE6, 0x0A, 
0x00, 0x00, 0x00, 0x1A, 0xE0, 0x01, 0xA4, 0x56, 0x00, 0x00, 0x00, 0x70, 0x8E, 0x00, 0x4E, 0xAE, 
0x00, 0x00, 0x00, 0xC9, 0xF3, 0xEC, 0xEE, 0xF8, 0x0E, 0x00, 0x23, 0xE2, 0x1C, 0x1C, 0x1C, 0xB2, 
0x5E, 0x00, 0x7B, 0x92, 0x00, 0x00, 0x00, 0x5A, 0xB8, 0x00, 0xD4, 0x42, 0x00, 0x00, 0x00, 0x0F, 
0xF6, 0x14, 0x00, 0x00, 0x44, 0xFB, 0x76, 0x00, 0x00, 0x00, 0x00, 0x1C, 0xC1, 0x26, 0xB3, 0x43, 
0x00, 0x00, 0x00, 0x00, 0x00, 0x00, 0x00, 0x00, 0x00, 0x00, 0x00, 0x00, 0x12, 0xFA, 0x4C, 0x00, 
0x00, 0x00, 0x00, 0x00, 0x66, 0xCC, 0xA5, 0x00, 0x00, 0x00, 0x00, 0x00, 0xBE, 0x42, 0xE6, 0x0A, 
0x00, 0x00, 0x00, 0x1A, 0xE0, 0x01, 0xA4, 0x56, 0x00, 0x00, 0x00, 0x70, 0x8E, 0x00, 0x4E, 0xAE, 
0x00, 0x00, 0x00, 0xC9, 0xF3, 0xEC, 0xEE, 0xF8, 0x0E, 0x00, 0x23, 0xE2, 0x1C, 0x1C, 0x1C, 0xB2, 
0x5E, 0x00, 0x7B, 0x92, 0x00, 0x00, 0x00, 0x5A, 0xB8, 0x00, 0xD4, 0x42, 0x00, 0x00, 0x00, 0x0F, 
0xF6, 0x14, 0x00, 0x15, 0xDA, 0x9F, 0x18, 0x94, 0x00, 0x00, 0x00, 0x61, 0x41, 0x6E, 0xE9, 0x3D, 
0x00, 0x00, 0x00, 0x00, 0x00, 0x00, 0x00, 0x00, 0x00, 0x00, 0x00, 0x00, 0x12, 0xFA, 0x4C, 0x00, 
0x00, 0x00, 0x00, 0x00, 0x66, 0xCC, 0xA5, 0x00, 0x00, 0x00, 0x00, 0x00, 0xBE, 0x42, 0xE6, 0x0A, 
0x00, 0x00, 0x00, 0x1A, 0xE0, 0x01, 0xA4, 0x56, 0x00, 0x00, 0x00, 0x70, 0x8E, 0x00, 0x4E, 0xAE, 
0x00, 0x00, 0x00, 0xC9, 0xF3, 0xEC, 0xEE, 0xF8, 0x0E, 0x00, 0x23, 0xE2, 0x1C, 0x1C, 0x1C, 0xB2, 
0x5E, 0x00, 0x7B, 0x92, 0x00, 0x00, 0x00, 0x5A, 0xB8, 0x00, 0xD4, 0x42, 0x00, 0x00, 0x00, 0x0F, 
0xF6, 0x14, 0x00, 0x00, 0xC6, 0x08, 0xAF, 0x1E, 0x00, 0x00, 0x00, 0x00, 0x00, 0x00, 0x00, 0x00, 
0x00, 0x00, 0x00, 0x00, 0x00, 0x00, 0x00, 0x00, 0x00, 0x00, 0x00, 0x00, 0x12, 0xFA, 0x4C, 0x00, 
0x00, 0x00, 0x00, 0x00, 0x66, 0xCC, 0xA5, 0x00, 0x00, 0x00, 0x00, 0x00, 0xBE, 0x42, 0xE6, 0x0A, 
0x00, 0x00, 0x00, 0x1A, 0xE0, 0x01, 0xA4, 0x56, 0x00, 0x00, 0x00, 0x70, 0x8E, 0x00, 0x4E, 0xAE, 
0x00, 0x00, 0x00, 0xC9, 0xF3, 0xEC, 0xEE, 0xF8, 0x0E, 0x00, 0x23, 0xE2, 0x1C, 0x1C, 0x1C, 0xB2, 
0x5E, 0x00, 0x7B, 0x92, 0x00, 0x00, 0x00, 0x5A, 0xB8, 0x00, 0xD4, 0x42, 0x00, 0x00, 0x00, 0x0F, 
0xF6, 0x14, 0x00, 0x00, 0x02, 0xB1, 0xF1, 0x81, 0x00, 0x00, 0x00, 0x00, 0x00, 0x1A, 0xFC, 0x44, 
0xE9, 0x00, 0x00, 0x00, 0x00, 0x00, 0x01, 0xB2, 0xFF, 0x82, 0x00, 0x00, 0x00, 0x00, 0x00, 0x00, 
0x86, 0xE0, 0x65, 0x00, 0x00, 0x00, 0x00, 0x00, 0x05, 0xDF, 0x39, 0xC7, 0x00, 0x00, 0x00, 0x00, 
0x00, 0x51, 0x97, 0x00, 0xB5, 0x2C, 0x00, 0x00, 0x00, 0x00, 0xB3, 0x25, 0x00, 0x42, 0x90, 0x00, 
0x00, 0x00, 0x1E, 0xF8, 0xF0, 0xF0, 0xF0, 0xEB, 0x07, 0x00, 0x00, 0x80, 0x5F, 0x00, 0x00, 0x00, 
0x8E, 0x57, 0x00, 0x03, 0xDF, 0x14, 0x00, 0x00, 0x00, 0x42, 0xBB, 0x00, 0x4A, 0xC2, 0x00, 0x00, 
0x00, 0x00, 0x04, 0xEC, 0x20, 0x00, 0x00, 0x00, 0x00, 0x9E, 0xF5, 0xFF, 0xF0, 0xF0, 0xF0, 0x5A, 
0x00, 0x00, 0x00, 0x14, 0xE7, 0x2B, 0xF4, 0x00, 0x00, 0x00, 0x00, 0x00, 0x00, 0x00, 0x78, 0x8D, 
0x20, 0xF4, 0x00, 0x00, 0x00, 0x00, 0x00, 0x00, 0x03, 0xDE, 0x21, 0x20, 0xF4, 0x00, 0x00, 0x00, 
0x00, 0x00, 0x00, 0x4F, 0xB2, 0x00, 0x20, 0xFF, 0xF0, 0xF0, 0xF0, 0x22, 0x00, 0x00, 0xBD, 0xF4, 
0xF0, 0xF2, 0xF4, 0x00, 0x00, 0x00, 0x00, 0x00, 0x2A, 0xDA, 0x01, 0x00, 0x20, 0xF4, 0x00, 0x00, 
0x00, 0x00, 0x00, 0x96, 0x78, 0x00, 0x00, 0x20, 0xF4, 0x00, 0x00, 0x00, 0x00, 0x0F, 0xEF, 0x18, 
0x00, 0x00, 0x20, 0xFF, 0xF0, 0xF0, 0xF0, 0x5A, 0x00, 0x00, 0x47, 0xC8, 0xF1, 0xF0, 0xC0, 0x0B, 
0x00, 0x45, 0xEB, 0x48, 0x02, 0x08, 0x3E, 0x00, 0x00, 0xCA, 0x5E, 0x00, 0x00, 0x00, 0x00, 0x00, 
0x0C, 0xFE, 0x0E, 0x00, 0x00, 0x00, 0x00, 0x00, 0x1E, 0xF6, 0x00, 0x00, 0x00, 0x00, 0x00, 0x00, 
0x0E, 0xFE, 0x0B, 0x00, 0x00, 0x00, 0x00, 0x00, 0x00, 0xD4, 0x55, 0x00, 0x00, 0x00, 0x00, 0x00, 
0x00, 0x58, 0xE5, 0x3E, 0x01, 0x02, 0x27, 0x00, 0x00, 0x00, 0x5E, 0xD5, 0xF5, 0xF3, 0xB8, 0x00, 
0x00, 0x00, 0x00, 0x02, 0xD0, 0x33, 0x00, 0x00, 0x00, 0x00, 0x00, 0x00, 0x2D, 0xD4, 0x00, 0x00, 
0x00, 0x00, 0x00, 0x7C, 0xEF, 0x7C, 0x00, 0x00, 0x00, 0x38, 0xEC, 0x16, 0x00, 0x00, 0x00, 0x00, 
0x57, 0x9F, 0x00, 0x00, 0x00, 0x00, 0x00, 0x00, 0x00, 0x00, 0x20, 0xFF, 0xF0, 0xF0, 0xF0, 0x62, 
0x20, 0xF4, 0x00, 0x00, 0x00, 0x00, 0x20, 0xF4, 0x00, 0x00, 0x00, 0x00, 0x20, 0xF4, 0x00, 0x00, 
0x00, 0x00, 0x20, 0xFF, 0xF0, 0xF0, 0xF0, 0x30, 0x20, 0xF4, 0x00, 0x00, 0x00, 0x00, 0x20, 0xF4, 
0x00, 0x00, 0x00, 0x00, 0x20, 0xF4, 0x00, 0x00, 0x00, 0x00, 0x20, 0xFF, 0xF0, 0xF0, 0xF0, 0x62, 
0x00, 0x00, 0x00, 0x84, 0xB8, 0x00, 0x00, 0x00, 0x22, 0xC4, 0x0F, 0x00, 0x00, 0x00, 0x00, 0x00, 
0x00, 0x00, 0x20, 0xFF, 0xF0, 0xF0, 0xF0, 0x62, 0x20, 0xF4, 0x00, 0x00, 0x00, 0x00, 0x20, 0xF4, 
0x00, 0x00, 0x00, 0x00, 0x20, 0xF4, 0x00, 0x00, 0x00, 0x00, 0x20, 0xFF, 0xF0, 0xF0, 0xF0, 0x30, 
0x20, 0xF4, 0x00, 0x00, 0x00, 0x00, 0x20, 0xF4, 0x00, 0x00, 0x00, 0x00, 0x20, 0xF4, 0x00, 0x00, 
0x00, 0x00, 0x20, 0xFF, 0xF0, 0xF0, 0xF0, 0x62, 0x00, 0x00, 0xA4, 0xF0, 0x24, 0x00, 0x00, 0x69, 
0x94, 0x38, 0xBE, 0x0C, 0x00, 0x00, 0x00, 0x00, 0x00, 0x00, 0x20, 0xFF, 0xF0, 0xF0, 0xF0, 0x62, 
0x20, 0xF4, 0x00, 0x00, 0x00, 0x00, 0x20, 0xF4, 0x00, 0x00, 0x00, 0x00, 0x20, 0xF4, 0x00, 0x00, 
0x00, 0x00, 0x20, 0xFF, 0xF0, 0xF0, 0xF0, 0x30, 0x20, 0xF4, 0x00, 0x00, 0x00, 0x00, 0x20, 0xF4, 
0x00, 0x00, 0x00, 0x00, 0x20, 0xF4, 0x00, 0x00, 0x00, 0x00, 0x20, 0xFF, 0xF0, 0xF0, 0xF0, 0x62, 
0x00, 0x12, 0xB9, 0x02, 0xCC, 0x03, 0x00, 0x00, 0x00, 0x00, 0x00, 0x00, 0x00, 0x00, 0x00, 0x00, 
0x00, 0x00, 0x20, 0xFF, 0xF0, 0xF0, 0xF0, 0x62, 0x20, 0xF4, 0x00, 0x00, 0x00, 0x00, 0x20, 0xF4, 
0x00, 0x00, 0x00, 0x00, 0x20, 0xF4, 0x00, 0x00, 0x00, 0x00, 0x20, 0xFF, 0xF0, 0xF0, 0xF0, 0x30, 
0x20, 0xF4, 0x00, 0x00, 0x00, 0x00, 0x20, 0xF4, 0x00, 0x00, 0x00, 0x00, 0x20, 0xF4, 0x00, 0x00, 
0x00, 0x00, 0x20, 0xFF, 0xF0, 0xF0, 0xF0, 0x62, 0x18, 0xE8, 0x3B, 0x00, 0x00, 0x34, 0xC2, 0x04, 
0x00, 0x00, 0x00, 0x00, 0x0D, 0xD1, 0xFF, 0xB4, 0x00, 0x20, 0xF4, 0x00, 0x00, 0x20, 0xF4, 0x00, 
0x00, 0x20, 0xF4, 0x00, 0x00, 0x20, 0xF4, 0x00, 0x00, 0x20, 0xF4, 0x00, 0x00, 0x20, 0xF4, 0x00, 
0x00, 0x20, 0xF4, 0x00, 0x0D, 0xCF, 0xFF, 0xB1, 0x00, 0x00, 0x4F, 0xDD, 0x0F, 0x00, 0x09, 0xC7, 
0x28, 0x00, 0x00, 0x00, 0x00, 0x00, 0x00, 0x0D, 0xD1, 0xFF, 0xB4, 0x00, 0x00, 0x20, 0xF4, 0x00, 
0x00, 0x00, 0x20, 0xF4, 0x00, 0x00, 0x00, 0x20, 0xF4, 0x00, 0x00, 0x00, 0x20, 0xF4, 0x00, 0x00, 
0x00, 0x20, 0xF4, 0x00, 0x00, 0x00, 0x20, 0xF4, 0x00, 0x00, 0x00, 0x20, 0xF4, 0x00, 0x00, 0x0D, 
0xCF, 0xFF, 0xB1, 0x00, 0x00, 0x72, 0xFC, 0x4C, 0x00, 0x3B, 0xB6, 0x26, 0xC3, 0x24, 0x00, 0x00, 
0x00, 0x00, 0x00, 0x0D, 0xD1, 0xFF, 0xB4, 0x00, 0x00, 0x20, 0xF4, 0x00, 0x00, 0x00, 0x20, 0xF4, 
0x00, 0x00, 0x00, 0x20, 0xF4, 0x00, 0x00, 0x00, 0x20, 0xF4, 0x00, 0x00, 0x00, 0x20, 0xF4, 0x00, 
0x00, 0x00, 0x20, 0xF4, 0x00, 0x00, 0x00, 0x20, 0xF4, 0x00, 0x00, 0x0D, 0xCF, 0xFF, 0xB1, 0x00, 
0x80, 0x4B, 0x68, 0x69, 0x00, 0x00, 0x00, 0x00, 0x00, 0x00, 0x00, 0x00, 0x0D, 0xD1, 0xFF, 0xB4, 
0x00, 0x20, 0xF4, 0x00, 0x00, 0x20, 0xF4, 0x00, 0x00, 0x20, 0xF4, 0x00, 0x00, 0x20, 0xF4, 0x00, 
0x00, 0x20, 0xF4, 0x00, 0x00, 0x20, 0xF4, 0x00, 0x00, 0x20, 0xF4, 0x00, 0x0D, 0xCF, 0xFF, 0xB1, 
0x00, 0x00, 0x71, 0xD2, 0x23, 0x89, 0x00, 0x00, 0x00, 0x8D, 0x32, 0xDE, 0x4F, 0x00, 0x00, 0x00, 
0x00, 0x00, 0x00, 0x00, 0x00, 0x20, 0xFF, 0x76, 0x00, 0x00, 0x20, 0xF0, 0x20, 0xF9, 0xD1, 0x08, 
0x00, 0x20, 0xF0, 0x20, 0xF4, 0x7A, 0x6A, 0x00, 0x20, 0xF0, 0x20, 0xF4, 0x0F, 0xD1, 0x05, 0x20, 
0xF0, 0x20, 0xF4, 0x00, 0x86, 0x5F, 0x20, 0xF0, 0x20, 0xF4, 0x00, 0x16, 0xCF, 0x22, 0xF0, 0x20, 
0xF4, 0x00, 0x00, 0x95, 0x74, 0xF0, 0x20, 0xF4, 0x00, 0x00, 0x1F, 0xE2, 0xF0, 0x20, 0xF4, 0x00, 
0x00, 0x00, 0xA1, 0xF0, 0x00, 0x00, 0x0E, 0x7F, 0x0C, 0x00, 0x00, 0x00, 0x00, 0x00, 0x00, 0x90, 
0x81, 0x00, 0x00, 0x00, 0x00, 0x00, 0x00, 0x03, 0x69, 0x01, 0x00, 0x00, 0x00, 0x00, 0x00, 0x00, 
0x00, 0x00, 0x00, 0x00, 0x00, 0x00, 0x73, 0xE1, 0xF1, 0xD4, 0x4F, 0x00, 0x00, 0x68, 0xD1, 0x21, 
0x00, 0x34, 0xE6, 0x38, 0x00, 0xDA, 0x42, 0x00, 0x00, 0x00, 0x71, 0xA8, 0x10, 0xFE, 0x07, 0x00, 
0x00, 0x00, 0x33, 0xDE, 0x1E, 0xF6, 0x00, 0x00, 0x00, 0x00, 0x22, 0xED, 0x0E, 0xFF, 0x07, 0x00, 
0x00, 0x00, 0x32, 0xDC, 0x00, 0xD9, 0x43, 0x00, 0x00, 0x00, 0x6F, 0xA4, 0x00, 0x6A, 0xD2, 0x22, 
0x00, 0x35, 0xE7, 0x35, 0x00, 0x01, 0x75, 0xE3, 0xF0, 0xD5, 0x4F, 0x00, 0x00, 0x00, 0x00, 0x00, 
0x1C, 0x7B, 0x05, 0x00, 0x00, 0x00, 0x00, 0x00, 0x9E, 0x6D, 0x00, 0x00, 0x00, 0x00, 0x00, 0x08, 
0x60, 0x00, 0x00, 0x00, 0x00, 0x00, 0x00, 0x00, 0x00, 0x00, 0x00, 0x00, 0x00, 0x00, 0x73, 0xE1, 
0xF1, 0xD4, 0x4F, 0x00, 0x00, 0x68, 0xD1, 0x21, 0x00, 0x34, 0xE6, 0x38, 0x00, 0xDA, 0x42, 0x00, 
0x00, 0x00, 0x71, 0xA8, 0x10, 0xFE, 0x07, 0x00, 0x00, 0x00, 0x33, 0xDE, 0x1E, 0xF6, 0x00, 0x00, 
0x00, 0x00, 0x22, 0xED, 0x0E, 0xFF, 0x07, 0x00, 0x00, 0x00, 0x32, 0xDC, 0x00, 0xD9, 0x43, 0x00, 
0x00, 0x00, 0x6F, 0xA4, 0x00, 0x6A, 0xD2, 0x22, 0x00, 0x35, 0xE7, 0x35, 0x00, 0x01, 0x75, 0xE3, 
0xF0, 0xD5, 0x4F, 0x00, 0x00, 0x00, 0x00, 0x1F, 0x7F, 0x0A, 0x00, 0x00, 0x00, 0x00, 0x03, 0xBB, 
0xA7, 0x97, 0x00, 0x00, 0x00, 0x00, 0x29, 0x44, 0x00, 0x5E, 0x15, 0x00, 0x00, 0x00, 0x00, 0x00, 
0x00, 0x00, 0x00, 0x00, 0x00, 0x00, 0x73, 0xE1, 0xF1, 0xD4, 0x4F, 0x00, 0x00, 0x68, 0xD1, 0x21, 
0x00, 0x34, 0xE6, 0x38, 0x00, 0xDA, 0x42, 0x00, 0x00, 0x00, 0x71, 0xA8, 0x10, 0xFE, 0x07, 0x00, 
0x00, 0x00, 0x33, 0xDE, 0x1E, 0xF6, 0x00, 0x00, 0x00, 0x00, 0x22, 0xED, 0x0E, 0xFF, 0x07, 0x00, 
0x00, 0x00, 0x32, 0xDC, 0x00, 0xD9, 0x43, 0x00, 0x00, 0x00, 0x6F, 0xA4, 0x00, 0x6A, 0xD2, 0x22, 
0x00, 0x35, 0xE7, 0x35, 0x00, 0x01, 0x75, 0xE3, 0xF0, 0xD5, 0x4F, 0x00, 0x00, 0x00, 0x28, 0xE4, 
0x78, 0x4C, 0x50, 0x00, 0x00, 0x00, 0x7B, 0x29, 0x94, 0xD9, 0x0F, 0x00, 0x00, 0x00, 0x00, 0x00, 
0x00, 0x00, 0x00, 0x00, 0x00, 0x00, 0x73, 0xE1, 0xF1, 0xD4, 0x4F, 0x00, 0x00, 0x68, 0xD1, 0x21, 
0x00, 0x34, 0xE6, 0x38, 0x00, 0xDA, 0x42, 0x00, 0x00, 0x00, 0x71, 0xA8, 0x10, 0xFE, 0x07, 0x00, 
0x00, 0x00, 0x33, 0xDE, 0x1E, 0xF6, 0x00, 0x00, 0x00, 0x00, 0x22, 0xED, 0x0E, 0xFF, 0x07, 0x00, 
0x00, 0x00, 0x32, 0xDC, 0x00, 0xD9, 0x43, 0x00, 0x00, 0x00, 0x6F, 0xA4, 0x00, 0x6A, 0xD2, 0x22, 
0x00, 0x35, 0xE7, 0x35, 0x00, 0x01, 0x75, 0xE3, 0xF0, 0xD5, 0x4F, 0x00, 0x00, 0x00, 0x18, 0xB6, 
0x04, 0xCB, 0x02, 0x00, 0x00, 0x00, 0x00, 0x00, 0x00, 0x00, 0x00, 0x00, 0x00, 0x00, 0x00, 0x00, 
0x00, 0x00, 0x00, 0x00, 0x00, 0x00, 0x73, 0xE1, 0xF1, 0xD4, 0x4F, 0x00, 0x00, 0x68, 0xD1, 0x21, 
0x00, 0x34, 0xE6, 0x38, 0x00, 0xDA, 0x42, 0x00, 0x00, 0x00, 0x71, 0xA8, 0x10, 0xFE, 0x07, 0x00, 
0x00, 0x00, 0x33, 0xDE, 0x1E, 0xF6, 0x00, 0x00, 0x00, 0x00, 0x22, 0xED, 0x0E, 0xFF, 0x07, 0x00, 
0x00, 0x00, 0x32, 0xDC, 0x00, 0xD9, 0x43, 0x00, 0x00, 0x00, 0x6F, 0xA4, 0x00, 0x6A, 0xD2, 0x22, 
0x00, 0x35, 0xE7, 0x35, 0x00, 0x01, 0x75, 0xE3, 0xF0, 0xD5, 0x4F, 0x00, 0x00, 0x1E, 0x00, 0x00, 
0x05, 0x19, 0x17, 0xDB, 0x25, 0x01, 0x9F, 0x76, 0x00, 0x42, 0xD5, 0x8D, 0xA6, 0x01, 0x00, 0x00, 
0x9B, 0xF4, 0x10, 0x00, 0x00, 0x4A, 0xD1, 0x88, 0xB1, 0x03, 0x15, 0xDC, 0x20, 0x00, 0x9B, 0x76, 
0x00, 0x16, 0x00, 0x00, 0x04, 0x13, 0x00, 0x00, 0x00, 0x00, 0x00, 0x00, 0x10, 0x03, 0x00, 0x00, 
0x73, 0xE1, 0xF1, 0xD4, 0xC7, 0x40, 0x00, 0x68, 0xD1, 0x21, 0x00, 0x74, 0xFF, 0x39, 0x00, 0xDA, 
0x42, 0x00, 0x08, 0xD1, 0x8C, 0xA8, 0x10, 0xFE, 0x07, 0x00, 0x80, 0x77, 0x32, 0xDE, 0x1E, 0xF6, 
0x00, 0x22, 0xCE, 0x05, 0x22, 0xED, 0x0E, 0xFE, 0x08, 0xB5, 0x42, 0x00, 0x32, 0xDC, 0x00, 0xDA, 
0x94, 0xA8, 0x00, 0x00, 0x6F, 0xA4, 0x00, 0x6D, 0xFF, 0x3D, 0x00, 0x35, 0xE6, 0x33, 0x00, 0x81, 
0xB0, 0xE1, 0xF0, 0xD6, 0x4F, 0x00, 0x00, 0x0F, 0x03, 0x00, 0x00, 0x00, 0x00, 0x00, 0x00, 0x00, 
0x70, 0xBD, 0x00, 0x00, 0x00, 0x00, 0x00, 0x01, 0x9F, 0x4E, 0x00, 0x00, 0x00, 0x00, 0x00, 0x00, 
0x00, 0x00, 0x00, 0x20, 0xF4, 0x00, 0x00, 0x00, 0x20, 0xF0, 0x20, 0xF4, 0x00, 0x00, 0x00, 0x20, 
0xF0, 0x20, 0xF4, 0x00, 0x00, 0x00, 0x20, 0xF0, 0x20, 0xF4, 0x00, 0x00, 0x00, 0x20, 0xF0, 0x20, 
0xF4, 0x00, 0x00, 0x00, 0x20, 0xF0, 0x1F, 0xF4, 0x00, 0x00, 0x00, 0x21, 0xF0, 0x0D, 0xFD, 0x0B, 
0x00, 0x00, 0x38, 0xDC, 0x00, 0xBA, 0x8C, 0x06, 0x0A, 0xB1, 0x89, 0x00, 0x1B, 0xB6, 0xF0, 0xEB, 
0x99, 0x08, 0x00, 0x00, 0x00, 0x03, 0xD3, 0x58, 0x00, 0x00, 0x00, 0x00, 0x66, 0x84, 0x00, 0x00, 
0x00, 0x00, 0x00, 0x00, 0x00, 0x00, 0x00, 0x20, 0xF4, 0x00, 0x00, 0x00, 0x20, 0xF0, 0x20, 0xF4, 
0x00, 0x00, 0x00, 0x20, 0xF0, 0x20, 0xF4, 0x00, 0x00, 0x00, 0x20, 0xF0, 0x20, 0xF4, 0x00, 0x00, 
0x00, 0x20, 0xF0, 0x20, 0xF4, 0x00, 0x00, 0x00, 0x20, 0xF0, 0x1F, 0xF4, 0x00, 0x00, 0x00, 0x21, 
0xF0, 0x0D, 0xFD, 0x0B, 0x00, 0x00, 0x38, 0xDC, 0x00, 0xBA, 0x8C, 0x06, 0x0A, 0xB1, 0x89, 0x00, 
0x1B, 0xB6, 0xF0, 0xEB, 0x99, 0x08, 0x00, 0x00, 0x0E, 0xDD, 0xBE, 0x02, 0x00, 0x00, 0x00, 0xA1, 
0x53, 0x7D, 0x7A, 0x00, 0x00, 0x00, 0x00, 0x00, 0x00, 0x00, 0x00, 0x20, 0xF4, 0x00, 0x00, 0x00, 
0x20, 0xF0, 0x20, 0xF4, 0x00, 0x00, 0x00, 0x20, 0xF0, 0x20, 0xF4, 0x00, 0x00, 0x00, 0x20, 0xF0, 
0x20, 0xF4, 0x00, 0x00, 0x00, 0x20, 0xF0, 0x20, 0xF4, 0x00, 0x00, 0x00, 0x20, 0xF0, 0x1F, 0xF4, 
0x00, 0x00, 0x00, 0x21, 0xF0, 0x0D, 0xFD, 0x0B, 0x00, 0x00, 0x38, 0xDC, 0x00, 0xBA, 0x8C, 0x06, 
0x0A, 0xB1, 0x89, 0x00, 0x1B, 0xB6, 0xF0, 0xEB, 0x99, 0x08, 0x00, 0x00, 0x55, 0x78, 0x38, 0x96, 
0x00, 0x00, 0x00, 0x00, 0x00, 0x00, 0x00, 0x00, 0x00, 0x00, 0x00, 0x00, 0x00, 0x00, 0x00, 0x20, 
0xF4, 0x00, 0x00, 0x00, 0x20, 0xF0, 0x20, 0xF4, 0x00, 0x00, 0x00, 0x20, 0xF0, 0x20, 0xF4, 0x00, 
0x00, 0x00, 0x20, 0xF0, 0x20, 0xF4, 0x00, 0x00, 0x00, 0x20, 0xF0, 0x20, 0xF4, 0x00, 0x00, 0x00, 
0x20, 0xF0, 0x1F, 0xF4, 0x00, 0x00, 0x00, 0x21, 0xF0, 0x0D, 0xFD, 0x0B, 0x00, 0x00, 0x38, 0xDC, 
0x00, 0xBA, 0x8C, 0x06, 0x0A, 0xB1, 0x89, 0x00, 0x1B, 0xB6, 0xF0, 0xEB, 0x99, 0x08, 0x00, 0x00, 
0x00, 0x59, 0xDA, 0x0D, 0x00, 0x00, 0x00, 0x0C, 0xC8, 0x23, 0x00, 0x00, 0x00, 0x00, 0x00, 0x00, 
0x00, 0x00, 0x00, 0x91, 0x93, 0x00, 0x00, 0x00, 0xBF, 0x65, 0x1E, 0xEF, 0x13, 0x00, 0x36, 0xE2, 
0x06, 0x00, 0x9B, 0x7D, 0x00, 0xAB, 0x6D, 0x00, 0x00, 0x23, 0xE6, 0x2E, 0xE4, 0x09, 0x00, 0x00, 
0x00, 0xA4, 0xE3, 0x72, 0x00, 0x00, 0x00, 0x00, 0x34, 0xFA, 0x0B, 0x00, 0x00, 0x00, 0x00, 0x20, 
0xF4, 0x00, 0x00, 0x00, 0x00, 0x00, 0x20, 0xF4, 0x00, 0x00, 0x00, 0x00, 0x00, 0x20, 0xF4, 0x00, 
0x00, 0x00, 0x00, 0x57, 0xDD, 0xF1, 0xD7, 0x4A, 0x00, 0x09, 0xF6, 0x3E, 0x00, 0x52, 0xE1, 0x00, 
0x1F, 0xF5, 0x00, 0x00, 0x4E, 0xCF, 0x00, 0x20, 0xF4, 0x00, 0x33, 0xDF, 0x31, 0x00, 0x20, 0xF4, 
0x00, 0x9F, 0x6D, 0x00, 0x00, 0x20, 0xF4, 0x00, 0x53, 0xE4, 0x36, 0x00, 0x20, 0xF4, 0x00, 0x00, 
0x45, 0xE2, 0x4E, 0x20, 0xF4, 0x00, 0x00, 0x00, 0x40, 0xDE, 0x20, 0xF4, 0x0D, 0x30, 0x00, 0x4E, 
0xDA, 0x20, 0xF4, 0x10, 0xD0, 0xF1, 0xDD, 0x48, 0x00, 0x0B, 0xDD, 0x5D, 0x00, 0x00, 0x00, 0x00, 
0x2C, 0xD2, 0x0B, 0x00, 0x00, 0x00, 0x00, 0x19, 0x0B, 0x00, 0x00, 0x36, 0xCC, 0xF0, 0xE4, 0x4C, 
0x00, 0x1E, 0x38, 0x00, 0x65, 0xD6, 0x00, 0x00, 0x00, 0x00, 0x23, 0xEF, 0x00, 0x45, 0xBD, 0xCB, 
0xD0, 0xF0, 0x0B, 0xF4, 0x36, 0x00, 0x25, 0xF0, 0x15, 0xFB, 0x1F, 0x06, 0x8A, 0xF0, 0x00, 0x84, 
0xF3, 0xE3, 0x5A, 0xDE, 0x00, 0x00, 0x00, 0x23, 0xF6, 0x31, 0x00, 0x00, 0x00, 0xAD, 0x61, 0x00, 
0x00, 0x00, 0x00, 0x24, 0x00, 0x00, 0x00, 0x36, 0xCC, 0xF0, 0xE4, 0x4C, 0x00, 0x1C, 0x34, 0x00, 
0x60, 0xD6, 0x00, 0x00, 0x00, 0x00, 0x23, 0xEF, 0x00, 0x51, 0xCF, 0xF1, 0xF2, 0xF0, 0x0D, 0xF7, 
0x46, 0x02, 0x24, 0xF0, 0x13, 0xFB, 0x1C, 0x05, 0x88, 0xF0, 0x00, 0x82, 0xF3, 0xE3, 0x5E, 0xE0, 
0x00, 0x00, 0x46, 0xFF, 0x71, 0x00, 0x00, 0x17, 0xCE, 0x3D, 0xCB, 0x36, 0x00, 0x11, 0x13, 0x00, 
0x0C, 0x1B, 0x00, 0x36, 0xCC, 0xF0, 0xE4, 0x4C, 0x00, 0x1C, 0x34, 0x00, 0x60, 0xD6, 0x00, 0x00, 
0x00, 0x00, 0x23, 0xEF, 0x00, 0x51, 0xCF, 0xF1, 0xF2, 0xF0, 0x0D, 0xF7, 0x46, 0x02, 0x24, 0xF0, 
0x13, 0xFB, 0x1C, 0x05, 0x88, 0xF0, 0x00, 0x82, 0xF3, 0xE3, 0x5E, 0xE0, 0x00, 0x47, 0xE5, 0xF1, 
0xEC, 0x73, 0x00, 0x00, 0x00, 0x00, 0x00, 0x00, 0x00, 0x36, 0xCC, 0xF0, 0xE4, 0x4C, 0x00, 0x1C, 
0x34, 0x00, 0x60, 0xD6, 0x00, 0x00, 0x00, 0x00, 0x23, 0xEF, 0x00, 0x51, 0xCF, 0xF1, 0xF2, 0xF0, 
0x0D, 0xF7, 0x46, 0x02, 0x24, 0xF0, 0x13, 0xFB, 0x1C, 0x05, 0x88, 0xF0, 0x00, 0x82, 0xF3, 0xE3, 
0x5E, 0xE0, 0x00, 0x4B, 0x85, 0x2E, 0xA2, 0x00, 0x00, 0x00, 0x00, 0x00, 0x00, 0x00, 0x00, 0x36, 
0xCC, 0xF0, 0xE4, 0x4C, 0x00, 0x1C, 0x34, 0x00, 0x60, 0xD6, 0x00, 0x00, 0x00, 0x00, 0x23, 0xEF, 
0x00, 0x51, 0xCF, 0xF1, 0xF2, 0xF0, 0x0D, 0xF7, 0x46, 0x02, 0x24, 0xF0, 0x13, 0xFB, 0x1C, 0x05, 
0x88, 0xF0, 0x00, 0x82, 0xF3, 0xE3, 0x5E, 0xE0, 0x00, 0x00, 0x9F, 0xF0, 0x81, 0x00, 0x00, 0x06, 
0xFA, 0x3D, 0xE8, 0x00, 0x00, 0x00, 0x9E, 0xF0, 0x80, 0x00, 0x00, 0x00, 0x00, 0x00, 0x00, 0x00, 
0x00, 0x36, 0xCC, 0xF0, 0xE4, 0x4C, 0x00, 0x1C, 0x34, 0x00, 0x60, 0xD6, 0x00, 0x00, 0x00, 0x00, 
0x23, 0xEF, 0x00, 0x51, 0xCF, 0xF1, 0xF2, 0xF0, 0x0D, 0xF7, 0x46, 0x02, 0x24, 0xF0, 0x13, 0xFB, 
0x1C, 0x05, 0x88, 0xF0, 0x00, 0x80, 0xF3, 0xE4, 0x5F, 0xD8, 0x00, 0x4D, 0xD5, 0xF1, 0xD7, 0x3E, 
0xBE, 0xF4, 0xBB, 0x12, 0x00, 0x2B, 0x27, 0x00, 0x69, 0xFD, 0x68, 0x01, 0x8F, 0x98, 0x00, 0x00, 
0x00, 0x00, 0x23, 0xFA, 0x03, 0x00, 0x2E, 0xE0, 0x00, 0x51, 0xD0, 0xF2, 0xF2, 0xFF, 0xF0, 0xF0, 
0xF1, 0xE9, 0x0D, 0xF8, 0x46, 0x02, 0x24, 0xF9, 0x03, 0x00, 0x00, 0x00, 0x14, 0xFB, 0x1C, 0x06, 
0x8C, 0xE9, 0x6D, 0x01, 0x07, 0x28, 0x00, 0x80, 0xF1, 0xE8, 0x7F, 0x1B, 0xBC, 0xF2, 0xE9, 0x78, 
0x00, 0x19, 0xB5, 0xF0, 0xEB, 0x48, 0x00, 0xB6, 0x8C, 0x03, 0x10, 0x0D, 0x0B, 0xFC, 0x11, 0x00, 
0x00, 0x00, 0x1E, 0xF7, 0x00, 0x00, 0x00, 0x00, 0x0C, 0xFE, 0x12, 0x00, 0x00, 0x00, 0x00, 0xBF, 
0x89, 0x02, 0x0C, 0x19, 0x00, 0x20, 0xBE, 0xF2, 0xEC, 0x47, 0x00, 0x00, 0x03, 0xD5, 0x32, 0x00, 
0x00, 0x00, 0x00, 0x32, 0xD4, 0x00, 0x00, 0x00, 0x7F, 0xEE, 0x7B, 0x00, 0x00, 0x13, 0xEA, 0x34, 
0x00, 0x00, 0x00, 0x00, 0x45, 0xB8, 0x00, 0x00, 0x00, 0x00, 0x00, 0x21, 0x01, 0x00, 0x00, 0x1D, 
0xC4, 0xF2, 0xBF, 0x15, 0x00, 0xB6, 0x7C, 0x00, 0x89, 0x9C, 0x0B, 0xFC, 0x0D, 0x00, 0x2D, 0xE1, 
0x1E, 0xFF, 0xF0, 0xF0, 0xF1, 0xE9, 0x0B, 0xFA, 0x06, 0x00, 0x00, 0x00, 0x00, 0xB6, 0x7C, 0x02, 
0x06, 0x28, 0x00, 0x19, 0xB7, 0xF2, 0xEA, 0x78, 0x00, 0x00, 0x00, 0x51, 0xDD, 0x08, 0x00, 0x00, 
0x04, 0xC8, 0x30, 0x00, 0x00, 0x00, 0x06, 0x1B, 0x00, 0x00, 0x00, 0x1D, 0xC4, 0xF2, 0xBF, 0x15, 
0x00, 0xB6, 0x7C, 0x00, 0x89, 0x9C, 0x0B, 0xFC, 0x0D, 0x00, 0x2D, 0xE1, 0x1E, 0xFF, 0xF0, 0xF0, 
0xF1, 0xE9, 0x0B, 0xFA, 0x06, 0x00, 0x00, 0x00, 0x00, 0xB6, 0x7C, 0x02, 0x06, 0x28, 0x00, 0x19, 
0xB7, 0xF2, 0xEA, 0x78, 0x00, 0x00, 0x65, 0xFF, 0x3A, 0x00, 0x00, 0x22, 0xCB, 0x44, 0xC9, 0x0C, 
0x00, 0x15, 0x0F, 0x00, 0x16, 0x0D, 0x00, 0x1D, 0xC4, 0xF2, 0xBF, 0x15, 0x00, 0xB6, 0x7C, 0x00, 
0x89, 0x9C, 0x0B, 0xFC, 0x0D, 0x00, 0x2D, 0xE1, 0x1E, 0xFF, 0xF0, 0xF0, 0xF1, 0xE9, 0x0B, 0xFA, 
0x06, 0x00, 0x00, 0x00, 0x00, 0xB6, 0x7C, 0x02, 0x06, 0x28, 0x00, 0x19, 0xB7, 0xF2, 0xEA, 0x78, 
0x00, 0x40, 0x8F, 0x25, 0xA9, 0x00, 0x00, 0x00, 0x00, 0x00, 0x00, 0x00, 0x00, 0x1D, 0xC4, 0xF2, 
0xBF, 0x15, 0x00, 0xB6, 0x7C, 0x00, 0x89, 0x9C, 0x0B, 0xFC, 0x0D, 0x00, 0x2D, 0xE1, 0x1E, 0xFF, 
0xF0, 0xF0, 0xF1, 0xE9, 0x0B, 0xFA, 0x06, 0x00, 0x00, 0x00, 0x00, 0xB6, 0x7C, 0x02, 0x06, 0x28, 
0x00, 0x19, 0xB7, 0xF2, 0xEA, 0x78, 0x1E, 0xED, 0x33, 0x00, 0x00, 0x41, 0xC0, 0x03, 0x00, 0x00, 
0x0E, 0x02, 0x00, 0x20, 0xF4, 0x00, 0x00, 0x20, 0xF4, 0x00, 0x00, 0x20, 0xF4, 0x00, 0x00, 0x20, 
0xF4, 0x00, 0x00, 0x20, 0xF4, 0x00, 0x00, 0x20, 0xF4, 0x00, 0x00, 0x20, 0xF4, 0x00, 0x00, 0x4F, 
0xE1, 0x0F, 0x0A, 0xCC, 0x2C, 0x00, 0x03, 0x0B, 0x00, 0x00, 0x20, 0xF4, 0x00, 0x00, 0x20, 0xF4, 
0x00, 0x00, 0x20, 0xF4, 0x00, 0x00, 0x20, 0xF4, 0x00, 0x00, 0x20, 0xF4, 0x00, 0x00, 0x20, 0xF4, 
0x00, 0x00, 0x20, 0xF4, 0x00, 0x00, 0x00, 0x77, 0xFE, 0x49, 0x00, 0x37, 0xBE, 0x30, 0xCA, 0x1D, 
0x0B, 0x04, 0x00, 0x08, 0x08, 0x00, 0x20, 0xF4, 0x00, 0x00, 0x00, 0x20, 0xF4, 0x00, 0x00, 0x00, 
0x20, 0xF4, 0x00, 0x00, 0x00, 0x20, 0xF4, 0x00, 0x00, 0x00, 0x20, 0xF4, 0x00, 0x00, 0x00, 0x20, 
0xF4, 0x00, 0x00, 0x00, 0x20, 0xF4, 0x00, 0x00, 0x0D, 0xBF, 0x00, 0xCA, 0x07, 0x00, 0x00, 0x00, 
0x00, 0x00, 0x00, 0x20, 0xF4, 0x00, 0x00, 0x00, 0x20, 0xF4, 0x00, 0x00, 0x00, 0x20, 0xF4, 0x00, 
0x00, 0x00, 0x20, 0xF4, 0x00, 0x00, 0x00, 0x20, 0xF4, 0x00, 0x00, 0x00, 0x20, 0xF4, 0x00, 0x00, 
0x00, 0x20, 0xF4, 0x00, 0x00, 0x00, 0x5E, 0xEB, 0xF0, 0xE4, 0x30, 0x00, 0x00, 0x00, 0x00, 0x00, 
0x00, 0x20, 0xD3, 0x88, 0xEC, 0xE4, 0x49, 0x20, 0xFF, 0x73, 0x01, 0x67, 0xCF, 0x20, 0xFF, 0x0B, 
0x00, 0x23, 0xEE, 0x20, 0xF5, 0x00, 0x00, 0x20, 0xF0, 0x20, 0xF4, 0x00, 0x00, 0x20, 0xF0, 0x20, 
0xF4, 0x00, 0x00, 0x20, 0xF0, 0x20, 0xF4, 0x00, 0x00, 0x20, 0xF0, 0x00, 0x01, 0xBF, 0xA4, 0x00, 
0x00, 0x00, 0x00, 0x00, 0x12, 0xCD, 0x46, 0x00, 0x00, 0x00, 0x00, 0x00, 0x0C, 0x1B, 0x00, 0x00, 
0x00, 0x15, 0xAD, 0xEF, 0xEB, 0x8E, 0x04, 0x00, 0xB2, 0x93, 0x06, 0x0F, 0xBD, 0x7B, 0x0B, 0xFC, 
0x13, 0x00, 0x00, 0x3F, 0xD6, 0x1C, 0xF8, 0x00, 0x00, 0x00, 0x26, 0xEC, 0x08, 0xFB, 0x14, 0x00, 
0x00, 0x41, 0xD4, 0x00, 0xA8, 0x93, 0x05, 0x0E, 0xBA, 0x7C, 0x00, 0x0F, 0xA8, 0xEE, 0xE9, 0x8F, 
0x05, 0x00, 0x00, 0x00, 0x01, 0xC9, 0xA2, 0x00, 0x00, 0x00, 0x00, 0x67, 0xBA, 0x08, 0x00, 0x00, 
0x00, 0x00, 0x21, 0x06, 0x00, 0x00, 0x00, 0x15, 0xAD, 0xEF, 0xEB, 0x8E, 0x04, 0x00, 0xB2, 0x93, 
0x06, 0x0F, 0xBD, 0x7B, 0x0B, 0xFC, 0x13, 0x00, 0x00, 0x3F, 0xD6, 0x1C, 0xF8, 0x00, 0x00, 0x00, 
0x26, 0xEC, 0x08, 0xFB, 0x14, 0x00, 0x00, 0x41, 0xD4, 0x00, 0xA8, 0x93, 0x05, 0x0E, 0xBA, 0x7C, 
0x00, 0x0F, 0xA8, 0xEE, 0xE9, 0x8F, 0x05, 0x00, 0x00, 0x1D, 0xEF, 0xCE, 0x06, 0x00, 0x00, 0x09, 
0xC3, 0x5A, 0x8C, 0x9E, 0x01, 0x00, 0x0C, 0x1C, 0x00, 0x00, 0x25, 0x03, 0x00, 0x15, 0xAD, 0xEF, 
0xEB, 0x8E, 0x04, 0x00, 0xB2, 0x93, 0x06, 0x0F, 0xBD, 0x7B, 0x0B, 0xFC, 0x13, 0x00, 0x00, 0x3F, 
0xD6, 0x1C, 0xF8, 0x00, 0x00, 0x00, 0x26, 0xEC, 0x08, 0xFB, 0x14, 0x00, 0x00, 0x41, 0xD4, 0x00, 
0xA8, 0x93, 0x05, 0x0E, 0xBA, 0x7C, 0x00, 0x0F, 0xA8, 0xEE, 0xE9, 0x8F, 0x05, 0x00, 0x2A, 0xD9, 
0xF1, 0xF1, 0xCA, 0x0F, 0x00, 0x00, 0x00, 0x00, 0x00, 0x00, 0x00, 0x00, 0x15, 0xAD, 0xEF, 0xEB, 
0x8E, 0x04, 0x00, 0xB2, 0x93, 0x06, 0x0F, 0xBD, 0x7B, 0x0B, 0xFC, 0x13, 0x00, 0x00, 0x3F, 0xD6, 
0x1C, 0xF8, 0x00, 0x00, 0x00, 0x26, 0xEC, 0x08, 0xFB, 0x14, 0x00, 0x00, 0x41, 0xD4, 0x00, 0xA8, 
0x93, 0x05, 0x0E, 0xBA, 0x7C, 0x00, 0x0F, 0xA8, 0xEE, 0xE9, 0x8F, 0x05, 0x00, 0x18, 0xB7, 0x05, 
0xCA, 0x01, 0x00, 0x00, 0x00, 0x00, 0x00, 0x00, 0x00, 0x00, 0x00, 0x15, 0xAD, 0xEF, 0xEB, 0x8E, 
0x04, 0x00, 0xB2, 0x93, 0x06, 0x0F, 0xBD, 0x7B, 0x0B, 0xFC, 0x13, 0x00, 0x00, 0x3F, 0xD6, 0x1C, 
0xF8, 0x00, 0x00, 0x00, 0x26, 0xEC, 0x08, 0xFB, 0x14, 0x00, 0x00, 0x41, 0xD4, 0x00, 0xA8, 0x93, 
0x05, 0x0E, 0xBA, 0x7C, 0x00, 0x0F, 0xA8, 0xEE, 0xE9, 0x8F, 0x05, 0x00, 0x00, 0x12, 0xD4, 0x00, 
0x00, 0x00, 0x00, 0x0C, 0xAD, 0x00, 0x00, 0x00, 0x00, 0x00, 0x00, 0x00, 0x00, 0x22, 0xF0, 0xF0, 
0xF0, 0xF0, 0xEC, 0x00, 0x00, 0x0D, 0xAD, 0x00, 0x00, 0x00, 0x00, 0x12, 0xD3, 0x00, 0x00, 0x00, 
0x00, 0x00, 0x00, 0x00, 0x03, 0x0F, 0x00, 0x11, 0xA6, 0xEC, 0xEC, 0xC2, 0x81, 0x00, 0xAB, 0x93, 
0x06, 0x43, 0xFF, 0x80, 0x0B, 0xFC, 0x13, 0x0C, 0xD5, 0x70, 0xD6, 0x1C, 0xF6, 0x00, 0xA0, 0x79, 
0x24, 0xEE, 0x08, 0xFA, 0x6B, 0xBF, 0x02, 0x41, 0xD6, 0x00, 0xAC, 0xF9, 0x23, 0x0E, 0xBA, 0x7C, 
0x00, 0xAA, 0xC0, 0xF1, 0xE9, 0x8E, 0x05, 0x00, 0x16, 0x00, 0x00, 0x00, 0x00, 0x00, 0x00, 0x0E, 
0xE2, 0x3E, 0x00, 0x00, 0x00, 0x00, 0x35, 0xBD, 0x01, 0x00, 0x00, 0x00, 0x00, 0x0D, 0x01, 0x00, 
0x20, 0xF4, 0x00, 0x00, 0x20, 0xF0, 0x20, 0xF4, 0x00, 0x00, 0x20, 0xF0, 0x20, 0xF4, 0x00, 0x00, 
0x20, 0xF0, 0x20, 0xF4, 0x00, 0x00, 0x21, 0xF0, 0x1F, 0xF7, 0x00, 0x00, 0x34, 0xF0, 0x09, 0xF9, 
0x3C, 0x03, 0x96, 0xF0, 0x00, 0x71, 0xF0, 0xE6, 0x6C, 0xEB, 0x00, 0x00, 0x00, 0x50, 0xD9, 0x09, 
0x00, 0x00, 0x05, 0xC3, 0x2B, 0x00, 0x00, 0x00, 0x02, 0x0C, 0x00, 0x00, 0x20, 0xF4, 0x00, 0x00, 
0x20, 0xF0, 0x20, 0xF4, 0x00, 0x00, 0x20, 0xF0, 0x20, 0xF4, 0x00, 0x00, 0x20, 0xF0, 0x20, 0xF4, 
0x00, 0x00, 0x21, 0xF0, 0x1F, 0xF7, 0x00, 0x00, 0x34, 0xF0, 0x09, 0xF9, 0x3C, 0x03, 0x96, 0xF0, 
0x00, 0x71, 0xF0, 0xE6, 0x6C, 0xEB, 0x00, 0x00, 0x63, 0xFD, 0x43, 0x00, 0x00, 0x25, 0xC4, 0x33, 
0xC9, 0x15, 0x00, 0x09, 0x06, 0x00, 0x09, 0x07, 0x20, 0xF4, 0x00, 0x00, 0x20, 0xF0, 0x20, 0xF4, 
0x00, 0x00, 0x20, 0xF0, 0x20, 0xF4, 0x00, 0x00, 0x20, 0xF0, 0x20, 0xF4, 0x00, 0x00, 0x21, 0xF0, 
0x1F, 0xF7, 0x00, 0x00, 0x34, 0xF0, 0x09, 0xF9, 0x3C, 0x03, 0x96, 0xF0, 0x00, 0x71, 0xF0, 0xE6, 
0x6C, 0xEB, 0x00, 0x0B, 0xC4, 0x00, 0xC4, 0x0B, 0x00, 0x00, 0x00, 0x00, 0x00, 0x00, 0x20, 0xF4, 
0x00, 0x00, 0x20, 0xF0, 0x20, 0xF4, 0x00, 0x00, 0x20, 0xF0, 0x20, 0xF4, 0x00, 0x00, 0x20, 0xF0, 
0x20, 0xF4, 0x00, 0x00, 0x21, 0xF0, 0x1F, 0xF7, 0x00, 0x00, 0x34, 0xF0, 0x09, 0xF9, 0x3C, 0x03, 
0x96, 0xF0, 0x00, 0x71, 0xF0, 0xE6, 0x6C, 0xEB, 0x00, 0x00, 0x03, 0xD4, 0x68, 0x00, 0x00, 0x00, 
0x68, 0x95, 0x00, 0x00, 0x00, 0x00, 0x0D, 0x01, 0x00, 0x00, 0xCF, 0x4E, 0x00, 0x00, 0x7E, 0xA6, 
0x75, 0xA2, 0x00, 0x00, 0xCD, 0x51, 0x1D, 0xED, 0x06, 0x1B, 0xF2, 0x09, 0x00, 0xC1, 0x48, 0x6A, 
0xA7, 0x00, 0x00, 0x66, 0x9A, 0xB5, 0x51, 0x00, 0x00, 0x13, 0xD9, 0xE6, 0x09, 0x00, 0x00, 0x00, 
0xB3, 0xA8, 0x00, 0x00, 0x00, 0x00, 0xC0, 0x53, 0x00, 0x00, 0x00, 0x3A, 0xE6, 0x07, 0x00, 0x00, 
0xCB, 0xE7, 0x47, 0x00, 0x00, 0x00, 0x00, 0x8C, 0x43, 0x70, 0x60, 0x00, 0x00, 0x00, 0x00, 0x00, 
0x00, 0x00, 0xCF, 0x4E, 0x00, 0x00, 0x7E, 0xA6, 0x75, 0xA2, 0x00, 0x00, 0xCD, 0x51, 0x1D, 0xED, 
0x06, 0x1B, 0xF2, 0x09, 0x00, 0xC1, 0x48, 0x6A, 0xA7, 0x00, 0x00, 0x66, 0x9A, 0xB5, 0x51, 0x00, 
0x00, 0x13, 0xD9, 0xE6, 0x09, 0x00, 0x00, 0x00, 0xB3, 0xA8, 0x00, 0x00, 0x00, 0x00, 0xC0, 0x53, 
0x00, 0x00, 0x00, 0x3A, 0xE6, 0x07, 0x00, 0x00, 0xCB, 0xE7, 0x47, 0x00, 0x00, 0x00, 0x00, 0x00, 
0xB4, 0x04, 0x4A, 0x77, 0x00, 0x00, 0x00, 0x00, 0x70, 0xEB, 0xC5, 0x13, 0x00, 0x00, 0x00, 0x00, 
0x00, 0x00, 0x00, 0x00, 0x00, 0x00, 0x00, 0x00, 0x02, 0xE3, 0x74, 0x00, 0x00, 0x00, 0x00, 0x00, 
0x3E, 0xCB, 0xCC, 0x00, 0x00, 0x00, 0x00, 0x00, 0x96, 0x63, 0xD2, 0x25, 0x00, 0x00, 0x00, 0x04, 
0xE4, 0x12, 0x7C, 0x7E, 0x00, 0x00, 0x00, 0x48, 0xB6, 0x00, 0x27, 0xD6, 0x00, 0x00, 0x00, 0xA1, 
0xF7, 0xEC, 0xEC, 0xFF, 0x2E, 0x00, 0x08, 0xED, 0x28, 0x1C, 0x1C, 0x8D, 0x86, 0x00, 0x52, 0xBA, 
0x00, 0x00, 0x00, 0x32, 0xDE, 0x01, 0xAC, 0x6A, 0x00, 0x00, 0x00, 0x01, 0xE1, 0x38, 0x00, 0x28, 
0x93, 0x01, 0x6B, 0x55, 0x00, 0x00, 0x9E, 0xEE, 0xAF, 0x06, 0x00, 0x00, 0x00, 0x00, 0x00, 0x00, 
0x00, 0x36, 0xCC, 0xF0, 0xE4, 0x4C, 0x00, 0x1E, 0x38, 0x00, 0x65, 0xD6, 0x00, 0x00, 0x00, 0x00, 
0x23, 0xEF, 0x00, 0x45, 0xBD, 0xCB, 0xD0, 0xF0, 0x0B, 0xF5, 0x3C, 0x00, 0x24, 0xF0, 0x15, 0xFA, 
0x0E, 0x00, 0x75, 0xF0, 0x00, 0x84, 0xDB, 0xC7, 0x71, 0xE2, 0x00, 0x00, 0x00, 0xD4, 0x88, 0x00, 
0x00, 0x00, 0x00, 0x00, 0x2E, 0xCF, 0xE2, 0x03, 0x00, 0x00, 0x00, 0x00, 0x86, 0x73, 0xC2, 0x47, 
0x00, 0x00, 0x00, 0x01, 0xDD, 0x1D, 0x6C, 0xA8, 0x00, 0x00, 0x00, 0x38, 0xC6, 0x00, 0x19, 0xF4, 
0x0E, 0x00, 0x00, 0x92, 0xF8, 0xEC, 0xEC, 0xFE, 0x64, 0x00, 0x03, 0xE6, 0x32, 0x1C, 0x1C, 0x7B, 
0xC4, 0x00, 0x42, 0xCA, 0x00, 0x00, 0x00, 0x16, 0xFB, 0x25, 0x9B, 0x7A, 0x00, 0x00, 0x00, 0x00, 
0xB4, 0x87, 0x00, 0x00, 0x00, 0x00, 0x00, 0x00, 0x94, 0x59, 0x00, 0x00, 0x00, 0x00, 0x00, 0x14, 
0xFB, 0x06, 0x00, 0x00, 0x00, 0x00, 0x00, 0x06, 0xCF, 0xF0, 0x00, 0x36, 0xCC, 0xF0, 0xE4, 0x4C, 
0x00, 0x00, 0x1C, 0x34, 0x00, 0x60, 0xD6, 0x00, 0x00, 0x00, 0x00, 0x00, 0x23, 0xEF, 0x00, 0x00, 
0x51, 0xCF, 0xF1, 0xF2, 0xF0, 0x00, 0x0D, 0xF7, 0x46, 0x02, 0x24, 0xF0, 0x00, 0x11, 0xFA, 0x1C, 
0x05, 0x88, 0xF0, 0x00, 0x00, 0x83, 0xF3, 0xE1, 0x6C, 0xF4, 0x01, 0x00, 0x00, 0x00, 0x00, 0x8A, 
0x8A, 0x02, 0x00, 0x00, 0x00, 0x13, 0xFA, 0x09, 0x00, 0x00, 0x00, 0x00, 0x04, 0xC1, 0xF5, 0x60, 
0x00, 0x00, 0x00, 0x00, 0x2D, 0xF2, 0x30, 0x00, 0x00, 0x00, 0x00, 0x02, 0xBF, 0x45, 0x00, 0x00, 
0x00, 0x00, 0x00, 0x00, 0x00, 0x00, 0x00, 0x00, 0x00, 0x00, 0x47, 0xC8, 0xF1, 0xF0, 0xC0, 0x0B, 
0x00, 0x45, 0xEB, 0x48, 0x02, 0x08, 0x3E, 0x00, 0x00, 0xCA, 0x5E, 0x00, 0x00, 0x00, 0x00, 0x00, 
0x0C, 0xFE, 0x0E, 0x00, 0x00, 0x00, 0x00, 0x00, 0x1E, 0xF6, 0x00, 0x00, 0x00, 0x00, 0x00, 0x00, 
0x0E, 0xFE, 0x0B, 0x00, 0x00, 0x00, 0x00, 0x00, 0x00, 0xD4, 0x55, 0x00, 0x00, 0x00, 0x00, 0x00, 
0x00, 0x58, 0xE5, 0x3E, 0x01, 0x02, 0x27, 0x00, 0x00, 0x00, 0x5E, 0xD5, 0xF4, 0xF1, 0xB1, 0x00, 
0x00, 0x00, 0x00, 0x2C, 0xF4, 0x29, 0x00, 0x00, 0x01, 0xB9, 0x52, 0x00, 0x00, 0x00, 0x03, 0x21, 
0x00, 0x00, 0x00, 0x19, 0xB5, 0xF0, 0xEB, 0x48, 0x00, 0xB6, 0x8A, 0x03, 0x10, 0x0C, 0x0B, 0xFC, 
0x11, 0x00, 0x00, 0x00, 0x1E, 0xF7, 0x00, 0x00, 0x00, 0x00, 0x0C, 0xFE, 0x12, 0x00, 0x00, 0x00, 
0x00, 0xBF, 0x89, 0x02, 0x0C, 0x19, 0x00, 0x20, 0xBE, 0xF1, 0xEA, 0x45, 0x00, 0x00, 0x35, 0xC2, 
0x1F, 0xB3, 0x4F, 0x00, 0x00, 0x00, 0x00, 0x5D, 0xF9, 0x74, 0x00, 0x00, 0x00, 0x00, 0x00, 0x00, 
0x00, 0x00, 0x00, 0x00, 0x00, 0x00, 0x47, 0xC8, 0xF1, 0xF0, 0xC0, 0x0B, 0x00, 0x45, 0xEB, 0x48, 
0x02, 0x08, 0x3E, 0x00, 0x00, 0xCA, 0x5E, 0x00, 0x00, 0x00, 0x00, 0x00, 0x0C, 0xFE, 0x0E, 0x00, 
0x00, 0x00, 0x00, 0x00, 0x1E, 0xF6, 0x00, 0x00, 0x00, 0x00, 0x00, 0x00, 0x0E, 0xFE, 0x0B, 0x00, 
0x00, 0x00, 0x00, 0x00, 0x00, 0xD4, 0x55, 0x00, 0x00, 0x00, 0x00, 0x00, 0x00, 0x58, 0xE5, 0x3E, 
0x01, 0x02, 0x27, 0x00, 0x00, 0x00, 0x5E, 0xD5, 0xF4, 0xF1, 0xB1, 0x00, 0x00, 0x3B, 0xBB, 0x14, 
0xB9, 0x46, 0x00, 0x00, 0x77, 0xF2, 0x7F, 0x00, 0x00, 0x00, 0x04, 0x2C, 0x05, 0x00, 0x00, 0x19, 
0xB5, 0xF0, 0xEB, 0x48, 0x00, 0xB6, 0x8A, 0x03, 0x10, 0x0C, 0x0B, 0xFC, 0x11, 0x00, 0x00, 0x00, 
0x1E, 0xF7, 0x00, 0x00, 0x00, 0x00, 0x0C, 0xFE, 0x12, 0x00, 0x00, 0x00, 0x00, 0xBF, 0x89, 0x02, 
0x0C, 0x19, 0x00, 0x20, 0xBE, 0xF1, 0xEA, 0x45, 0x00, 0x04, 0xB9, 0x31, 0xAC, 0x3C, 0x00, 0x00, 
0x00, 0x23, 0xF0, 0x7E, 0x00, 0x00, 0x00, 0x00, 0x00, 0x00, 0x00, 0x00, 0x00, 0x20, 0xFF, 0xF0, 
0xF1, 0xCB, 0x45, 0x00, 0x20, 0xF4, 0x00, 0x01, 0x46, 0xEB, 0x36, 0x20, 0xF4, 0x00, 0x00, 0x00, 
0x75, 0xAB, 0x20, 0xF4, 0x00, 0x00, 0x00, 0x32, 0xE0, 0x20, 0xF4, 0x00, 0x00, 0x00, 0x24, 0xED, 
0x20, 0xF4, 0x00, 0x00, 0x00, 0x37, 0xDB, 0x20, 0xF4, 0x00, 0x00, 0x00, 0x80, 0x9E, 0x20, 0xF4, 
0x00, 0x04, 0x58, 0xEC, 0x28, 0x20, 0xFF, 0xF0, 0xF2, 0xBF, 0x37, 0x00, 0x00, 0x00, 0x00, 0x00, 
0x20, 0xF0, 0x1B, 0xDB, 0x00, 0x00, 0x00, 0x00, 0x20, 0xF0, 0x4D, 0x74, 0x00, 0x00, 0x00, 0x00, 
0x20, 0xF0, 0x05, 0x02, 0x00, 0x32, 0xDB, 0xEC, 0x86, 0xF0, 0x00, 0x00, 0x00, 0xCA, 0x70, 0x02, 
0x92, 0xF0, 0x00, 0x00, 0x0D, 0xFE, 0x0D, 0x00, 0x35, 0xF0, 0x00, 0x00, 0x1E, 0xF6, 0x00, 0x00, 
0x21, 0xF0, 0x00, 0x00, 0x0D, 0xFF, 0x0B, 0x00, 0x2E, 0xF0, 0x00, 0x00, 0x00, 0xCE, 0x6D, 0x01, 
0x8A, 0xF0, 0x00, 0x00, 0x00, 0x34, 0xDC, 0xEB, 0x6F, 0xEB, 0x00, 0x00, 0x20, 0xFF, 0xF0, 0xF2, 
0xC7, 0x41, 0x00, 0x20, 0xF0, 0x00, 0x03, 0x4D, 0xEC, 0x31, 0x20, 0xF0, 0x00, 0x00, 0x00, 0x76, 
0xA8, 0x20, 0xF0, 0x00, 0x00, 0x00, 0x34, 0xE0, 0xF2, 0xFF, 0xF0, 0xF0, 0x00, 0x24, 0xED, 0x20, 
0xF0, 0x00, 0x00, 0x00, 0x37, 0xDB, 0x20, 0xF0, 0x00, 0x00, 0x00, 0x84, 0x9D, 0x20, 0xF0, 0x00, 
0x06, 0x5C, 0xEC, 0x27, 0x20, 0xFF, 0xF0, 0xF1, 0xBC, 0x34, 0x00, 0x00, 0x00, 0x00, 0x00, 0x20, 
0xF0, 0x00, 0x00, 0x00, 0x38, 0xF0, 0xF2, 0xFF, 0xC0, 0x00, 0x00, 0x00, 0x00, 0x20, 0xF0, 0x00, 
0x00, 0x33, 0xDB, 0xEC, 0x87, 0xF0, 0x00, 0x00, 0xCC, 0x6D, 0x02, 0x8F, 0xF0, 0x00, 0x0D, 0xFE, 
0x0C, 0x00, 0x34, 0xF0, 0x00, 0x1E, 0xF6, 0x00, 0x00, 0x21, 0xF0, 0x00, 0x0E, 0xFF, 0x0B, 0x00, 
0x2E, 0xF0, 0x00, 0x00, 0xCE, 0x6C, 0x01, 0x8A, 0xF0, 0x00, 0x00, 0x35, 0xDC, 0xEA, 0x6F, 0xEB, 
0x00, 0x20, 0xFF, 0xF0, 0xF0, 0xF0, 0xC3, 0x20, 0xF4, 0x00, 0x00, 0x00, 0x00, 0x20, 0xF4, 0x00, 
0x00, 0x00, 0x00, 0x20, 0xF4, 0x00, 0x00, 0x00, 0x00, 0x20, 0xFF, 0xF0, 0xF0, 0xF0, 0x92, 0x20, 
0xF4, 0x00, 0x00, 0x00, 0x00, 0x20, 0xF4, 0x00, 0x00, 0x00, 0x00, 0x20, 0xF4, 0x00, 0x00, 0x00, 
0x00, 0x20, 0xFF, 0xF0, 0xF0, 0xF0, 0xC3, 0x00, 0x00, 0x00, 0x00, 0x94, 0x51, 0x00, 0x00, 0x00, 
0x14, 0xF8, 0x04, 0x00, 0x00, 0x00, 0x06, 0xCF, 0xE7, 0x00, 0x1D, 0xC4, 0xF2, 0xBF, 0x15, 0x00, 
0xB6, 0x7C, 0x00, 0x89, 0x9C, 0x0B, 0xFC, 0x0D, 0x00, 0x2D, 0xE1, 0x1E, 0xFF, 0xF0, 0xF0, 0xF1, 
0xE9, 0x0B, 0xFA, 0x06, 0x00, 0x00, 0x00, 0x00, 0xB6, 0x7C, 0x02, 0x06, 0x28, 0x00, 0x19, 0xB7, 
0xF2, 0xFA, 0x91, 0x00, 0x00, 0x00, 0x10, 0xAC, 0x05, 0x00, 0x00, 0x00, 0x57, 0x7E, 0x00, 0x00, 
0x00, 0x00, 0x2B, 0xEC, 0x7E, 0x00, 0x6C, 0x94, 0x33, 0xC0, 0x0D, 0x00, 0x00, 0xA2, 0xED, 0x24, 
0x00, 0x00, 0x00, 0x00, 0x00, 0x00, 0x00, 0x20, 0xFF, 0xF0, 0xF0, 0xF0, 0x62, 0x20, 0xF4, 0x00, 
0x00, 0x00, 0x00, 0x20, 0xF4, 0x00, 0x00, 0x00, 0x00, 0x20, 0xF4, 0x00, 0x00, 0x00, 0x00, 0x20, 
0xFF, 0xF0, 0xF0, 0xF0, 0x30, 0x20, 0xF4, 0x00, 0x00, 0x00, 0x00, 0x20, 0xF4, 0x00, 0x00, 0x00, 
0x00, 0x20, 0xF4, 0x00, 0x00, 0x00, 0x00, 0x20, 0xFF, 0xF0, 0xF0, 0xF0, 0x62, 0x00, 0x39, 0xB6, 
0x1D, 0xC5, 0x1A, 0x00, 0x00, 0x82, 0xF2, 0x54, 0x00, 0x00, 0x00, 0x07, 0x2B, 0x00, 0x00, 0x00, 
0x1D, 0xC4, 0xF2, 0xBF, 0x15, 0x00, 0xB6, 0x7C, 0x00, 0x8C, 0x9C, 0x0B, 0xFC, 0x0D, 0x00, 0x2E, 
0xE2, 0x1E, 0xFF, 0xE8, 0xE8, 0xEA, 0xE5, 0x0B, 0xFA, 0x06, 0x00, 0x00, 0x00, 0x00, 0xB6, 0x7D, 
0x02, 0x06, 0x28, 0x00, 0x19, 0xB7, 0xF2, 0xEA, 0x78, 0x20, 0xF4, 0x20, 0xF4, 0x20, 0xF4, 0x20, 
0xF4, 0x20, 0xF4, 0x20, 0xF4, 0x20, 0xF4, 0x00, 0x59, 0xD9, 0x0C, 0x00, 0x00, 0x0E, 0xC6, 0x21, 
0x00, 0x00, 0x00, 0x00, 0x00, 0x00, 0x00, 0x00, 0x00, 0x20, 0xF4, 0x00, 0x00, 0x00, 0x00, 0x20, 
0xF4, 0x00, 0x00, 0x00, 0x00, 0x20, 0xF4, 0x00, 0x00, 0x00, 0x00, 0x20, 0xF4, 0x00, 0x00, 0x00, 
0x00, 0x20, 0xF4, 0x00, 0x00, 0x00, 0x00, 0x20, 0xF4, 0x00, 0x00, 0x00, 0x00, 0x20, 0xF4, 0x00, 
0x00, 0x00, 0x00, 0x20, 0xF4, 0x08, 0x08, 0x08, 0x04, 0x20, 0xFF, 0xFF, 0xFF, 0xFF, 0x74, 0x00, 
0x17, 0x7F, 0x0F, 0x00, 0xA0, 0x84, 0x00, 0x0C, 0x65, 0x00, 0x00, 0x20, 0xF4, 0x00, 0x00, 0x20, 
0xF4, 0x00, 0x00, 0x20, 0xF4, 0x00, 0x00, 0x20, 0xF4, 0x00, 0x00, 0x20, 0xF4, 0x00, 0x00, 0x20, 
0xF4, 0x00, 0x00, 0x20, 0xF4, 0x00, 0x00, 0x20, 0xF4, 0x00, 0x00, 0x20, 0xF4, 0x00, 0x00, 0x20, 
0xF4, 0x00, 0x00, 0x20, 0xF4, 0x00, 0x00, 0x84, 0x74, 0x20, 0xF4, 0x00, 0x00, 0xAB, 0x16, 0x20, 
0xF4, 0x00, 0x00, 0x07, 0x00, 0x20, 0xF4, 0x00, 0x00, 0x00, 0x00, 0x20, 0xF4, 0x00, 0x00, 0x00, 
0x00, 0x20, 0xF4, 0x00, 0x00, 0x00, 0x00, 0x20, 0xF4, 0x00, 0x00, 0x00, 0x00, 0x20, 0xF4, 0x08, 
0x08, 0x08, 0x04, 0x20, 0xFF, 0xFF, 0xFF, 0xFF, 0x74, 0x20, 0xF4, 0x4A, 0xAF, 0x20, 0xF4, 0x7C, 
0x46, 0x20, 0xF4, 0x07, 0x00, 0x20, 0xF4, 0x00, 0x00, 0x20, 0xF4, 0x00, 0x00, 0x20, 0xF4, 0x00, 
0x00, 0x20, 0xF4, 0x00, 0x00, 0x20, 0xF4, 0x00, 0x00, 0x20, 0xF4, 0x00, 0x00, 0x20, 0xF4, 0x00, 
0x00, 0x00, 0x20, 0xF4, 0x00, 0x00, 0x00, 0x00, 0x00, 0x20, 0xF4, 0x00, 0x00, 0x00, 0x00, 0x00, 
0x20, 0xF4, 0x00, 0x00, 0x00, 0x00, 0x00, 0x20, 0xF4, 0x36, 0x80, 0x00, 0x00, 0x00, 0x25, 0xFE, 
0xCF, 0x34, 0x00, 0x00, 0x02, 0xD0, 0xF6, 0x06, 0x00, 0x00, 0x00, 0x00, 0x2D, 0xF4, 0x00, 0x00, 
0x00, 0x00, 0x00, 0x20, 0xF4, 0x08, 0x08, 0x08, 0x04, 0x00, 0x20, 0xFF, 0xFF, 0xFF, 0xFF, 0x78, 
0x00, 0x20, 0xF4, 0x00, 0x00, 0x00, 0x20, 0xF4, 0x00, 0x00, 0x00, 0x20, 0xF4, 0x00, 0x00, 0x00, 
0x20, 0xF4, 0x06, 0x00, 0x00, 0x20, 0xFB, 0xC9, 0x02, 0x03, 0x94, 0xFA, 0x23, 0x00, 0x01, 0x81, 
0xF4, 0x00, 0x00, 0x00, 0x20, 0xF4, 0x00, 0x00, 0x00, 0x20, 0xF4, 0x00, 0x00, 0x00, 0x20, 0xF4, 
0x00, 0x00, 0x00, 0x00, 0x00, 0x03, 0xD8, 0x36, 0x00, 0x00, 0x00, 0x00, 0x60, 0x75, 0x00, 0x00, 
0x00, 0x00, 0x00, 0x00, 0x00, 0x00, 0x00, 0x20, 0xFF, 0x76, 0x00, 0x00, 0x20, 0xF0, 0x20, 0xF9, 
0xD1, 0x08, 0x00, 0x20, 0xF0, 0x20, 0xF4, 0x7A, 0x6A, 0x00, 0x20, 0xF0, 0x20, 0xF4, 0x0F, 0xD1, 
0x05, 0x20, 0xF0, 0x20, 0xF4, 0x00, 0x86, 0x5F, 0x20, 0xF0, 0x20, 0xF4, 0x00, 0x16, 0xCF, 0x22, 
0xF0, 0x20, 0xF4, 0x00, 0x00, 0x95, 0x74, 0xF0, 0x20, 0xF4, 0x00, 0x00, 0x1F, 0xE2, 0xF0, 0x20, 
0xF4, 0x00, 0x00, 0x00, 0xA1, 0xF0, 0x00, 0x00, 0x00, 0x59, 0xD7, 0x05, 0x00, 0x00, 0x05, 0xC8, 
0x2B, 0x00, 0x00, 0x00, 0x07, 0x1A, 0x00, 0x00, 0x20, 0xD3, 0x88, 0xEC, 0xE4, 0x49, 0x20, 0xFF, 
0x73, 0x01, 0x67, 0xCF, 0x20, 0xFF, 0x0B, 0x00, 0x23, 0xEE, 0x20, 0xF5, 0x00, 0x00, 0x20, 0xF0, 
0x20, 0xF4, 0x00, 0x00, 0x20, 0xF0, 0x20, 0xF4, 0x00, 0x00, 0x20, 0xF0, 0x20, 0xF4, 0x00, 0x00, 
0x20, 0xF0, 0x00, 0x00, 0x7E, 0x5D, 0x85, 0x56, 0x00, 0x00, 0x00, 0x05, 0xCD, 0xA9, 0x00, 0x00, 
0x00, 0x00, 0x00, 0x00, 0x00, 0x00, 0x00, 0x20, 0xFF, 0x76, 0x00, 0x00, 0x20, 0xF0, 0x20, 0xF9, 
0xD1, 0x08, 0x00, 0x20, 0xF0, 0x20, 0xF4, 0x7A, 0x6A, 0x00, 0x20, 0xF0, 0x20, 0xF4, 0x0F, 0xD1, 
0x05, 0x20, 0xF0, 0x20, 0xF4, 0x00, 0x86, 0x5F, 0x20, 0xF0, 0x20, 0xF4, 0x00, 0x16, 0xCF, 0x22, 
0xF0, 0x20, 0xF4, 0x00, 0x00, 0x95, 0x74, 0xF0, 0x20, 0xF4, 0x00, 0x00, 0x1F, 0xE2, 0xF0, 0x20, 
0xF4, 0x00, 0x00, 0x00, 0xA1, 0xF0, 0x00, 0x40, 0xB4, 0x1F, 0xC7, 0x19, 0x00, 0x00, 0x88, 0xF3, 
0x4E, 0x00, 0x00, 0x00, 0x07, 0x2A, 0x00, 0x00, 0x20, 0xD3, 0x88, 0xEC, 0xE4, 0x49, 0x20, 0xFF, 
0x73, 0x01, 0x67, 0xCF, 0x20, 0xFF, 0x0B, 0x00, 0x23, 0xEE, 0x20, 0xF5, 0x00, 0x00, 0x20, 0xF0, 
0x20, 0xF4, 0x00, 0x00, 0x20, 0xF0, 0x20, 0xF4, 0x00, 0x00, 0x20, 0xF0, 0x20, 0xF4, 0x00, 0x00, 
0x20, 0xF0, 0x00, 0x00, 0x00, 0x07, 0x06, 0x09, 0x04, 0x00, 0x00, 0x00, 0x02, 0xD6, 0x40, 0xE0, 
0x25, 0x00, 0x00, 0x00, 0x56, 0x78, 0x6F, 0x5E, 0x00, 0x00, 0x00, 0x00, 0x00, 0x00, 0x00, 0x00, 
0x00, 0x00, 0x00, 0x00, 0x73, 0xE1, 0xF1, 0xD4, 0x4F, 0x00, 0x00, 0x68, 0xD1, 0x21, 0x00, 0x34, 
0xE6, 0x38, 0x00, 0xDA, 0x42, 0x00, 0x00, 0x00, 0x71, 0xA8, 0x10, 0xFE, 0x07, 0x00, 0x00, 0x00, 
0x33, 0xDE, 0x1E, 0xF6, 0x00, 0x00, 0x00, 0x00, 0x22, 0xED, 0x0E, 0xFF, 0x07, 0x00, 0x00, 0x00, 
0x32, 0xDC, 0x00, 0xD9, 0x43, 0x00, 0x00, 0x00, 0x6F, 0xA4, 0x00, 0x6A, 0xD2, 0x22, 0x00, 0x35, 
0xE7, 0x35, 0x00, 0x01, 0x75, 0xE3, 0xF0, 0xD5, 0x4F, 0x00, 0x00, 0x00, 0x92, 0xB2, 0x52, 0xDE, 
0x0D, 0x00, 0x26, 0xC2, 0x16, 0xC7, 0x28, 0x00, 0x00, 0x05, 0x03, 0x02, 0x06, 0x00, 0x00, 0x00, 
0x15, 0xAD, 0xEF, 0xEB, 0x8E, 0x04, 0x00, 0xB2, 0x93, 0x06, 0x0F, 0xBD, 0x7B, 0x0B, 0xFC, 0x13, 
0x00, 0x00, 0x3F, 0xD6, 0x1C, 0xF8, 0x00, 0x00, 0x00, 0x26, 0xEC, 0x08, 0xFB, 0x14, 0x00, 0x00, 
0x41, 0xD4, 0x00, 0xA8, 0x93, 0x05, 0x0E, 0xBA, 0x7C, 0x00, 0x0F, 0xA8, 0xEE, 0xE9, 0x8F, 0x05, 
0x00, 0x00, 0x63, 0xD9, 0xF3, 0xF9, 0xFF, 0xF0, 0xF0, 0xD2, 0x00, 0x5C, 0xE0, 0x36, 0x00, 0x20, 
0xF0, 0x00, 0x00, 0x00, 0x00, 0xD6, 0x4D, 0x00, 0x00, 0x20, 0xF0, 0x00, 0x00, 0x00, 0x0E, 0xFF, 
0x0A, 0x00, 0x00, 0x20, 0xF0, 0x00, 0x00, 0x00, 0x1E, 0xF6, 0x00, 0x00, 0x00, 0x20, 0xFF, 0xF0, 
0xF0, 0xA2, 0x0D, 0xFE, 0x0A, 0x00, 0x00, 0x20, 0xF0, 0x00, 0x00, 0x00, 0x00, 0xD4, 0x50, 0x00, 
0x00, 0x20, 0xF0, 0x00, 0x00, 0x00, 0x00, 0x5C, 0xE0, 0x34, 0x00, 0x20, 0xF0, 0x00, 0x00, 0x00, 
0x00, 0x00, 0x60, 0xD5, 0xF1, 0xFA, 0xFF, 0xF0, 0xF0, 0xD2, 0x00, 0x25, 0xCE, 0xF1, 0xA5, 0x18, 
0xBD, 0xF2, 0xBC, 0x14, 0x00, 0xC2, 0x68, 0x01, 0x95, 0xE5, 0x73, 0x00, 0x89, 0x9A, 0x0C, 0xFE, 
0x09, 0x00, 0x36, 0xFE, 0x0A, 0x00, 0x2D, 0xE1, 0x1E, 0xF6, 0x00, 0x00, 0x22, 0xFF, 0xF0, 0xF0, 
0xF1, 0xE9, 0x0B, 0xFD, 0x0B, 0x00, 0x33, 0xF9, 0x03, 0x00, 0x00, 0x00, 0x00, 0xBB, 0x6C, 0x01, 
0x93, 0xEE, 0x6F, 0x01, 0x06, 0x28, 0x00, 0x22, 0xCA, 0xF2, 0xAF, 0x1C, 0xB3, 0xF1, 0xEA, 0x78, 
0x00, 0x00, 0x00, 0x77, 0xBB, 0x00, 0x00, 0x00, 0x00, 0x19, 0xC6, 0x12, 0x00, 0x00, 0x00, 0x00, 
0x00, 0x00, 0x00, 0x00, 0x00, 0x20, 0xFF, 0xF0, 0xF1, 0xC6, 0x30, 0x00, 0x20, 0xF4, 0x00, 0x03, 
0x76, 0xCA, 0x00, 0x20, 0xF4, 0x00, 0x00, 0x27, 0xEB, 0x00, 0x20, 0xF4, 0x00, 0x06, 0x87, 0xB0, 
0x00, 0x20, 0xFF, 0xF0, 0xFA, 0xBB, 0x11, 0x00, 0x20, 0xF4, 0x00, 0x4D, 0xCF, 0x01, 0x00, 0x20, 
0xF4, 0x00, 0x01, 0xD4, 0x50, 0x00, 0x20, 0xF4, 0x00, 0x00, 0x5C, 0xCF, 0x01, 0x20, 0xF4, 0x00, 
0x00, 0x04, 0xE0, 0x50, 0x00, 0x00, 0x09, 0xE5, 0x52, 0x00, 0x00, 0x78, 0x8B, 0x00, 0x00, 0x00, 
0x21, 0x01, 0x00, 0x20, 0xCC, 0x6F, 0xED, 0x68, 0x20, 0xF6, 0x9B, 0x05, 0x01, 0x20, 0xFF, 0x14, 
0x00, 0x00, 0x20, 0xF5, 0x00, 0x00, 0x00, 0x20, 0xF4, 0x00, 0x00, 0x00, 0x20, 0xF4, 0x00, 0x00, 
0x00, 0x20, 0xF4, 0x00, 0x00, 0x00, 0x00, 0x53, 0xA3, 0x31, 0xBF, 0x0B, 0x00, 0x00, 0x00, 0x90, 
0xF1, 0x28, 0x00, 0x00, 0x00, 0x00, 0x00, 0x00, 0x00, 0x00, 0x00, 0x20, 0xFF, 0xF0, 0xF1, 0xC6, 
0x30, 0x00, 0x20, 0xF4, 0x00, 0x03, 0x76, 0xCA, 0x00, 0x20, 0xF4, 0x00, 0x00, 0x27, 0xEB, 0x00, 
0x20, 0xF4, 0x00, 0x06, 0x87, 0xB0, 0x00, 0x20, 0xFF, 0xF0, 0xFA, 0xBB, 0x11, 0x00, 0x20, 0xF4, 
0x00, 0x4D, 0xCF, 0x01, 0x00, 0x20, 0xF4, 0x00, 0x01, 0xD4, 0x50, 0x00, 0x20, 0xF4, 0x00, 0x00, 
0x5C, 0xCF, 0x01, 0x20, 0xF4, 0x00, 0x00, 0x04, 0xE0, 0x50, 0x0E, 0xC6, 0x2E, 0x84, 0x78, 0x00, 
0x32, 0xEC, 0xBC, 0x02, 0x00, 0x00, 0x23, 0x10, 0x00, 0x20, 0xCC, 0x6F, 0xED, 0x68, 0x20, 0xF6, 
0x9B, 0x05, 0x01, 0x20, 0xFF, 0x14, 0x00, 0x00, 0x20, 0xF5, 0x00, 0x00, 0x00, 0x20, 0xF4, 0x00, 
0x00, 0x00, 0x20, 0xF4, 0x00, 0x00, 0x00, 0x20, 0xF4, 0x00, 0x00, 0x00, 0x00, 0x00, 0x00, 0x4B, 
0xE2, 0x14, 0x00, 0x00, 0x09, 0xC6, 0x2B, 0x00, 0x00, 0x00, 0x00, 0x00, 0x00, 0x00, 0x00, 0x49, 
0xD8, 0xF4, 0xE7, 0x75, 0x09, 0xF2, 0x41, 0x00, 0x16, 0x2A, 0x19, 0xFC, 0x07, 0x00, 0x00, 0x00, 
0x00, 0xC9, 0xAD, 0x1F, 0x00, 0x00, 0x00, 0x15, 0x9E, 0xF5, 0xA3, 0x12, 0x00, 0x00, 0x00, 0x19, 
0xB5, 0xB3, 0x00, 0x00, 0x00, 0x00, 0x2A, 0xEC, 0x0E, 0x37, 0x03, 0x03, 0x7B, 0xBF, 0x14, 0xCD, 
0xF2, 0xF1, 0xBC, 0x21, 0x00, 0x00, 0x03, 0xDF, 0x45, 0x00, 0x00, 0x52, 0x91, 0x00, 0x00, 0x00, 
0x19, 0x03, 0x00, 0x00, 0x82, 0xED, 0xEE, 0x86, 0x14, 0xFC, 0x16, 0x09, 0x23, 0x08, 0xED, 0x70, 
0x04, 0x00, 0x00, 0x2C, 0xC2, 0xDB, 0x3B, 0x00, 0x00, 0x00, 0x69, 0xDB, 0x0C, 0x2F, 0x00, 0x49, 
0xDF, 0x10, 0xCF, 0xF1, 0xE1, 0x4D, 0x00, 0x49, 0xD8, 0xF4, 0xE7, 0x75, 0x09, 0xF2, 0x41, 0x00, 
0x16, 0x2A, 0x19, 0xFC, 0x07, 0x00, 0x00, 0x00, 0x00, 0xC9, 0xAD, 0x1F, 0x00, 0x00, 0x00, 0x15, 
0x9E, 0xF5, 0xA3, 0x12, 0x00, 0x00, 0x00, 0x19, 0xB5, 0xB3, 0x00, 0x00, 0x00, 0x00, 0x2A, 0xEC, 
0x0E, 0x37, 0x03, 0x03, 0x7B, 0xBF, 0x15, 0xD2, 0xF3, 0xF4, 0xBC, 0x21, 0x00, 0x00, 0x38, 0xBB, 
0x09, 0x00, 0x00, 0x00, 0x00, 0x8D, 0x65, 0x00, 0x00, 0x00, 0xCF, 0xDB, 0x27, 0x00, 0x00, 0x82, 
0xED, 0xEE, 0x86, 0x14, 0xFC, 0x16, 0x09, 0x23, 0x08, 0xED, 0x70, 0x04, 0x00, 0x00, 0x2C, 0xC2, 
0xDB, 0x3B, 0x00, 0x00, 0x00, 0x69, 0xDB, 0x0C, 0x2F, 0x00, 0x49, 0xDF, 0x10, 0xCE, 0xF2, 0xE3, 
0x4D, 0x00, 0x00, 0x84, 0x49, 0x00, 0x00, 0x00, 0x02, 0x95, 0x00, 0x00, 0x07, 0xEF, 0x86, 0x00, 
0x00, 0x39, 0xB6, 0x22, 0xC1, 0x2B, 0x00, 0x00, 0x6E, 0xFA, 0x50, 0x00, 0x00, 0x00, 0x00, 0x00, 
0x00, 0x00, 0x00, 0x49, 0xD8, 0xF4, 0xE7, 0x75, 0x09, 0xF2, 0x41, 0x00, 0x16, 0x2A, 0x19, 0xFC, 
0x07, 0x00, 0x00, 0x00, 0x00, 0xC9, 0xAD, 0x1F, 0x00, 0x00, 0x00, 0x15, 0x9E, 0xF5, 0xA3, 0x12, 
0x00, 0x00, 0x00, 0x19, 0xB5, 0xB3, 0x00, 0x00, 0x00, 0x00, 0x2A, 0xEC, 0x0E, 0x37, 0x03, 0x03, 
0x7B, 0xBF, 0x14, 0xCD, 0xF2, 0xF1, 0xBC, 0x21, 0x00, 0xA1, 0x50, 0x8A, 0x69, 0x00, 0x10, 0xD9, 
0xB7, 0x01, 0x00, 0x00, 0x1B, 0x10, 0x00, 0x00, 0x82, 0xED, 0xEE, 0x86, 0x14, 0xFC, 0x16, 0x09, 
0x23, 0x08, 0xED, 0x70, 0x04, 0x00, 0x00, 0x2C, 0xC2, 0xDB, 0x3B, 0x00, 0x00, 0x00, 0x69, 0xDB, 
0x0C, 0x2F, 0x00, 0x49, 0xDF, 0x10, 0xCF, 0xF1, 0xE1, 0x4D, 0xF0, 0xF0, 0xF2, 0xFF, 0xF0, 0xF0, 
0x00, 0x00, 0x20, 0xF0, 0x00, 0x00, 0x00, 0x00, 0x20, 0xF0, 0x00, 0x00, 0x00, 0x00, 0x20, 0xF0, 
0x00, 0x00, 0x00, 0x00, 0x20, 0xF0, 0x00, 0x00, 0x00, 0x00, 0x20, 0xF0, 0x00, 0x00, 0x00, 0x00, 
0x20, 0xF0, 0x00, 0x00, 0x00, 0x00, 0x20, 0xF0, 0x00, 0x00, 0x00, 0x00, 0x20, 0xF0, 0x00, 0x00, 
0x00, 0x00, 0x2B, 0xB1, 0x01, 0x00, 0x00, 0x00, 0x0C, 0x9B, 0x4E, 0x00, 0x00, 0x00, 0xA5, 0xC2, 
0x21, 0x00, 0x00, 0x5B, 0x00, 0x00, 0x08, 0xE7, 0x00, 0x00, 0xCC, 0xFF, 0xF0, 0x8F, 0x20, 0xF4, 
0x00, 0x00, 0x20, 0xF4, 0x00, 0x00, 0x20, 0xF4, 0x00, 0x00, 0x20, 0xF4, 0x00, 0x00, 0x12, 0xFE, 
0x1B, 0x02, 0x00, 0x94, 0xF6, 0x90, 0x00, 0x2B, 0xBA, 0x07, 0x00, 0x00, 0x7A, 0x56, 0x00, 0xBD, 
0xD9, 0x1F, 0x00, 0x6B, 0xA8, 0x28, 0xB6, 0x06, 0x00, 0x00, 0x87, 0xF8, 0x33, 0x00, 0x00, 0x00, 
0x00, 0x00, 0x00, 0x00, 0xF0, 0xF0, 0xF2, 0xFF, 0xF0, 0xF0, 0x00, 0x00, 0x20, 0xF0, 0x00, 0x00, 
0x00, 0x00, 0x20, 0xF0, 0x00, 0x00, 0x00, 0x00, 0x20, 0xF0, 0x00, 0x00, 0x00, 0x00, 0x20, 0xF0, 
0x00, 0x00, 0x00, 0x00, 0x20, 0xF0, 0x00, 0x00, 0x00, 0x00, 0x20, 0xF0, 0x00, 0x00, 0x00, 0x00, 
0x20, 0xF0, 0x00, 0x00, 0x00, 0x00, 0x20, 0xF0, 0x00, 0x00, 0x00, 0x00, 0x00, 0x00, 0xCC, 0x2B, 
0x00, 0x84, 0x00, 0x06, 0xB9, 0x00, 0x0B, 0xEC, 0x00, 0x01, 0x06, 0x00, 0xCF, 0xFF, 0xF0, 0xA9, 
0x00, 0x00, 0x20, 0xF4, 0x00, 0x00, 0x00, 0x00, 0x20, 0xF4, 0x00, 0x00, 0x00, 0x00, 0x20, 0xF4, 
0x00, 0x00, 0x00, 0x00, 0x20, 0xF4, 0x00, 0x00, 0x00, 0x00, 0x12, 0xFD, 0x1F, 0x03, 0x00, 0x00, 
0x00, 0x90, 0xF2, 0xAB, 0x00, 0x00, 0x00, 0x00, 0x01, 0xAD, 0xF1, 0x7F, 0x00, 0x00, 0x00, 0x19, 
0xFA, 0x3E, 0xE8, 0x00, 0x00, 0x00, 0x01, 0xAC, 0xF1, 0x7F, 0x00, 0x00, 0x00, 0x00, 0x00, 0x00, 
0x00, 0x00, 0x20, 0xF4, 0x00, 0x00, 0x00, 0x10, 0xF0, 0x20, 0xF4, 0x00, 0x00, 0x00, 0x10, 0xF0, 
0x20, 0xF4, 0x00, 0x00, 0x00, 0x10, 0xF0, 0x20, 0xF4, 0x00, 0x00, 0x00, 0x10, 0xF0, 0x20, 0xF4, 
0x00, 0x00, 0x00, 0x10, 0xF0, 0x1F, 0xF4, 0x00, 0x00, 0x00, 0x11, 0xF0, 0x0D, 0xFD, 0x0B, 0x00, 
0x00, 0x27, 0xDC, 0x00, 0xBA, 0x8E, 0x06, 0x08, 0xA5, 0x89, 0x00, 0x1B, 0xB6, 0xF1, 0xEB, 0x99, 
0x08, 0x00, 0x00, 0x9F, 0xF0, 0x80, 0x00, 0x00, 0x06, 0xFA, 0x3D, 0xE8, 0x00, 0x00, 0x00, 0x9E, 
0xF0, 0x80, 0x00, 0x00, 0x00, 0x00, 0x00, 0x00, 0x00, 0x20, 0xF4, 0x00, 0x00, 0x10, 0xF0, 0x20, 
0xF4, 0x00, 0x00, 0x10, 0xF0, 0x20, 0xF4, 0x00, 0x00, 0x10, 0xF0, 0x20, 0xF4, 0x00, 0x00, 0x11, 
0xF0, 0x1F, 0xF7, 0x00, 0x00, 0x24, 0xF0, 0x08, 0xF9, 0x3D, 0x02, 0x88, 0xF0, 0x00, 0x6F, 0xF0, 
0xE7, 0x73, 0xDF, 0x00, 0x00, 0x01, 0x0C, 0x02, 0x0B, 0x00, 0x00, 0x00, 0x5C, 0xB5, 0x70, 0xA2, 
0x00, 0x00, 0x02, 0xB8, 0x1F, 0xB9, 0x0D, 0x00, 0x00, 0x00, 0x00, 0x00, 0x00, 0x00, 0x00, 0x20, 
0xF4, 0x00, 0x00, 0x00, 0x20, 0xF0, 0x20, 0xF4, 0x00, 0x00, 0x00, 0x20, 0xF0, 0x20, 0xF4, 0x00, 
0x00, 0x00, 0x20, 0xF0, 0x20, 0xF4, 0x00, 0x00, 0x00, 0x20, 0xF0, 0x20, 0xF4, 0x00, 0x00, 0x00, 
0x20, 0xF0, 0x1F, 0xF4, 0x00, 0x00, 0x00, 0x21, 0xF0, 0x0D, 0xFD, 0x0B, 0x00, 0x00, 0x38, 0xDC, 
0x00, 0xBA, 0x8C, 0x06, 0x0A, 0xB1, 0x89, 0x00, 0x1B, 0xB6, 0xF0, 0xEB, 0x99, 0x08, 0x00, 0x02, 
0xD3, 0x47, 0xDD, 0x36, 0x00, 0x58, 0x85, 0x65, 0x74, 0x00, 0x00, 0x07, 0x01, 0x07, 0x00, 0x00, 
0x20, 0xF4, 0x00, 0x00, 0x20, 0xF0, 0x20, 0xF4, 0x00, 0x00, 0x20, 0xF0, 0x20, 0xF4, 0x00, 0x00, 
0x20, 0xF0, 0x20, 0xF4, 0x00, 0x00, 0x21, 0xF0, 0x1F, 0xF7, 0x00, 0x00, 0x34, 0xF0, 0x09, 0xF9, 
0x3C, 0x03, 0x96, 0xF0, 0x00, 0x71, 0xF0, 0xE6, 0x6C, 0xEB, 0x00, 0x44, 0x8A, 0x27, 0xA6, 0x00, 
0x00, 0x00, 0x00, 0x00, 0x00, 0x00, 0x00, 0x00, 0x00, 0x00, 0x00, 0x00, 0x00, 0x00, 0x00, 0x91, 
0x93, 0x00, 0x00, 0x00, 0xBF, 0x65, 0x1E, 0xEF, 0x13, 0x00, 0x36, 0xE2, 0x06, 0x00, 0x9B, 0x7D, 
0x00, 0xAB, 0x6D, 0x00, 0x00, 0x23, 0xE6, 0x2E, 0xE4, 0x09, 0x00, 0x00, 0x00, 0xA4, 0xE3, 0x72, 
0x00, 0x00, 0x00, 0x00, 0x34, 0xFA, 0x0B, 0x00, 0x00, 0x00, 0x00, 0x20, 0xF4, 0x00, 0x00, 0x00, 
0x00, 0x00, 0x20, 0xF4, 0x00, 0x00, 0x00, 0x00, 0x00, 0x20, 0xF4, 0x00, 0x00, 0x00, 0x00, 0x00, 
0x00, 0xA0, 0xB6, 0x01, 0x00, 0x00, 0x43, 0xBD, 0x0A, 0x00, 0x00, 0x00, 0x00, 0x00, 0x00, 0x00, 
0xF0, 0xF0, 0xF0, 0xF0, 0xF7, 0xFD, 0x00, 0x00, 0x00, 0x01, 0xC2, 0x8F, 0x00, 0x00, 0x00, 0x65, 
0xE1, 0x0B, 0x00, 0x00, 0x18, 0xEF, 0x4A, 0x00, 0x00, 0x00, 0xA8, 0xA8, 0x00, 0x00, 0x00, 0x4A, 
0xEF, 0x18, 0x00, 0x00, 0x0B, 0xE1, 0x65, 0x00, 0x00, 0x00, 0x8F, 0xC2, 0x01, 0x00, 0x00, 0x00, 
0xFD, 0xF7, 0xF0, 0xF0, 0xF0, 0xF0, 0x00, 0x00, 0x72, 0xD1, 0x06, 0x00, 0x17, 0xD1, 0x1D, 0x00, 
0x00, 0x06, 0x09, 0x00, 0x00, 0xBF, 0xF0, 0xF0, 0xFC, 0x7F, 0x00, 0x00, 0x1D, 0xEC, 0x27, 0x00, 
0x00, 0xAF, 0x7D, 0x00, 0x00, 0x50, 0xD5, 0x06, 0x00, 0x0D, 0xE1, 0x3B, 0x00, 0x00, 0x90, 0x98, 
0x00, 0x00, 0x00, 0xFD, 0xF4, 0xF0, 0xF0, 0x8B, 0x00, 0x0C, 0xBA, 0x00, 0x00, 0x00, 0x00, 0x00, 
0x00, 0x00, 0x00, 0x00, 0x00, 0x00, 0x00, 0x00, 0x00, 0x00, 0xF0, 0xF0, 0xF0, 0xF0, 0xFF, 0xFC, 
0x00, 0x00, 0x00, 0x41, 0xFF, 0x85, 0x00, 0x00, 0x02, 0xCE, 0xD3, 0x06, 0x00, 0x00, 0x5E, 0xFB, 
0x30, 0x00, 0x00, 0x0A, 0xE4, 0x7D, 0x00, 0x00, 0x00, 0x7E, 0xCC, 0x04, 0x00, 0x00, 0x19, 0xEC, 
0x2C, 0x00, 0x00, 0x00, 0x9B, 0x75, 0x00, 0x00, 0x00, 0x00, 0xFD, 0xF2, 0xF0, 0xF0, 0xF0, 0xF0, 
0x00, 0x0E, 0xBF, 0x00, 0x00, 0x00, 0x00, 0x00, 0x00, 0x00, 0x00, 0x00, 0x00, 0x00, 0x00, 0x6D, 
0xF0, 0xF0, 0xF9, 0xDF, 0x00, 0x00, 0x07, 0xDC, 0x7C, 0x00, 0x00, 0x79, 0xCF, 0x05, 0x00, 0x1A, 
0xEE, 0x31, 0x00, 0x00, 0xA3, 0x83, 0x00, 0x00, 0x39, 0xD3, 0x06, 0x00, 0x00, 0x9D, 0xF8, 0xF0, 
0xF0, 0xE5, 0x00, 0xAA, 0x67, 0x44, 0xC5, 0x11, 0x00, 0x09, 0xCD, 0xE7, 0x20, 0x00, 0x00, 0x00, 
0x00, 0x00, 0x00, 0x00, 0xF0, 0xF0, 0xF0, 0xF0, 0xF7, 0xFD, 0x00, 0x00, 0x00, 0x01, 0xC2, 0x8F, 
0x00, 0x00, 0x00, 0x65, 0xE1, 0x0B, 0x00, 0x00, 0x18, 0xEF, 0x4A, 0x00, 0x00, 0x00, 0xA8, 0xA8, 
0x00, 0x00, 0x00, 0x4A, 0xEF, 0x18, 0x00, 0x00, 0x0B, 0xE1, 0x65, 0x00, 0x00, 0x00, 0x8F, 0xC2, 
0x01, 0x00, 0x00, 0x00, 0xFD, 0xF7, 0xF0, 0xF0, 0xF0, 0xF0, 0x6B, 0x9A, 0x27, 0xC8, 0x19, 0x00, 
0xA6, 0xF5, 0x39, 0x00, 0x00, 0x06, 0x11, 0x00, 0x00, 0xBF, 0xF0, 0xF0, 0xFC, 0x7F, 0x00, 0x00, 
0x1D, 0xEC, 0x27, 0x00, 0x00, 0xAF, 0x7D, 0x00, 0x00, 0x50, 0xD5, 0x06, 0x00, 0x0D, 0xE1, 0x3B, 
0x00, 0x00, 0x90, 0x98, 0x00, 0x00, 0x00, 0xFD, 0xF4, 0xF0, 0xF0, 0x8B, 0x00, 0x00, 0x00, 0x72, 
0xEF, 0xE0, 0x03, 0x00, 0x00, 0x08, 0xF9, 0x26, 0x09, 0x00, 0x00, 0x00, 0x20, 0xF5, 0x00, 0x00, 
0x00, 0x00, 0x24, 0xD7, 0xFF, 0xF0, 0x6D, 0x00, 0x00, 0x00, 0x20, 0xF4, 0x00, 0x00, 0x00, 0x00, 
0x00, 0x20, 0xF4, 0x00, 0x00, 0x00, 0x00, 0x00, 0x20, 0xF4, 0x00, 0x00, 0x00, 0x00, 0x00, 0x20, 
0xF4, 0x00, 0x00, 0x00, 0x00, 0x00, 0x20, 0xF4, 0x00, 0x00, 0x00, 0x00, 0x00, 0x20, 0xF4, 0x00, 
0x00, 0x00, 0x10, 0x02, 0x20, 0xF4, 0x00, 0x00, 0x00, 0x99, 0x79, 0x3F, 0xE2, 0x00, 0x00, 0x00, 
0x39, 0xE5, 0xEE, 0x60, 0x00, 0x00, 0x00, 0x00, 0x74, 0xFB, 0x47, 0x00, 0x3C, 0xB4, 0x26, 0xC3, 
0x21, 0x3D, 0xB5, 0x23, 0xC2, 0x23, 0x00, 0x71, 0xF9, 0x46, 0x00, 0x62, 0x01, 0x26, 0x44, 0x8B, 
0xED, 0xD1, 0x24, 0x0C, 0xBC, 0x01, 0xAF, 0xF1, 0x7E, 0x19, 0xFC, 0x3F, 0xE8, 0x01, 0xAC, 0xF1, 
0x7F, 0x00, 0x01, 0x19, 0x00, 0x97, 0x54, 0x14, 0xFC, 0x08, 0x04, 0xC7, 0xED, 0x1D, 0xE0, 0x9D, 
0x29, 0x8D, 0x6C, 0x38, 0x77, 0xE8, 0x34, 0x00, 0x07, 0x07, 0x07, 0x07, 0x01, 0xCA, 0x54, 0xCA, 
0x52, 0x51, 0x8C, 0x51, 0x8A, 0x00, 0x00, 0x48, 0xC7, 0xEF, 0xF3, 0xC3, 0x44, 0x00, 0x46, 0xD5, 
0x35, 0x01, 0x03, 0x4D, 0xEB, 0x3E, 0xC4, 0x37, 0x00, 0x00, 0x00, 0x00, 0x68, 0xB8, 0xF0, 0x01, 
0x00, 0x00, 0x00, 0x00, 0x29, 0xE8, 0xF0, 0x00, 0x00, 0x00, 0x00, 0x00, 0x27, 0xE6, 0xD2, 0x23, 
0x00, 0x00, 0x00, 0x00, 0x50, 0xC0, 0x7C, 0x8A, 0x00, 0x00, 0x00, 0x00, 0xAB, 0x67, 0x0C, 0xD1, 
0x4C, 0x00, 0x00, 0x57, 0xC4, 0x05, 0xF0, 0xF7, 0xFD, 0x00, 0x00, 0xFD, 0xF5, 0xF0, 0x39, 0xE4, 
0xFF, 0xF0, 0xF0, 0xF2, 0xFF, 0xF0, 0x22, 0x00, 0x20, 0xF4, 0x00, 0x00, 0x20, 0xF0, 0x00, 0x00, 
0x00, 0x20, 0xF4, 0x00, 0x00, 0x20, 0xF0, 0x00, 0x00, 0x00, 0x20, 0xF4, 0x00, 0x00, 0x20, 0xF0, 
0x00, 0x00, 0x00, 0x20, 0xF4, 0x00, 0x00, 0x20, 0xF0, 0x00, 0x00, 0x00, 0x20, 0xF4, 0x00, 0x00, 
0x1C, 0xF6, 0x07, 0x00, 0x00, 0x20, 0xF4, 0x00, 0x00, 0x02, 0xC3, 0xE7, 0x00, 0xF0, 0xF0, 0xF0, 
0xF0, 0xF0, 0xF0, 0xF0, 0xF0, 0xF0, 0xF0, 0xF0, 0xF0, 0xF0, 0xF0, 0xF0, 0x1D, 0xC0, 0x76, 0x8E, 
0xC4, 0x64, 0x60, 0xC5, 0x8D, 0x76, 0xBE, 0x1B, 0x27, 0xF7, 0x06, 0x55, 0xB2, 0x00, 0x89, 0x53, 
0x00, 0x1B, 0xBC, 0x0A, 0xD1, 0x75, 0x8D, 0x59, 0xAD, 0xC4, 0x60, 0xA8, 0x80, 0x64, 0xC1, 0x43, 
0xE1, 0x8E, 0x72, 0x72, 0x92, 0xBE, 0x18, 0xA8, 0x34, 0x29, 0xF6, 0x11, 0xFF, 0x1C, 0x56, 0xAE, 
0x38, 0xCE, 0x00, 0x89, 0x4E, 0x6F, 0x6F, 0x00, 0x00, 0x35, 0xFF, 0x0C, 0x00, 0x00, 0x18, 0xEC, 
0x00, 0x00, 0x60, 0x60, 0xDE, 0x63, 0x5A, 0x76, 0x8D, 0xF9, 0x7F, 0x6F, 0x00, 0x20, 0xF4, 0x00, 
0x00, 0x00, 0x20, 0xF4, 0x00, 0x00, 0x00, 0x20, 0xF4, 0x00, 0x00, 0x00, 0x20, 0xF4, 0x00, 0x00, 
0x00, 0x20, 0xF4, 0x00, 0x00, 0x00, 0x20, 0xF4, 0x00, 0x00, 0x00, 0x7C, 0x77, 0x00, 0x00, 0x64, 
0x5D, 0x00, 0xB0, 0xB8, 0xB6, 0xB0, 0x50, 0x7F, 0x79, 0x51, 0x00, 0x78, 0x6C, 0x00, 0x00, 0x78, 
0x6C, 0x00, 0x50, 0x7E, 0x77, 0x52, 0xB2, 0xBA, 0xB8, 0xB2, 0x00, 0x64, 0x5D, 0x00, 0x00, 0x7C, 
0x77, 0x00, 0xA4, 0xF9, 0x7F, 0xFA, 0xFF, 0xD2, 0xA3, 0xF9, 0x7D, 0x0D, 0xAD, 0x00, 0x0D, 0xAB, 
0x00, 0x0D, 0xAC, 0x12, 0xD2, 0x00, 0x12, 0xCE, 0x00, 0x12, 0xCF, 0x00, 0x85, 0xF1, 0x52, 0x00, 
0x00, 0x42, 0x41, 0x00, 0x00, 0x00, 0x00, 0x00, 0x04, 0xF6, 0x53, 0xC7, 0x00, 0x00, 0x84, 0x00, 
0x00, 0x00, 0x00, 0x00, 0x00, 0x1B, 0xF7, 0x23, 0xEA, 0x00, 0x4E, 0x37, 0x00, 0x00, 0x00, 0x00, 
0x00, 0x00, 0x1A, 0xF7, 0x23, 0xEA, 0x02, 0x80, 0x72, 0xD6, 0x43, 0x00, 0x72, 0xD6, 0x43, 0x02, 
0xF2, 0x58, 0xC8, 0x57, 0x2E, 0xF1, 0x4D, 0xC1, 0x03, 0xF1, 0x4D, 0xC1, 0x00, 0x77, 0xED, 0x58, 
0x7E, 0x1A, 0xF3, 0x23, 0xEA, 0x1A, 0xF3, 0x23, 0xEA, 0x00, 0x00, 0x00, 0x5E, 0x23, 0x1B, 0xF3, 
0x23, 0xEB, 0x1B, 0xF3, 0x23, 0xEB, 0x00, 0x00, 0x07, 0x7A, 0x00, 0x04, 0xF3, 0x50, 0xC8, 0x04, 
0xF3, 0x50, 0xC9, 0x00, 0x00, 0x65, 0x1B, 0x00, 0x00, 0x81, 0xF3, 0x57, 0x00, 0x81, 0xF3, 0x58, 
0x00, 0x01, 0x00, 0x00, 0x7F, 0x64, 0x3F, 0xD4, 0x0B, 0xDD, 0x43, 0x00, 0x6A, 0xB6, 0x01, 0x00, 
0xAB, 0x63, 0x00, 0x0D, 0x0A, 0x00, 0x01, 0x00, 0x65, 0x7F, 0x00, 0x0B, 0xD4, 0x3F, 0x00, 0x43, 
0xDD, 0x01, 0xB6, 0x6A, 0x63, 0xAB, 0x00, 0x0A, 0x0D, 0x00, 0x00, 0x00, 0x00, 0x00, 0x00, 0x8D, 
0x53, 0x00, 0x00, 0x00, 0x00, 0x1F, 0xC0, 0x01, 0x00, 0x00, 0x00, 0x00, 0xA3, 0x3F, 0x00, 0x00, 
0x00, 0x00, 0x2F, 0xB2, 0x00, 0x00, 0x00, 0x00, 0x00, 0xB6, 0x2C, 0x00, 0x00, 0x00, 0x00, 0x42, 
0xA0, 0x00, 0x00, 0x00, 0x00, 0x01, 0xC3, 0x1F, 0x00, 0x00, 0x00, 0x00, 0x58, 0x8B, 0x00, 0x00, 
0x00, 0x00, 0x06, 0xCC, 0x12, 0x00, 0x00, 0x00, 0x00, 0x00, 0x00, 0x77, 0xE6, 0xF4, 0xC9, 0x16, 
0x00, 0x60, 0xCF, 0x17, 0x01, 0x37, 0x00, 0x00, 0xCA, 0x4D, 0x00, 0x00, 0x00, 0x00, 0xBC, 0xFF, 
0xF2, 0xF0, 0xCE, 0x00, 0x00, 0x00, 0xFC, 0x10, 0x00, 0x00, 0x00, 0x00, 0xA2, 0xFD, 0xD6, 0xD0, 
0x6E, 0x00, 0x00, 0x00, 0xC0, 0x58, 0x00, 0x00, 0x00, 0x00, 0x00, 0x59, 0xDB, 0x23, 0x00, 0x25, 
0x00, 0x00, 0x00, 0x74, 0xE7, 0xF1, 0xCD, 0x00, 0x38, 0x38, 0x38, 0x23, 0x1B, 0x00, 0x14, 0x2C, 
0x6C, 0xD4, 0x6C, 0xA0, 0xAE, 0x00, 0x8F, 0xC7, 0x00, 0xB4, 0x00, 0xA0, 0xB6, 0x14, 0xA1, 0xC8, 
0x00, 0xB4, 0x00, 0xA0, 0x66, 0xA4, 0x5E, 0xC8, 0x00, 0xB4, 0x00, 0xA0, 0x1B, 0xE5, 0x0E, 0xC8, 
0x00, 0x00, 0x67, 0xEC, 0xF0, 0x3C, 0xBC, 0x00, 0x07, 0xF6, 0x2D, 0x00, 0x00, 0x00, 0x00, 0x20, 
0xF5, 0x00, 0x00, 0x00, 0x00, 0x1A, 0xD6, 0xFF, 0xF0, 0x9E, 0x20, 0xF0, 0x00, 0x20, 0xF4, 0x00, 
0x00, 0x20, 0xF0, 0x00, 0x20, 0xF4, 0x00, 0x00, 0x20, 0xF0, 0x00, 0x20, 0xF4, 0x00, 0x00, 0x20, 
0xF0, 0x00, 0x20, 0xF4, 0x00, 0x00, 0x20, 0xF0, 0x00, 0x20, 0xF4, 0x00, 0x00, 0x20, 0xF0, 0x00, 
0x20, 0xF4, 0x00, 0x00, 0x20, 0xF0, 0x00, 0x00, 0x67, 0xEB, 0xF0, 0x52, 0xF0, 0x00, 0x07, 0xF6, 
0x2D, 0x08, 0x22, 0xF0, 0x00, 0x20, 0xF5, 0x00, 0x00, 0x20, 0xF0, 0x1A, 0xD5, 0xFF, 0xF0, 0x9E, 
0x20, 0xF0, 0x00, 0x20, 0xF4, 0x00, 0x00, 0x20, 0xF0, 0x00, 0x20, 0xF4, 0x00, 0x00, 0x20, 0xF0, 
0x00, 0x20, 0xF4, 0x00, 0x00, 0x20, 0xF0, 0x00, 0x20, 0xF4, 0x00, 0x00, 0x20, 0xF0, 0x00, 0x20, 
0xF4, 0x00, 0x00, 0x20, 0xF0, 0x00, 0x20, 0xF4, 0x00, 0x00, 0x20, 0xF0, 0x00, 0x19, 0x4E, 0x6F, 
0x74, 0x6F, 0x20, 0x53, 0x61, 0x6E, 0x73, 0x20, 0x44, 0x69, 0x73, 0x70, 0x6C, 0x61, 0x79, 0x20, 
0x52, 0x65, 0x67, 0x75, 0x6C, 0x61, 0x72, 0x00, 0x17, 0x4E, 0x6F, 0x74, 0x6F, 0x53, 0x61, 0x6E, 
0x73, 0x44, 0x69, 0x73, 0x70, 0x6C, 0x61, 0x79, 0x2D, 0x52, 0x65, 0x67, 0x75, 0x6C, 0x61, 0x72,
0x01
};
#else
extern const uint8_t NotoSansDisplay12[] PROGMEM;
#endif
