/* The font vlw file can be converted to a byte array using:

   https://tomeko.net/online_tools/file_to_hex.php?lang=en

   Paste the byte array into a sketch tab and add two lines
   at the start with a unique font name:

                const uint8_t  fontName[] PROGMEM = {

   At the end add:

        };

   See example below. Include the tab in the main sketch, e.g.:

        #include "NotoSans18.h"
*/


#pragma once

// See core/resources/FontRegistry.h for why this is guarded: the array must
// be defined in exactly one translation unit (Fonts.cpp). Every other
// includer only sees the extern declaration.
#ifdef NERDBOX_DEFINE_FONT_DATA
extern const uint8_t  NotoSansDisplayCondExt18[] PROGMEM = {
0x00, 0x00, 0x03, 0x8C, 0x00, 0x00, 0x00, 0x0B, 0x00, 0x00, 0x00, 0x12, 0x00, 0x00, 0x00, 0x00, 
0x00, 0x00, 0x00, 0x0E, 0x00, 0x00, 0x00, 0x04, 0x00, 0x00, 0x00, 0x00, 0x00, 0x00, 0x00, 0x01, 
0x00, 0x00, 0x00, 0x01, 0x00, 0x00, 0x00, 0x00, 0x00, 0x00, 0x00, 0x24, 0xFF, 0xFF, 0xFF, 0xEE, 
0x00, 0x00, 0x00, 0x00, 0x00, 0x00, 0x00, 0x09, 0x00, 0x00, 0x00, 0x01, 0x00, 0x00, 0x00, 0x01, 
0x00, 0x00, 0x00, 0x00, 0x00, 0x00, 0x00, 0x24, 0xFF, 0xFF, 0xFF, 0xEE, 0x00, 0x00, 0x00, 0x00, 
0x00, 0x00, 0x00, 0x0A, 0x00, 0x00, 0x00, 0x01, 0x00, 0x00, 0x00, 0x01, 0x00, 0x00, 0x00, 0x00, 
0x00, 0x00, 0x00, 0x24, 0xFF, 0xFF, 0xFF, 0xEE, 0x00, 0x00, 0x00, 0x00, 0x00, 0x00, 0x00, 0x0D, 
0x00, 0x00, 0x00, 0x01, 0x00, 0x00, 0x00, 0x01, 0x00, 0x00, 0x00, 0x00, 0x00, 0x00, 0x00, 0x24, 
0xFF, 0xFF, 0xFF, 0xEE, 0x00, 0x00, 0x00, 0x00, 0x00, 0x00, 0x00, 0x20, 0x00, 0x00, 0x00, 0x01, 
0x00, 0x00, 0x00, 0x01, 0x00, 0x00, 0x00, 0x04, 0x00, 0x00, 0x00, 0x24, 0xFF, 0xFF, 0xFF, 0xEE, 
0x00, 0x00, 0x00, 0x00, 0x00, 0x00, 0x00, 0x21, 0x00, 0x00, 0x00, 0x0D, 0x00, 0x00, 0x00, 0x02, 
0x00, 0x00, 0x00, 0x04, 0x00, 0x00, 0x00, 0x0D, 0x00, 0x00, 0x00, 0x01, 0x00, 0x00, 0x00, 0x00, 
0x00, 0x00, 0x00, 0x22, 0x00, 0x00, 0x00, 0x05, 0x00, 0x00, 0x00, 0x05, 0x00, 0x00, 0x00, 0x07, 
0x00, 0x00, 0x00, 0x0D, 0x00, 0x00, 0x00, 0x01, 0x00, 0x00, 0x00, 0x00, 0x00, 0x00, 0x00, 0x23, 
0x00, 0x00, 0x00, 0x0D, 0x00, 0x00, 0x00, 0x08, 0x00, 0x00, 0x00, 0x0A, 0x00, 0x00, 0x00, 0x0D, 
0x00, 0x00, 0x00, 0x01, 0x00, 0x00, 0x00, 0x00, 0x00, 0x00, 0x00, 0x24, 0x00, 0x00, 0x00, 0x0F, 
0x00, 0x00, 0x00, 0x07, 0x00, 0x00, 0x00, 0x08, 0x00, 0x00, 0x00, 0x0E, 0x00, 0x00, 0x00, 0x01, 
0x00, 0x00, 0x00, 0x00, 0x00, 0x00, 0x00, 0x25, 0x00, 0x00, 0x00, 0x0D, 0x00, 0x00, 0x00, 0x0B, 
0x00, 0x00, 0x00, 0x0D, 0x00, 0x00, 0x00, 0x0D, 0x00, 0x00, 0x00, 0x01, 0x00, 0x00, 0x00, 0x00, 
0x00, 0x00, 0x00, 0x26, 0x00, 0x00, 0x00, 0x0D, 0x00, 0x00, 0x00, 0x0A, 0x00, 0x00, 0x00, 0x0A, 
0x00, 0x00, 0x00, 0x0D, 0x00, 0x00, 0x00, 0x01, 0x00, 0x00, 0x00, 0x00, 0x00, 0x00, 0x00, 0x27, 
0x00, 0x00, 0x00, 0x05, 0x00, 0x00, 0x00, 0x02, 0x00, 0x00, 0x00, 0x04, 0x00, 0x00, 0x00, 0x0D, 
0x00, 0x00, 0x00, 0x01, 0x00, 0x00, 0x00, 0x00, 0x00, 0x00, 0x00, 0x28, 0x00, 0x00, 0x00, 0x10, 
0x00, 0x00, 0x00, 0x04, 0x00, 0x00, 0x00, 0x05, 0x00, 0x00, 0x00, 0x0D, 0x00, 0x00, 0x00, 0x01, 
0x00, 0x00, 0x00, 0x00, 0x00, 0x00, 0x00, 0x29, 0x00, 0x00, 0x00, 0x10, 0x00, 0x00, 0x00, 0x05, 
0x00, 0x00, 0x00, 0x05, 0x00, 0x00, 0x00, 0x0D, 0x00, 0x00, 0x00, 0x00, 0x00, 0x00, 0x00, 0x00, 
0x00, 0x00, 0x00, 0x2A, 0x00, 0x00, 0x00, 0x07, 0x00, 0x00, 0x00, 0x08, 0x00, 0x00, 0x00, 0x08, 
0x00, 0x00, 0x00, 0x0E, 0x00, 0x00, 0x00, 0x00, 0x00, 0x00, 0x00, 0x00, 0x00, 0x00, 0x00, 0x2B, 
0x00, 0x00, 0x00, 0x09, 0x00, 0x00, 0x00, 0x07, 0x00, 0x00, 0x00, 0x09, 0x00, 0x00, 0x00, 0x0B, 
0x00, 0x00, 0x00, 0x01, 0x00, 0x00, 0x00, 0x00, 0x00, 0x00, 0x00, 0x2C, 0x00, 0x00, 0x00, 0x05, 
0x00, 0x00, 0x00, 0x04, 0x00, 0x00, 0x00, 0x04, 0x00, 0x00, 0x00, 0x03, 0x00, 0x00, 0x00, 0x00, 
0x00, 0x00, 0x00, 0x00, 0x00, 0x00, 0x00, 0x2D, 0x00, 0x00, 0x00, 0x03, 0x00, 0x00, 0x00, 0x04, 
0x00, 0x00, 0x00, 0x06, 0x00, 0x00, 0x00, 0x07, 0x00, 0x00, 0x00, 0x01, 0x00, 0x00, 0x00, 0x00, 
0x00, 0x00, 0x00, 0x2E, 0x00, 0x00, 0x00, 0x03, 0x00, 0x00, 0x00, 0x02, 0x00, 0x00, 0x00, 0x04, 
0x00, 0x00, 0x00, 0x03, 0x00, 0x00, 0x00, 0x01, 0x00, 0x00, 0x00, 0x00, 0x00, 0x00, 0x00, 0x2F, 
0x00, 0x00, 0x00, 0x0D, 0x00, 0x00, 0x00, 0x07, 0x00, 0x00, 0x00, 0x06, 0x00, 0x00, 0x00, 0x0D, 
0x00, 0x00, 0x00, 0x00, 0x00, 0x00, 0x00, 0x00, 0x00, 0x00, 0x00, 0x30, 0x00, 0x00, 0x00, 0x0D, 
0x00, 0x00, 0x00, 0x07, 0x00, 0x00, 0x00, 0x08, 0x00, 0x00, 0x00, 0x0D, 0x00, 0x00, 0x00, 0x01, 
0x00, 0x00, 0x00, 0x00, 0x00, 0x00, 0x00, 0x31, 0x00, 0x00, 0x00, 0x0D, 0x00, 0x00, 0x00, 0x05, 
0x00, 0x00, 0x00, 0x08, 0x00, 0x00, 0x00, 0x0D, 0x00, 0x00, 0x00, 0x01, 0x00, 0x00, 0x00, 0x00, 
0x00, 0x00, 0x00, 0x32, 0x00, 0x00, 0x00, 0x0D, 0x00, 0x00, 0x00, 0x07, 0x00, 0x00, 0x00, 0x08, 
0x00, 0x00, 0x00, 0x0D, 0x00, 0x00, 0x00, 0x01, 0x00, 0x00, 0x00, 0x00, 0x00, 0x00, 0x00, 0x33, 
0x00, 0x00, 0x00, 0x0D, 0x00, 0x00, 0x00, 0x07, 0x00, 0x00, 0x00, 0x08, 0x00, 0x00, 0x00, 0x0D, 
0x00, 0x00, 0x00, 0x01, 0x00, 0x00, 0x00, 0x00, 0x00, 0x00, 0x00, 0x34, 0x00, 0x00, 0x00, 0x0D, 
0x00, 0x00, 0x00, 0x08, 0x00, 0x00, 0x00, 0x08, 0x00, 0x00, 0x00, 0x0D, 0x00, 0x00, 0x00, 0x01, 
0x00, 0x00, 0x00, 0x00, 0x00, 0x00, 0x00, 0x35, 0x00, 0x00, 0x00, 0x0D, 0x00, 0x00, 0x00, 0x07, 
0x00, 0x00, 0x00, 0x08, 0x00, 0x00, 0x00, 0x0D, 0x00, 0x00, 0x00, 0x00, 0x00, 0x00, 0x00, 0x00, 
0x00, 0x00, 0x00, 0x36, 0x00, 0x00, 0x00, 0x0D, 0x00, 0x00, 0x00, 0x07, 0x00, 0x00, 0x00, 0x08, 
0x00, 0x00, 0x00, 0x0D, 0x00, 0x00, 0x00, 0x01, 0x00, 0x00, 0x00, 0x00, 0x00, 0x00, 0x00, 0x37, 
0x00, 0x00, 0x00, 0x0D, 0x00, 0x00, 0x00, 0x07, 0x00, 0x00, 0x00, 0x08, 0x00, 0x00, 0x00, 0x0D, 
0x00, 0x00, 0x00, 0x01, 0x00, 0x00, 0x00, 0x00, 0x00, 0x00, 0x00, 0x38, 0x00, 0x00, 0x00, 0x0D, 
0x00, 0x00, 0x00, 0x07, 0x00, 0x00, 0x00, 0x08, 0x00, 0x00, 0x00, 0x0D, 0x00, 0x00, 0x00, 0x01, 
0x00, 0x00, 0x00, 0x00, 0x00, 0x00, 0x00, 0x39, 0x00, 0x00, 0x00, 0x0D, 0x00, 0x00, 0x00, 0x07, 
0x00, 0x00, 0x00, 0x08, 0x00, 0x00, 0x00, 0x0D, 0x00, 0x00, 0x00, 0x01, 0x00, 0x00, 0x00, 0x00, 
0x00, 0x00, 0x00, 0x3A, 0x00, 0x00, 0x00, 0x0A, 0x00, 0x00, 0x00, 0x02, 0x00, 0x00, 0x00, 0x04, 
0x00, 0x00, 0x00, 0x0A, 0x00, 0x00, 0x00, 0x01, 0x00, 0x00, 0x00, 0x00, 0x00, 0x00, 0x00, 0x3B, 
0x00, 0x00, 0x00, 0x0C, 0x00, 0x00, 0x00, 0x03, 0x00, 0x00, 0x00, 0x04, 0x00, 0x00, 0x00, 0x0A, 
0x00, 0x00, 0x00, 0x00, 0x00, 0x00, 0x00, 0x00, 0x00, 0x00, 0x00, 0x3C, 0x00, 0x00, 0x00, 0x09, 
0x00, 0x00, 0x00, 0x07, 0x00, 0x00, 0x00, 0x09, 0x00, 0x00, 0x00, 0x0B, 0x00, 0x00, 0x00, 0x01, 
0x00, 0x00, 0x00, 0x00, 0x00, 0x00, 0x00, 0x3D, 0x00, 0x00, 0x00, 0x07, 0x00, 0x00, 0x00, 0x07, 
0x00, 0x00, 0x00, 0x09, 0x00, 0x00, 0x00, 0x0A, 0x00, 0x00, 0x00, 0x01, 0x00, 0x00, 0x00, 0x00, 
0x00, 0x00, 0x00, 0x3E, 0x00, 0x00, 0x00, 0x09, 0x00, 0x00, 0x00, 0x07, 0x00, 0x00, 0x00, 0x09, 
0x00, 0x00, 0x00, 0x0B, 0x00, 0x00, 0x00, 0x01, 0x00, 0x00, 0x00, 0x00, 0x00, 0x00, 0x00, 0x3F, 
0x00, 0x00, 0x00, 0x0D, 0x00, 0x00, 0x00, 0x06, 0x00, 0x00, 0x00, 0x07, 0x00, 0x00, 0x00, 0x0D, 
0x00, 0x00, 0x00, 0x00, 0x00, 0x00, 0x00, 0x00, 0x00, 0x00, 0x00, 0x40, 0x00, 0x00, 0x00, 0x0F, 
0x00, 0x00, 0x00, 0x0B, 0x00, 0x00, 0x00, 0x0D, 0x00, 0x00, 0x00, 0x0D, 0x00, 0x00, 0x00, 0x01, 
0x00, 0x00, 0x00, 0x00, 0x00, 0x00, 0x00, 0x41, 0x00, 0x00, 0x00, 0x0D, 0x00, 0x00, 0x00, 0x09, 
0x00, 0x00, 0x00, 0x09, 0x00, 0x00, 0x00, 0x0D, 0x00, 0x00, 0x00, 0x00, 0x00, 0x00, 0x00, 0x00, 
0x00, 0x00, 0x00, 0x42, 0x00, 0x00, 0x00, 0x0D, 0x00, 0x00, 0x00, 0x07, 0x00, 0x00, 0x00, 0x09, 
0x00, 0x00, 0x00, 0x0D, 0x00, 0x00, 0x00, 0x01, 0x00, 0x00, 0x00, 0x00, 0x00, 0x00, 0x00, 0x43, 
0x00, 0x00, 0x00, 0x0D, 0x00, 0x00, 0x00, 0x08, 0x00, 0x00, 0x00, 0x09, 0x00, 0x00, 0x00, 0x0D, 
0x00, 0x00, 0x00, 0x01, 0x00, 0x00, 0x00, 0x00, 0x00, 0x00, 0x00, 0x44, 0x00, 0x00, 0x00, 0x0D, 
0x00, 0x00, 0x00, 0x08, 0x00, 0x00, 0x00, 0x09, 0x00, 0x00, 0x00, 0x0D, 0x00, 0x00, 0x00, 0x01, 
0x00, 0x00, 0x00, 0x00, 0x00, 0x00, 0x00, 0x45, 0x00, 0x00, 0x00, 0x0D, 0x00, 0x00, 0x00, 0x06, 
0x00, 0x00, 0x00, 0x07, 0x00, 0x00, 0x00, 0x0D, 0x00, 0x00, 0x00, 0x01, 0x00, 0x00, 0x00, 0x00, 
0x00, 0x00, 0x00, 0x46, 0x00, 0x00, 0x00, 0x0D, 0x00, 0x00, 0x00, 0x06, 0x00, 0x00, 0x00, 0x07, 
0x00, 0x00, 0x00, 0x0D, 0x00, 0x00, 0x00, 0x01, 0x00, 0x00, 0x00, 0x00, 0x00, 0x00, 0x00, 0x47, 
0x00, 0x00, 0x00, 0x0D, 0x00, 0x00, 0x00, 0x09, 0x00, 0x00, 0x00, 0x0B, 0x00, 0x00, 0x00, 0x0D, 
0x00, 0x00, 0x00, 0x01, 0x00, 0x00, 0x00, 0x00, 0x00, 0x00, 0x00, 0x48, 0x00, 0x00, 0x00, 0x0D, 
0x00, 0x00, 0x00, 0x08, 0x00, 0x00, 0x00, 0x0A, 0x00, 0x00, 0x00, 0x0D, 0x00, 0x00, 0x00, 0x01, 
0x00, 0x00, 0x00, 0x00, 0x00, 0x00, 0x00, 0x49, 0x00, 0x00, 0x00, 0x0D, 0x00, 0x00, 0x00, 0x04, 
0x00, 0x00, 0x00, 0x06, 0x00, 0x00, 0x00, 0x0D, 0x00, 0x00, 0x00, 0x01, 0x00, 0x00, 0x00, 0x00, 
0x00, 0x00, 0x00, 0x4A, 0x00, 0x00, 0x00, 0x11, 0x00, 0x00, 0x00, 0x05, 0x00, 0x00, 0x00, 0x05, 
0x00, 0x00, 0x00, 0x0D, 0xFF, 0xFF, 0xFF, 0xFF, 0x00, 0x00, 0x00, 0x00, 0x00, 0x00, 0x00, 0x4B, 
0x00, 0x00, 0x00, 0x0D, 0x00, 0x00, 0x00, 0x08, 0x00, 0x00, 0x00, 0x08, 0x00, 0x00, 0x00, 0x0D, 
0x00, 0x00, 0x00, 0x01, 0x00, 0x00, 0x00, 0x00, 0x00, 0x00, 0x00, 0x4C, 0x00, 0x00, 0x00, 0x0D, 
0x00, 0x00, 0x00, 0x06, 0x00, 0x00, 0x00, 0x07, 0x00, 0x00, 0x00, 0x0D, 0x00, 0x00, 0x00, 0x01, 
0x00, 0x00, 0x00, 0x00, 0x00, 0x00, 0x00, 0x4D, 0x00, 0x00, 0x00, 0x0D, 0x00, 0x00, 0x00, 0x0B, 
0x00, 0x00, 0x00, 0x0D, 0x00, 0x00, 0x00, 0x0D, 0x00, 0x00, 0x00, 0x01, 0x00, 0x00, 0x00, 0x00, 
0x00, 0x00, 0x00, 0x4E, 0x00, 0x00, 0x00, 0x0D, 0x00, 0x00, 0x00, 0x08, 0x00, 0x00, 0x00, 0x0A, 
0x00, 0x00, 0x00, 0x0D, 0x00, 0x00, 0x00, 0x01, 0x00, 0x00, 0x00, 0x00, 0x00, 0x00, 0x00, 0x4F, 
0x00, 0x00, 0x00, 0x0D, 0x00, 0x00, 0x00, 0x09, 0x00, 0x00, 0x00, 0x0B, 0x00, 0x00, 0x00, 0x0D, 
0x00, 0x00, 0x00, 0x01, 0x00, 0x00, 0x00, 0x00, 0x00, 0x00, 0x00, 0x50, 0x00, 0x00, 0x00, 0x0D, 
0x00, 0x00, 0x00, 0x07, 0x00, 0x00, 0x00, 0x08, 0x00, 0x00, 0x00, 0x0D, 0x00, 0x00, 0x00, 0x01, 
0x00, 0x00, 0x00, 0x00, 0x00, 0x00, 0x00, 0x51, 0x00, 0x00, 0x00, 0x10, 0x00, 0x00, 0x00, 0x09, 
0x00, 0x00, 0x00, 0x0B, 0x00, 0x00, 0x00, 0x0D, 0x00, 0x00, 0x00, 0x01, 0x00, 0x00, 0x00, 0x00, 
0x00, 0x00, 0x00, 0x52, 0x00, 0x00, 0x00, 0x0D, 0x00, 0x00, 0x00, 0x08, 0x00, 0x00, 0x00, 0x08, 
0x00, 0x00, 0x00, 0x0D, 0x00, 0x00, 0x00, 0x01, 0x00, 0x00, 0x00, 0x00, 0x00, 0x00, 0x00, 0x53, 
0x00, 0x00, 0x00, 0x0D, 0x00, 0x00, 0x00, 0x07, 0x00, 0x00, 0x00, 0x08, 0x00, 0x00, 0x00, 0x0D, 
0x00, 0x00, 0x00, 0x01, 0x00, 0x00, 0x00, 0x00, 0x00, 0x00, 0x00, 0x54, 0x00, 0x00, 0x00, 0x0D, 
0x00, 0x00, 0x00, 0x07, 0x00, 0x00, 0x00, 0x09, 0x00, 0x00, 0x00, 0x0D, 0x00, 0x00, 0x00, 0x01, 
0x00, 0x00, 0x00, 0x00, 0x00, 0x00, 0x00, 0x55, 0x00, 0x00, 0x00, 0x0D, 0x00, 0x00, 0x00, 0x08, 
0x00, 0x00, 0x00, 0x0A, 0x00, 0x00, 0x00, 0x0D, 0x00, 0x00, 0x00, 0x01, 0x00, 0x00, 0x00, 0x00, 
0x00, 0x00, 0x00, 0x56, 0x00, 0x00, 0x00, 0x0D, 0x00, 0x00, 0x00, 0x09, 0x00, 0x00, 0x00, 0x09, 
0x00, 0x00, 0x00, 0x0D, 0x00, 0x00, 0x00, 0x00, 0x00, 0x00, 0x00, 0x00, 0x00, 0x00, 0x00, 0x57, 
0x00, 0x00, 0x00, 0x0D, 0x00, 0x00, 0x00, 0x0E, 0x00, 0x00, 0x00, 0x0E, 0x00, 0x00, 0x00, 0x0D, 
0x00, 0x00, 0x00, 0x00, 0x00, 0x00, 0x00, 0x00, 0x00, 0x00, 0x00, 0x58, 0x00, 0x00, 0x00, 0x0D, 
0x00, 0x00, 0x00, 0x08, 0x00, 0x00, 0x00, 0x08, 0x00, 0x00, 0x00, 0x0D, 0x00, 0x00, 0x00, 0x00, 
0x00, 0x00, 0x00, 0x00, 0x00, 0x00, 0x00, 0x59, 0x00, 0x00, 0x00, 0x0D, 0x00, 0x00, 0x00, 0x09, 
0x00, 0x00, 0x00, 0x08, 0x00, 0x00, 0x00, 0x0D, 0xFF, 0xFF, 0xFF, 0xFF, 0x00, 0x00, 0x00, 0x00, 
0x00, 0x00, 0x00, 0x5A, 0x00, 0x00, 0x00, 0x0D, 0x00, 0x00, 0x00, 0x06, 0x00, 0x00, 0x00, 0x08, 
0x00, 0x00, 0x00, 0x0D, 0x00, 0x00, 0x00, 0x01, 0x00, 0x00, 0x00, 0x00, 0x00, 0x00, 0x00, 0x5B, 
0x00, 0x00, 0x00, 0x11, 0x00, 0x00, 0x00, 0x04, 0x00, 0x00, 0x00, 0x05, 0x00, 0x00, 0x00, 0x0D, 
0x00, 0x00, 0x00, 0x01, 0x00, 0x00, 0x00, 0x00, 0x00, 0x00, 0x00, 0x5C, 0x00, 0x00, 0x00, 0x0D, 
0x00, 0x00, 0x00, 0x07, 0x00, 0x00, 0x00, 0x06, 0x00, 0x00, 0x00, 0x0D, 0x00, 0x00, 0x00, 0x00, 
0x00, 0x00, 0x00, 0x00, 0x00, 0x00, 0x00, 0x5D, 0x00, 0x00, 0x00, 0x11, 0x00, 0x00, 0x00, 0x05, 
0x00, 0x00, 0x00, 0x06, 0x00, 0x00, 0x00, 0x0D, 0x00, 0x00, 0x00, 0x00, 0x00, 0x00, 0x00, 0x00, 
0x00, 0x00, 0x00, 0x5E, 0x00, 0x00, 0x00, 0x08, 0x00, 0x00, 0x00, 0x08, 0x00, 0x00, 0x00, 0x08, 
0x00, 0x00, 0x00, 0x0E, 0x00, 0x00, 0x00, 0x00, 0x00, 0x00, 0x00, 0x00, 0x00, 0x00, 0x00, 0x5F, 
0x00, 0x00, 0x00, 0x03, 0x00, 0x00, 0x00, 0x08, 0x00, 0x00, 0x00, 0x08, 0xFF, 0xFF, 0xFF, 0xFF, 
0x00, 0x00, 0x00, 0x00, 0x00, 0x00, 0x00, 0x00, 0x00, 0x00, 0x00, 0x60, 0x00, 0x00, 0x00, 0x03, 
0x00, 0x00, 0x00, 0x05, 0x00, 0x00, 0x00, 0x05, 0x00, 0x00, 0x00, 0x0E, 0x00, 0x00, 0x00, 0x00, 
0x00, 0x00, 0x00, 0x00, 0x00, 0x00, 0x00, 0x61, 0x00, 0x00, 0x00, 0x0A, 0x00, 0x00, 0x00, 0x06, 
0x00, 0x00, 0x00, 0x08, 0x00, 0x00, 0x00, 0x0A, 0x00, 0x00, 0x00, 0x01, 0x00, 0x00, 0x00, 0x00, 
0x00, 0x00, 0x00, 0x62, 0x00, 0x00, 0x00, 0x0E, 0x00, 0x00, 0x00, 0x07, 0x00, 0x00, 0x00, 0x09, 
0x00, 0x00, 0x00, 0x0E, 0x00, 0x00, 0x00, 0x01, 0x00, 0x00, 0x00, 0x00, 0x00, 0x00, 0x00, 0x63, 
0x00, 0x00, 0x00, 0x0A, 0x00, 0x00, 0x00, 0x06, 0x00, 0x00, 0x00, 0x07, 0x00, 0x00, 0x00, 0x0A, 
0x00, 0x00, 0x00, 0x01, 0x00, 0x00, 0x00, 0x00, 0x00, 0x00, 0x00, 0x64, 0x00, 0x00, 0x00, 0x0E, 
0x00, 0x00, 0x00, 0x07, 0x00, 0x00, 0x00, 0x09, 0x00, 0x00, 0x00, 0x0E, 0x00, 0x00, 0x00, 0x01, 
0x00, 0x00, 0x00, 0x00, 0x00, 0x00, 0x00, 0x65, 0x00, 0x00, 0x00, 0x0A, 0x00, 0x00, 0x00, 0x07, 
0x00, 0x00, 0x00, 0x08, 0x00, 0x00, 0x00, 0x0A, 0x00, 0x00, 0x00, 0x01, 0x00, 0x00, 0x00, 0x00, 
0x00, 0x00, 0x00, 0x66, 0x00, 0x00, 0x00, 0x0E, 0x00, 0x00, 0x00, 0x06, 0x00, 0x00, 0x00, 0x07, 
0x00, 0x00, 0x00, 0x0E, 0x00, 0x00, 0x00, 0x01, 0x00, 0x00, 0x00, 0x00, 0x00, 0x00, 0x00, 0x67, 
0x00, 0x00, 0x00, 0x0E, 0x00, 0x00, 0x00, 0x07, 0x00, 0x00, 0x00, 0x09, 0x00, 0x00, 0x00, 0x0A, 
0x00, 0x00, 0x00, 0x01, 0x00, 0x00, 0x00, 0x00, 0x00, 0x00, 0x00, 0x68, 0x00, 0x00, 0x00, 0x0E, 
0x00, 0x00, 0x00, 0x07, 0x00, 0x00, 0x00, 0x09, 0x00, 0x00, 0x00, 0x0E, 0x00, 0x00, 0x00, 0x01, 
0x00, 0x00, 0x00, 0x00, 0x00, 0x00, 0x00, 0x69, 0x00, 0x00, 0x00, 0x0E, 0x00, 0x00, 0x00, 0x02, 
0x00, 0x00, 0x00, 0x04, 0x00, 0x00, 0x00, 0x0E, 0x00, 0x00, 0x00, 0x01, 0x00, 0x00, 0x00, 0x00, 
0x00, 0x00, 0x00, 0x6A, 0x00, 0x00, 0x00, 0x12, 0x00, 0x00, 0x00, 0x04, 0x00, 0x00, 0x00, 0x04, 
0x00, 0x00, 0x00, 0x0E, 0xFF, 0xFF, 0xFF, 0xFF, 0x00, 0x00, 0x00, 0x00, 0x00, 0x00, 0x00, 0x6B, 
0x00, 0x00, 0x00, 0x0E, 0x00, 0x00, 0x00, 0x07, 0x00, 0x00, 0x00, 0x08, 0x00, 0x00, 0x00, 0x0E, 
0x00, 0x00, 0x00, 0x01, 0x00, 0x00, 0x00, 0x00, 0x00, 0x00, 0x00, 0x6C, 0x00, 0x00, 0x00, 0x0E, 
0x00, 0x00, 0x00, 0x02, 0x00, 0x00, 0x00, 0x04, 0x00, 0x00, 0x00, 0x0E, 0x00, 0x00, 0x00, 0x01, 
0x00, 0x00, 0x00, 0x00, 0x00, 0x00, 0x00, 0x6D, 0x00, 0x00, 0x00, 0x0A, 0x00, 0x00, 0x00, 0x0B, 
0x00, 0x00, 0x00, 0x0D, 0x00, 0x00, 0x00, 0x0A, 0x00, 0x00, 0x00, 0x01, 0x00, 0x00, 0x00, 0x00, 
0x00, 0x00, 0x00, 0x6E, 0x00, 0x00, 0x00, 0x0A, 0x00, 0x00, 0x00, 0x07, 0x00, 0x00, 0x00, 0x09, 
0x00, 0x00, 0x00, 0x0A, 0x00, 0x00, 0x00, 0x01, 0x00, 0x00, 0x00, 0x00, 0x00, 0x00, 0x00, 0x6F, 
0x00, 0x00, 0x00, 0x0A, 0x00, 0x00, 0x00, 0x07, 0x00, 0x00, 0x00, 0x09, 0x00, 0x00, 0x00, 0x0A, 
0x00, 0x00, 0x00, 0x01, 0x00, 0x00, 0x00, 0x00, 0x00, 0x00, 0x00, 0x70, 0x00, 0x00, 0x00, 0x0E, 
0x00, 0x00, 0x00, 0x07, 0x00, 0x00, 0x00, 0x09, 0x00, 0x00, 0x00, 0x0A, 0x00, 0x00, 0x00, 0x01, 
0x00, 0x00, 0x00, 0x00, 0x00, 0x00, 0x00, 0x71, 0x00, 0x00, 0x00, 0x0E, 0x00, 0x00, 0x00, 0x07, 
0x00, 0x00, 0x00, 0x09, 0x00, 0x00, 0x00, 0x0A, 0x00, 0x00, 0x00, 0x01, 0x00, 0x00, 0x00, 0x00, 
0x00, 0x00, 0x00, 0x72, 0x00, 0x00, 0x00, 0x0A, 0x00, 0x00, 0x00, 0x05, 0x00, 0x00, 0x00, 0x06, 
0x00, 0x00, 0x00, 0x0A, 0x00, 0x00, 0x00, 0x01, 0x00, 0x00, 0x00, 0x00, 0x00, 0x00, 0x00, 0x73, 
0x00, 0x00, 0x00, 0x0A, 0x00, 0x00, 0x00, 0x06, 0x00, 0x00, 0x00, 0x07, 0x00, 0x00, 0x00, 0x0A, 
0x00, 0x00, 0x00, 0x01, 0x00, 0x00, 0x00, 0x00, 0x00, 0x00, 0x00, 0x74, 0x00, 0x00, 0x00, 0x0C, 
0x00, 0x00, 0x00, 0x05, 0x00, 0x00, 0x00, 0x07, 0x00, 0x00, 0x00, 0x0C, 0x00, 0x00, 0x00, 0x01, 
0x00, 0x00, 0x00, 0x00, 0x00, 0x00, 0x00, 0x75, 0x00, 0x00, 0x00, 0x0A, 0x00, 0x00, 0x00, 0x07, 
0x00, 0x00, 0x00, 0x09, 0x00, 0x00, 0x00, 0x0A, 0x00, 0x00, 0x00, 0x01, 0x00, 0x00, 0x00, 0x00, 
0x00, 0x00, 0x00, 0x76, 0x00, 0x00, 0x00, 0x0A, 0x00, 0x00, 0x00, 0x08, 0x00, 0x00, 0x00, 0x07, 
0x00, 0x00, 0x00, 0x0A, 0x00, 0x00, 0x00, 0x00, 0x00, 0x00, 0x00, 0x00, 0x00, 0x00, 0x00, 0x77, 
0x00, 0x00, 0x00, 0x0A, 0x00, 0x00, 0x00, 0x0C, 0x00, 0x00, 0x00, 0x0B, 0x00, 0x00, 0x00, 0x0A, 
0x00, 0x00, 0x00, 0x00, 0x00, 0x00, 0x00, 0x00, 0x00, 0x00, 0x00, 0x78, 0x00, 0x00, 0x00, 0x0A, 
0x00, 0x00, 0x00, 0x08, 0x00, 0x00, 0x00, 0x07, 0x00, 0x00, 0x00, 0x0A, 0x00, 0x00, 0x00, 0x00, 
0x00, 0x00, 0x00, 0x00, 0x00, 0x00, 0x00, 0x79, 0x00, 0x00, 0x00, 0x0E, 0x00, 0x00, 0x00, 0x08, 
0x00, 0x00, 0x00, 0x07, 0x00, 0x00, 0x00, 0x0A, 0xFF, 0xFF, 0xFF, 0xFF, 0x00, 0x00, 0x00, 0x00, 
0x00, 0x00, 0x00, 0x7A, 0x00, 0x00, 0x00, 0x0A, 0x00, 0x00, 0x00, 0x05, 0x00, 0x00, 0x00, 0x07, 
0x00, 0x00, 0x00, 0x0A, 0x00, 0x00, 0x00, 0x01, 0x00, 0x00, 0x00, 0x00, 0x00, 0x00, 0x00, 0x7B, 
0x00, 0x00, 0x00, 0x11, 0x00, 0x00, 0x00, 0x05, 0x00, 0x00, 0x00, 0x07, 0x00, 0x00, 0x00, 0x0D, 
0x00, 0x00, 0x00, 0x01, 0x00, 0x00, 0x00, 0x00, 0x00, 0x00, 0x00, 0x7C, 0x00, 0x00, 0x00, 0x12, 
0x00, 0x00, 0x00, 0x02, 0x00, 0x00, 0x00, 0x08, 0x00, 0x00, 0x00, 0x0E, 0x00, 0x00, 0x00, 0x03, 
0x00, 0x00, 0x00, 0x00, 0x00, 0x00, 0x00, 0x7D, 0x00, 0x00, 0x00, 0x11, 0x00, 0x00, 0x00, 0x06, 
0x00, 0x00, 0x00, 0x06, 0x00, 0x00, 0x00, 0x0D, 0x00, 0x00, 0x00, 0x00, 0x00, 0x00, 0x00, 0x00, 
0x00, 0x00, 0x00, 0x7E, 0x00, 0x00, 0x00, 0x04, 0x00, 0x00, 0x00, 0x07, 0x00, 0x00, 0x00, 0x09, 
0x00, 0x00, 0x00, 0x09, 0x00, 0x00, 0x00, 0x01, 0x00, 0x00, 0x00, 0x00, 0x00, 0x00, 0x00, 0xA0, 
0x00, 0x00, 0x00, 0x01, 0x00, 0x00, 0x00, 0x01, 0x00, 0x00, 0x00, 0x04, 0x00, 0x00, 0x00, 0x24, 
0xFF, 0xFF, 0xFF, 0xEE, 0x00, 0x00, 0x00, 0x00, 0x00, 0x00, 0x00, 0xA1, 0x00, 0x00, 0x00, 0x0D, 
0x00, 0x00, 0x00, 0x02, 0x00, 0x00, 0x00, 0x04, 0x00, 0x00, 0x00, 0x0A, 0x00, 0x00, 0x00, 0x01, 
0x00, 0x00, 0x00, 0x00, 0x00, 0x00, 0x00, 0xA2, 0x00, 0x00, 0x00, 0x0D, 0x00, 0x00, 0x00, 0x06, 
0x00, 0x00, 0x00, 0x08, 0x00, 0x00, 0x00, 0x0D, 0x00, 0x00, 0x00, 0x01, 0x00, 0x00, 0x00, 0x00, 
0x00, 0x00, 0x00, 0xA3, 0x00, 0x00, 0x00, 0x0D, 0x00, 0x00, 0x00, 0x07, 0x00, 0x00, 0x00, 0x09, 
0x00, 0x00, 0x00, 0x0D, 0x00, 0x00, 0x00, 0x01, 0x00, 0x00, 0x00, 0x00, 0x00, 0x00, 0x00, 0xA4, 
0x00, 0x00, 0x00, 0x09, 0x00, 0x00, 0x00, 0x09, 0x00, 0x00, 0x00, 0x09, 0x00, 0x00, 0x00, 0x0B, 
0x00, 0x00, 0x00, 0x00, 0x00, 0x00, 0x00, 0x00, 0x00, 0x00, 0x00, 0xA5, 0x00, 0x00, 0x00, 0x0D, 
0x00, 0x00, 0x00, 0x08, 0x00, 0x00, 0x00, 0x08, 0x00, 0x00, 0x00, 0x0D, 0x00, 0x00, 0x00, 0x00, 
0x00, 0x00, 0x00, 0x00, 0x00, 0x00, 0x00, 0xA6, 0x00, 0x00, 0x00, 0x12, 0x00, 0x00, 0x00, 0x02, 
0x00, 0x00, 0x00, 0x08, 0x00, 0x00, 0x00, 0x0E, 0x00, 0x00, 0x00, 0x03, 0x00, 0x00, 0x00, 0x00, 
0x00, 0x00, 0x00, 0xA7, 0x00, 0x00, 0x00, 0x0E, 0x00, 0x00, 0x00, 0x07, 0x00, 0x00, 0x00, 0x07, 
0x00, 0x00, 0x00, 0x0E, 0x00, 0x00, 0x00, 0x00, 0x00, 0x00, 0x00, 0x00, 0x00, 0x00, 0x00, 0xA8, 
0x00, 0x00, 0x00, 0x03, 0x00, 0x00, 0x00, 0x05, 0x00, 0x00, 0x00, 0x09, 0x00, 0x00, 0x00, 0x0E, 
0x00, 0x00, 0x00, 0x02, 0x00, 0x00, 0x00, 0x00, 0x00, 0x00, 0x00, 0xA9, 0x00, 0x00, 0x00, 0x0F, 
0x00, 0x00, 0x00, 0x0D, 0x00, 0x00, 0x00, 0x0F, 0x00, 0x00, 0x00, 0x0E, 0x00, 0x00, 0x00, 0x01, 
0x00, 0x00, 0x00, 0x00, 0x00, 0x00, 0x00, 0xAA, 0x00, 0x00, 0x00, 0x06, 0x00, 0x00, 0x00, 0x04, 
0x00, 0x00, 0x00, 0x05, 0x00, 0x00, 0x00, 0x0D, 0x00, 0x00, 0x00, 0x00, 0x00, 0x00, 0x00, 0x00, 
0x00, 0x00, 0x00, 0xAB, 0x00, 0x00, 0x00, 0x08, 0x00, 0x00, 0x00, 0x08, 0x00, 0x00, 0x00, 0x09, 
0x00, 0x00, 0x00, 0x09, 0x00, 0x00, 0x00, 0x01, 0x00, 0x00, 0x00, 0x00, 0x00, 0x00, 0x00, 0xAC, 
0x00, 0x00, 0x00, 0x06, 0x00, 0x00, 0x00, 0x08, 0x00, 0x00, 0x00, 0x08, 0x00, 0x00, 0x00, 0x08, 
0x00, 0x00, 0x00, 0x00, 0x00, 0x00, 0x00, 0x00, 0x00, 0x00, 0x00, 0xAD, 0x00, 0x00, 0x00, 0x03, 
0x00, 0x00, 0x00, 0x04, 0x00, 0x00, 0x00, 0x06, 0x00, 0x00, 0x00, 0x07, 0x00, 0x00, 0x00, 0x01, 
0x00, 0x00, 0x00, 0x00, 0x00, 0x00, 0x00, 0xAE, 0x00, 0x00, 0x00, 0x0F, 0x00, 0x00, 0x00, 0x0D, 
0x00, 0x00, 0x00, 0x0F, 0x00, 0x00, 0x00, 0x0E, 0x00, 0x00, 0x00, 0x01, 0x00, 0x00, 0x00, 0x00, 
0x00, 0x00, 0x00, 0xAF, 0x00, 0x00, 0x00, 0x03, 0x00, 0x00, 0x00, 0x08, 0x00, 0x00, 0x00, 0x08, 
0x00, 0x00, 0x00, 0x10, 0x00, 0x00, 0x00, 0x00, 0x00, 0x00, 0x00, 0x00, 0x00, 0x00, 0x00, 0xB0, 
0x00, 0x00, 0x00, 0x07, 0x00, 0x00, 0x00, 0x05, 0x00, 0x00, 0x00, 0x07, 0x00, 0x00, 0x00, 0x0E, 
0x00, 0x00, 0x00, 0x01, 0x00, 0x00, 0x00, 0x00, 0x00, 0x00, 0x00, 0xB1, 0x00, 0x00, 0x00, 0x0B, 
0x00, 0x00, 0x00, 0x07, 0x00, 0x00, 0x00, 0x09, 0x00, 0x00, 0x00, 0x0B, 0x00, 0x00, 0x00, 0x01, 
0x00, 0x00, 0x00, 0x00, 0x00, 0x00, 0x00, 0xB2, 0x00, 0x00, 0x00, 0x08, 0x00, 0x00, 0x00, 0x04, 
0x00, 0x00, 0x00, 0x06, 0x00, 0x00, 0x00, 0x0F, 0x00, 0x00, 0x00, 0x01, 0x00, 0x00, 0x00, 0x00, 
0x00, 0x00, 0x00, 0xB3, 0x00, 0x00, 0x00, 0x08, 0x00, 0x00, 0x00, 0x05, 0x00, 0x00, 0x00, 0x06, 
0x00, 0x00, 0x00, 0x0F, 0x00, 0x00, 0x00, 0x00, 0x00, 0x00, 0x00, 0x00, 0x00, 0x00, 0x00, 0xB4, 
0x00, 0x00, 0x00, 0x03, 0x00, 0x00, 0x00, 0x05, 0x00, 0x00, 0x00, 0x05, 0x00, 0x00, 0x00, 0x0E, 
0x00, 0x00, 0x00, 0x00, 0x00, 0x00, 0x00, 0x00, 0x00, 0x00, 0x00, 0xB5, 0x00, 0x00, 0x00, 0x0E, 
0x00, 0x00, 0x00, 0x07, 0x00, 0x00, 0x00, 0x09, 0x00, 0x00, 0x00, 0x0A, 0x00, 0x00, 0x00, 0x01, 
0x00, 0x00, 0x00, 0x00, 0x00, 0x00, 0x00, 0xB6, 0x00, 0x00, 0x00, 0x11, 0x00, 0x00, 0x00, 0x08, 
0x00, 0x00, 0x00, 0x0A, 0x00, 0x00, 0x00, 0x0E, 0x00, 0x00, 0x00, 0x01, 0x00, 0x00, 0x00, 0x00, 
0x00, 0x00, 0x00, 0xB7, 0x00, 0x00, 0x00, 0x03, 0x00, 0x00, 0x00, 0x02, 0x00, 0x00, 0x00, 0x04, 
0x00, 0x00, 0x00, 0x08, 0x00, 0x00, 0x00, 0x01, 0x00, 0x00, 0x00, 0x00, 0x00, 0x00, 0x00, 0xB8, 
0x00, 0x00, 0x00, 0x05, 0x00, 0x00, 0x00, 0x04, 0x00, 0x00, 0x00, 0x05, 0x00, 0x00, 0x00, 0x01, 
0x00, 0x00, 0x00, 0x01, 0x00, 0x00, 0x00, 0x00, 0x00, 0x00, 0x00, 0xB9, 0x00, 0x00, 0x00, 0x08, 
0x00, 0x00, 0x00, 0x04, 0x00, 0x00, 0x00, 0x06, 0x00, 0x00, 0x00, 0x0F, 0x00, 0x00, 0x00, 0x00, 
0x00, 0x00, 0x00, 0x00, 0x00, 0x00, 0x00, 0xBA, 0x00, 0x00, 0x00, 0x06, 0x00, 0x00, 0x00, 0x05, 
0x00, 0x00, 0x00, 0x06, 0x00, 0x00, 0x00, 0x0D, 0x00, 0x00, 0x00, 0x00, 0x00, 0x00, 0x00, 0x00, 
0x00, 0x00, 0x00, 0xBB, 0x00, 0x00, 0x00, 0x08, 0x00, 0x00, 0x00, 0x08, 0x00, 0x00, 0x00, 0x08, 
0x00, 0x00, 0x00, 0x09, 0x00, 0x00, 0x00, 0x00, 0x00, 0x00, 0x00, 0x00, 0x00, 0x00, 0x00, 0xBC, 
0x00, 0x00, 0x00, 0x0D, 0x00, 0x00, 0x00, 0x0D, 0x00, 0x00, 0x00, 0x0E, 0x00, 0x00, 0x00, 0x0D, 
0x00, 0x00, 0x00, 0x00, 0x00, 0x00, 0x00, 0x00, 0x00, 0x00, 0x00, 0xBD, 0x00, 0x00, 0x00, 0x0E, 
0x00, 0x00, 0x00, 0x0D, 0x00, 0x00, 0x00, 0x0D, 0x00, 0x00, 0x00, 0x0D, 0xFF, 0xFF, 0xFF, 0xFF, 
0x00, 0x00, 0x00, 0x00, 0x00, 0x00, 0x00, 0xBE, 0x00, 0x00, 0x00, 0x0E, 0x00, 0x00, 0x00, 0x0D, 
0x00, 0x00, 0x00, 0x0E, 0x00, 0x00, 0x00, 0x0E, 0x00, 0x00, 0x00, 0x00, 0x00, 0x00, 0x00, 0x00, 
0x00, 0x00, 0x00, 0xBF, 0x00, 0x00, 0x00, 0x0E, 0x00, 0x00, 0x00, 0x06, 0x00, 0x00, 0x00, 0x07, 
0x00, 0x00, 0x00, 0x0A, 0x00, 0x00, 0x00, 0x01, 0x00, 0x00, 0x00, 0x00, 0x00, 0x00, 0x00, 0xC0, 
0x00, 0x00, 0x00, 0x12, 0x00, 0x00, 0x00, 0x09, 0x00, 0x00, 0x00, 0x09, 0x00, 0x00, 0x00, 0x12, 
0x00, 0x00, 0x00, 0x00, 0x00, 0x00, 0x00, 0x00, 0x00, 0x00, 0x00, 0xC1, 0x00, 0x00, 0x00, 0x12, 
0x00, 0x00, 0x00, 0x09, 0x00, 0x00, 0x00, 0x09, 0x00, 0x00, 0x00, 0x12, 0x00, 0x00, 0x00, 0x00, 
0x00, 0x00, 0x00, 0x00, 0x00, 0x00, 0x00, 0xC2, 0x00, 0x00, 0x00, 0x12, 0x00, 0x00, 0x00, 0x09, 
0x00, 0x00, 0x00, 0x09, 0x00, 0x00, 0x00, 0x12, 0x00, 0x00, 0x00, 0x00, 0x00, 0x00, 0x00, 0x00, 
0x00, 0x00, 0x00, 0xC3, 0x00, 0x00, 0x00, 0x12, 0x00, 0x00, 0x00, 0x09, 0x00, 0x00, 0x00, 0x09, 
0x00, 0x00, 0x00, 0x12, 0x00, 0x00, 0x00, 0x00, 0x00, 0x00, 0x00, 0x00, 0x00, 0x00, 0x00, 0xC4, 
0x00, 0x00, 0x00, 0x11, 0x00, 0x00, 0x00, 0x0A, 0x00, 0x00, 0x00, 0x09, 0x00, 0x00, 0x00, 0x11, 
0xFF, 0xFF, 0xFF, 0xFF, 0x00, 0x00, 0x00, 0x00, 0x00, 0x00, 0x00, 0xC5, 0x00, 0x00, 0x00, 0x11, 
0x00, 0x00, 0x00, 0x0A, 0x00, 0x00, 0x00, 0x09, 0x00, 0x00, 0x00, 0x11, 0xFF, 0xFF, 0xFF, 0xFF, 
0x00, 0x00, 0x00, 0x00, 0x00, 0x00, 0x00, 0xC6, 0x00, 0x00, 0x00, 0x0D, 0x00, 0x00, 0x00, 0x0C, 
0x00, 0x00, 0x00, 0x0C, 0x00, 0x00, 0x00, 0x0D, 0x00, 0x00, 0x00, 0x00, 0x00, 0x00, 0x00, 0x00, 
0x00, 0x00, 0x00, 0xC7, 0x00, 0x00, 0x00, 0x11, 0x00, 0x00, 0x00, 0x08, 0x00, 0x00, 0x00, 0x09, 
0x00, 0x00, 0x00, 0x0D, 0x00, 0x00, 0x00, 0x01, 0x00, 0x00, 0x00, 0x00, 0x00, 0x00, 0x00, 0xC8, 
0x00, 0x00, 0x00, 0x12, 0x00, 0x00, 0x00, 0x06, 0x00, 0x00, 0x00, 0x07, 0x00, 0x00, 0x00, 0x12, 
0x00, 0x00, 0x00, 0x01, 0x00, 0x00, 0x00, 0x00, 0x00, 0x00, 0x00, 0xC9, 0x00, 0x00, 0x00, 0x12, 
0x00, 0x00, 0x00, 0x06, 0x00, 0x00, 0x00, 0x07, 0x00, 0x00, 0x00, 0x12, 0x00, 0x00, 0x00, 0x01, 
0x00, 0x00, 0x00, 0x00, 0x00, 0x00, 0x00, 0xCA, 0x00, 0x00, 0x00, 0x12, 0x00, 0x00, 0x00, 0x06, 
0x00, 0x00, 0x00, 0x07, 0x00, 0x00, 0x00, 0x12, 0x00, 0x00, 0x00, 0x01, 0x00, 0x00, 0x00, 0x00, 
0x00, 0x00, 0x00, 0xCB, 0x00, 0x00, 0x00, 0x11, 0x00, 0x00, 0x00, 0x06, 0x00, 0x00, 0x00, 0x07, 
0x00, 0x00, 0x00, 0x11, 0x00, 0x00, 0x00, 0x01, 0x00, 0x00, 0x00, 0x00, 0x00, 0x00, 0x00, 0xCC, 
0x00, 0x00, 0x00, 0x12, 0x00, 0x00, 0x00, 0x05, 0x00, 0x00, 0x00, 0x06, 0x00, 0x00, 0x00, 0x12, 
0x00, 0x00, 0x00, 0x00, 0x00, 0x00, 0x00, 0x00, 0x00, 0x00, 0x00, 0xCD, 0x00, 0x00, 0x00, 0x12, 
0x00, 0x00, 0x00, 0x05, 0x00, 0x00, 0x00, 0x06, 0x00, 0x00, 0x00, 0x12, 0x00, 0x00, 0x00, 0x01, 
0x00, 0x00, 0x00, 0x00, 0x00, 0x00, 0x00, 0xCE, 0x00, 0x00, 0x00, 0x12, 0x00, 0x00, 0x00, 0x06, 
0x00, 0x00, 0x00, 0x06, 0x00, 0x00, 0x00, 0x12, 0x00, 0x00, 0x00, 0x00, 0x00, 0x00, 0x00, 0x00, 
0x00, 0x00, 0x00, 0xCF, 0x00, 0x00, 0x00, 0x11, 0x00, 0x00, 0x00, 0x05, 0x00, 0x00, 0x00, 0x06, 
0x00, 0x00, 0x00, 0x11, 0x00, 0x00, 0x00, 0x01, 0x00, 0x00, 0x00, 0x00, 0x00, 0x00, 0x00, 0xD0, 
0x00, 0x00, 0x00, 0x0D, 0x00, 0x00, 0x00, 0x09, 0x00, 0x00, 0x00, 0x0A, 0x00, 0x00, 0x00, 0x0D, 
0x00, 0x00, 0x00, 0x01, 0x00, 0x00, 0x00, 0x00, 0x00, 0x00, 0x00, 0xD1, 0x00, 0x00, 0x00, 0x12, 
0x00, 0x00, 0x00, 0x08, 0x00, 0x00, 0x00, 0x0A, 0x00, 0x00, 0x00, 0x12, 0x00, 0x00, 0x00, 0x01, 
0x00, 0x00, 0x00, 0x00, 0x00, 0x00, 0x00, 0xD2, 0x00, 0x00, 0x00, 0x12, 0x00, 0x00, 0x00, 0x09, 
0x00, 0x00, 0x00, 0x0B, 0x00, 0x00, 0x00, 0x12, 0x00, 0x00, 0x00, 0x01, 0x00, 0x00, 0x00, 0x00, 
0x00, 0x00, 0x00, 0xD3, 0x00, 0x00, 0x00, 0x12, 0x00, 0x00, 0x00, 0x09, 0x00, 0x00, 0x00, 0x0B, 
0x00, 0x00, 0x00, 0x12, 0x00, 0x00, 0x00, 0x01, 0x00, 0x00, 0x00, 0x00, 0x00, 0x00, 0x00, 0xD4, 
0x00, 0x00, 0x00, 0x12, 0x00, 0x00, 0x00, 0x09, 0x00, 0x00, 0x00, 0x0B, 0x00, 0x00, 0x00, 0x12, 
0x00, 0x00, 0x00, 0x01, 0x00, 0x00, 0x00, 0x00, 0x00, 0x00, 0x00, 0xD5, 0x00, 0x00, 0x00, 0x12, 
0x00, 0x00, 0x00, 0x09, 0x00, 0x00, 0x00, 0x0B, 0x00, 0x00, 0x00, 0x12, 0x00, 0x00, 0x00, 0x01, 
0x00, 0x00, 0x00, 0x00, 0x00, 0x00, 0x00, 0xD6, 0x00, 0x00, 0x00, 0x11, 0x00, 0x00, 0x00, 0x09, 
0x00, 0x00, 0x00, 0x0B, 0x00, 0x00, 0x00, 0x11, 0x00, 0x00, 0x00, 0x01, 0x00, 0x00, 0x00, 0x00, 
0x00, 0x00, 0x00, 0xD7, 0x00, 0x00, 0x00, 0x08, 0x00, 0x00, 0x00, 0x08, 0x00, 0x00, 0x00, 0x08, 
0x00, 0x00, 0x00, 0x0A, 0x00, 0x00, 0x00, 0x00, 0x00, 0x00, 0x00, 0x00, 0x00, 0x00, 0x00, 0xD8, 
0x00, 0x00, 0x00, 0x0F, 0x00, 0x00, 0x00, 0x09, 0x00, 0x00, 0x00, 0x0B, 0x00, 0x00, 0x00, 0x0E, 
0x00, 0x00, 0x00, 0x01, 0x00, 0x00, 0x00, 0x00, 0x00, 0x00, 0x00, 0xD9, 0x00, 0x00, 0x00, 0x12, 
0x00, 0x00, 0x00, 0x08, 0x00, 0x00, 0x00, 0x0A, 0x00, 0x00, 0x00, 0x12, 0x00, 0x00, 0x00, 0x01, 
0x00, 0x00, 0x00, 0x00, 0x00, 0x00, 0x00, 0xDA, 0x00, 0x00, 0x00, 0x12, 0x00, 0x00, 0x00, 0x08, 
0x00, 0x00, 0x00, 0x0A, 0x00, 0x00, 0x00, 0x12, 0x00, 0x00, 0x00, 0x01, 0x00, 0x00, 0x00, 0x00, 
0x00, 0x00, 0x00, 0xDB, 0x00, 0x00, 0x00, 0x12, 0x00, 0x00, 0x00, 0x08, 0x00, 0x00, 0x00, 0x0A, 
0x00, 0x00, 0x00, 0x12, 0x00, 0x00, 0x00, 0x01, 0x00, 0x00, 0x00, 0x00, 0x00, 0x00, 0x00, 0xDC, 
0x00, 0x00, 0x00, 0x11, 0x00, 0x00, 0x00, 0x08, 0x00, 0x00, 0x00, 0x0A, 0x00, 0x00, 0x00, 0x11, 
0x00, 0x00, 0x00, 0x01, 0x00, 0x00, 0x00, 0x00, 0x00, 0x00, 0x00, 0xDD, 0x00, 0x00, 0x00, 0x12, 
0x00, 0x00, 0x00, 0x09, 0x00, 0x00, 0x00, 0x08, 0x00, 0x00, 0x00, 0x12, 0xFF, 0xFF, 0xFF, 0xFF, 
0x00, 0x00, 0x00, 0x00, 0x00, 0x00, 0x00, 0xDE, 0x00, 0x00, 0x00, 0x0D, 0x00, 0x00, 0x00, 0x07, 
0x00, 0x00, 0x00, 0x08, 0x00, 0x00, 0x00, 0x0D, 0x00, 0x00, 0x00, 0x01, 0x00, 0x00, 0x00, 0x00, 
0x00, 0x00, 0x00, 0xDF, 0x00, 0x00, 0x00, 0x0E, 0x00, 0x00, 0x00, 0x07, 0x00, 0x00, 0x00, 0x09, 
0x00, 0x00, 0x00, 0x0E, 0x00, 0x00, 0x00, 0x01, 0x00, 0x00, 0x00, 0x00, 0x00, 0x00, 0x00, 0xE0, 
0x00, 0x00, 0x00, 0x0E, 0x00, 0x00, 0x00, 0x06, 0x00, 0x00, 0x00, 0x08, 0x00, 0x00, 0x00, 0x0E, 
0x00, 0x00, 0x00, 0x01, 0x00, 0x00, 0x00, 0x00, 0x00, 0x00, 0x00, 0xE1, 0x00, 0x00, 0x00, 0x0E, 
0x00, 0x00, 0x00, 0x06, 0x00, 0x00, 0x00, 0x08, 0x00, 0x00, 0x00, 0x0E, 0x00, 0x00, 0x00, 0x01, 
0x00, 0x00, 0x00, 0x00, 0x00, 0x00, 0x00, 0xE2, 0x00, 0x00, 0x00, 0x0E, 0x00, 0x00, 0x00, 0x06, 
0x00, 0x00, 0x00, 0x08, 0x00, 0x00, 0x00, 0x0E, 0x00, 0x00, 0x00, 0x01, 0x00, 0x00, 0x00, 0x00, 
0x00, 0x00, 0x00, 0xE3, 0x00, 0x00, 0x00, 0x0D, 0x00, 0x00, 0x00, 0x06, 0x00, 0x00, 0x00, 0x08, 
0x00, 0x00, 0x00, 0x0D, 0x00, 0x00, 0x00, 0x01, 0x00, 0x00, 0x00, 0x00, 0x00, 0x00, 0x00, 0xE4, 
0x00, 0x00, 0x00, 0x0D, 0x00, 0x00, 0x00, 0x06, 0x00, 0x00, 0x00, 0x08, 0x00, 0x00, 0x00, 0x0D, 
0x00, 0x00, 0x00, 0x01, 0x00, 0x00, 0x00, 0x00, 0x00, 0x00, 0x00, 0xE5, 0x00, 0x00, 0x00, 0x10, 
0x00, 0x00, 0x00, 0x06, 0x00, 0x00, 0x00, 0x08, 0x00, 0x00, 0x00, 0x10, 0x00, 0x00, 0x00, 0x01, 
0x00, 0x00, 0x00, 0x00, 0x00, 0x00, 0x00, 0xE6, 0x00, 0x00, 0x00, 0x0A, 0x00, 0x00, 0x00, 0x0B, 
0x00, 0x00, 0x00, 0x0D, 0x00, 0x00, 0x00, 0x0A, 0x00, 0x00, 0x00, 0x01, 0x00, 0x00, 0x00, 0x00, 
0x00, 0x00, 0x00, 0xE7, 0x00, 0x00, 0x00, 0x0E, 0x00, 0x00, 0x00, 0x06, 0x00, 0x00, 0x00, 0x07, 
0x00, 0x00, 0x00, 0x0A, 0x00, 0x00, 0x00, 0x01, 0x00, 0x00, 0x00, 0x00, 0x00, 0x00, 0x00, 0xE8, 
0x00, 0x00, 0x00, 0x0E, 0x00, 0x00, 0x00, 0x07, 0x00, 0x00, 0x00, 0x08, 0x00, 0x00, 0x00, 0x0E, 
0x00, 0x00, 0x00, 0x01, 0x00, 0x00, 0x00, 0x00, 0x00, 0x00, 0x00, 0xE9, 0x00, 0x00, 0x00, 0x0E, 
0x00, 0x00, 0x00, 0x07, 0x00, 0x00, 0x00, 0x08, 0x00, 0x00, 0x00, 0x0E, 0x00, 0x00, 0x00, 0x01, 
0x00, 0x00, 0x00, 0x00, 0x00, 0x00, 0x00, 0xEA, 0x00, 0x00, 0x00, 0x0E, 0x00, 0x00, 0x00, 0x07, 
0x00, 0x00, 0x00, 0x08, 0x00, 0x00, 0x00, 0x0E, 0x00, 0x00, 0x00, 0x01, 0x00, 0x00, 0x00, 0x00, 
0x00, 0x00, 0x00, 0xEB, 0x00, 0x00, 0x00, 0x0D, 0x00, 0x00, 0x00, 0x07, 0x00, 0x00, 0x00, 0x08, 
0x00, 0x00, 0x00, 0x0D, 0x00, 0x00, 0x00, 0x01, 0x00, 0x00, 0x00, 0x00, 0x00, 0x00, 0x00, 0xEC, 
0x00, 0x00, 0x00, 0x0E, 0x00, 0x00, 0x00, 0x04, 0x00, 0x00, 0x00, 0x04, 0x00, 0x00, 0x00, 0x0E, 
0xFF, 0xFF, 0xFF, 0xFF, 0x00, 0x00, 0x00, 0x00, 0x00, 0x00, 0x00, 0xED, 0x00, 0x00, 0x00, 0x0E, 
0x00, 0x00, 0x00, 0x05, 0x00, 0x00, 0x00, 0x04, 0x00, 0x00, 0x00, 0x0E, 0x00, 0x00, 0x00, 0x00, 
0x00, 0x00, 0x00, 0x00, 0x00, 0x00, 0x00, 0xEE, 0x00, 0x00, 0x00, 0x0E, 0x00, 0x00, 0x00, 0x06, 
0x00, 0x00, 0x00, 0x04, 0x00, 0x00, 0x00, 0x0E, 0xFF, 0xFF, 0xFF, 0xFF, 0x00, 0x00, 0x00, 0x00, 
0x00, 0x00, 0x00, 0xEF, 0x00, 0x00, 0x00, 0x0D, 0x00, 0x00, 0x00, 0x05, 0x00, 0x00, 0x00, 0x04, 
0x00, 0x00, 0x00, 0x0D, 0x00, 0x00, 0x00, 0x00, 0x00, 0x00, 0x00, 0x00, 0x00, 0x00, 0x00, 0xF0, 
0x00, 0x00, 0x00, 0x0F, 0x00, 0x00, 0x00, 0x07, 0x00, 0x00, 0x00, 0x09, 0x00, 0x00, 0x00, 0x0F, 
0x00, 0x00, 0x00, 0x01, 0x00, 0x00, 0x00, 0x00, 0x00, 0x00, 0x00, 0xF1, 0x00, 0x00, 0x00, 0x0D, 
0x00, 0x00, 0x00, 0x07, 0x00, 0x00, 0x00, 0x09, 0x00, 0x00, 0x00, 0x0D, 0x00, 0x00, 0x00, 0x01, 
0x00, 0x00, 0x00, 0x00, 0x00, 0x00, 0x00, 0xF2, 0x00, 0x00, 0x00, 0x0E, 0x00, 0x00, 0x00, 0x07, 
0x00, 0x00, 0x00, 0x09, 0x00, 0x00, 0x00, 0x0E, 0x00, 0x00, 0x00, 0x01, 0x00, 0x00, 0x00, 0x00, 
0x00, 0x00, 0x00, 0xF3, 0x00, 0x00, 0x00, 0x0E, 0x00, 0x00, 0x00, 0x07, 0x00, 0x00, 0x00, 0x09, 
0x00, 0x00, 0x00, 0x0E, 0x00, 0x00, 0x00, 0x01, 0x00, 0x00, 0x00, 0x00, 0x00, 0x00, 0x00, 0xF4, 
0x00, 0x00, 0x00, 0x0E, 0x00, 0x00, 0x00, 0x07, 0x00, 0x00, 0x00, 0x09, 0x00, 0x00, 0x00, 0x0E, 
0x00, 0x00, 0x00, 0x01, 0x00, 0x00, 0x00, 0x00, 0x00, 0x00, 0x00, 0xF5, 0x00, 0x00, 0x00, 0x0D, 
0x00, 0x00, 0x00, 0x07, 0x00, 0x00, 0x00, 0x09, 0x00, 0x00, 0x00, 0x0D, 0x00, 0x00, 0x00, 0x01, 
0x00, 0x00, 0x00, 0x00, 0x00, 0x00, 0x00, 0xF6, 0x00, 0x00, 0x00, 0x0D, 0x00, 0x00, 0x00, 0x07, 
0x00, 0x00, 0x00, 0x09, 0x00, 0x00, 0x00, 0x0D, 0x00, 0x00, 0x00, 0x01, 0x00, 0x00, 0x00, 0x00, 
0x00, 0x00, 0x00, 0xF7, 0x00, 0x00, 0x00, 0x09, 0x00, 0x00, 0x00, 0x07, 0x00, 0x00, 0x00, 0x09, 
0x00, 0x00, 0x00, 0x0B, 0x00, 0x00, 0x00, 0x01, 0x00, 0x00, 0x00, 0x00, 0x00, 0x00, 0x00, 0xF8, 
0x00, 0x00, 0x00, 0x0C, 0x00, 0x00, 0x00, 0x07, 0x00, 0x00, 0x00, 0x09, 0x00, 0x00, 0x00, 0x0B, 
0x00, 0x00, 0x00, 0x01, 0x00, 0x00, 0x00, 0x00, 0x00, 0x00, 0x00, 0xF9, 0x00, 0x00, 0x00, 0x0E, 
0x00, 0x00, 0x00, 0x07, 0x00, 0x00, 0x00, 0x09, 0x00, 0x00, 0x00, 0x0E, 0x00, 0x00, 0x00, 0x01, 
0x00, 0x00, 0x00, 0x00, 0x00, 0x00, 0x00, 0xFA, 0x00, 0x00, 0x00, 0x0E, 0x00, 0x00, 0x00, 0x07, 
0x00, 0x00, 0x00, 0x09, 0x00, 0x00, 0x00, 0x0E, 0x00, 0x00, 0x00, 0x01, 0x00, 0x00, 0x00, 0x00, 
0x00, 0x00, 0x00, 0xFB, 0x00, 0x00, 0x00, 0x0E, 0x00, 0x00, 0x00, 0x07, 0x00, 0x00, 0x00, 0x09, 
0x00, 0x00, 0x00, 0x0E, 0x00, 0x00, 0x00, 0x01, 0x00, 0x00, 0x00, 0x00, 0x00, 0x00, 0x00, 0xFC, 
0x00, 0x00, 0x00, 0x0D, 0x00, 0x00, 0x00, 0x07, 0x00, 0x00, 0x00, 0x09, 0x00, 0x00, 0x00, 0x0D, 
0x00, 0x00, 0x00, 0x01, 0x00, 0x00, 0x00, 0x00, 0x00, 0x00, 0x00, 0xFD, 0x00, 0x00, 0x00, 0x12, 
0x00, 0x00, 0x00, 0x08, 0x00, 0x00, 0x00, 0x07, 0x00, 0x00, 0x00, 0x0E, 0xFF, 0xFF, 0xFF, 0xFF, 
0x00, 0x00, 0x00, 0x00, 0x00, 0x00, 0x00, 0xFE, 0x00, 0x00, 0x00, 0x12, 0x00, 0x00, 0x00, 0x07, 
0x00, 0x00, 0x00, 0x09, 0x00, 0x00, 0x00, 0x0E, 0x00, 0x00, 0x00, 0x01, 0x00, 0x00, 0x00, 0x00, 
0x00, 0x00, 0x00, 0xFF, 0x00, 0x00, 0x00, 0x11, 0x00, 0x00, 0x00, 0x08, 0x00, 0x00, 0x00, 0x08, 
0x00, 0x00, 0x00, 0x0D, 0x00, 0x00, 0x00, 0x00, 0x00, 0x00, 0x00, 0x00, 0x00, 0x00, 0x01, 0x00, 
0x00, 0x00, 0x00, 0x11, 0x00, 0x00, 0x00, 0x0B, 0x00, 0x00, 0x00, 0x09, 0x00, 0x00, 0x00, 0x11, 
0xFF, 0xFF, 0xFF, 0xFF, 0x00, 0x00, 0x00, 0x00, 0x00, 0x00, 0x01, 0x01, 0x00, 0x00, 0x00, 0x0D, 
0x00, 0x00, 0x00, 0x06, 0x00, 0x00, 0x00, 0x08, 0x00, 0x00, 0x00, 0x0D, 0x00, 0x00, 0x00, 0x01, 
0x00, 0x00, 0x00, 0x00, 0x00, 0x00, 0x01, 0x02, 0x00, 0x00, 0x00, 0x11, 0x00, 0x00, 0x00, 0x0B, 
0x00, 0x00, 0x00, 0x09, 0x00, 0x00, 0x00, 0x11, 0xFF, 0xFF, 0xFF, 0xFF, 0x00, 0x00, 0x00, 0x00, 
0x00, 0x00, 0x01, 0x03, 0x00, 0x00, 0x00, 0x0E, 0x00, 0x00, 0x00, 0x06, 0x00, 0x00, 0x00, 0x08, 
0x00, 0x00, 0x00, 0x0E, 0x00, 0x00, 0x00, 0x01, 0x00, 0x00, 0x00, 0x00, 0x00, 0x00, 0x01, 0x04, 
0x00, 0x00, 0x00, 0x11, 0x00, 0x00, 0x00, 0x0A, 0x00, 0x00, 0x00, 0x09, 0x00, 0x00, 0x00, 0x0D, 
0xFF, 0xFF, 0xFF, 0xFF, 0x00, 0x00, 0x00, 0x00, 0x00, 0x00, 0x01, 0x05, 0x00, 0x00, 0x00, 0x0E, 
0x00, 0x00, 0x00, 0x07, 0x00, 0x00, 0x00, 0x08, 0x00, 0x00, 0x00, 0x0A, 0x00, 0x00, 0x00, 0x01, 
0x00, 0x00, 0x00, 0x00, 0x00, 0x00, 0x01, 0x06, 0x00, 0x00, 0x00, 0x12, 0x00, 0x00, 0x00, 0x08, 
0x00, 0x00, 0x00, 0x09, 0x00, 0x00, 0x00, 0x12, 0x00, 0x00, 0x00, 0x01, 0x00, 0x00, 0x00, 0x00, 
0x00, 0x00, 0x01, 0x07, 0x00, 0x00, 0x00, 0x0E, 0x00, 0x00, 0x00, 0x06, 0x00, 0x00, 0x00, 0x07, 
0x00, 0x00, 0x00, 0x0E, 0x00, 0x00, 0x00, 0x01, 0x00, 0x00, 0x00, 0x00, 0x00, 0x00, 0x01, 0x08, 
0x00, 0x00, 0x00, 0x12, 0x00, 0x00, 0x00, 0x08, 0x00, 0x00, 0x00, 0x09, 0x00, 0x00, 0x00, 0x12, 
0x00, 0x00, 0x00, 0x01, 0x00, 0x00, 0x00, 0x00, 0x00, 0x00, 0x01, 0x09, 0x00, 0x00, 0x00, 0x0E, 
0x00, 0x00, 0x00, 0x06, 0x00, 0x00, 0x00, 0x07, 0x00, 0x00, 0x00, 0x0E, 0x00, 0x00, 0x00, 0x01, 
0x00, 0x00, 0x00, 0x00, 0x00, 0x00, 0x01, 0x0A, 0x00, 0x00, 0x00, 0x11, 0x00, 0x00, 0x00, 0x08, 
0x00, 0x00, 0x00, 0x09, 0x00, 0x00, 0x00, 0x11, 0x00, 0x00, 0x00, 0x01, 0x00, 0x00, 0x00, 0x00, 
0x00, 0x00, 0x01, 0x0B, 0x00, 0x00, 0x00, 0x0E, 0x00, 0x00, 0x00, 0x06, 0x00, 0x00, 0x00, 0x07, 
0x00, 0x00, 0x00, 0x0E, 0x00, 0x00, 0x00, 0x01, 0x00, 0x00, 0x00, 0x00, 0x00, 0x00, 0x01, 0x0C, 
0x00, 0x00, 0x00, 0x12, 0x00, 0x00, 0x00, 0x08, 0x00, 0x00, 0x00, 0x09, 0x00, 0x00, 0x00, 0x12, 
0x00, 0x00, 0x00, 0x01, 0x00, 0x00, 0x00, 0x00, 0x00, 0x00, 0x01, 0x0D, 0x00, 0x00, 0x00, 0x0E, 
0x00, 0x00, 0x00, 0x06, 0x00, 0x00, 0x00, 0x07, 0x00, 0x00, 0x00, 0x0E, 0x00, 0x00, 0x00, 0x01, 
0x00, 0x00, 0x00, 0x00, 0x00, 0x00, 0x01, 0x0E, 0x00, 0x00, 0x00, 0x12, 0x00, 0x00, 0x00, 0x08, 
0x00, 0x00, 0x00, 0x09, 0x00, 0x00, 0x00, 0x12, 0x00, 0x00, 0x00, 0x01, 0x00, 0x00, 0x00, 0x00, 
0x00, 0x00, 0x01, 0x0F, 0x00, 0x00, 0x00, 0x0E, 0x00, 0x00, 0x00, 0x0A, 0x00, 0x00, 0x00, 0x0A, 
0x00, 0x00, 0x00, 0x0E, 0x00, 0x00, 0x00, 0x01, 0x00, 0x00, 0x00, 0x00, 0x00, 0x00, 0x01, 0x10, 
0x00, 0x00, 0x00, 0x0D, 0x00, 0x00, 0x00, 0x09, 0x00, 0x00, 0x00, 0x0A, 0x00, 0x00, 0x00, 0x0D, 
0x00, 0x00, 0x00, 0x01, 0x00, 0x00, 0x00, 0x00, 0x00, 0x00, 0x01, 0x11, 0x00, 0x00, 0x00, 0x0E, 
0x00, 0x00, 0x00, 0x08, 0x00, 0x00, 0x00, 0x0A, 0x00, 0x00, 0x00, 0x0E, 0x00, 0x00, 0x00, 0x01, 
0x00, 0x00, 0x00, 0x00, 0x00, 0x00, 0x01, 0x12, 0x00, 0x00, 0x00, 0x11, 0x00, 0x00, 0x00, 0x06, 
0x00, 0x00, 0x00, 0x07, 0x00, 0x00, 0x00, 0x11, 0x00, 0x00, 0x00, 0x01, 0x00, 0x00, 0x00, 0x00, 
0x00, 0x00, 0x01, 0x13, 0x00, 0x00, 0x00, 0x0E, 0x00, 0x00, 0x00, 0x07, 0x00, 0x00, 0x00, 0x08, 
0x00, 0x00, 0x00, 0x0E, 0x00, 0x00, 0x00, 0x01, 0x00, 0x00, 0x00, 0x00, 0x00, 0x00, 0x01, 0x14, 
0x00, 0x00, 0x00, 0x11, 0x00, 0x00, 0x00, 0x06, 0x00, 0x00, 0x00, 0x07, 0x00, 0x00, 0x00, 0x11, 
0x00, 0x00, 0x00, 0x01, 0x00, 0x00, 0x00, 0x00, 0x00, 0x00, 0x01, 0x15, 0x00, 0x00, 0x00, 0x0E, 
0x00, 0x00, 0x00, 0x07, 0x00, 0x00, 0x00, 0x08, 0x00, 0x00, 0x00, 0x0E, 0x00, 0x00, 0x00, 0x01, 
0x00, 0x00, 0x00, 0x00, 0x00, 0x00, 0x01, 0x16, 0x00, 0x00, 0x00, 0x11, 0x00, 0x00, 0x00, 0x06, 
0x00, 0x00, 0x00, 0x07, 0x00, 0x00, 0x00, 0x11, 0x00, 0x00, 0x00, 0x01, 0x00, 0x00, 0x00, 0x00, 
0x00, 0x00, 0x01, 0x17, 0x00, 0x00, 0x00, 0x0E, 0x00, 0x00, 0x00, 0x07, 0x00, 0x00, 0x00, 0x08, 
0x00, 0x00, 0x00, 0x0E, 0x00, 0x00, 0x00, 0x01, 0x00, 0x00, 0x00, 0x00, 0x00, 0x00, 0x01, 0x18, 
0x00, 0x00, 0x00, 0x11, 0x00, 0x00, 0x00, 0x06, 0x00, 0x00, 0x00, 0x08, 0x00, 0x00, 0x00, 0x0D, 
0x00, 0x00, 0x00, 0x01, 0x00, 0x00, 0x00, 0x00, 0x00, 0x00, 0x01, 0x19, 0x00, 0x00, 0x00, 0x0E, 
0x00, 0x00, 0x00, 0x07, 0x00, 0x00, 0x00, 0x08, 0x00, 0x00, 0x00, 0x0A, 0x00, 0x00, 0x00, 0x01, 
0x00, 0x00, 0x00, 0x00, 0x00, 0x00, 0x01, 0x1A, 0x00, 0x00, 0x00, 0x12, 0x00, 0x00, 0x00, 0x06, 
0x00, 0x00, 0x00, 0x07, 0x00, 0x00, 0x00, 0x12, 0x00, 0x00, 0x00, 0x01, 0x00, 0x00, 0x00, 0x00, 
0x00, 0x00, 0x01, 0x1B, 0x00, 0x00, 0x00, 0x0E, 0x00, 0x00, 0x00, 0x07, 0x00, 0x00, 0x00, 0x08, 
0x00, 0x00, 0x00, 0x0E, 0x00, 0x00, 0x00, 0x01, 0x00, 0x00, 0x00, 0x00, 0x00, 0x00, 0x01, 0x1C, 
0x00, 0x00, 0x00, 0x12, 0x00, 0x00, 0x00, 0x09, 0x00, 0x00, 0x00, 0x0B, 0x00, 0x00, 0x00, 0x12, 
0x00, 0x00, 0x00, 0x01, 0x00, 0x00, 0x00, 0x00, 0x00, 0x00, 0x01, 0x1D, 0x00, 0x00, 0x00, 0x12, 
0x00, 0x00, 0x00, 0x07, 0x00, 0x00, 0x00, 0x09, 0x00, 0x00, 0x00, 0x0E, 0x00, 0x00, 0x00, 0x01, 
0x00, 0x00, 0x00, 0x00, 0x00, 0x00, 0x01, 0x1E, 0x00, 0x00, 0x00, 0x11, 0x00, 0x00, 0x00, 0x09, 
0x00, 0x00, 0x00, 0x0B, 0x00, 0x00, 0x00, 0x11, 0x00, 0x00, 0x00, 0x01, 0x00, 0x00, 0x00, 0x00, 
0x00, 0x00, 0x01, 0x1F, 0x00, 0x00, 0x00, 0x12, 0x00, 0x00, 0x00, 0x07, 0x00, 0x00, 0x00, 0x09, 
0x00, 0x00, 0x00, 0x0E, 0x00, 0x00, 0x00, 0x01, 0x00, 0x00, 0x00, 0x00, 0x00, 0x00, 0x01, 0x20, 
0x00, 0x00, 0x00, 0x11, 0x00, 0x00, 0x00, 0x09, 0x00, 0x00, 0x00, 0x0B, 0x00, 0x00, 0x00, 0x11, 
0x00, 0x00, 0x00, 0x01, 0x00, 0x00, 0x00, 0x00, 0x00, 0x00, 0x01, 0x21, 0x00, 0x00, 0x00, 0x12, 
0x00, 0x00, 0x00, 0x07, 0x00, 0x00, 0x00, 0x09, 0x00, 0x00, 0x00, 0x0E, 0x00, 0x00, 0x00, 0x01, 
0x00, 0x00, 0x00, 0x00, 0x00, 0x00, 0x01, 0x22, 0x00, 0x00, 0x00, 0x11, 0x00, 0x00, 0x00, 0x09, 
0x00, 0x00, 0x00, 0x0B, 0x00, 0x00, 0x00, 0x0D, 0x00, 0x00, 0x00, 0x01, 0x00, 0x00, 0x00, 0x00, 
0x00, 0x00, 0x01, 0x23, 0x00, 0x00, 0x00, 0x12, 0x00, 0x00, 0x00, 0x07, 0x00, 0x00, 0x00, 0x0A, 
0x00, 0x00, 0x00, 0x0E, 0x00, 0x00, 0x00, 0x01, 0x00, 0x00, 0x00, 0x00, 0x00, 0x00, 0x01, 0x24, 
0x00, 0x00, 0x00, 0x12, 0x00, 0x00, 0x00, 0x08, 0x00, 0x00, 0x00, 0x0A, 0x00, 0x00, 0x00, 0x12, 
0x00, 0x00, 0x00, 0x01, 0x00, 0x00, 0x00, 0x00, 0x00, 0x00, 0x01, 0x25, 0x00, 0x00, 0x00, 0x12, 
0x00, 0x00, 0x00, 0x09, 0x00, 0x00, 0x00, 0x09, 0x00, 0x00, 0x00, 0x12, 0xFF, 0xFF, 0xFF, 0xFF, 
0x00, 0x00, 0x00, 0x00, 0x00, 0x00, 0x01, 0x26, 0x00, 0x00, 0x00, 0x0D, 0x00, 0x00, 0x00, 0x0A, 
0x00, 0x00, 0x00, 0x0A, 0x00, 0x00, 0x00, 0x0D, 0x00, 0x00, 0x00, 0x00, 0x00, 0x00, 0x00, 0x00, 
0x00, 0x00, 0x01, 0x27, 0x00, 0x00, 0x00, 0x0E, 0x00, 0x00, 0x00, 0x08, 0x00, 0x00, 0x00, 0x0A, 
0x00, 0x00, 0x00, 0x0E, 0x00, 0x00, 0x00, 0x01, 0x00, 0x00, 0x00, 0x00, 0x00, 0x00, 0x01, 0x28, 
0x00, 0x00, 0x00, 0x12, 0x00, 0x00, 0x00, 0x06, 0x00, 0x00, 0x00, 0x06, 0x00, 0x00, 0x00, 0x12, 
0x00, 0x00, 0x00, 0x00, 0x00, 0x00, 0x00, 0x00, 0x00, 0x00, 0x01, 0x29, 0x00, 0x00, 0x00, 0x0D, 
0x00, 0x00, 0x00, 0x06, 0x00, 0x00, 0x00, 0x04, 0x00, 0x00, 0x00, 0x0D, 0xFF, 0xFF, 0xFF, 0xFF, 
0x00, 0x00, 0x00, 0x00, 0x00, 0x00, 0x01, 0x2A, 0x00, 0x00, 0x00, 0x11, 0x00, 0x00, 0x00, 0x04, 
0x00, 0x00, 0x00, 0x06, 0x00, 0x00, 0x00, 0x11, 0x00, 0x00, 0x00, 0x01, 0x00, 0x00, 0x00, 0x00, 
0x00, 0x00, 0x01, 0x2B, 0x00, 0x00, 0x00, 0x0D, 0x00, 0x00, 0x00, 0x05, 0x00, 0x00, 0x00, 0x05, 
0x00, 0x00, 0x00, 0x0D, 0x00, 0x00, 0x00, 0x00, 0x00, 0x00, 0x00, 0x00, 0x00, 0x00, 0x01, 0x2C, 
0x00, 0x00, 0x00, 0x11, 0x00, 0x00, 0x00, 0x05, 0x00, 0x00, 0x00, 0x07, 0x00, 0x00, 0x00, 0x11, 
0x00, 0x00, 0x00, 0x01, 0x00, 0x00, 0x00, 0x00, 0x00, 0x00, 0x01, 0x2D, 0x00, 0x00, 0x00, 0x0E, 
0x00, 0x00, 0x00, 0x05, 0x00, 0x00, 0x00, 0x05, 0x00, 0x00, 0x00, 0x0E, 0x00, 0x00, 0x00, 0x00, 
0x00, 0x00, 0x00, 0x00, 0x00, 0x00, 0x01, 0x2E, 0x00, 0x00, 0x00, 0x11, 0x00, 0x00, 0x00, 0x04, 
0x00, 0x00, 0x00, 0x06, 0x00, 0x00, 0x00, 0x0D, 0x00, 0x00, 0x00, 0x01, 0x00, 0x00, 0x00, 0x00, 
0x00, 0x00, 0x01, 0x2F, 0x00, 0x00, 0x00, 0x12, 0x00, 0x00, 0x00, 0x03, 0x00, 0x00, 0x00, 0x05, 
0x00, 0x00, 0x00, 0x0E, 0x00, 0x00, 0x00, 0x01, 0x00, 0x00, 0x00, 0x00, 0x00, 0x00, 0x01, 0x30, 
0x00, 0x00, 0x00, 0x11, 0x00, 0x00, 0x00, 0x04, 0x00, 0x00, 0x00, 0x06, 0x00, 0x00, 0x00, 0x11, 
0x00, 0x00, 0x00, 0x01, 0x00, 0x00, 0x00, 0x00, 0x00, 0x00, 0x01, 0x31, 0x00, 0x00, 0x00, 0x0A, 
0x00, 0x00, 0x00, 0x02, 0x00, 0x00, 0x00, 0x04, 0x00, 0x00, 0x00, 0x0A, 0x00, 0x00, 0x00, 0x01, 
0x00, 0x00, 0x00, 0x00, 0x00, 0x00, 0x01, 0x32, 0x00, 0x00, 0x00, 0x11, 0x00, 0x00, 0x00, 0x08, 
0x00, 0x00, 0x00, 0x0A, 0x00, 0x00, 0x00, 0x0D, 0x00, 0x00, 0x00, 0x01, 0x00, 0x00, 0x00, 0x00, 
0x00, 0x00, 0x01, 0x33, 0x00, 0x00, 0x00, 0x12, 0x00, 0x00, 0x00, 0x06, 0x00, 0x00, 0x00, 0x08, 
0x00, 0x00, 0x00, 0x0E, 0x00, 0x00, 0x00, 0x01, 0x00, 0x00, 0x00, 0x00, 0x00, 0x00, 0x01, 0x34, 
0x00, 0x00, 0x00, 0x15, 0x00, 0x00, 0x00, 0x07, 0x00, 0x00, 0x00, 0x05, 0x00, 0x00, 0x00, 0x11, 
0xFF, 0xFF, 0xFF, 0xFF, 0x00, 0x00, 0x00, 0x00, 0x00, 0x00, 0x01, 0x35, 0x00, 0x00, 0x00, 0x12, 
0x00, 0x00, 0x00, 0x06, 0x00, 0x00, 0x00, 0x04, 0x00, 0x00, 0x00, 0x0E, 0xFF, 0xFF, 0xFF, 0xFF, 
0x00, 0x00, 0x00, 0x00, 0x00, 0x00, 0x01, 0x36, 0x00, 0x00, 0x00, 0x11, 0x00, 0x00, 0x00, 0x08, 
0x00, 0x00, 0x00, 0x08, 0x00, 0x00, 0x00, 0x0D, 0x00, 0x00, 0x00, 0x01, 0x00, 0x00, 0x00, 0x00, 
0x00, 0x00, 0x01, 0x37, 0x00, 0x00, 0x00, 0x12, 0x00, 0x00, 0x00, 0x07, 0x00, 0x00, 0x00, 0x08, 
0x00, 0x00, 0x00, 0x0E, 0x00, 0x00, 0x00, 0x01, 0x00, 0x00, 0x00, 0x00, 0x00, 0x00, 0x01, 0x38, 
0x00, 0x00, 0x00, 0x0A, 0x00, 0x00, 0x00, 0x07, 0x00, 0x00, 0x00, 0x07, 0x00, 0x00, 0x00, 0x0A, 
0x00, 0x00, 0x00, 0x01, 0x00, 0x00, 0x00, 0x00, 0x00, 0x00, 0x01, 0x39, 0x00, 0x00, 0x00, 0x12, 
0x00, 0x00, 0x00, 0x07, 0x00, 0x00, 0x00, 0x07, 0x00, 0x00, 0x00, 0x12, 0x00, 0x00, 0x00, 0x00, 
0x00, 0x00, 0x00, 0x00, 0x00, 0x00, 0x01, 0x3A, 0x00, 0x00, 0x00, 0x12, 0x00, 0x00, 0x00, 0x05, 
0x00, 0x00, 0x00, 0x04, 0x00, 0x00, 0x00, 0x12, 0x00, 0x00, 0x00, 0x00, 0x00, 0x00, 0x00, 0x00, 
0x00, 0x00, 0x01, 0x3B, 0x00, 0x00, 0x00, 0x11, 0x00, 0x00, 0x00, 0x06, 0x00, 0x00, 0x00, 0x07, 
0x00, 0x00, 0x00, 0x0D, 0x00, 0x00, 0x00, 0x01, 0x00, 0x00, 0x00, 0x00, 0x00, 0x00, 0x01, 0x3C, 
0x00, 0x00, 0x00, 0x12, 0x00, 0x00, 0x00, 0x03, 0x00, 0x00, 0x00, 0x04, 0x00, 0x00, 0x00, 0x0E, 
0x00, 0x00, 0x00, 0x00, 0x00, 0x00, 0x00, 0x00, 0x00, 0x00, 0x01, 0x3D, 0x00, 0x00, 0x00, 0x0D, 
0x00, 0x00, 0x00, 0x06, 0x00, 0x00, 0x00, 0x07, 0x00, 0x00, 0x00, 0x0D, 0x00, 0x00, 0x00, 0x01, 
0x00, 0x00, 0x00, 0x00, 0x00, 0x00, 0x01, 0x3E, 0x00, 0x00, 0x00, 0x0E, 0x00, 0x00, 0x00, 0x05, 
0x00, 0x00, 0x00, 0x04, 0x00, 0x00, 0x00, 0x0E, 0x00, 0x00, 0x00, 0x01, 0x00, 0x00, 0x00, 0x00, 
0x00, 0x00, 0x01, 0x3F, 0x00, 0x00, 0x00, 0x0D, 0x00, 0x00, 0x00, 0x06, 0x00, 0x00, 0x00, 0x07, 
0x00, 0x00, 0x00, 0x0D, 0x00, 0x00, 0x00, 0x01, 0x00, 0x00, 0x00, 0x00, 0x00, 0x00, 0x01, 0x40, 
0x00, 0x00, 0x00, 0x0E, 0x00, 0x00, 0x00, 0x04, 0x00, 0x00, 0x00, 0x05, 0x00, 0x00, 0x00, 0x0E, 
0x00, 0x00, 0x00, 0x01, 0x00, 0x00, 0x00, 0x00, 0x00, 0x00, 0x01, 0x41, 0x00, 0x00, 0x00, 0x0D, 
0x00, 0x00, 0x00, 0x08, 0x00, 0x00, 0x00, 0x07, 0x00, 0x00, 0x00, 0x0D, 0xFF, 0xFF, 0xFF, 0xFF, 
0x00, 0x00, 0x00, 0x00, 0x00, 0x00, 0x01, 0x42, 0x00, 0x00, 0x00, 0x0E, 0x00, 0x00, 0x00, 0x06, 
0x00, 0x00, 0x00, 0x04, 0x00, 0x00, 0x00, 0x0E, 0xFF, 0xFF, 0xFF, 0xFF, 0x00, 0x00, 0x00, 0x00, 
0x00, 0x00, 0x01, 0x43, 0x00, 0x00, 0x00, 0x12, 0x00, 0x00, 0x00, 0x08, 0x00, 0x00, 0x00, 0x0A, 
0x00, 0x00, 0x00, 0x12, 0x00, 0x00, 0x00, 0x01, 0x00, 0x00, 0x00, 0x00, 0x00, 0x00, 0x01, 0x44, 
0x00, 0x00, 0x00, 0x0E, 0x00, 0x00, 0x00, 0x07, 0x00, 0x00, 0x00, 0x09, 0x00, 0x00, 0x00, 0x0E, 
0x00, 0x00, 0x00, 0x01, 0x00, 0x00, 0x00, 0x00, 0x00, 0x00, 0x01, 0x45, 0x00, 0x00, 0x00, 0x11, 
0x00, 0x00, 0x00, 0x08, 0x00, 0x00, 0x00, 0x0A, 0x00, 0x00, 0x00, 0x0D, 0x00, 0x00, 0x00, 0x01, 
0x00, 0x00, 0x00, 0x00, 0x00, 0x00, 0x01, 0x46, 0x00, 0x00, 0x00, 0x0E, 0x00, 0x00, 0x00, 0x07, 
0x00, 0x00, 0x00, 0x09, 0x00, 0x00, 0x00, 0x0A, 0x00, 0x00, 0x00, 0x01, 0x00, 0x00, 0x00, 0x00, 
0x00, 0x00, 0x01, 0x47, 0x00, 0x00, 0x00, 0x12, 0x00, 0x00, 0x00, 0x08, 0x00, 0x00, 0x00, 0x0A, 
0x00, 0x00, 0x00, 0x12, 0x00, 0x00, 0x00, 0x01, 0x00, 0x00, 0x00, 0x00, 0x00, 0x00, 0x01, 0x48, 
0x00, 0x00, 0x00, 0x0E, 0x00, 0x00, 0x00, 0x07, 0x00, 0x00, 0x00, 0x09, 0x00, 0x00, 0x00, 0x0E, 
0x00, 0x00, 0x00, 0x01, 0x00, 0x00, 0x00, 0x00, 0x00, 0x00, 0x01, 0x49, 0x00, 0x00, 0x00, 0x0D, 
0x00, 0x00, 0x00, 0x0A, 0x00, 0x00, 0x00, 0x0B, 0x00, 0x00, 0x00, 0x0D, 0x00, 0x00, 0x00, 0x00, 
0x00, 0x00, 0x00, 0x00, 0x00, 0x00, 0x01, 0x4A, 0x00, 0x00, 0x00, 0x11, 0x00, 0x00, 0x00, 0x08, 
0x00, 0x00, 0x00, 0x0A, 0x00, 0x00, 0x00, 0x0D, 0x00, 0x00, 0x00, 0x01, 0x00, 0x00, 0x00, 0x00, 
0x00, 0x00, 0x01, 0x4B, 0x00, 0x00, 0x00, 0x0E, 0x00, 0x00, 0x00, 0x07, 0x00, 0x00, 0x00, 0x09, 
0x00, 0x00, 0x00, 0x0A, 0x00, 0x00, 0x00, 0x01, 0x00, 0x00, 0x00, 0x00, 0x00, 0x00, 0x01, 0x4C, 
0x00, 0x00, 0x00, 0x11, 0x00, 0x00, 0x00, 0x09, 0x00, 0x00, 0x00, 0x0B, 0x00, 0x00, 0x00, 0x11, 
0x00, 0x00, 0x00, 0x01, 0x00, 0x00, 0x00, 0x00, 0x00, 0x00, 0x01, 0x4D, 0x00, 0x00, 0x00, 0x0E, 
0x00, 0x00, 0x00, 0x07, 0x00, 0x00, 0x00, 0x09, 0x00, 0x00, 0x00, 0x0E, 0x00, 0x00, 0x00, 0x01, 
0x00, 0x00, 0x00, 0x00, 0x00, 0x00, 0x01, 0x4E, 0x00, 0x00, 0x00, 0x11, 0x00, 0x00, 0x00, 0x09, 
0x00, 0x00, 0x00, 0x0B, 0x00, 0x00, 0x00, 0x11, 0x00, 0x00, 0x00, 0x01, 0x00, 0x00, 0x00, 0x00, 
0x00, 0x00, 0x01, 0x4F, 0x00, 0x00, 0x00, 0x0E, 0x00, 0x00, 0x00, 0x07, 0x00, 0x00, 0x00, 0x09, 
0x00, 0x00, 0x00, 0x0E, 0x00, 0x00, 0x00, 0x01, 0x00, 0x00, 0x00, 0x00, 0x00, 0x00, 0x01, 0x50, 
0x00, 0x00, 0x00, 0x12, 0x00, 0x00, 0x00, 0x09, 0x00, 0x00, 0x00, 0x0B, 0x00, 0x00, 0x00, 0x12, 
0x00, 0x00, 0x00, 0x01, 0x00, 0x00, 0x00, 0x00, 0x00, 0x00, 0x01, 0x51, 0x00, 0x00, 0x00, 0x0E, 
0x00, 0x00, 0x00, 0x07, 0x00, 0x00, 0x00, 0x09, 0x00, 0x00, 0x00, 0x0E, 0x00, 0x00, 0x00, 0x01, 
0x00, 0x00, 0x00, 0x00, 0x00, 0x00, 0x01, 0x52, 0x00, 0x00, 0x00, 0x0D, 0x00, 0x00, 0x00, 0x0B, 
0x00, 0x00, 0x00, 0x0D, 0x00, 0x00, 0x00, 0x0D, 0x00, 0x00, 0x00, 0x01, 0x00, 0x00, 0x00, 0x00, 
0x00, 0x00, 0x01, 0x53, 0x00, 0x00, 0x00, 0x0A, 0x00, 0x00, 0x00, 0x0C, 0x00, 0x00, 0x00, 0x0E, 
0x00, 0x00, 0x00, 0x0A, 0x00, 0x00, 0x00, 0x01, 0x00, 0x00, 0x00, 0x00, 0x00, 0x00, 0x01, 0x54, 
0x00, 0x00, 0x00, 0x12, 0x00, 0x00, 0x00, 0x08, 0x00, 0x00, 0x00, 0x08, 0x00, 0x00, 0x00, 0x12, 
0x00, 0x00, 0x00, 0x01, 0x00, 0x00, 0x00, 0x00, 0x00, 0x00, 0x01, 0x55, 0x00, 0x00, 0x00, 0x0E, 
0x00, 0x00, 0x00, 0x05, 0x00, 0x00, 0x00, 0x06, 0x00, 0x00, 0x00, 0x0E, 0x00, 0x00, 0x00, 0x01, 
0x00, 0x00, 0x00, 0x00, 0x00, 0x00, 0x01, 0x56, 0x00, 0x00, 0x00, 0x11, 0x00, 0x00, 0x00, 0x08, 
0x00, 0x00, 0x00, 0x08, 0x00, 0x00, 0x00, 0x0D, 0x00, 0x00, 0x00, 0x01, 0x00, 0x00, 0x00, 0x00, 
0x00, 0x00, 0x01, 0x57, 0x00, 0x00, 0x00, 0x0E, 0x00, 0x00, 0x00, 0x06, 0x00, 0x00, 0x00, 0x06, 
0x00, 0x00, 0x00, 0x0A, 0x00, 0x00, 0x00, 0x00, 0x00, 0x00, 0x00, 0x00, 0x00, 0x00, 0x01, 0x58, 
0x00, 0x00, 0x00, 0x12, 0x00, 0x00, 0x00, 0x08, 0x00, 0x00, 0x00, 0x08, 0x00, 0x00, 0x00, 0x12, 
0x00, 0x00, 0x00, 0x01, 0x00, 0x00, 0x00, 0x00, 0x00, 0x00, 0x01, 0x59, 0x00, 0x00, 0x00, 0x0E, 
0x00, 0x00, 0x00, 0x06, 0x00, 0x00, 0x00, 0x06, 0x00, 0x00, 0x00, 0x0E, 0x00, 0x00, 0x00, 0x00, 
0x00, 0x00, 0x00, 0x00, 0x00, 0x00, 0x01, 0x5A, 0x00, 0x00, 0x00, 0x12, 0x00, 0x00, 0x00, 0x07, 
0x00, 0x00, 0x00, 0x08, 0x00, 0x00, 0x00, 0x12, 0x00, 0x00, 0x00, 0x01, 0x00, 0x00, 0x00, 0x00, 
0x00, 0x00, 0x01, 0x5B, 0x00, 0x00, 0x00, 0x0E, 0x00, 0x00, 0x00, 0x06, 0x00, 0x00, 0x00, 0x07, 
0x00, 0x00, 0x00, 0x0E, 0x00, 0x00, 0x00, 0x01, 0x00, 0x00, 0x00, 0x00, 0x00, 0x00, 0x01, 0x5C, 
0x00, 0x00, 0x00, 0x12, 0x00, 0x00, 0x00, 0x07, 0x00, 0x00, 0x00, 0x08, 0x00, 0x00, 0x00, 0x12, 
0x00, 0x00, 0x00, 0x01, 0x00, 0x00, 0x00, 0x00, 0x00, 0x00, 0x01, 0x5D, 0x00, 0x00, 0x00, 0x0E, 
0x00, 0x00, 0x00, 0x06, 0x00, 0x00, 0x00, 0x07, 0x00, 0x00, 0x00, 0x0E, 0x00, 0x00, 0x00, 0x01, 
0x00, 0x00, 0x00, 0x00, 0x00, 0x00, 0x01, 0x5E, 0x00, 0x00, 0x00, 0x11, 0x00, 0x00, 0x00, 0x07, 
0x00, 0x00, 0x00, 0x08, 0x00, 0x00, 0x00, 0x0D, 0x00, 0x00, 0x00, 0x01, 0x00, 0x00, 0x00, 0x00, 
0x00, 0x00, 0x01, 0x5F, 0x00, 0x00, 0x00, 0x0E, 0x00, 0x00, 0x00, 0x06, 0x00, 0x00, 0x00, 0x07, 
0x00, 0x00, 0x00, 0x0A, 0x00, 0x00, 0x00, 0x01, 0x00, 0x00, 0x00, 0x00, 0x00, 0x00, 0x01, 0x60, 
0x00, 0x00, 0x00, 0x12, 0x00, 0x00, 0x00, 0x07, 0x00, 0x00, 0x00, 0x08, 0x00, 0x00, 0x00, 0x12, 
0x00, 0x00, 0x00, 0x01, 0x00, 0x00, 0x00, 0x00, 0x00, 0x00, 0x01, 0x61, 0x00, 0x00, 0x00, 0x0E, 
0x00, 0x00, 0x00, 0x06, 0x00, 0x00, 0x00, 0x07, 0x00, 0x00, 0x00, 0x0E, 0x00, 0x00, 0x00, 0x01, 
0x00, 0x00, 0x00, 0x00, 0x00, 0x00, 0x01, 0x62, 0x00, 0x00, 0x00, 0x11, 0x00, 0x00, 0x00, 0x07, 
0x00, 0x00, 0x00, 0x09, 0x00, 0x00, 0x00, 0x0D, 0x00, 0x00, 0x00, 0x01, 0x00, 0x00, 0x00, 0x00, 
0x00, 0x00, 0x01, 0x63, 0x00, 0x00, 0x00, 0x11, 0x00, 0x00, 0x00, 0x05, 0x00, 0x00, 0x00, 0x06, 
0x00, 0x00, 0x00, 0x0D, 0x00, 0x00, 0x00, 0x01, 0x00, 0x00, 0x00, 0x00, 0x00, 0x00, 0x01, 0x64, 
0x00, 0x00, 0x00, 0x12, 0x00, 0x00, 0x00, 0x07, 0x00, 0x00, 0x00, 0x09, 0x00, 0x00, 0x00, 0x12, 
0x00, 0x00, 0x00, 0x01, 0x00, 0x00, 0x00, 0x00, 0x00, 0x00, 0x01, 0x65, 0x00, 0x00, 0x00, 0x0E, 
0x00, 0x00, 0x00, 0x08, 0x00, 0x00, 0x00, 0x07, 0x00, 0x00, 0x00, 0x0E, 0x00, 0x00, 0x00, 0x01, 
0x00, 0x00, 0x00, 0x00, 0x00, 0x00, 0x01, 0x66, 0x00, 0x00, 0x00, 0x0D, 0x00, 0x00, 0x00, 0x07, 
0x00, 0x00, 0x00, 0x09, 0x00, 0x00, 0x00, 0x0D, 0x00, 0x00, 0x00, 0x01, 0x00, 0x00, 0x00, 0x00, 
0x00, 0x00, 0x01, 0x67, 0x00, 0x00, 0x00, 0x0C, 0x00, 0x00, 0x00, 0x05, 0x00, 0x00, 0x00, 0x07, 
0x00, 0x00, 0x00, 0x0C, 0x00, 0x00, 0x00, 0x01, 0x00, 0x00, 0x00, 0x00, 0x00, 0x00, 0x01, 0x68, 
0x00, 0x00, 0x00, 0x12, 0x00, 0x00, 0x00, 0x08, 0x00, 0x00, 0x00, 0x0A, 0x00, 0x00, 0x00, 0x12, 
0x00, 0x00, 0x00, 0x01, 0x00, 0x00, 0x00, 0x00, 0x00, 0x00, 0x01, 0x69, 0x00, 0x00, 0x00, 0x0D, 
0x00, 0x00, 0x00, 0x07, 0x00, 0x00, 0x00, 0x09, 0x00, 0x00, 0x00, 0x0D, 0x00, 0x00, 0x00, 0x01, 
0x00, 0x00, 0x00, 0x00, 0x00, 0x00, 0x01, 0x6A, 0x00, 0x00, 0x00, 0x11, 0x00, 0x00, 0x00, 0x08, 
0x00, 0x00, 0x00, 0x0A, 0x00, 0x00, 0x00, 0x11, 0x00, 0x00, 0x00, 0x01, 0x00, 0x00, 0x00, 0x00, 
0x00, 0x00, 0x01, 0x6B, 0x00, 0x00, 0x00, 0x0D, 0x00, 0x00, 0x00, 0x07, 0x00, 0x00, 0x00, 0x09, 
0x00, 0x00, 0x00, 0x0D, 0x00, 0x00, 0x00, 0x01, 0x00, 0x00, 0x00, 0x00, 0x00, 0x00, 0x01, 0x6C, 
0x00, 0x00, 0x00, 0x11, 0x00, 0x00, 0x00, 0x08, 0x00, 0x00, 0x00, 0x0A, 0x00, 0x00, 0x00, 0x11, 
0x00, 0x00, 0x00, 0x01, 0x00, 0x00, 0x00, 0x00, 0x00, 0x00, 0x01, 0x6D, 0x00, 0x00, 0x00, 0x0E, 
0x00, 0x00, 0x00, 0x07, 0x00, 0x00, 0x00, 0x09, 0x00, 0x00, 0x00, 0x0E, 0x00, 0x00, 0x00, 0x01, 
0x00, 0x00, 0x00, 0x00, 0x00, 0x00, 0x01, 0x6E, 0x00, 0x00, 0x00, 0x13, 0x00, 0x00, 0x00, 0x08, 
0x00, 0x00, 0x00, 0x0A, 0x00, 0x00, 0x00, 0x13, 0x00, 0x00, 0x00, 0x01, 0x00, 0x00, 0x00, 0x00, 
0x00, 0x00, 0x01, 0x6F, 0x00, 0x00, 0x00, 0x10, 0x00, 0x00, 0x00, 0x07, 0x00, 0x00, 0x00, 0x09, 
0x00, 0x00, 0x00, 0x10, 0x00, 0x00, 0x00, 0x01, 0x00, 0x00, 0x00, 0x00, 0x00, 0x00, 0x01, 0x70, 
0x00, 0x00, 0x00, 0x11, 0x00, 0x00, 0x00, 0x08, 0x00, 0x00, 0x00, 0x0A, 0x00, 0x00, 0x00, 0x11, 
0x00, 0x00, 0x00, 0x01, 0x00, 0x00, 0x00, 0x00, 0x00, 0x00, 0x01, 0x71, 0x00, 0x00, 0x00, 0x0E, 
0x00, 0x00, 0x00, 0x07, 0x00, 0x00, 0x00, 0x09, 0x00, 0x00, 0x00, 0x0E, 0x00, 0x00, 0x00, 0x01, 
0x00, 0x00, 0x00, 0x00, 0x00, 0x00, 0x01, 0x72, 0x00, 0x00, 0x00, 0x11, 0x00, 0x00, 0x00, 0x08, 
0x00, 0x00, 0x00, 0x0A, 0x00, 0x00, 0x00, 0x0D, 0x00, 0x00, 0x00, 0x01, 0x00, 0x00, 0x00, 0x00, 
0x00, 0x00, 0x01, 0x73, 0x00, 0x00, 0x00, 0x0E, 0x00, 0x00, 0x00, 0x07, 0x00, 0x00, 0x00, 0x09, 
0x00, 0x00, 0x00, 0x0A, 0x00, 0x00, 0x00, 0x01, 0x00, 0x00, 0x00, 0x00, 0x00, 0x00, 0x01, 0x74, 
0x00, 0x00, 0x00, 0x12, 0x00, 0x00, 0x00, 0x0E, 0x00, 0x00, 0x00, 0x0E, 0x00, 0x00, 0x00, 0x12, 
0x00, 0x00, 0x00, 0x00, 0x00, 0x00, 0x00, 0x00, 0x00, 0x00, 0x01, 0x75, 0x00, 0x00, 0x00, 0x0E, 
0x00, 0x00, 0x00, 0x0C, 0x00, 0x00, 0x00, 0x0B, 0x00, 0x00, 0x00, 0x0E, 0x00, 0x00, 0x00, 0x00, 
0x00, 0x00, 0x00, 0x00, 0x00, 0x00, 0x01, 0x76, 0x00, 0x00, 0x00, 0x12, 0x00, 0x00, 0x00, 0x09, 
0x00, 0x00, 0x00, 0x08, 0x00, 0x00, 0x00, 0x12, 0xFF, 0xFF, 0xFF, 0xFF, 0x00, 0x00, 0x00, 0x00, 
0x00, 0x00, 0x01, 0x77, 0x00, 0x00, 0x00, 0x12, 0x00, 0x00, 0x00, 0x08, 0x00, 0x00, 0x00, 0x07, 
0x00, 0x00, 0x00, 0x0E, 0xFF, 0xFF, 0xFF, 0xFF, 0x00, 0x00, 0x00, 0x00, 0x00, 0x00, 0x01, 0x78, 
0x00, 0x00, 0x00, 0x11, 0x00, 0x00, 0x00, 0x09, 0x00, 0x00, 0x00, 0x08, 0x00, 0x00, 0x00, 0x11, 
0x00, 0x00, 0x00, 0x00, 0x00, 0x00, 0x00, 0x00, 0x00, 0x00, 0x01, 0x79, 0x00, 0x00, 0x00, 0x12, 
0x00, 0x00, 0x00, 0x06, 0x00, 0x00, 0x00, 0x08, 0x00, 0x00, 0x00, 0x12, 0x00, 0x00, 0x00, 0x01, 
0x00, 0x00, 0x00, 0x00, 0x00, 0x00, 0x01, 0x7A, 0x00, 0x00, 0x00, 0x0E, 0x00, 0x00, 0x00, 0x06, 
0x00, 0x00, 0x00, 0x07, 0x00, 0x00, 0x00, 0x0E, 0x00, 0x00, 0x00, 0x01, 0x00, 0x00, 0x00, 0x00, 
0x00, 0x00, 0x01, 0x7B, 0x00, 0x00, 0x00, 0x11, 0x00, 0x00, 0x00, 0x06, 0x00, 0x00, 0x00, 0x08, 
0x00, 0x00, 0x00, 0x11, 0x00, 0x00, 0x00, 0x01, 0x00, 0x00, 0x00, 0x00, 0x00, 0x00, 0x01, 0x7C, 
0x00, 0x00, 0x00, 0x0E, 0x00, 0x00, 0x00, 0x05, 0x00, 0x00, 0x00, 0x07, 0x00, 0x00, 0x00, 0x0E, 
0x00, 0x00, 0x00, 0x01, 0x00, 0x00, 0x00, 0x00, 0x00, 0x00, 0x01, 0x7D, 0x00, 0x00, 0x00, 0x12, 
0x00, 0x00, 0x00, 0x06, 0x00, 0x00, 0x00, 0x08, 0x00, 0x00, 0x00, 0x12, 0x00, 0x00, 0x00, 0x01, 
0x00, 0x00, 0x00, 0x00, 0x00, 0x00, 0x01, 0x7E, 0x00, 0x00, 0x00, 0x0E, 0x00, 0x00, 0x00, 0x06, 
0x00, 0x00, 0x00, 0x07, 0x00, 0x00, 0x00, 0x0E, 0x00, 0x00, 0x00, 0x01, 0x00, 0x00, 0x00, 0x00, 
0x00, 0x00, 0x01, 0x7F, 0x00, 0x00, 0x00, 0x0E, 0x00, 0x00, 0x00, 0x04, 0x00, 0x00, 0x00, 0x04, 
0x00, 0x00, 0x00, 0x0E, 0x00, 0x00, 0x00, 0x01, 0x00, 0x00, 0x00, 0x00, 0x00, 0x00, 0x01, 0x80, 
0x00, 0x00, 0x00, 0x0E, 0x00, 0x00, 0x00, 0x08, 0x00, 0x00, 0x00, 0x0A, 0x00, 0x00, 0x00, 0x0E, 
0x00, 0x00, 0x00, 0x01, 0x00, 0x00, 0x00, 0x00, 0x00, 0x00, 0x01, 0x81, 0x00, 0x00, 0x00, 0x0D, 
0x00, 0x00, 0x00, 0x0A, 0x00, 0x00, 0x00, 0x0B, 0x00, 0x00, 0x00, 0x0D, 0x00, 0x00, 0x00, 0x01, 
0x00, 0x00, 0x00, 0x00, 0x00, 0x00, 0x01, 0x82, 0x00, 0x00, 0x00, 0x0D, 0x00, 0x00, 0x00, 0x07, 
0x00, 0x00, 0x00, 0x08, 0x00, 0x00, 0x00, 0x0D, 0x00, 0x00, 0x00, 0x01, 0x00, 0x00, 0x00, 0x00, 
0x00, 0x00, 0x01, 0x83, 0x00, 0x00, 0x00, 0x0E, 0x00, 0x00, 0x00, 0x07, 0x00, 0x00, 0x00, 0x09, 
0x00, 0x00, 0x00, 0x0E, 0x00, 0x00, 0x00, 0x01, 0x00, 0x00, 0x00, 0x00, 0x00, 0x00, 0x01, 0x84, 
0x00, 0x00, 0x00, 0x0D, 0x00, 0x00, 0x00, 0x07, 0x00, 0x00, 0x00, 0x09, 0x00, 0x00, 0x00, 0x0D, 
0x00, 0x00, 0x00, 0x01, 0x00, 0x00, 0x00, 0x00, 0x00, 0x00, 0x01, 0x85, 0x00, 0x00, 0x00, 0x0E, 
0x00, 0x00, 0x00, 0x07, 0x00, 0x00, 0x00, 0x08, 0x00, 0x00, 0x00, 0x0E, 0x00, 0x00, 0x00, 0x01, 
0x00, 0x00, 0x00, 0x00, 0x00, 0x00, 0x01, 0x86, 0x00, 0x00, 0x00, 0x0D, 0x00, 0x00, 0x00, 0x08, 
0x00, 0x00, 0x00, 0x08, 0x00, 0x00, 0x00, 0x0D, 0x00, 0x00, 0x00, 0x00, 0x00, 0x00, 0x00, 0x00, 
0x00, 0x00, 0x01, 0x87, 0x00, 0x00, 0x00, 0x11, 0x00, 0x00, 0x00, 0x09, 0x00, 0x00, 0x00, 0x09, 
0x00, 0x00, 0x00, 0x11, 0x00, 0x00, 0x00, 0x01, 0x00, 0x00, 0x00, 0x00, 0x00, 0x00, 0x01, 0x88, 
0x00, 0x00, 0x00, 0x0E, 0x00, 0x00, 0x00, 0x07, 0x00, 0x00, 0x00, 0x07, 0x00, 0x00, 0x00, 0x0E, 
0x00, 0x00, 0x00, 0x01, 0x00, 0x00, 0x00, 0x00, 0x00, 0x00, 0x01, 0x89, 0x00, 0x00, 0x00, 0x0D, 
0x00, 0x00, 0x00, 0x09, 0x00, 0x00, 0x00, 0x0A, 0x00, 0x00, 0x00, 0x0D, 0x00, 0x00, 0x00, 0x01, 
0x00, 0x00, 0x00, 0x00, 0x00, 0x00, 0x01, 0x8A, 0x00, 0x00, 0x00, 0x0D, 0x00, 0x00, 0x00, 0x0B, 
0x00, 0x00, 0x00, 0x0C, 0x00, 0x00, 0x00, 0x0D, 0x00, 0x00, 0x00, 0x01, 0x00, 0x00, 0x00, 0x00, 
0x00, 0x00, 0x01, 0x8B, 0x00, 0x00, 0x00, 0x0D, 0x00, 0x00, 0x00, 0x07, 0x00, 0x00, 0x00, 0x09, 
0x00, 0x00, 0x00, 0x0D, 0x00, 0x00, 0x00, 0x01, 0x00, 0x00, 0x00, 0x00, 0x00, 0x00, 0x01, 0x8C, 
0x00, 0x00, 0x00, 0x0E, 0x00, 0x00, 0x00, 0x07, 0x00, 0x00, 0x00, 0x09, 0x00, 0x00, 0x00, 0x0E, 
0x00, 0x00, 0x00, 0x01, 0x00, 0x00, 0x00, 0x00, 0x00, 0x00, 0x01, 0x8D, 0x00, 0x00, 0x00, 0x0E, 
0x00, 0x00, 0x00, 0x07, 0x00, 0x00, 0x00, 0x09, 0x00, 0x00, 0x00, 0x0A, 0x00, 0x00, 0x00, 0x01, 
0x00, 0x00, 0x00, 0x00, 0x00, 0x00, 0x01, 0x8E, 0x00, 0x00, 0x00, 0x0D, 0x00, 0x00, 0x00, 0x06, 
0x00, 0x00, 0x00, 0x08, 0x00, 0x00, 0x00, 0x0D, 0x00, 0x00, 0x00, 0x01, 0x00, 0x00, 0x00, 0x00, 
0x00, 0x00, 0x01, 0x8F, 0x00, 0x00, 0x00, 0x0D, 0x00, 0x00, 0x00, 0x09, 0x00, 0x00, 0x00, 0x0A, 
0x00, 0x00, 0x00, 0x0D, 0x00, 0x00, 0x00, 0x01, 0x00, 0x00, 0x00, 0x00, 0x00, 0x00, 0x01, 0x90, 
0x00, 0x00, 0x00, 0x0D, 0x00, 0x00, 0x00, 0x07, 0x00, 0x00, 0x00, 0x09, 0x00, 0x00, 0x00, 0x0D, 
0x00, 0x00, 0x00, 0x01, 0x00, 0x00, 0x00, 0x00, 0x00, 0x00, 0x01, 0x91, 0x00, 0x00, 0x00, 0x11, 
0x00, 0x00, 0x00, 0x09, 0x00, 0x00, 0x00, 0x09, 0x00, 0x00, 0x00, 0x0D, 0x00, 0x00, 0x00, 0x00, 
0x00, 0x00, 0x00, 0x00, 0x00, 0x00, 0x01, 0x92, 0x00, 0x00, 0x00, 0x12, 0x00, 0x00, 0x00, 0x07, 
0x00, 0x00, 0x00, 0x07, 0x00, 0x00, 0x00, 0x0E, 0x00, 0x00, 0x00, 0x00, 0x00, 0x00, 0x00, 0x00, 
0x00, 0x00, 0x01, 0x93, 0x00, 0x00, 0x00, 0x11, 0x00, 0x00, 0x00, 0x0A, 0x00, 0x00, 0x00, 0x0B, 
0x00, 0x00, 0x00, 0x11, 0x00, 0x00, 0x00, 0x01, 0x00, 0x00, 0x00, 0x00, 0x00, 0x00, 0x01, 0x94, 
0x00, 0x00, 0x00, 0x11, 0x00, 0x00, 0x00, 0x0A, 0x00, 0x00, 0x00, 0x08, 0x00, 0x00, 0x00, 0x0D, 
0xFF, 0xFF, 0xFF, 0xFF, 0x00, 0x00, 0x00, 0x00, 0x00, 0x00, 0x01, 0x95, 0x00, 0x00, 0x00, 0x0E, 
0x00, 0x00, 0x00, 0x0C, 0x00, 0x00, 0x00, 0x0E, 0x00, 0x00, 0x00, 0x0E, 0x00, 0x00, 0x00, 0x01, 
0x00, 0x00, 0x00, 0x00, 0x00, 0x00, 0x01, 0x96, 0x00, 0x00, 0x00, 0x0D, 0x00, 0x00, 0x00, 0x04, 
0x00, 0x00, 0x00, 0x05, 0x00, 0x00, 0x00, 0x0D, 0x00, 0x00, 0x00, 0x01, 0x00, 0x00, 0x00, 0x00, 
0x00, 0x00, 0x01, 0x97, 0x00, 0x00, 0x00, 0x0D, 0x00, 0x00, 0x00, 0x04, 0x00, 0x00, 0x00, 0x06, 
0x00, 0x00, 0x00, 0x0D, 0x00, 0x00, 0x00, 0x01, 0x00, 0x00, 0x00, 0x00, 0x00, 0x00, 0x01, 0x98, 
0x00, 0x00, 0x00, 0x0D, 0x00, 0x00, 0x00, 0x08, 0x00, 0x00, 0x00, 0x09, 0x00, 0x00, 0x00, 0x0D, 
0x00, 0x00, 0x00, 0x01, 0x00, 0x00, 0x00, 0x00, 0x00, 0x00, 0x01, 0x99, 0x00, 0x00, 0x00, 0x0E, 
0x00, 0x00, 0x00, 0x07, 0x00, 0x00, 0x00, 0x08, 0x00, 0x00, 0x00, 0x0E, 0x00, 0x00, 0x00, 0x01, 
0x00, 0x00, 0x00, 0x00, 0x00, 0x00, 0x01, 0x9A, 0x00, 0x00, 0x00, 0x0E, 0x00, 0x00, 0x00, 0x04, 
0x00, 0x00, 0x00, 0x06, 0x00, 0x00, 0x00, 0x0E, 0x00, 0x00, 0x00, 0x01, 0x00, 0x00, 0x00, 0x00, 
0x00, 0x00, 0x01, 0x9B, 0x00, 0x00, 0x00, 0x0E, 0x00, 0x00, 0x00, 0x09, 0x00, 0x00, 0x00, 0x08, 
0x00, 0x00, 0x00, 0x0E, 0x00, 0x00, 0x00, 0x00, 0x00, 0x00, 0x00, 0x00, 0x00, 0x00, 0x01, 0x9C, 
0x00, 0x00, 0x00, 0x0D, 0x00, 0x00, 0x00, 0x0D, 0x00, 0x00, 0x00, 0x0F, 0x00, 0x00, 0x00, 0x0D, 
0x00, 0x00, 0x00, 0x01, 0x00, 0x00, 0x00, 0x00, 0x00, 0x00, 0x01, 0x9D, 0x00, 0x00, 0x00, 0x11, 
0x00, 0x00, 0x00, 0x0A, 0x00, 0x00, 0x00, 0x0A, 0x00, 0x00, 0x00, 0x0D, 0xFF, 0xFF, 0xFF, 0xFF, 
0x00, 0x00, 0x00, 0x00, 0x00, 0x00, 0x01, 0x9E, 0x00, 0x00, 0x00, 0x0E, 0x00, 0x00, 0x00, 0x07, 
0x00, 0x00, 0x00, 0x09, 0x00, 0x00, 0x00, 0x0A, 0x00, 0x00, 0x00, 0x01, 0x00, 0x00, 0x00, 0x00, 
0x00, 0x00, 0x01, 0x9F, 0x00, 0x00, 0x00, 0x0D, 0x00, 0x00, 0x00, 0x09, 0x00, 0x00, 0x00, 0x0B, 
0x00, 0x00, 0x00, 0x0D, 0x00, 0x00, 0x00, 0x01, 0x00, 0x00, 0x00, 0x00, 0x00, 0x00, 0x01, 0xA0, 
0x00, 0x00, 0x00, 0x0E, 0x00, 0x00, 0x00, 0x0B, 0x00, 0x00, 0x00, 0x0B, 0x00, 0x00, 0x00, 0x0E, 
0x00, 0x00, 0x00, 0x01, 0x00, 0x00, 0x00, 0x00, 0x00, 0x00, 0x01, 0xA1, 0x00, 0x00, 0x00, 0x0C, 
0x00, 0x00, 0x00, 0x09, 0x00, 0x00, 0x00, 0x09, 0x00, 0x00, 0x00, 0x0C, 0x00, 0x00, 0x00, 0x01, 
0x00, 0x00, 0x00, 0x00, 0x00, 0x00, 0x01, 0xA2, 0x00, 0x00, 0x00, 0x0D, 0x00, 0x00, 0x00, 0x0E, 
0x00, 0x00, 0x00, 0x10, 0x00, 0x00, 0x00, 0x0D, 0x00, 0x00, 0x00, 0x01, 0x00, 0x00, 0x00, 0x00, 
0x00, 0x00, 0x01, 0xA3, 0x00, 0x00, 0x00, 0x0E, 0x00, 0x00, 0x00, 0x0B, 0x00, 0x00, 0x00, 0x0D, 
0x00, 0x00, 0x00, 0x0A, 0x00, 0x00, 0x00, 0x01, 0x00, 0x00, 0x00, 0x00, 0x00, 0x00, 0x01, 0xA4, 
0x00, 0x00, 0x00, 0x0D, 0x00, 0x00, 0x00, 0x09, 0x00, 0x00, 0x00, 0x0B, 0x00, 0x00, 0x00, 0x0D, 
0x00, 0x00, 0x00, 0x01, 0x00, 0x00, 0x00, 0x00, 0x00, 0x00, 0x01, 0xA5, 0x00, 0x00, 0x00, 0x12, 
0x00, 0x00, 0x00, 0x07, 0x00, 0x00, 0x00, 0x09, 0x00, 0x00, 0x00, 0x0E, 0x00, 0x00, 0x00, 0x01, 
0x00, 0x00, 0x00, 0x00, 0x00, 0x00, 0x01, 0xA6, 0x00, 0x00, 0x00, 0x0F, 0x00, 0x00, 0x00, 0x08, 
0x00, 0x00, 0x00, 0x08, 0x00, 0x00, 0x00, 0x0D, 0x00, 0x00, 0x00, 0x01, 0x00, 0x00, 0x00, 0x00, 
0x00, 0x00, 0x01, 0xA7, 0x00, 0x00, 0x00, 0x0D, 0x00, 0x00, 0x00, 0x07, 0x00, 0x00, 0x00, 0x08, 
0x00, 0x00, 0x00, 0x0D, 0x00, 0x00, 0x00, 0x01, 0x00, 0x00, 0x00, 0x00, 0x00, 0x00, 0x01, 0xA8, 
0x00, 0x00, 0x00, 0x0A, 0x00, 0x00, 0x00, 0x06, 0x00, 0x00, 0x00, 0x07, 0x00, 0x00, 0x00, 0x0A, 
0x00, 0x00, 0x00, 0x01, 0x00, 0x00, 0x00, 0x00, 0x00, 0x00, 0x01, 0xA9, 0x00, 0x00, 0x00, 0x0D, 
0x00, 0x00, 0x00, 0x07, 0x00, 0x00, 0x00, 0x09, 0x00, 0x00, 0x00, 0x0D, 0x00, 0x00, 0x00, 0x01, 
0x00, 0x00, 0x00, 0x00, 0x00, 0x00, 0x01, 0xAA, 0x00, 0x00, 0x00, 0x12, 0x00, 0x00, 0x00, 0x06, 
0x00, 0x00, 0x00, 0x06, 0x00, 0x00, 0x00, 0x0E, 0x00, 0x00, 0x00, 0x00, 0x00, 0x00, 0x00, 0x00, 
0x00, 0x00, 0x01, 0xAB, 0x00, 0x00, 0x00, 0x11, 0x00, 0x00, 0x00, 0x05, 0x00, 0x00, 0x00, 0x06, 
0x00, 0x00, 0x00, 0x0D, 0x00, 0x00, 0x00, 0x01, 0x00, 0x00, 0x00, 0x00, 0x00, 0x00, 0x01, 0xAC, 
0x00, 0x00, 0x00, 0x0D, 0x00, 0x00, 0x00, 0x08, 0x00, 0x00, 0x00, 0x09, 0x00, 0x00, 0x00, 0x0D, 
0x00, 0x00, 0x00, 0x01, 0x00, 0x00, 0x00, 0x00, 0x00, 0x00, 0x01, 0xAD, 0x00, 0x00, 0x00, 0x0E, 
0x00, 0x00, 0x00, 0x04, 0x00, 0x00, 0x00, 0x06, 0x00, 0x00, 0x00, 0x0E, 0x00, 0x00, 0x00, 0x01, 
0x00, 0x00, 0x00, 0x00, 0x00, 0x00, 0x01, 0xAE, 0x00, 0x00, 0x00, 0x11, 0x00, 0x00, 0x00, 0x07, 
0x00, 0x00, 0x00, 0x09, 0x00, 0x00, 0x00, 0x0D, 0x00, 0x00, 0x00, 0x01, 0x00, 0x00, 0x00, 0x00, 
0x00, 0x00, 0x01, 0xAF, 0x00, 0x00, 0x00, 0x0E, 0x00, 0x00, 0x00, 0x0B, 0x00, 0x00, 0x00, 0x0B, 
0x00, 0x00, 0x00, 0x0E, 0x00, 0x00, 0x00, 0x01, 0x00, 0x00, 0x00, 0x00, 0x00, 0x00, 0x01, 0xB0, 
0x00, 0x00, 0x00, 0x0C, 0x00, 0x00, 0x00, 0x0A, 0x00, 0x00, 0x00, 0x0A, 0x00, 0x00, 0x00, 0x0C, 
0x00, 0x00, 0x00, 0x01, 0x00, 0x00, 0x00, 0x00, 0x00, 0x00, 0x01, 0xB1, 0x00, 0x00, 0x00, 0x0D, 
0x00, 0x00, 0x00, 0x0A, 0x00, 0x00, 0x00, 0x0C, 0x00, 0x00, 0x00, 0x0D, 0x00, 0x00, 0x00, 0x01, 
0x00, 0x00, 0x00, 0x00, 0x00, 0x00, 0x01, 0xB2, 0x00, 0x00, 0x00, 0x0D, 0x00, 0x00, 0x00, 0x08, 
0x00, 0x00, 0x00, 0x0A, 0x00, 0x00, 0x00, 0x0D, 0x00, 0x00, 0x00, 0x01, 0x00, 0x00, 0x00, 0x00, 
0x00, 0x00, 0x01, 0xB3, 0x00, 0x00, 0x00, 0x0D, 0x00, 0x00, 0x00, 0x0A, 0x00, 0x00, 0x00, 0x09, 
0x00, 0x00, 0x00, 0x0D, 0xFF, 0xFF, 0xFF, 0xFF, 0x00, 0x00, 0x00, 0x00, 0x00, 0x00, 0x01, 0xB4, 
0x00, 0x00, 0x00, 0x0E, 0x00, 0x00, 0x00, 0x09, 0x00, 0x00, 0x00, 0x09, 0x00, 0x00, 0x00, 0x0A, 
0x00, 0x00, 0x00, 0x00, 0x00, 0x00, 0x00, 0x00, 0x00, 0x00, 0x01, 0xB5, 0x00, 0x00, 0x00, 0x0D, 
0x00, 0x00, 0x00, 0x06, 0x00, 0x00, 0x00, 0x08, 0x00, 0x00, 0x00, 0x0D, 0x00, 0x00, 0x00, 0x01, 
0x00, 0x00, 0x00, 0x00, 0x00, 0x00, 0x01, 0xB6, 0x00, 0x00, 0x00, 0x0A, 0x00, 0x00, 0x00, 0x05, 
0x00, 0x00, 0x00, 0x07, 0x00, 0x00, 0x00, 0x0A, 0x00, 0x00, 0x00, 0x01, 0x00, 0x00, 0x00, 0x00, 
0x00, 0x00, 0x01, 0xB7, 0x00, 0x00, 0x00, 0x0D, 0x00, 0x00, 0x00, 0x08, 0x00, 0x00, 0x00, 0x08, 
0x00, 0x00, 0x00, 0x0D, 0x00, 0x00, 0x00, 0x00, 0x00, 0x00, 0x00, 0x00, 0x00, 0x00, 0x01, 0xB8, 
0x00, 0x00, 0x00, 0x0D, 0x00, 0x00, 0x00, 0x07, 0x00, 0x00, 0x00, 0x09, 0x00, 0x00, 0x00, 0x0D, 
0x00, 0x00, 0x00, 0x01, 0x00, 0x00, 0x00, 0x00, 0x00, 0x00, 0x01, 0xB9, 0x00, 0x00, 0x00, 0x0E, 
0x00, 0x00, 0x00, 0x07, 0x00, 0x00, 0x00, 0x08, 0x00, 0x00, 0x00, 0x0A, 0x00, 0x00, 0x00, 0x01, 
0x00, 0x00, 0x00, 0x00, 0x00, 0x00, 0x01, 0xBA, 0x00, 0x00, 0x00, 0x0E, 0x00, 0x00, 0x00, 0x07, 
0x00, 0x00, 0x00, 0x08, 0x00, 0x00, 0x00, 0x0A, 0x00, 0x00, 0x00, 0x01, 0x00, 0x00, 0x00, 0x00, 
0x00, 0x00, 0x01, 0xBB, 0x00, 0x00, 0x00, 0x0E, 0x00, 0x00, 0x00, 0x07, 0x00, 0x00, 0x00, 0x09, 
0x00, 0x00, 0x00, 0x0E, 0x00, 0x00, 0x00, 0x01, 0x00, 0x00, 0x00, 0x00, 0x00, 0x00, 0x01, 0xBC, 
0x00, 0x00, 0x00, 0x0D, 0x00, 0x00, 0x00, 0x07, 0x00, 0x00, 0x00, 0x08, 0x00, 0x00, 0x00, 0x0D, 
0x00, 0x00, 0x00, 0x01, 0x00, 0x00, 0x00, 0x00, 0x00, 0x00, 0x01, 0xBD, 0x00, 0x00, 0x00, 0x0A, 
0x00, 0x00, 0x00, 0x06, 0x00, 0x00, 0x00, 0x07, 0x00, 0x00, 0x00, 0x0A, 0x00, 0x00, 0x00, 0x01, 
0x00, 0x00, 0x00, 0x00, 0x00, 0x00, 0x01, 0xBE, 0x00, 0x00, 0x00, 0x0C, 0x00, 0x00, 0x00, 0x06, 
0x00, 0x00, 0x00, 0x07, 0x00, 0x00, 0x00, 0x0C, 0x00, 0x00, 0x00, 0x01, 0x00, 0x00, 0x00, 0x00, 
0x00, 0x00, 0x01, 0xBF, 0x00, 0x00, 0x00, 0x0E, 0x00, 0x00, 0x00, 0x07, 0x00, 0x00, 0x00, 0x08, 
0x00, 0x00, 0x00, 0x0A, 0x00, 0x00, 0x00, 0x01, 0x00, 0x00, 0x00, 0x00, 0x00, 0x00, 0x01, 0xC0, 
0x00, 0x00, 0x00, 0x0E, 0x00, 0x00, 0x00, 0x02, 0x00, 0x00, 0x00, 0x05, 0x00, 0x00, 0x00, 0x0E, 
0x00, 0x00, 0x00, 0x02, 0x00, 0x00, 0x00, 0x00, 0x00, 0x00, 0x01, 0xC1, 0x00, 0x00, 0x00, 0x0E, 
0x00, 0x00, 0x00, 0x06, 0x00, 0x00, 0x00, 0x09, 0x00, 0x00, 0x00, 0x0E, 0x00, 0x00, 0x00, 0x02, 
0x00, 0x00, 0x00, 0x00, 0x00, 0x00, 0x01, 0xC2, 0x00, 0x00, 0x00, 0x0E, 0x00, 0x00, 0x00, 0x06, 
0x00, 0x00, 0x00, 0x08, 0x00, 0x00, 0x00, 0x0E, 0x00, 0x00, 0x00, 0x01, 0x00, 0x00, 0x00, 0x00, 
0x00, 0x00, 0x01, 0xC3, 0x00, 0x00, 0x00, 0x0D, 0x00, 0x00, 0x00, 0x02, 0x00, 0x00, 0x00, 0x04, 
0x00, 0x00, 0x00, 0x0D, 0x00, 0x00, 0x00, 0x01, 0x00, 0x00, 0x00, 0x00, 0x00, 0x00, 0x01, 0xC4, 
0x00, 0x00, 0x00, 0x12, 0x00, 0x00, 0x00, 0x0F, 0x00, 0x00, 0x00, 0x11, 0x00, 0x00, 0x00, 0x12, 
0x00, 0x00, 0x00, 0x01, 0x00, 0x00, 0x00, 0x00, 0x00, 0x00, 0x01, 0xC5, 0x00, 0x00, 0x00, 0x0E, 
0x00, 0x00, 0x00, 0x0F, 0x00, 0x00, 0x00, 0x10, 0x00, 0x00, 0x00, 0x0E, 0x00, 0x00, 0x00, 0x01, 
0x00, 0x00, 0x00, 0x00, 0x00, 0x00, 0x01, 0xC6, 0x00, 0x00, 0x00, 0x0E, 0x00, 0x00, 0x00, 0x0F, 
0x00, 0x00, 0x00, 0x10, 0x00, 0x00, 0x00, 0x0E, 0x00, 0x00, 0x00, 0x01, 0x00, 0x00, 0x00, 0x00, 
0x00, 0x00, 0x01, 0xC7, 0x00, 0x00, 0x00, 0x11, 0x00, 0x00, 0x00, 0x09, 0x00, 0x00, 0x00, 0x0B, 
0x00, 0x00, 0x00, 0x0D, 0x00, 0x00, 0x00, 0x01, 0x00, 0x00, 0x00, 0x00, 0x00, 0x00, 0x01, 0xC8, 
0x00, 0x00, 0x00, 0x12, 0x00, 0x00, 0x00, 0x09, 0x00, 0x00, 0x00, 0x0B, 0x00, 0x00, 0x00, 0x0E, 
0x00, 0x00, 0x00, 0x01, 0x00, 0x00, 0x00, 0x00, 0x00, 0x00, 0x01, 0xC9, 0x00, 0x00, 0x00, 0x12, 
0x00, 0x00, 0x00, 0x06, 0x00, 0x00, 0x00, 0x08, 0x00, 0x00, 0x00, 0x0E, 0x00, 0x00, 0x00, 0x01, 
0x00, 0x00, 0x00, 0x00, 0x00, 0x00, 0x01, 0xCA, 0x00, 0x00, 0x00, 0x11, 0x00, 0x00, 0x00, 0x0D, 
0x00, 0x00, 0x00, 0x0F, 0x00, 0x00, 0x00, 0x0D, 0x00, 0x00, 0x00, 0x01, 0x00, 0x00, 0x00, 0x00, 
0x00, 0x00, 0x01, 0xCB, 0x00, 0x00, 0x00, 0x12, 0x00, 0x00, 0x00, 0x0C, 0x00, 0x00, 0x00, 0x0E, 
0x00, 0x00, 0x00, 0x0E, 0x00, 0x00, 0x00, 0x01, 0x00, 0x00, 0x00, 0x00, 0x00, 0x00, 0x01, 0xCC, 
0x00, 0x00, 0x00, 0x12, 0x00, 0x00, 0x00, 0x0B, 0x00, 0x00, 0x00, 0x0D, 0x00, 0x00, 0x00, 0x0E, 
0x00, 0x00, 0x00, 0x01, 0x00, 0x00, 0x00, 0x00, 0x00, 0x00, 0x01, 0xCD, 0x00, 0x00, 0x00, 0x12, 
0x00, 0x00, 0x00, 0x09, 0x00, 0x00, 0x00, 0x09, 0x00, 0x00, 0x00, 0x12, 0x00, 0x00, 0x00, 0x00, 
0x00, 0x00, 0x00, 0x00, 0x00, 0x00, 0x01, 0xCE, 0x00, 0x00, 0x00, 0x0E, 0x00, 0x00, 0x00, 0x06, 
0x00, 0x00, 0x00, 0x08, 0x00, 0x00, 0x00, 0x0E, 0x00, 0x00, 0x00, 0x01, 0x00, 0x00, 0x00, 0x00, 
0x00, 0x00, 0x01, 0xCF, 0x00, 0x00, 0x00, 0x12, 0x00, 0x00, 0x00, 0x06, 0x00, 0x00, 0x00, 0x06, 
0x00, 0x00, 0x00, 0x12, 0x00, 0x00, 0x00, 0x00, 0x00, 0x00, 0x00, 0x00, 0x00, 0x00, 0x01, 0xD0, 
0x00, 0x00, 0x00, 0x0E, 0x00, 0x00, 0x00, 0x06, 0x00, 0x00, 0x00, 0x04, 0x00, 0x00, 0x00, 0x0E, 
0xFF, 0xFF, 0xFF, 0xFF, 0x00, 0x00, 0x00, 0x00, 0x00, 0x00, 0x01, 0xD1, 0x00, 0x00, 0x00, 0x12, 
0x00, 0x00, 0x00, 0x09, 0x00, 0x00, 0x00, 0x0B, 0x00, 0x00, 0x00, 0x12, 0x00, 0x00, 0x00, 0x01, 
0x00, 0x00, 0x00, 0x00, 0x00, 0x00, 0x01, 0xD2, 0x00, 0x00, 0x00, 0x0E, 0x00, 0x00, 0x00, 0x07, 
0x00, 0x00, 0x00, 0x09, 0x00, 0x00, 0x00, 0x0E, 0x00, 0x00, 0x00, 0x01, 0x00, 0x00, 0x00, 0x00, 
0x00, 0x00, 0x01, 0xD3, 0x00, 0x00, 0x00, 0x12, 0x00, 0x00, 0x00, 0x08, 0x00, 0x00, 0x00, 0x0A, 
0x00, 0x00, 0x00, 0x12, 0x00, 0x00, 0x00, 0x01, 0x00, 0x00, 0x00, 0x00, 0x00, 0x00, 0x01, 0xD4, 
0x00, 0x00, 0x00, 0x0E, 0x00, 0x00, 0x00, 0x07, 0x00, 0x00, 0x00, 0x09, 0x00, 0x00, 0x00, 0x0E, 
0x00, 0x00, 0x00, 0x01, 0x00, 0x00, 0x00, 0x00, 0x00, 0x00, 0x01, 0xD5, 0x00, 0x00, 0x00, 0x13, 
0x00, 0x00, 0x00, 0x08, 0x00, 0x00, 0x00, 0x0A, 0x00, 0x00, 0x00, 0x13, 0x00, 0x00, 0x00, 0x01, 
0x00, 0x00, 0x00, 0x00, 0x00, 0x00, 0x01, 0xD6, 0x00, 0x00, 0x00, 0x10, 0x00, 0x00, 0x00, 0x07, 
0x00, 0x00, 0x00, 0x09, 0x00, 0x00, 0x00, 0x10, 0x00, 0x00, 0x00, 0x01, 0x00, 0x00, 0x00, 0x00, 
0x00, 0x00, 0x01, 0xD7, 0x00, 0x00, 0x00, 0x14, 0x00, 0x00, 0x00, 0x08, 0x00, 0x00, 0x00, 0x0A, 
0x00, 0x00, 0x00, 0x14, 0x00, 0x00, 0x00, 0x01, 0x00, 0x00, 0x00, 0x00, 0x00, 0x00, 0x01, 0xD8, 
0x00, 0x00, 0x00, 0x10, 0x00, 0x00, 0x00, 0x07, 0x00, 0x00, 0x00, 0x09, 0x00, 0x00, 0x00, 0x10, 
0x00, 0x00, 0x00, 0x01, 0x00, 0x00, 0x00, 0x00, 0x00, 0x00, 0x01, 0xD9, 0x00, 0x00, 0x00, 0x14, 
0x00, 0x00, 0x00, 0x08, 0x00, 0x00, 0x00, 0x0A, 0x00, 0x00, 0x00, 0x14, 0x00, 0x00, 0x00, 0x01, 
0x00, 0x00, 0x00, 0x00, 0x00, 0x00, 0x01, 0xDA, 0x00, 0x00, 0x00, 0x10, 0x00, 0x00, 0x00, 0x07, 
0x00, 0x00, 0x00, 0x09, 0x00, 0x00, 0x00, 0x10, 0x00, 0x00, 0x00, 0x01, 0x00, 0x00, 0x00, 0x00, 
0x00, 0x00, 0x01, 0xDB, 0x00, 0x00, 0x00, 0x14, 0x00, 0x00, 0x00, 0x08, 0x00, 0x00, 0x00, 0x0A, 
0x00, 0x00, 0x00, 0x14, 0x00, 0x00, 0x00, 0x01, 0x00, 0x00, 0x00, 0x00, 0x00, 0x00, 0x01, 0xDC, 
0x00, 0x00, 0x00, 0x10, 0x00, 0x00, 0x00, 0x07, 0x00, 0x00, 0x00, 0x09, 0x00, 0x00, 0x00, 0x10, 
0x00, 0x00, 0x00, 0x01, 0x00, 0x00, 0x00, 0x00, 0x00, 0x00, 0x01, 0xDD, 0x00, 0x00, 0x00, 0x0A, 
0x00, 0x00, 0x00, 0x07, 0x00, 0x00, 0x00, 0x08, 0x00, 0x00, 0x00, 0x0A, 0x00, 0x00, 0x00, 0x01, 
0x00, 0x00, 0x00, 0x00, 0x00, 0x00, 0x01, 0xDE, 0x00, 0x00, 0x00, 0x13, 0x00, 0x00, 0x00, 0x0A, 
0x00, 0x00, 0x00, 0x09, 0x00, 0x00, 0x00, 0x13, 0xFF, 0xFF, 0xFF, 0xFF, 0x00, 0x00, 0x00, 0x00, 
0x00, 0x00, 0x01, 0xDF, 0x00, 0x00, 0x00, 0x10, 0x00, 0x00, 0x00, 0x06, 0x00, 0x00, 0x00, 0x08, 
0x00, 0x00, 0x00, 0x10, 0x00, 0x00, 0x00, 0x01, 0x00, 0x00, 0x00, 0x00, 0x00, 0x00, 0x01, 0xE0, 
0x00, 0x00, 0x00, 0x13, 0x00, 0x00, 0x00, 0x0A, 0x00, 0x00, 0x00, 0x09, 0x00, 0x00, 0x00, 0x13, 
0xFF, 0xFF, 0xFF, 0xFF, 0x00, 0x00, 0x00, 0x00, 0x00, 0x00, 0x01, 0xE1, 0x00, 0x00, 0x00, 0x10, 
0x00, 0x00, 0x00, 0x06, 0x00, 0x00, 0x00, 0x08, 0x00, 0x00, 0x00, 0x10, 0x00, 0x00, 0x00, 0x01, 
0x00, 0x00, 0x00, 0x00, 0x00, 0x00, 0x01, 0xE2, 0x00, 0x00, 0x00, 0x11, 0x00, 0x00, 0x00, 0x0C, 
0x00, 0x00, 0x00, 0x0C, 0x00, 0x00, 0x00, 0x11, 0xFF, 0xFF, 0xFF, 0xFF, 0x00, 0x00, 0x00, 0x00, 
0x00, 0x00, 0x01, 0xE3, 0x00, 0x00, 0x00, 0x0E, 0x00, 0x00, 0x00, 0x0B, 0x00, 0x00, 0x00, 0x0D, 
0x00, 0x00, 0x00, 0x0E, 0x00, 0x00, 0x00, 0x01, 0x00, 0x00, 0x00, 0x00, 0x00, 0x00, 0x01, 0xE4, 
0x00, 0x00, 0x00, 0x0D, 0x00, 0x00, 0x00, 0x09, 0x00, 0x00, 0x00, 0x0B, 0x00, 0x00, 0x00, 0x0D, 
0x00, 0x00, 0x00, 0x01, 0x00, 0x00, 0x00, 0x00, 0x00, 0x00, 0x01, 0xE5, 0x00, 0x00, 0x00, 0x0E, 
0x00, 0x00, 0x00, 0x08, 0x00, 0x00, 0x00, 0x0A, 0x00, 0x00, 0x00, 0x0A, 0x00, 0x00, 0x00, 0x01, 
0x00, 0x00, 0x00, 0x00, 0x00, 0x00, 0x01, 0xE6, 0x00, 0x00, 0x00, 0x12, 0x00, 0x00, 0x00, 0x09, 
0x00, 0x00, 0x00, 0x0B, 0x00, 0x00, 0x00, 0x12, 0x00, 0x00, 0x00, 0x01, 0x00, 0x00, 0x00, 0x00, 
0x00, 0x00, 0x01, 0xE7, 0x00, 0x00, 0x00, 0x12, 0x00, 0x00, 0x00, 0x07, 0x00, 0x00, 0x00, 0x09, 
0x00, 0x00, 0x00, 0x0E, 0x00, 0x00, 0x00, 0x01, 0x00, 0x00, 0x00, 0x00, 0x00, 0x00, 0x01, 0xE8, 
0x00, 0x00, 0x00, 0x12, 0x00, 0x00, 0x00, 0x08, 0x00, 0x00, 0x00, 0x08, 0x00, 0x00, 0x00, 0x12, 
0x00, 0x00, 0x00, 0x01, 0x00, 0x00, 0x00, 0x00, 0x00, 0x00, 0x01, 0xE9, 0x00, 0x00, 0x00, 0x12, 
0x00, 0x00, 0x00, 0x09, 0x00, 0x00, 0x00, 0x08, 0x00, 0x00, 0x00, 0x12, 0xFF, 0xFF, 0xFF, 0xFF, 
0x00, 0x00, 0x00, 0x00, 0x00, 0x00, 0x01, 0xEA, 0x00, 0x00, 0x00, 0x11, 0x00, 0x00, 0x00, 0x09, 
0x00, 0x00, 0x00, 0x0B, 0x00, 0x00, 0x00, 0x0D, 0x00, 0x00, 0x00, 0x01, 0x00, 0x00, 0x00, 0x00, 
0x00, 0x00, 0x01, 0xEB, 0x00, 0x00, 0x00, 0x0E, 0x00, 0x00, 0x00, 0x07, 0x00, 0x00, 0x00, 0x09, 
0x00, 0x00, 0x00, 0x0A, 0x00, 0x00, 0x00, 0x01, 0x00, 0x00, 0x00, 0x00, 0x00, 0x00, 0x01, 0xEC, 
0x00, 0x00, 0x00, 0x15, 0x00, 0x00, 0x00, 0x09, 0x00, 0x00, 0x00, 0x0B, 0x00, 0x00, 0x00, 0x11, 
0x00, 0x00, 0x00, 0x01, 0x00, 0x00, 0x00, 0x00, 0x00, 0x00, 0x01, 0xED, 0x00, 0x00, 0x00, 0x11, 
0x00, 0x00, 0x00, 0x07, 0x00, 0x00, 0x00, 0x09, 0x00, 0x00, 0x00, 0x0D, 0x00, 0x00, 0x00, 0x01, 
0x00, 0x00, 0x00, 0x00, 0x00, 0x00, 0x01, 0xEE, 0x00, 0x00, 0x00, 0x12, 0x00, 0x00, 0x00, 0x08, 
0x00, 0x00, 0x00, 0x08, 0x00, 0x00, 0x00, 0x12, 0x00, 0x00, 0x00, 0x00, 0x00, 0x00, 0x00, 0x00, 
0x00, 0x00, 0x01, 0xEF, 0x00, 0x00, 0x00, 0x12, 0x00, 0x00, 0x00, 0x07, 0x00, 0x00, 0x00, 0x08, 
0x00, 0x00, 0x00, 0x0E, 0x00, 0x00, 0x00, 0x00, 0x00, 0x00, 0x00, 0x00, 0x00, 0x00, 0x01, 0xF0, 
0x00, 0x00, 0x00, 0x12, 0x00, 0x00, 0x00, 0x06, 0x00, 0x00, 0x00, 0x04, 0x00, 0x00, 0x00, 0x0E, 
0xFF, 0xFF, 0xFF, 0xFF, 0x00, 0x00, 0x00, 0x00, 0x00, 0x00, 0x01, 0xF1, 0x00, 0x00, 0x00, 0x0D, 
0x00, 0x00, 0x00, 0x0F, 0x00, 0x00, 0x00, 0x11, 0x00, 0x00, 0x00, 0x0D, 0x00, 0x00, 0x00, 0x01, 
0x00, 0x00, 0x00, 0x00, 0x00, 0x00, 0x01, 0xF2, 0x00, 0x00, 0x00, 0x0D, 0x00, 0x00, 0x00, 0x0E, 
0x00, 0x00, 0x00, 0x10, 0x00, 0x00, 0x00, 0x0D, 0x00, 0x00, 0x00, 0x01, 0x00, 0x00, 0x00, 0x00, 
0x00, 0x00, 0x01, 0xF3, 0x00, 0x00, 0x00, 0x0E, 0x00, 0x00, 0x00, 0x0E, 0x00, 0x00, 0x00, 0x10, 
0x00, 0x00, 0x00, 0x0E, 0x00, 0x00, 0x00, 0x01, 0x00, 0x00, 0x00, 0x00, 0x00, 0x00, 0x01, 0xF4, 
0x00, 0x00, 0x00, 0x12, 0x00, 0x00, 0x00, 0x09, 0x00, 0x00, 0x00, 0x0B, 0x00, 0x00, 0x00, 0x12, 
0x00, 0x00, 0x00, 0x01, 0x00, 0x00, 0x00, 0x00, 0x00, 0x00, 0x01, 0xF5, 0x00, 0x00, 0x00, 0x12, 
0x00, 0x00, 0x00, 0x07, 0x00, 0x00, 0x00, 0x09, 0x00, 0x00, 0x00, 0x0E, 0x00, 0x00, 0x00, 0x01, 
0x00, 0x00, 0x00, 0x00, 0x00, 0x00, 0x01, 0xF6, 0x00, 0x00, 0x00, 0x0D, 0x00, 0x00, 0x00, 0x0C, 
0x00, 0x00, 0x00, 0x0E, 0x00, 0x00, 0x00, 0x0D, 0x00, 0x00, 0x00, 0x01, 0x00, 0x00, 0x00, 0x00, 
0x00, 0x00, 0x01, 0xF7, 0x00, 0x00, 0x00, 0x11, 0x00, 0x00, 0x00, 0x08, 0x00, 0x00, 0x00, 0x0A, 
0x00, 0x00, 0x00, 0x0D, 0x00, 0x00, 0x00, 0x01, 0x00, 0x00, 0x00, 0x00, 0x00, 0x00, 0x01, 0xF8, 
0x00, 0x00, 0x00, 0x12, 0x00, 0x00, 0x00, 0x08, 0x00, 0x00, 0x00, 0x0A, 0x00, 0x00, 0x00, 0x12, 
0x00, 0x00, 0x00, 0x01, 0x00, 0x00, 0x00, 0x00, 0x00, 0x00, 0x01, 0xF9, 0x00, 0x00, 0x00, 0x0E, 
0x00, 0x00, 0x00, 0x07, 0x00, 0x00, 0x00, 0x09, 0x00, 0x00, 0x00, 0x0E, 0x00, 0x00, 0x00, 0x01, 
0x00, 0x00, 0x00, 0x00, 0x00, 0x00, 0x01, 0xFA, 0x00, 0x00, 0x00, 0x12, 0x00, 0x00, 0x00, 0x0A, 
0x00, 0x00, 0x00, 0x0A, 0x00, 0x00, 0x00, 0x12, 0x00, 0x00, 0x00, 0x00, 0x00, 0x00, 0x00, 0x00, 
0x00, 0x00, 0x01, 0xFB, 0x00, 0x00, 0x00, 0x12, 0x00, 0x00, 0x00, 0x06, 0x00, 0x00, 0x00, 0x08, 
0x00, 0x00, 0x00, 0x12, 0x00, 0x00, 0x00, 0x01, 0x00, 0x00, 0x00, 0x00, 0x00, 0x00, 0x01, 0xFC, 
0x00, 0x00, 0x00, 0x12, 0x00, 0x00, 0x00, 0x0C, 0x00, 0x00, 0x00, 0x0C, 0x00, 0x00, 0x00, 0x12, 
0x00, 0x00, 0x00, 0x00, 0x00, 0x00, 0x00, 0x00, 0x00, 0x00, 0x01, 0xFD, 0x00, 0x00, 0x00, 0x0E, 
0x00, 0x00, 0x00, 0x0B, 0x00, 0x00, 0x00, 0x0D, 0x00, 0x00, 0x00, 0x0E, 0x00, 0x00, 0x00, 0x01, 
0x00, 0x00, 0x00, 0x00, 0x00, 0x00, 0x01, 0xFE, 0x00, 0x00, 0x00, 0x13, 0x00, 0x00, 0x00, 0x09, 
0x00, 0x00, 0x00, 0x0B, 0x00, 0x00, 0x00, 0x12, 0x00, 0x00, 0x00, 0x01, 0x00, 0x00, 0x00, 0x00, 
0x00, 0x00, 0x01, 0xFF, 0x00, 0x00, 0x00, 0x10, 0x00, 0x00, 0x00, 0x07, 0x00, 0x00, 0x00, 0x09, 
0x00, 0x00, 0x00, 0x0F, 0x00, 0x00, 0x00, 0x01, 0x00, 0x00, 0x00, 0x00, 0x00, 0x00, 0x02, 0x00, 
0x00, 0x00, 0x00, 0x11, 0x00, 0x00, 0x00, 0x09, 0x00, 0x00, 0x00, 0x09, 0x00, 0x00, 0x00, 0x11, 
0x00, 0x00, 0x00, 0x00, 0x00, 0x00, 0x00, 0x00, 0x00, 0x00, 0x02, 0x01, 0x00, 0x00, 0x00, 0x0E, 
0x00, 0x00, 0x00, 0x07, 0x00, 0x00, 0x00, 0x08, 0x00, 0x00, 0x00, 0x0E, 0x00, 0x00, 0x00, 0x00, 
0x00, 0x00, 0x00, 0x00, 0x00, 0x00, 0x02, 0x02, 0x00, 0x00, 0x00, 0x12, 0x00, 0x00, 0x00, 0x0B, 
0x00, 0x00, 0x00, 0x09, 0x00, 0x00, 0x00, 0x12, 0xFF, 0xFF, 0xFF, 0xFF, 0x00, 0x00, 0x00, 0x00, 
0x00, 0x00, 0x02, 0x03, 0x00, 0x00, 0x00, 0x0E, 0x00, 0x00, 0x00, 0x06, 0x00, 0x00, 0x00, 0x08, 
0x00, 0x00, 0x00, 0x0E, 0x00, 0x00, 0x00, 0x01, 0x00, 0x00, 0x00, 0x00, 0x00, 0x00, 0x02, 0x04, 
0x00, 0x00, 0x00, 0x11, 0x00, 0x00, 0x00, 0x07, 0x00, 0x00, 0x00, 0x07, 0x00, 0x00, 0x00, 0x11, 
0x00, 0x00, 0x00, 0x00, 0x00, 0x00, 0x00, 0x00, 0x00, 0x00, 0x02, 0x05, 0x00, 0x00, 0x00, 0x0E, 
0x00, 0x00, 0x00, 0x08, 0x00, 0x00, 0x00, 0x08, 0x00, 0x00, 0x00, 0x0E, 0x00, 0x00, 0x00, 0x00, 
0x00, 0x00, 0x00, 0x00, 0x00, 0x00, 0x02, 0x06, 0x00, 0x00, 0x00, 0x12, 0x00, 0x00, 0x00, 0x06, 
0x00, 0x00, 0x00, 0x07, 0x00, 0x00, 0x00, 0x12, 0x00, 0x00, 0x00, 0x01, 0x00, 0x00, 0x00, 0x00, 
0x00, 0x00, 0x02, 0x07, 0x00, 0x00, 0x00, 0x0E, 0x00, 0x00, 0x00, 0x07, 0x00, 0x00, 0x00, 0x08, 
0x00, 0x00, 0x00, 0x0E, 0x00, 0x00, 0x00, 0x01, 0x00, 0x00, 0x00, 0x00, 0x00, 0x00, 0x02, 0x08, 
0x00, 0x00, 0x00, 0x11, 0x00, 0x00, 0x00, 0x06, 0x00, 0x00, 0x00, 0x06, 0x00, 0x00, 0x00, 0x11, 
0xFF, 0xFF, 0xFF, 0xFF, 0x00, 0x00, 0x00, 0x00, 0x00, 0x00, 0x02, 0x09, 0x00, 0x00, 0x00, 0x0E, 
0x00, 0x00, 0x00, 0x06, 0x00, 0x00, 0x00, 0x04, 0x00, 0x00, 0x00, 0x0E, 0xFF, 0xFF, 0xFF, 0xFE, 
0x00, 0x00, 0x00, 0x00, 0x00, 0x00, 0x02, 0x0A, 0x00, 0x00, 0x00, 0x12, 0x00, 0x00, 0x00, 0x05, 
0x00, 0x00, 0x00, 0x07, 0x00, 0x00, 0x00, 0x12, 0x00, 0x00, 0x00, 0x01, 0x00, 0x00, 0x00, 0x00, 
0x00, 0x00, 0x02, 0x0B, 0x00, 0x00, 0x00, 0x0E, 0x00, 0x00, 0x00, 0x05, 0x00, 0x00, 0x00, 0x05, 
0x00, 0x00, 0x00, 0x0E, 0x00, 0x00, 0x00, 0x00, 0x00, 0x00, 0x00, 0x00, 0x00, 0x00, 0x02, 0x0C, 
0x00, 0x00, 0x00, 0x12, 0x00, 0x00, 0x00, 0x09, 0x00, 0x00, 0x00, 0x0B, 0x00, 0x00, 0x00, 0x12, 
0x00, 0x00, 0x00, 0x01, 0x00, 0x00, 0x00, 0x00, 0x00, 0x00, 0x02, 0x0D, 0x00, 0x00, 0x00, 0x0E, 
0x00, 0x00, 0x00, 0x08, 0x00, 0x00, 0x00, 0x09, 0x00, 0x00, 0x00, 0x0E, 0x00, 0x00, 0x00, 0x00, 
0x00, 0x00, 0x00, 0x00, 0x00, 0x00, 0x02, 0x0E, 0x00, 0x00, 0x00, 0x12, 0x00, 0x00, 0x00, 0x09, 
0x00, 0x00, 0x00, 0x0B, 0x00, 0x00, 0x00, 0x12, 0x00, 0x00, 0x00, 0x01, 0x00, 0x00, 0x00, 0x00, 
0x00, 0x00, 0x02, 0x0F, 0x00, 0x00, 0x00, 0x0E, 0x00, 0x00, 0x00, 0x07, 0x00, 0x00, 0x00, 0x09, 
0x00, 0x00, 0x00, 0x0E, 0x00, 0x00, 0x00, 0x01, 0x00, 0x00, 0x00, 0x00, 0x00, 0x00, 0x02, 0x10, 
0x00, 0x00, 0x00, 0x11, 0x00, 0x00, 0x00, 0x09, 0x00, 0x00, 0x00, 0x08, 0x00, 0x00, 0x00, 0x11, 
0x00, 0x00, 0x00, 0x00, 0x00, 0x00, 0x00, 0x00, 0x00, 0x00, 0x02, 0x11, 0x00, 0x00, 0x00, 0x0E, 
0x00, 0x00, 0x00, 0x07, 0x00, 0x00, 0x00, 0x06, 0x00, 0x00, 0x00, 0x0E, 0xFF, 0xFF, 0xFF, 0xFF, 
0x00, 0x00, 0x00, 0x00, 0x00, 0x00, 0x02, 0x12, 0x00, 0x00, 0x00, 0x12, 0x00, 0x00, 0x00, 0x08, 
0x00, 0x00, 0x00, 0x08, 0x00, 0x00, 0x00, 0x12, 0x00, 0x00, 0x00, 0x01, 0x00, 0x00, 0x00, 0x00, 
0x00, 0x00, 0x02, 0x13, 0x00, 0x00, 0x00, 0x0E, 0x00, 0x00, 0x00, 0x05, 0x00, 0x00, 0x00, 0x07, 
0x00, 0x00, 0x00, 0x0E, 0x00, 0x00, 0x00, 0x01, 0x00, 0x00, 0x00, 0x00, 0x00, 0x00, 0x02, 0x14, 
0x00, 0x00, 0x00, 0x11, 0x00, 0x00, 0x00, 0x08, 0x00, 0x00, 0x00, 0x0A, 0x00, 0x00, 0x00, 0x11, 
0x00, 0x00, 0x00, 0x01, 0x00, 0x00, 0x00, 0x00, 0x00, 0x00, 0x02, 0x15, 0x00, 0x00, 0x00, 0x0E, 
0x00, 0x00, 0x00, 0x08, 0x00, 0x00, 0x00, 0x09, 0x00, 0x00, 0x00, 0x0E, 0x00, 0x00, 0x00, 0x00, 
0x00, 0x00, 0x00, 0x00, 0x00, 0x00, 0x02, 0x16, 0x00, 0x00, 0x00, 0x12, 0x00, 0x00, 0x00, 0x08, 
0x00, 0x00, 0x00, 0x0A, 0x00, 0x00, 0x00, 0x12, 0x00, 0x00, 0x00, 0x01, 0x00, 0x00, 0x00, 0x00, 
0x00, 0x00, 0x02, 0x17, 0x00, 0x00, 0x00, 0x0E, 0x00, 0x00, 0x00, 0x07, 0x00, 0x00, 0x00, 0x09, 
0x00, 0x00, 0x00, 0x0E, 0x00, 0x00, 0x00, 0x01, 0x00, 0x00, 0x00, 0x00, 0x00, 0x00, 0x02, 0x18, 
0x00, 0x00, 0x00, 0x11, 0x00, 0x00, 0x00, 0x07, 0x00, 0x00, 0x00, 0x08, 0x00, 0x00, 0x00, 0x0D, 
0x00, 0x00, 0x00, 0x01, 0x00, 0x00, 0x00, 0x00, 0x00, 0x00, 0x02, 0x19, 0x00, 0x00, 0x00, 0x0E, 
0x00, 0x00, 0x00, 0x06, 0x00, 0x00, 0x00, 0x07, 0x00, 0x00, 0x00, 0x0A, 0x00, 0x00, 0x00, 0x01, 
0x00, 0x00, 0x00, 0x00, 0x00, 0x00, 0x02, 0x1A, 0x00, 0x00, 0x00, 0x11, 0x00, 0x00, 0x00, 0x07, 
0x00, 0x00, 0x00, 0x09, 0x00, 0x00, 0x00, 0x0D, 0x00, 0x00, 0x00, 0x01, 0x00, 0x00, 0x00, 0x00, 
0x00, 0x00, 0x02, 0x1B, 0x00, 0x00, 0x00, 0x10, 0x00, 0x00, 0x00, 0x05, 0x00, 0x00, 0x00, 0x07, 
0x00, 0x00, 0x00, 0x0C, 0x00, 0x00, 0x00, 0x01, 0x00, 0x00, 0x00, 0x00, 0x00, 0x00, 0x02, 0x1C, 
0x00, 0x00, 0x00, 0x11, 0x00, 0x00, 0x00, 0x08, 0x00, 0x00, 0x00, 0x09, 0x00, 0x00, 0x00, 0x0D, 
0x00, 0x00, 0x00, 0x00, 0x00, 0x00, 0x00, 0x00, 0x00, 0x00, 0x02, 0x1D, 0x00, 0x00, 0x00, 0x0F, 
0x00, 0x00, 0x00, 0x07, 0x00, 0x00, 0x00, 0x08, 0x00, 0x00, 0x00, 0x0A, 0x00, 0x00, 0x00, 0x00, 
0x00, 0x00, 0x00, 0x00, 0x00, 0x00, 0x02, 0x1E, 0x00, 0x00, 0x00, 0x12, 0x00, 0x00, 0x00, 0x08, 
0x00, 0x00, 0x00, 0x0A, 0x00, 0x00, 0x00, 0x12, 0x00, 0x00, 0x00, 0x01, 0x00, 0x00, 0x00, 0x00, 
0x00, 0x00, 0x02, 0x1F, 0x00, 0x00, 0x00, 0x12, 0x00, 0x00, 0x00, 0x09, 0x00, 0x00, 0x00, 0x09, 
0x00, 0x00, 0x00, 0x12, 0xFF, 0xFF, 0xFF, 0xFF, 0x00, 0x00, 0x00, 0x00, 0x00, 0x00, 0x02, 0x20, 
0x00, 0x00, 0x00, 0x11, 0x00, 0x00, 0x00, 0x08, 0x00, 0x00, 0x00, 0x0A, 0x00, 0x00, 0x00, 0x0D, 
0x00, 0x00, 0x00, 0x01, 0x00, 0x00, 0x00, 0x00, 0x00, 0x00, 0x02, 0x21, 0x00, 0x00, 0x00, 0x10, 
0x00, 0x00, 0x00, 0x0C, 0x00, 0x00, 0x00, 0x0E, 0x00, 0x00, 0x00, 0x0E, 0x00, 0x00, 0x00, 0x01, 
0x00, 0x00, 0x00, 0x00, 0x00, 0x00, 0x02, 0x22, 0x00, 0x00, 0x00, 0x0D, 0x00, 0x00, 0x00, 0x09, 
0x00, 0x00, 0x00, 0x0A, 0x00, 0x00, 0x00, 0x0D, 0x00, 0x00, 0x00, 0x01, 0x00, 0x00, 0x00, 0x00, 
0x00, 0x00, 0x02, 0x23, 0x00, 0x00, 0x00, 0x0E, 0x00, 0x00, 0x00, 0x07, 0x00, 0x00, 0x00, 0x09, 
0x00, 0x00, 0x00, 0x0E, 0x00, 0x00, 0x00, 0x01, 0x00, 0x00, 0x00, 0x00, 0x00, 0x00, 0x02, 0x24, 
0x00, 0x00, 0x00, 0x11, 0x00, 0x00, 0x00, 0x07, 0x00, 0x00, 0x00, 0x08, 0x00, 0x00, 0x00, 0x0D, 
0x00, 0x00, 0x00, 0x01, 0x00, 0x00, 0x00, 0x00, 0x00, 0x00, 0x02, 0x25, 0x00, 0x00, 0x00, 0x0E, 
0x00, 0x00, 0x00, 0x06, 0x00, 0x00, 0x00, 0x07, 0x00, 0x00, 0x00, 0x0A, 0x00, 0x00, 0x00, 0x01, 
0x00, 0x00, 0x00, 0x00, 0x00, 0x00, 0x02, 0x26, 0x00, 0x00, 0x00, 0x11, 0x00, 0x00, 0x00, 0x0A, 
0x00, 0x00, 0x00, 0x09, 0x00, 0x00, 0x00, 0x11, 0x00, 0x00, 0x00, 0x00, 0x00, 0x00, 0x00, 0x00, 
0x00, 0x00, 0x02, 0x27, 0x00, 0x00, 0x00, 0x0E, 0x00, 0x00, 0x00, 0x06, 0x00, 0x00, 0x00, 0x08, 
0x00, 0x00, 0x00, 0x0E, 0x00, 0x00, 0x00, 0x01, 0x00, 0x00, 0x00, 0x00, 0x00, 0x00, 0x02, 0x28, 
0x00, 0x00, 0x00, 0x11, 0x00, 0x00, 0x00, 0x06, 0x00, 0x00, 0x00, 0x07, 0x00, 0x00, 0x00, 0x0D, 
0x00, 0x00, 0x00, 0x01, 0x00, 0x00, 0x00, 0x00, 0x00, 0x00, 0x02, 0x29, 0x00, 0x00, 0x00, 0x0E, 
0x00, 0x00, 0x00, 0x07, 0x00, 0x00, 0x00, 0x08, 0x00, 0x00, 0x00, 0x0A, 0x00, 0x00, 0x00, 0x01, 
0x00, 0x00, 0x00, 0x00, 0x00, 0x00, 0x02, 0x2A, 0x00, 0x00, 0x00, 0x13, 0x00, 0x00, 0x00, 0x09, 
0x00, 0x00, 0x00, 0x0B, 0x00, 0x00, 0x00, 0x13, 0x00, 0x00, 0x00, 0x01, 0x00, 0x00, 0x00, 0x00, 
0x00, 0x00, 0x02, 0x2B, 0x00, 0x00, 0x00, 0x10, 0x00, 0x00, 0x00, 0x07, 0x00, 0x00, 0x00, 0x09, 
0x00, 0x00, 0x00, 0x10, 0x00, 0x00, 0x00, 0x01, 0x00, 0x00, 0x00, 0x00, 0x00, 0x00, 0x02, 0x2C, 
0x00, 0x00, 0x00, 0x13, 0x00, 0x00, 0x00, 0x09, 0x00, 0x00, 0x00, 0x0B, 0x00, 0x00, 0x00, 0x13, 
0x00, 0x00, 0x00, 0x01, 0x00, 0x00, 0x00, 0x00, 0x00, 0x00, 0x02, 0x2D, 0x00, 0x00, 0x00, 0x10, 
0x00, 0x00, 0x00, 0x07, 0x00, 0x00, 0x00, 0x09, 0x00, 0x00, 0x00, 0x10, 0x00, 0x00, 0x00, 0x01, 
0x00, 0x00, 0x00, 0x00, 0x00, 0x00, 0x02, 0x2E, 0x00, 0x00, 0x00, 0x11, 0x00, 0x00, 0x00, 0x09, 
0x00, 0x00, 0x00, 0x0B, 0x00, 0x00, 0x00, 0x11, 0x00, 0x00, 0x00, 0x01, 0x00, 0x00, 0x00, 0x00, 
0x00, 0x00, 0x02, 0x2F, 0x00, 0x00, 0x00, 0x0E, 0x00, 0x00, 0x00, 0x07, 0x00, 0x00, 0x00, 0x09, 
0x00, 0x00, 0x00, 0x0E, 0x00, 0x00, 0x00, 0x01, 0x00, 0x00, 0x00, 0x00, 0x00, 0x00, 0x02, 0x30, 
0x00, 0x00, 0x00, 0x13, 0x00, 0x00, 0x00, 0x09, 0x00, 0x00, 0x00, 0x0B, 0x00, 0x00, 0x00, 0x13, 
0x00, 0x00, 0x00, 0x01, 0x00, 0x00, 0x00, 0x00, 0x00, 0x00, 0x02, 0x31, 0x00, 0x00, 0x00, 0x10, 
0x00, 0x00, 0x00, 0x07, 0x00, 0x00, 0x00, 0x09, 0x00, 0x00, 0x00, 0x10, 0x00, 0x00, 0x00, 0x01, 
0x00, 0x00, 0x00, 0x00, 0x00, 0x00, 0x02, 0x32, 0x00, 0x00, 0x00, 0x11, 0x00, 0x00, 0x00, 0x09, 
0x00, 0x00, 0x00, 0x09, 0x00, 0x00, 0x00, 0x11, 0x00, 0x00, 0x00, 0x00, 0x00, 0x00, 0x00, 0x00, 
0x00, 0x00, 0x02, 0x33, 0x00, 0x00, 0x00, 0x12, 0x00, 0x00, 0x00, 0x09, 0x00, 0x00, 0x00, 0x08, 
0x00, 0x00, 0x00, 0x0E, 0x00, 0x00, 0x00, 0x00, 0x00, 0x00, 0x00, 0x00, 0x00, 0x00, 0x02, 0x34, 
0x00, 0x00, 0x00, 0x0F, 0x00, 0x00, 0x00, 0x07, 0x00, 0x00, 0x00, 0x06, 0x00, 0x00, 0x00, 0x0E, 
0xFF, 0xFF, 0xFF, 0xFF, 0x00, 0x00, 0x00, 0x00, 0x00, 0x00, 0x02, 0x35, 0x00, 0x00, 0x00, 0x0B, 
0x00, 0x00, 0x00, 0x0A, 0x00, 0x00, 0x00, 0x0B, 0x00, 0x00, 0x00, 0x0A, 0x00, 0x00, 0x00, 0x01, 
0x00, 0x00, 0x00, 0x00, 0x00, 0x00, 0x02, 0x36, 0x00, 0x00, 0x00, 0x0D, 0x00, 0x00, 0x00, 0x07, 
0x00, 0x00, 0x00, 0x07, 0x00, 0x00, 0x00, 0x0C, 0x00, 0x00, 0x00, 0x00, 0x00, 0x00, 0x00, 0x00, 
0x00, 0x00, 0x02, 0x37, 0x00, 0x00, 0x00, 0x0E, 0x00, 0x00, 0x00, 0x04, 0x00, 0x00, 0x00, 0x04, 
0x00, 0x00, 0x00, 0x0A, 0xFF, 0xFF, 0xFF, 0xFF, 0x00, 0x00, 0x00, 0x00, 0x00, 0x00, 0x02, 0x38, 
0x00, 0x00, 0x00, 0x0E, 0x00, 0x00, 0x00, 0x0D, 0x00, 0x00, 0x00, 0x0E, 0x00, 0x00, 0x00, 0x0E, 
0x00, 0x00, 0x00, 0x01, 0x00, 0x00, 0x00, 0x00, 0x00, 0x00, 0x02, 0x39, 0x00, 0x00, 0x00, 0x0E, 
0x00, 0x00, 0x00, 0x0D, 0x00, 0x00, 0x00, 0x0E, 0x00, 0x00, 0x00, 0x0A, 0x00, 0x00, 0x00, 0x01, 
0x00, 0x00, 0x00, 0x00, 0x00, 0x00, 0x02, 0x3A, 0x00, 0x00, 0x00, 0x10, 0x00, 0x00, 0x00, 0x09, 
0x00, 0x00, 0x00, 0x09, 0x00, 0x00, 0x00, 0x0E, 0x00, 0x00, 0x00, 0x00, 0x00, 0x00, 0x00, 0x00, 
0x00, 0x00, 0x02, 0x3B, 0x00, 0x00, 0x00, 0x0F, 0x00, 0x00, 0x00, 0x08, 0x00, 0x00, 0x00, 0x09, 
0x00, 0x00, 0x00, 0x0E, 0x00, 0x00, 0x00, 0x01, 0x00, 0x00, 0x00, 0x00, 0x00, 0x00, 0x02, 0x3C, 
0x00, 0x00, 0x00, 0x12, 0x00, 0x00, 0x00, 0x06, 0x00, 0x00, 0x00, 0x07, 0x00, 0x00, 0x00, 0x0E, 
0x00, 0x00, 0x00, 0x01, 0x00, 0x00, 0x00, 0x00, 0x00, 0x00, 0x02, 0x3D, 0x00, 0x00, 0x00, 0x0D, 
0x00, 0x00, 0x00, 0x08, 0x00, 0x00, 0x00, 0x07, 0x00, 0x00, 0x00, 0x0D, 0xFF, 0xFF, 0xFF, 0xFF, 
0x00, 0x00, 0x00, 0x00, 0x00, 0x00, 0x02, 0x3E, 0x00, 0x00, 0x00, 0x10, 0x00, 0x00, 0x00, 0x07, 
0x00, 0x00, 0x00, 0x09, 0x00, 0x00, 0x00, 0x0E, 0x00, 0x00, 0x00, 0x01, 0x00, 0x00, 0x00, 0x00, 
0x00, 0x00, 0x02, 0x3F, 0x00, 0x00, 0x00, 0x0E, 0x00, 0x00, 0x00, 0x06, 0x00, 0x00, 0x00, 0x07, 
0x00, 0x00, 0x00, 0x0A, 0x00, 0x00, 0x00, 0x01, 0x00, 0x00, 0x00, 0x00, 0x00, 0x00, 0x02, 0x40, 
0x00, 0x00, 0x00, 0x0E, 0x00, 0x00, 0x00, 0x06, 0x00, 0x00, 0x00, 0x06, 0x00, 0x00, 0x00, 0x0A, 
0x00, 0x00, 0x00, 0x01, 0x00, 0x00, 0x00, 0x00, 0x00, 0x00, 0x02, 0x41, 0x00, 0x00, 0x00, 0x0D, 
0x00, 0x00, 0x00, 0x06, 0x00, 0x00, 0x00, 0x07, 0x00, 0x00, 0x00, 0x0D, 0x00, 0x00, 0x00, 0x00, 
0x00, 0x00, 0x00, 0x00, 0x00, 0x00, 0x02, 0x42, 0x00, 0x00, 0x00, 0x0A, 0x00, 0x00, 0x00, 0x06, 
0x00, 0x00, 0x00, 0x07, 0x00, 0x00, 0x00, 0x0A, 0x00, 0x00, 0x00, 0x00, 0x00, 0x00, 0x00, 0x00, 
0x00, 0x00, 0x02, 0x43, 0x00, 0x00, 0x00, 0x0D, 0x00, 0x00, 0x00, 0x08, 0x00, 0x00, 0x00, 0x0A, 
0x00, 0x00, 0x00, 0x0D, 0x00, 0x00, 0x00, 0x01, 0x00, 0x00, 0x00, 0x00, 0x00, 0x00, 0x02, 0x44, 
0x00, 0x00, 0x00, 0x0D, 0x00, 0x00, 0x00, 0x0B, 0x00, 0x00, 0x00, 0x0A, 0x00, 0x00, 0x00, 0x0D, 
0xFF, 0xFF, 0xFF, 0xFF, 0x00, 0x00, 0x00, 0x00, 0x00, 0x00, 0x02, 0x45, 0x00, 0x00, 0x00, 0x0D, 
0x00, 0x00, 0x00, 0x09, 0x00, 0x00, 0x00, 0x09, 0x00, 0x00, 0x00, 0x0D, 0x00, 0x00, 0x00, 0x00, 
0x00, 0x00, 0x00, 0x00, 0x00, 0x00, 0x02, 0x46, 0x00, 0x00, 0x00, 0x10, 0x00, 0x00, 0x00, 0x06, 
0x00, 0x00, 0x00, 0x08, 0x00, 0x00, 0x00, 0x0E, 0x00, 0x00, 0x00, 0x01, 0x00, 0x00, 0x00, 0x00, 
0x00, 0x00, 0x02, 0x47, 0x00, 0x00, 0x00, 0x12, 0x00, 0x00, 0x00, 0x07, 0x00, 0x00, 0x00, 0x09, 
0x00, 0x00, 0x00, 0x0E, 0x00, 0x00, 0x00, 0x01, 0x00, 0x00, 0x00, 0x00, 0x00, 0x00, 0x02, 0x48, 
0x00, 0x00, 0x00, 0x11, 0x00, 0x00, 0x00, 0x05, 0x00, 0x00, 0x00, 0x05, 0x00, 0x00, 0x00, 0x0D, 
0xFF, 0xFF, 0xFF, 0xFF, 0x00, 0x00, 0x00, 0x00, 0x00, 0x00, 0x02, 0x49, 0x00, 0x00, 0x00, 0x12, 
0x00, 0x00, 0x00, 0x05, 0x00, 0x00, 0x00, 0x05, 0x00, 0x00, 0x00, 0x0E, 0xFF, 0xFF, 0xFF, 0xFF, 
0x00, 0x00, 0x00, 0x00, 0x00, 0x00, 0x02, 0x4A, 0x00, 0x00, 0x00, 0x11, 0x00, 0x00, 0x00, 0x0B, 
0x00, 0x00, 0x00, 0x0B, 0x00, 0x00, 0x00, 0x0D, 0x00, 0x00, 0x00, 0x01, 0x00, 0x00, 0x00, 0x00, 
0x00, 0x00, 0x02, 0x4B, 0x00, 0x00, 0x00, 0x0E, 0x00, 0x00, 0x00, 0x09, 0x00, 0x00, 0x00, 0x09, 
0x00, 0x00, 0x00, 0x0A, 0x00, 0x00, 0x00, 0x01, 0x00, 0x00, 0x00, 0x00, 0x00, 0x00, 0x02, 0x4C, 
0x00, 0x00, 0x00, 0x0D, 0x00, 0x00, 0x00, 0x0A, 0x00, 0x00, 0x00, 0x08, 0x00, 0x00, 0x00, 0x0D, 
0xFF, 0xFF, 0xFF, 0xFF, 0x00, 0x00, 0x00, 0x00, 0x00, 0x00, 0x02, 0x4D, 0x00, 0x00, 0x00, 0x0A, 
0x00, 0x00, 0x00, 0x07, 0x00, 0x00, 0x00, 0x06, 0x00, 0x00, 0x00, 0x0A, 0xFF, 0xFF, 0xFF, 0xFF, 
0x00, 0x00, 0x00, 0x00, 0x00, 0x00, 0x02, 0x4E, 0x00, 0x00, 0x00, 0x0D, 0x00, 0x00, 0x00, 0x0A, 
0x00, 0x00, 0x00, 0x0A, 0x00, 0x00, 0x00, 0x0D, 0x00, 0x00, 0x00, 0x00, 0x00, 0x00, 0x00, 0x00, 
0x00, 0x00, 0x02, 0x4F, 0x00, 0x00, 0x00, 0x0E, 0x00, 0x00, 0x00, 0x09, 0x00, 0x00, 0x00, 0x09, 
0x00, 0x00, 0x00, 0x0A, 0x00, 0x00, 0x00, 0x00, 0x00, 0x00, 0x00, 0x00, 0x00, 0x00, 0x03, 0x70, 
0x00, 0x00, 0x00, 0x0D, 0x00, 0x00, 0x00, 0x05, 0x00, 0x00, 0x00, 0x06, 0x00, 0x00, 0x00, 0x0D, 
0x00, 0x00, 0x00, 0x01, 0x00, 0x00, 0x00, 0x00, 0x00, 0x00, 0x03, 0x71, 0x00, 0x00, 0x00, 0x0A, 
0x00, 0x00, 0x00, 0x04, 0x00, 0x00, 0x00, 0x05, 0x00, 0x00, 0x00, 0x0A, 0x00, 0x00, 0x00, 0x01, 
0x00, 0x00, 0x00, 0x00, 0x00, 0x00, 0x03, 0x72, 0x00, 0x00, 0x00, 0x0D, 0x00, 0x00, 0x00, 0x08, 
0x00, 0x00, 0x00, 0x0A, 0x00, 0x00, 0x00, 0x0D, 0x00, 0x00, 0x00, 0x01, 0x00, 0x00, 0x00, 0x00, 
0x00, 0x00, 0x03, 0x73, 0x00, 0x00, 0x00, 0x0E, 0x00, 0x00, 0x00, 0x08, 0x00, 0x00, 0x00, 0x09, 
0x00, 0x00, 0x00, 0x0E, 0x00, 0x00, 0x00, 0x01, 0x00, 0x00, 0x00, 0x00, 0x00, 0x00, 0x03, 0x74, 
0x00, 0x00, 0x00, 0x03, 0x00, 0x00, 0x00, 0x04, 0x00, 0x00, 0x00, 0x04, 0x00, 0x00, 0x00, 0x0D, 
0x00, 0x00, 0x00, 0x00, 0x00, 0x00, 0x00, 0x00, 0x00, 0x00, 0x03, 0x75, 0x00, 0x00, 0x00, 0x03, 
0x00, 0x00, 0x00, 0x04, 0x00, 0x00, 0x00, 0x04, 0xFF, 0xFF, 0xFF, 0xFF, 0x00, 0x00, 0x00, 0x00, 
0x00, 0x00, 0x00, 0x00, 0x00, 0x00, 0x03, 0x76, 0x00, 0x00, 0x00, 0x0D, 0x00, 0x00, 0x00, 0x08, 
0x00, 0x00, 0x00, 0x0A, 0x00, 0x00, 0x00, 0x0D, 0x00, 0x00, 0x00, 0x01, 0x00, 0x00, 0x00, 0x00, 
0x00, 0x00, 0x03, 0x77, 0x00, 0x00, 0x00, 0x0A, 0x00, 0x00, 0x00, 0x07, 0x00, 0x00, 0x00, 0x09, 
0x00, 0x00, 0x00, 0x0A, 0x00, 0x00, 0x00, 0x01, 0x00, 0x00, 0x00, 0x00, 0x00, 0x00, 0x03, 0x7A, 
0x00, 0x00, 0x00, 0x04, 0x00, 0x00, 0x00, 0x03, 0x00, 0x00, 0x00, 0x0A, 0xFF, 0xFF, 0xFF, 0xFF, 
0x00, 0x00, 0x00, 0x04, 0x00, 0x00, 0x00, 0x00, 0x00, 0x00, 0x03, 0x7B, 0x00, 0x00, 0x00, 0x0A, 
0x00, 0x00, 0x00, 0x07, 0x00, 0x00, 0x00, 0x07, 0x00, 0x00, 0x00, 0x0A, 0x00, 0x00, 0x00, 0x00, 
0x00, 0x00, 0x00, 0x00, 0x00, 0x00, 0x03, 0x7C, 0x00, 0x00, 0x00, 0x0A, 0x00, 0x00, 0x00, 0x06, 
0x00, 0x00, 0x00, 0x07, 0x00, 0x00, 0x00, 0x0A, 0x00, 0x00, 0x00, 0x01, 0x00, 0x00, 0x00, 0x00, 
0x00, 0x00, 0x03, 0x7D, 0x00, 0x00, 0x00, 0x0A, 0x00, 0x00, 0x00, 0x07, 0x00, 0x00, 0x00, 0x07, 
0x00, 0x00, 0x00, 0x0A, 0x00, 0x00, 0x00, 0x00, 0x00, 0x00, 0x00, 0x00, 0x00, 0x00, 0x03, 0x7E, 
0x00, 0x00, 0x00, 0x0C, 0x00, 0x00, 0x00, 0x03, 0x00, 0x00, 0x00, 0x04, 0x00, 0x00, 0x00, 0x0A, 
0x00, 0x00, 0x00, 0x00, 0x00, 0x00, 0x00, 0x00, 0x00, 0x00, 0x03, 0x7F, 0x00, 0x00, 0x00, 0x11, 
0x00, 0x00, 0x00, 0x05, 0x00, 0x00, 0x00, 0x05, 0x00, 0x00, 0x00, 0x0D, 0xFF, 0xFF, 0xFF, 0xFF, 
0x00, 0x00, 0x00, 0x00, 0x00, 0x00, 0x03, 0x84, 0x00, 0x00, 0x00, 0x03, 0x00, 0x00, 0x00, 0x03, 
0x00, 0x00, 0x00, 0x09, 0x00, 0x00, 0x00, 0x0E, 0x00, 0x00, 0x00, 0x04, 0x00, 0x00, 0x00, 0x00, 
0x00, 0x00, 0x03, 0x85, 0x00, 0x00, 0x00, 0x05, 0x00, 0x00, 0x00, 0x05, 0x00, 0x00, 0x00, 0x09, 
0x00, 0x00, 0x00, 0x10, 0x00, 0x00, 0x00, 0x02, 0x00, 0x00, 0x00, 0x00, 0x00, 0x00, 0x03, 0x86, 
0x00, 0x00, 0x00, 0x0E, 0x00, 0x00, 0x00, 0x0A, 0x00, 0x00, 0x00, 0x09, 0x00, 0x00, 0x00, 0x0E, 
0xFF, 0xFF, 0xFF, 0xFF, 0x00, 0x00, 0x00, 0x00, 0x00, 0x00, 0x03, 0x87, 0x00, 0x00, 0x00, 0x03, 
0x00, 0x00, 0x00, 0x02, 0x00, 0x00, 0x00, 0x04, 0x00, 0x00, 0x00, 0x0A, 0x00, 0x00, 0x00, 0x01, 
0x00, 0x00, 0x00, 0x00, 0x00, 0x00, 0x03, 0x88, 0x00, 0x00, 0x00, 0x0E, 0x00, 0x00, 0x00, 0x0A, 
0x00, 0x00, 0x00, 0x09, 0x00, 0x00, 0x00, 0x0E, 0xFF, 0xFF, 0xFF, 0xFF, 0x00, 0x00, 0x00, 0x00, 
0x00, 0x00, 0x03, 0x89, 0x00, 0x00, 0x00, 0x0E, 0x00, 0x00, 0x00, 0x0C, 0x00, 0x00, 0x00, 0x0C, 
0x00, 0x00, 0x00, 0x0E, 0xFF, 0xFF, 0xFF, 0xFF, 0x00, 0x00, 0x00, 0x00, 0x00, 0x00, 0x03, 0x8A, 
0x00, 0x00, 0x00, 0x0E, 0x00, 0x00, 0x00, 0x07, 0x00, 0x00, 0x00, 0x08, 0x00, 0x00, 0x00, 0x0E, 
0x00, 0x00, 0x00, 0x00, 0x00, 0x00, 0x00, 0x00, 0x00, 0x00, 0x03, 0x8C, 0x00, 0x00, 0x00, 0x0E, 
0x00, 0x00, 0x00, 0x0B, 0x00, 0x00, 0x00, 0x0C, 0x00, 0x00, 0x00, 0x0E, 0x00, 0x00, 0x00, 0x00, 
0x00, 0x00, 0x00, 0x00, 0x00, 0x00, 0x03, 0x8E, 0x00, 0x00, 0x00, 0x0E, 0x00, 0x00, 0x00, 0x0B, 
0x00, 0x00, 0x00, 0x0B, 0x00, 0x00, 0x00, 0x0E, 0x00, 0x00, 0x00, 0x00, 0x00, 0x00, 0x00, 0x00, 
0x00, 0x00, 0x03, 0x8F, 0x00, 0x00, 0x00, 0x0E, 0x00, 0x00, 0x00, 0x0C, 0x00, 0x00, 0x00, 0x0C, 
0x00, 0x00, 0x00, 0x0E, 0xFF, 0xFF, 0xFF, 0xFF, 0x00, 0x00, 0x00, 0x00, 0x00, 0x00, 0x03, 0x90, 
0x00, 0x00, 0x00, 0x0F, 0x00, 0x00, 0x00, 0x06, 0x00, 0x00, 0x00, 0x06, 0x00, 0x00, 0x00, 0x0F, 
0x00, 0x00, 0x00, 0x00, 0x00, 0x00, 0x00, 0x00, 0x00, 0x00, 0x03, 0x91, 0x00, 0x00, 0x00, 0x0D, 
0x00, 0x00, 0x00, 0x09, 0x00, 0x00, 0x00, 0x09, 0x00, 0x00, 0x00, 0x0D, 0x00, 0x00, 0x00, 0x00, 
0x00, 0x00, 0x00, 0x00, 0x00, 0x00, 0x03, 0x92, 0x00, 0x00, 0x00, 0x0D, 0x00, 0x00, 0x00, 0x07, 
0x00, 0x00, 0x00, 0x09, 0x00, 0x00, 0x00, 0x0D, 0x00, 0x00, 0x00, 0x01, 0x00, 0x00, 0x00, 0x00, 
0x00, 0x00, 0x03, 0x93, 0x00, 0x00, 0x00, 0x0D, 0x00, 0x00, 0x00, 0x06, 0x00, 0x00, 0x00, 0x07, 
0x00, 0x00, 0x00, 0x0D, 0x00, 0x00, 0x00, 0x01, 0x00, 0x00, 0x00, 0x00, 0x00, 0x00, 0x03, 0x94, 
0x00, 0x00, 0x00, 0x0D, 0x00, 0x00, 0x00, 0x08, 0x00, 0x00, 0x00, 0x0A, 0x00, 0x00, 0x00, 0x0D, 
0x00, 0x00, 0x00, 0x01, 0x00, 0x00, 0x00, 0x00, 0x00, 0x00, 0x03, 0x95, 0x00, 0x00, 0x00, 0x0D, 
0x00, 0x00, 0x00, 0x06, 0x00, 0x00, 0x00, 0x07, 0x00, 0x00, 0x00, 0x0D, 0x00, 0x00, 0x00, 0x01, 
0x00, 0x00, 0x00, 0x00, 0x00, 0x00, 0x03, 0x96, 0x00, 0x00, 0x00, 0x0D, 0x00, 0x00, 0x00, 0x06, 
0x00, 0x00, 0x00, 0x08, 0x00, 0x00, 0x00, 0x0D, 0x00, 0x00, 0x00, 0x01, 0x00, 0x00, 0x00, 0x00, 
0x00, 0x00, 0x03, 0x97, 0x00, 0x00, 0x00, 0x0D, 0x00, 0x00, 0x00, 0x08, 0x00, 0x00, 0x00, 0x0A, 
0x00, 0x00, 0x00, 0x0D, 0x00, 0x00, 0x00, 0x01, 0x00, 0x00, 0x00, 0x00, 0x00, 0x00, 0x03, 0x98, 
0x00, 0x00, 0x00, 0x0D, 0x00, 0x00, 0x00, 0x09, 0x00, 0x00, 0x00, 0x0B, 0x00, 0x00, 0x00, 0x0D, 
0x00, 0x00, 0x00, 0x01, 0x00, 0x00, 0x00, 0x00, 0x00, 0x00, 0x03, 0x99, 0x00, 0x00, 0x00, 0x0D, 
0x00, 0x00, 0x00, 0x04, 0x00, 0x00, 0x00, 0x06, 0x00, 0x00, 0x00, 0x0D, 0x00, 0x00, 0x00, 0x01, 
0x00, 0x00, 0x00, 0x00, 0x00, 0x00, 0x03, 0x9A, 0x00, 0x00, 0x00, 0x0D, 0x00, 0x00, 0x00, 0x08, 
0x00, 0x00, 0x00, 0x08, 0x00, 0x00, 0x00, 0x0D, 0x00, 0x00, 0x00, 0x01, 0x00, 0x00, 0x00, 0x00, 
0x00, 0x00, 0x03, 0x9B, 0x00, 0x00, 0x00, 0x0D, 0x00, 0x00, 0x00, 0x09, 0x00, 0x00, 0x00, 0x09, 
0x00, 0x00, 0x00, 0x0D, 0x00, 0x00, 0x00, 0x00, 0x00, 0x00, 0x00, 0x00, 0x00, 0x00, 0x03, 0x9C, 
0x00, 0x00, 0x00, 0x0D, 0x00, 0x00, 0x00, 0x0B, 0x00, 0x00, 0x00, 0x0D, 0x00, 0x00, 0x00, 0x0D, 
0x00, 0x00, 0x00, 0x01, 0x00, 0x00, 0x00, 0x00, 0x00, 0x00, 0x03, 0x9D, 0x00, 0x00, 0x00, 0x0D, 
0x00, 0x00, 0x00, 0x08, 0x00, 0x00, 0x00, 0x0A, 0x00, 0x00, 0x00, 0x0D, 0x00, 0x00, 0x00, 0x01, 
0x00, 0x00, 0x00, 0x00, 0x00, 0x00, 0x03, 0x9E, 0x00, 0x00, 0x00, 0x0D, 0x00, 0x00, 0x00, 0x06, 
0x00, 0x00, 0x00, 0x08, 0x00, 0x00, 0x00, 0x0D, 0x00, 0x00, 0x00, 0x01, 0x00, 0x00, 0x00, 0x00, 
0x00, 0x00, 0x03, 0x9F, 0x00, 0x00, 0x00, 0x0D, 0x00, 0x00, 0x00, 0x09, 0x00, 0x00, 0x00, 0x0B, 
0x00, 0x00, 0x00, 0x0D, 0x00, 0x00, 0x00, 0x01, 0x00, 0x00, 0x00, 0x00, 0x00, 0x00, 0x03, 0xA0, 
0x00, 0x00, 0x00, 0x0D, 0x00, 0x00, 0x00, 0x08, 0x00, 0x00, 0x00, 0x0A, 0x00, 0x00, 0x00, 0x0D, 
0x00, 0x00, 0x00, 0x01, 0x00, 0x00, 0x00, 0x00, 0x00, 0x00, 0x03, 0xA1, 0x00, 0x00, 0x00, 0x0D, 
0x00, 0x00, 0x00, 0x07, 0x00, 0x00, 0x00, 0x08, 0x00, 0x00, 0x00, 0x0D, 0x00, 0x00, 0x00, 0x01, 
0x00, 0x00, 0x00, 0x00, 0x00, 0x00, 0x03, 0xA3, 0x00, 0x00, 0x00, 0x0D, 0x00, 0x00, 0x00, 0x07, 
0x00, 0x00, 0x00, 0x09, 0x00, 0x00, 0x00, 0x0D, 0x00, 0x00, 0x00, 0x01, 0x00, 0x00, 0x00, 0x00, 
0x00, 0x00, 0x03, 0xA4, 0x00, 0x00, 0x00, 0x0D, 0x00, 0x00, 0x00, 0x07, 0x00, 0x00, 0x00, 0x09, 
0x00, 0x00, 0x00, 0x0D, 0x00, 0x00, 0x00, 0x01, 0x00, 0x00, 0x00, 0x00, 0x00, 0x00, 0x03, 0xA5, 
0x00, 0x00, 0x00, 0x0D, 0x00, 0x00, 0x00, 0x09, 0x00, 0x00, 0x00, 0x08, 0x00, 0x00, 0x00, 0x0D, 
0xFF, 0xFF, 0xFF, 0xFF, 0x00, 0x00, 0x00, 0x00, 0x00, 0x00, 0x03, 0xA6, 0x00, 0x00, 0x00, 0x0D, 
0x00, 0x00, 0x00, 0x0B, 0x00, 0x00, 0x00, 0x0C, 0x00, 0x00, 0x00, 0x0D, 0x00, 0x00, 0x00, 0x01, 
0x00, 0x00, 0x00, 0x00, 0x00, 0x00, 0x03, 0xA7, 0x00, 0x00, 0x00, 0x0D, 0x00, 0x00, 0x00, 0x08, 
0x00, 0x00, 0x00, 0x08, 0x00, 0x00, 0x00, 0x0D, 0x00, 0x00, 0x00, 0x00, 0x00, 0x00, 0x00, 0x00, 
0x00, 0x00, 0x03, 0xA8, 0x00, 0x00, 0x00, 0x0D, 0x00, 0x00, 0x00, 0x0A, 0x00, 0x00, 0x00, 0x0C, 
0x00, 0x00, 0x00, 0x0D, 0x00, 0x00, 0x00, 0x01, 0x00, 0x00, 0x00, 0x00, 0x00, 0x00, 0x03, 0xA9, 
0x00, 0x00, 0x00, 0x0D, 0x00, 0x00, 0x00, 0x0A, 0x00, 0x00, 0x00, 0x0C, 0x00, 0x00, 0x00, 0x0D, 
0x00, 0x00, 0x00, 0x01, 0x00, 0x00, 0x00, 0x00, 0x00, 0x00, 0x03, 0xAA, 0x00, 0x00, 0x00, 0x11, 
0x00, 0x00, 0x00, 0x05, 0x00, 0x00, 0x00, 0x06, 0x00, 0x00, 0x00, 0x11, 0x00, 0x00, 0x00, 0x01, 
0x00, 0x00, 0x00, 0x00, 0x00, 0x00, 0x03, 0xAB, 0x00, 0x00, 0x00, 0x11, 0x00, 0x00, 0x00, 0x09, 
0x00, 0x00, 0x00, 0x08, 0x00, 0x00, 0x00, 0x11, 0x00, 0x00, 0x00, 0x00, 0x00, 0x00, 0x00, 0x00, 
0x00, 0x00, 0x03, 0xAC, 0x00, 0x00, 0x00, 0x0E, 0x00, 0x00, 0x00, 0x09, 0x00, 0x00, 0x00, 0x09, 
0x00, 0x00, 0x00, 0x0E, 0x00, 0x00, 0x00, 0x01, 0x00, 0x00, 0x00, 0x00, 0x00, 0x00, 0x03, 0xAD, 
0x00, 0x00, 0x00, 0x0E, 0x00, 0x00, 0x00, 0x06, 0x00, 0x00, 0x00, 0x07, 0x00, 0x00, 0x00, 0x0E, 
0x00, 0x00, 0x00, 0x01, 0x00, 0x00, 0x00, 0x00, 0x00, 0x00, 0x03, 0xAE, 0x00, 0x00, 0x00, 0x13, 
0x00, 0x00, 0x00, 0x07, 0x00, 0x00, 0x00, 0x09, 0x00, 0x00, 0x00, 0x0F, 0x00, 0x00, 0x00, 0x01, 
0x00, 0x00, 0x00, 0x00, 0x00, 0x00, 0x03, 0xAF, 0x00, 0x00, 0x00, 0x0E, 0x00, 0x00, 0x00, 0x04, 
0x00, 0x00, 0x00, 0x05, 0x00, 0x00, 0x00, 0x0E, 0x00, 0x00, 0x00, 0x01, 0x00, 0x00, 0x00, 0x00, 
0x00, 0x00, 0x03, 0xB0, 0x00, 0x00, 0x00, 0x0F, 0x00, 0x00, 0x00, 0x07, 0x00, 0x00, 0x00, 0x08, 
0x00, 0x00, 0x00, 0x0F, 0x00, 0x00, 0x00, 0x01, 0x00, 0x00, 0x00, 0x00, 0x00, 0x00, 0x03, 0xB1, 
0x00, 0x00, 0x00, 0x0A, 0x00, 0x00, 0x00, 0x09, 0x00, 0x00, 0x00, 0x09, 0x00, 0x00, 0x00, 0x0A, 
0x00, 0x00, 0x00, 0x01, 0x00, 0x00, 0x00, 0x00, 0x00, 0x00, 0x03, 0xB2, 0x00, 0x00, 0x00, 0x12, 
0x00, 0x00, 0x00, 0x07, 0x00, 0x00, 0x00, 0x09, 0x00, 0x00, 0x00, 0x0E, 0x00, 0x00, 0x00, 0x01, 
0x00, 0x00, 0x00, 0x00, 0x00, 0x00, 0x03, 0xB3, 0x00, 0x00, 0x00, 0x0E, 0x00, 0x00, 0x00, 0x08, 
0x00, 0x00, 0x00, 0x07, 0x00, 0x00, 0x00, 0x0A, 0xFF, 0xFF, 0xFF, 0xFF, 0x00, 0x00, 0x00, 0x00, 
0x00, 0x00, 0x03, 0xB4, 0x00, 0x00, 0x00, 0x0E, 0x00, 0x00, 0x00, 0x07, 0x00, 0x00, 0x00, 0x09, 
0x00, 0x00, 0x00, 0x0E, 0x00, 0x00, 0x00, 0x01, 0x00, 0x00, 0x00, 0x00, 0x00, 0x00, 0x03, 0xB5, 
0x00, 0x00, 0x00, 0x0A, 0x00, 0x00, 0x00, 0x06, 0x00, 0x00, 0x00, 0x07, 0x00, 0x00, 0x00, 0x0A, 
0x00, 0x00, 0x00, 0x01, 0x00, 0x00, 0x00, 0x00, 0x00, 0x00, 0x03, 0xB6, 0x00, 0x00, 0x00, 0x12, 
0x00, 0x00, 0x00, 0x05, 0x00, 0x00, 0x00, 0x07, 0x00, 0x00, 0x00, 0x0E, 0x00, 0x00, 0x00, 0x01, 
0x00, 0x00, 0x00, 0x00, 0x00, 0x00, 0x03, 0xB7, 0x00, 0x00, 0x00, 0x0E, 0x00, 0x00, 0x00, 0x07, 
0x00, 0x00, 0x00, 0x09, 0x00, 0x00, 0x00, 0x0A, 0x00, 0x00, 0x00, 0x01, 0x00, 0x00, 0x00, 0x00, 
0x00, 0x00, 0x03, 0xB8, 0x00, 0x00, 0x00, 0x0E, 0x00, 0x00, 0x00, 0x07, 0x00, 0x00, 0x00, 0x09, 
0x00, 0x00, 0x00, 0x0E, 0x00, 0x00, 0x00, 0x01, 0x00, 0x00, 0x00, 0x00, 0x00, 0x00, 0x03, 0xB9, 
0x00, 0x00, 0x00, 0x0A, 0x00, 0x00, 0x00, 0x04, 0x00, 0x00, 0x00, 0x05, 0x00, 0x00, 0x00, 0x0A, 
0x00, 0x00, 0x00, 0x01, 0x00, 0x00, 0x00, 0x00, 0x00, 0x00, 0x03, 0xBA, 0x00, 0x00, 0x00, 0x0A, 
0x00, 0x00, 0x00, 0x07, 0x00, 0x00, 0x00, 0x07, 0x00, 0x00, 0x00, 0x0A, 0x00, 0x00, 0x00, 0x01, 
0x00, 0x00, 0x00, 0x00, 0x00, 0x00, 0x03, 0xBB, 0x00, 0x00, 0x00, 0x0E, 0x00, 0x00, 0x00, 0x09, 
0x00, 0x00, 0x00, 0x08, 0x00, 0x00, 0x00, 0x0E, 0x00, 0x00, 0x00, 0x00, 0x00, 0x00, 0x00, 0x00, 
0x00, 0x00, 0x03, 0xBC, 0x00, 0x00, 0x00, 0x0E, 0x00, 0x00, 0x00, 0x07, 0x00, 0x00, 0x00, 0x09, 
0x00, 0x00, 0x00, 0x0A, 0x00, 0x00, 0x00, 0x01, 0x00, 0x00, 0x00, 0x00, 0x00, 0x00, 0x03, 0xBD, 
0x00, 0x00, 0x00, 0x0A, 0x00, 0x00, 0x00, 0x08, 0x00, 0x00, 0x00, 0x08, 0x00, 0x00, 0x00, 0x0A, 
0x00, 0x00, 0x00, 0x00, 0x00, 0x00, 0x00, 0x00, 0x00, 0x00, 0x03, 0xBE, 0x00, 0x00, 0x00, 0x12, 
0x00, 0x00, 0x00, 0x06, 0x00, 0x00, 0x00, 0x07, 0x00, 0x00, 0x00, 0x0E, 0x00, 0x00, 0x00, 0x01, 
0x00, 0x00, 0x00, 0x00, 0x00, 0x00, 0x03, 0xBF, 0x00, 0x00, 0x00, 0x0A, 0x00, 0x00, 0x00, 0x07, 
0x00, 0x00, 0x00, 0x09, 0x00, 0x00, 0x00, 0x0A, 0x00, 0x00, 0x00, 0x01, 0x00, 0x00, 0x00, 0x00, 
0x00, 0x00, 0x03, 0xC0, 0x00, 0x00, 0x00, 0x0A, 0x00, 0x00, 0x00, 0x0A, 0x00, 0x00, 0x00, 0x0A, 
0x00, 0x00, 0x00, 0x0A, 0x00, 0x00, 0x00, 0x00, 0x00, 0x00, 0x00, 0x00, 0x00, 0x00, 0x03, 0xC1, 
0x00, 0x00, 0x00, 0x0E, 0x00, 0x00, 0x00, 0x07, 0x00, 0x00, 0x00, 0x09, 0x00, 0x00, 0x00, 0x0A, 
0x00, 0x00, 0x00, 0x01, 0x00, 0x00, 0x00, 0x00, 0x00, 0x00, 0x03, 0xC2, 0x00, 0x00, 0x00, 0x0E, 
0x00, 0x00, 0x00, 0x06, 0x00, 0x00, 0x00, 0x07, 0x00, 0x00, 0x00, 0x0A, 0x00, 0x00, 0x00, 0x01, 
0x00, 0x00, 0x00, 0x00, 0x00, 0x00, 0x03, 0xC3, 0x00, 0x00, 0x00, 0x0A, 0x00, 0x00, 0x00, 0x08, 
0x00, 0x00, 0x00, 0x09, 0x00, 0x00, 0x00, 0x0A, 0x00, 0x00, 0x00, 0x01, 0x00, 0x00, 0x00, 0x00, 
0x00, 0x00, 0x03, 0xC4, 0x00, 0x00, 0x00, 0x0A, 0x00, 0x00, 0x00, 0x06, 0x00, 0x00, 0x00, 0x07, 
0x00, 0x00, 0x00, 0x0A, 0x00, 0x00, 0x00, 0x00, 0x00, 0x00, 0x00, 0x00, 0x00, 0x00, 0x03, 0xC5, 
0x00, 0x00, 0x00, 0x0A, 0x00, 0x00, 0x00, 0x07, 0x00, 0x00, 0x00, 0x08, 0x00, 0x00, 0x00, 0x0A, 
0x00, 0x00, 0x00, 0x01, 0x00, 0x00, 0x00, 0x00, 0x00, 0x00, 0x03, 0xC6, 0x00, 0x00, 0x00, 0x0E, 
0x00, 0x00, 0x00, 0x0A, 0x00, 0x00, 0x00, 0x0B, 0x00, 0x00, 0x00, 0x0A, 0x00, 0x00, 0x00, 0x01, 
0x00, 0x00, 0x00, 0x00, 0x00, 0x00, 0x03, 0xC7, 0x00, 0x00, 0x00, 0x0E, 0x00, 0x00, 0x00, 0x09, 
0x00, 0x00, 0x00, 0x08, 0x00, 0x00, 0x00, 0x0A, 0xFF, 0xFF, 0xFF, 0xFF, 0x00, 0x00, 0x00, 0x00, 
0x00, 0x00, 0x03, 0xC8, 0x00, 0x00, 0x00, 0x12, 0x00, 0x00, 0x00, 0x09, 0x00, 0x00, 0x00, 0x0A, 
0x00, 0x00, 0x00, 0x0E, 0x00, 0x00, 0x00, 0x01, 0x00, 0x00, 0x00, 0x00, 0x00, 0x00, 0x03, 0xC9, 
0x00, 0x00, 0x00, 0x0A, 0x00, 0x00, 0x00, 0x0A, 0x00, 0x00, 0x00, 0x0B, 0x00, 0x00, 0x00, 0x0A, 
0x00, 0x00, 0x00, 0x01, 0x00, 0x00, 0x00, 0x00, 0x00, 0x00, 0x03, 0xCA, 0x00, 0x00, 0x00, 0x0D, 
0x00, 0x00, 0x00, 0x05, 0x00, 0x00, 0x00, 0x06, 0x00, 0x00, 0x00, 0x0D, 0x00, 0x00, 0x00, 0x00, 
0x00, 0x00, 0x00, 0x00, 0x00, 0x00, 0x03, 0xCB, 0x00, 0x00, 0x00, 0x0D, 0x00, 0x00, 0x00, 0x07, 
0x00, 0x00, 0x00, 0x08, 0x00, 0x00, 0x00, 0x0D, 0x00, 0x00, 0x00, 0x01, 0x00, 0x00, 0x00, 0x00, 
0x00, 0x00, 0x03, 0xCC, 0x00, 0x00, 0x00, 0x0E, 0x00, 0x00, 0x00, 0x07, 0x00, 0x00, 0x00, 0x09, 
0x00, 0x00, 0x00, 0x0E, 0x00, 0x00, 0x00, 0x01, 0x00, 0x00, 0x00, 0x00, 0x00, 0x00, 0x03, 0xCD, 
0x00, 0x00, 0x00, 0x0E, 0x00, 0x00, 0x00, 0x07, 0x00, 0x00, 0x00, 0x08, 0x00, 0x00, 0x00, 0x0E, 
0x00, 0x00, 0x00, 0x01, 0x00, 0x00, 0x00, 0x00, 0x00, 0x00, 0x03, 0xCE, 0x00, 0x00, 0x00, 0x0E, 
0x00, 0x00, 0x00, 0x0A, 0x00, 0x00, 0x00, 0x0B, 0x00, 0x00, 0x00, 0x0E, 0x00, 0x00, 0x00, 0x01, 
0x00, 0x00, 0x00, 0x00, 0x00, 0x00, 0x03, 0xCF, 0x00, 0x00, 0x00, 0x11, 0x00, 0x00, 0x00, 0x08, 
0x00, 0x00, 0x00, 0x09, 0x00, 0x00, 0x00, 0x0D, 0x00, 0x00, 0x00, 0x02, 0x00, 0x00, 0x00, 0x00, 
0x00, 0x00, 0x03, 0xD0, 0x00, 0x00, 0x00, 0x0E, 0x00, 0x00, 0x00, 0x07, 0x00, 0x00, 0x00, 0x09, 
0x00, 0x00, 0x00, 0x0E, 0x00, 0x00, 0x00, 0x01, 0x00, 0x00, 0x00, 0x00, 0x00, 0x00, 0x03, 0xD1, 
0x00, 0x00, 0x00, 0x0E, 0x00, 0x00, 0x00, 0x0A, 0x00, 0x00, 0x00, 0x0A, 0x00, 0x00, 0x00, 0x0E, 
0xFF, 0xFF, 0xFF, 0xFF, 0x00, 0x00, 0x00, 0x00, 0x00, 0x00, 0x03, 0xD2, 0x00, 0x00, 0x00, 0x0D, 
0x00, 0x00, 0x00, 0x09, 0x00, 0x00, 0x00, 0x08, 0x00, 0x00, 0x00, 0x0D, 0xFF, 0xFF, 0xFF, 0xFF, 
0x00, 0x00, 0x00, 0x00, 0x00, 0x00, 0x03, 0xD3, 0x00, 0x00, 0x00, 0x0E, 0x00, 0x00, 0x00, 0x0B, 
0x00, 0x00, 0x00, 0x0A, 0x00, 0x00, 0x00, 0x0E, 0xFF, 0xFF, 0xFF, 0xFF, 0x00, 0x00, 0x00, 0x00, 
0x00, 0x00, 0x03, 0xD4, 0x00, 0x00, 0x00, 0x11, 0x00, 0x00, 0x00, 0x09, 0x00, 0x00, 0x00, 0x09, 
0x00, 0x00, 0x00, 0x11, 0x00, 0x00, 0x00, 0x00, 0x00, 0x00, 0x00, 0x00, 0x00, 0x00, 0x03, 0xD5, 
0x00, 0x00, 0x00, 0x12, 0x00, 0x00, 0x00, 0x09, 0x00, 0x00, 0x00, 0x0A, 0x00, 0x00, 0x00, 0x0E, 
0x00, 0x00, 0x00, 0x01, 0x00, 0x00, 0x00, 0x00, 0x00, 0x00, 0x03, 0xD6, 0x00, 0x00, 0x00, 0x0A, 
0x00, 0x00, 0x00, 0x0B, 0x00, 0x00, 0x00, 0x0C, 0x00, 0x00, 0x00, 0x0A, 0x00, 0x00, 0x00, 0x00, 
0x00, 0x00, 0x00, 0x00, 0x00, 0x00, 0x03, 0xD7, 0x00, 0x00, 0x00, 0x0E, 0x00, 0x00, 0x00, 0x09, 
0x00, 0x00, 0x00, 0x0A, 0x00, 0x00, 0x00, 0x0A, 0x00, 0x00, 0x00, 0x00, 0x00, 0x00, 0x00, 0x00, 
0x00, 0x00, 0x03, 0xD8, 0x00, 0x00, 0x00, 0x0D, 0x00, 0x00, 0x00, 0x09, 0x00, 0x00, 0x00, 0x0A, 
0x00, 0x00, 0x00, 0x0D, 0x00, 0x00, 0x00, 0x01, 0x00, 0x00, 0x00, 0x00, 0x00, 0x00, 0x03, 0xD9, 
0x00, 0x00, 0x00, 0x0E, 0x00, 0x00, 0x00, 0x07, 0x00, 0x00, 0x00, 0x09, 0x00, 0x00, 0x00, 0x0A, 
0x00, 0x00, 0x00, 0x01, 0x00, 0x00, 0x00, 0x00, 0x00, 0x00, 0x03, 0xDA, 0x00, 0x00, 0x00, 0x0D, 
0x00, 0x00, 0x00, 0x08, 0x00, 0x00, 0x00, 0x09, 0x00, 0x00, 0x00, 0x0D, 0x00, 0x00, 0x00, 0x01, 
0x00, 0x00, 0x00, 0x00, 0x00, 0x00, 0x03, 0xDB, 0x00, 0x00, 0x00, 0x0E, 0x00, 0x00, 0x00, 0x06, 
0x00, 0x00, 0x00, 0x07, 0x00, 0x00, 0x00, 0x0A, 0x00, 0x00, 0x00, 0x01, 0x00, 0x00, 0x00, 0x00, 
0x00, 0x00, 0x03, 0xDC, 0x00, 0x00, 0x00, 0x0D, 0x00, 0x00, 0x00, 0x06, 0x00, 0x00, 0x00, 0x07, 
0x00, 0x00, 0x00, 0x0D, 0x00, 0x00, 0x00, 0x01, 0x00, 0x00, 0x00, 0x00, 0x00, 0x00, 0x03, 0xDD, 
0x00, 0x00, 0x00, 0x0E, 0x00, 0x00, 0x00, 0x06, 0x00, 0x00, 0x00, 0x07, 0x00, 0x00, 0x00, 0x0A, 
0x00, 0x00, 0x00, 0x01, 0x00, 0x00, 0x00, 0x00, 0x00, 0x00, 0x03, 0xDE, 0x00, 0x00, 0x00, 0x0D, 
0x00, 0x00, 0x00, 0x07, 0x00, 0x00, 0x00, 0x07, 0x00, 0x00, 0x00, 0x0D, 0x00, 0x00, 0x00, 0x00, 
0x00, 0x00, 0x00, 0x00, 0x00, 0x00, 0x03, 0xDF, 0x00, 0x00, 0x00, 0x12, 0x00, 0x00, 0x00, 0x07, 
0x00, 0x00, 0x00, 0x07, 0x00, 0x00, 0x00, 0x0E, 0x00, 0x00, 0x00, 0x00, 0x00, 0x00, 0x00, 0x00, 
0x00, 0x00, 0x03, 0xE0, 0x00, 0x00, 0x00, 0x0D, 0x00, 0x00, 0x00, 0x08, 0x00, 0x00, 0x00, 0x08, 
0x00, 0x00, 0x00, 0x0D, 0x00, 0x00, 0x00, 0x00, 0x00, 0x00, 0x00, 0x00, 0x00, 0x00, 0x03, 0xE1, 
0x00, 0x00, 0x00, 0x13, 0x00, 0x00, 0x00, 0x08, 0x00, 0x00, 0x00, 0x06, 0x00, 0x00, 0x00, 0x0F, 
0xFF, 0xFF, 0xFF, 0xFE, 0x00, 0x00, 0x00, 0x00, 0x00, 0x00, 0x03, 0xF0, 0x00, 0x00, 0x00, 0x0A, 
0x00, 0x00, 0x00, 0x09, 0x00, 0x00, 0x00, 0x0A, 0x00, 0x00, 0x00, 0x0A, 0x00, 0x00, 0x00, 0x00, 
0x00, 0x00, 0x00, 0x00, 0x00, 0x00, 0x03, 0xF1, 0x00, 0x00, 0x00, 0x0E, 0x00, 0x00, 0x00, 0x07, 
0x00, 0x00, 0x00, 0x09, 0x00, 0x00, 0x00, 0x0A, 0x00, 0x00, 0x00, 0x01, 0x00, 0x00, 0x00, 0x00, 
0x00, 0x00, 0x03, 0xF2, 0x00, 0x00, 0x00, 0x0A, 0x00, 0x00, 0x00, 0x06, 0x00, 0x00, 0x00, 0x07, 
0x00, 0x00, 0x00, 0x0A, 0x00, 0x00, 0x00, 0x01, 0x00, 0x00, 0x00, 0x00, 0x00, 0x00, 0x03, 0xF3, 
0x00, 0x00, 0x00, 0x11, 0x00, 0x00, 0x00, 0x04, 0x00, 0x00, 0x00, 0x04, 0x00, 0x00, 0x00, 0x0D, 
0xFF, 0xFF, 0xFF, 0xFF, 0x00, 0x00, 0x00, 0x00, 0x00, 0x00, 0x03, 0xF4, 0x00, 0x00, 0x00, 0x0D, 
0x00, 0x00, 0x00, 0x09, 0x00, 0x00, 0x00, 0x0B, 0x00, 0x00, 0x00, 0x0D, 0x00, 0x00, 0x00, 0x01, 
0x00, 0x00, 0x00, 0x00, 0x00, 0x00, 0x03, 0xF5, 0x00, 0x00, 0x00, 0x0A, 0x00, 0x00, 0x00, 0x06, 
0x00, 0x00, 0x00, 0x07, 0x00, 0x00, 0x00, 0x0A, 0x00, 0x00, 0x00, 0x01, 0x00, 0x00, 0x00, 0x00, 
0x00, 0x00, 0x03, 0xF6, 0x00, 0x00, 0x00, 0x0A, 0x00, 0x00, 0x00, 0x06, 0x00, 0x00, 0x00, 0x07, 
0x00, 0x00, 0x00, 0x0A, 0x00, 0x00, 0x00, 0x01, 0x00, 0x00, 0x00, 0x00, 0x00, 0x00, 0x03, 0xF7, 
0x00, 0x00, 0x00, 0x0D, 0x00, 0x00, 0x00, 0x07, 0x00, 0x00, 0x00, 0x08, 0x00, 0x00, 0x00, 0x0D, 
0x00, 0x00, 0x00, 0x01, 0x00, 0x00, 0x00, 0x00, 0x00, 0x00, 0x03, 0xF8, 0x00, 0x00, 0x00, 0x12, 
0x00, 0x00, 0x00, 0x07, 0x00, 0x00, 0x00, 0x09, 0x00, 0x00, 0x00, 0x0E, 0x00, 0x00, 0x00, 0x01, 
0x00, 0x00, 0x00, 0x00, 0x00, 0x00, 0x03, 0xF9, 0x00, 0x00, 0x00, 0x0D, 0x00, 0x00, 0x00, 0x08, 
0x00, 0x00, 0x00, 0x09, 0x00, 0x00, 0x00, 0x0D, 0x00, 0x00, 0x00, 0x01, 0x00, 0x00, 0x00, 0x00, 
0x00, 0x00, 0x03, 0xFA, 0x00, 0x00, 0x00, 0x0D, 0x00, 0x00, 0x00, 0x0A, 0x00, 0x00, 0x00, 0x0C, 
0x00, 0x00, 0x00, 0x0D, 0x00, 0x00, 0x00, 0x01, 0x00, 0x00, 0x00, 0x00, 0x00, 0x00, 0x03, 0xFB, 
0x00, 0x00, 0x00, 0x0E, 0x00, 0x00, 0x00, 0x08, 0x00, 0x00, 0x00, 0x0A, 0x00, 0x00, 0x00, 0x0A, 
0x00, 0x00, 0x00, 0x01, 0x00, 0x00, 0x00, 0x00, 0x00, 0x00, 0x03, 0xFC, 0x00, 0x00, 0x00, 0x0E, 
0x00, 0x00, 0x00, 0x08, 0x00, 0x00, 0x00, 0x0A, 0x00, 0x00, 0x00, 0x0A, 0x00, 0x00, 0x00, 0x01, 
0x00, 0x00, 0x00, 0x00, 0x00, 0x00, 0x03, 0xFD, 0x00, 0x00, 0x00, 0x0D, 0x00, 0x00, 0x00, 0x08, 
0x00, 0x00, 0x00, 0x08, 0x00, 0x00, 0x00, 0x0D, 0x00, 0x00, 0x00, 0x00, 0x00, 0x00, 0x00, 0x00, 
0x00, 0x00, 0x03, 0xFE, 0x00, 0x00, 0x00, 0x0D, 0x00, 0x00, 0x00, 0x08, 0x00, 0x00, 0x00, 0x09, 
0x00, 0x00, 0x00, 0x0D, 0x00, 0x00, 0x00, 0x01, 0x00, 0x00, 0x00, 0x00, 0x00, 0x00, 0x03, 0xFF, 
0x00, 0x00, 0x00, 0x0D, 0x00, 0x00, 0x00, 0x08, 0x00, 0x00, 0x00, 0x08, 0x00, 0x00, 0x00, 0x0D, 
0x00, 0x00, 0x00, 0x00, 0x00, 0x00, 0x00, 0x00, 0x00, 0x00, 0x04, 0x00, 0x00, 0x00, 0x00, 0x11, 
0x00, 0x00, 0x00, 0x06, 0x00, 0x00, 0x00, 0x07, 0x00, 0x00, 0x00, 0x11, 0x00, 0x00, 0x00, 0x01, 
0x00, 0x00, 0x00, 0x00, 0x00, 0x00, 0x04, 0x01, 0x00, 0x00, 0x00, 0x11, 0x00, 0x00, 0x00, 0x06, 
0x00, 0x00, 0x00, 0x07, 0x00, 0x00, 0x00, 0x11, 0x00, 0x00, 0x00, 0x01, 0x00, 0x00, 0x00, 0x00, 
0x00, 0x00, 0x04, 0x02, 0x00, 0x00, 0x00, 0x0D, 0x00, 0x00, 0x00, 0x09, 0x00, 0x00, 0x00, 0x0B, 
0x00, 0x00, 0x00, 0x0D, 0x00, 0x00, 0x00, 0x01, 0x00, 0x00, 0x00, 0x00, 0x00, 0x00, 0x04, 0x03, 
0x00, 0x00, 0x00, 0x11, 0x00, 0x00, 0x00, 0x06, 0x00, 0x00, 0x00, 0x07, 0x00, 0x00, 0x00, 0x11, 
0x00, 0x00, 0x00, 0x01, 0x00, 0x00, 0x00, 0x00, 0x00, 0x00, 0x04, 0x04, 0x00, 0x00, 0x00, 0x0D, 
0x00, 0x00, 0x00, 0x08, 0x00, 0x00, 0x00, 0x09, 0x00, 0x00, 0x00, 0x0D, 0x00, 0x00, 0x00, 0x01, 
0x00, 0x00, 0x00, 0x00, 0x00, 0x00, 0x04, 0x05, 0x00, 0x00, 0x00, 0x0D, 0x00, 0x00, 0x00, 0x07, 
0x00, 0x00, 0x00, 0x08, 0x00, 0x00, 0x00, 0x0D, 0x00, 0x00, 0x00, 0x01, 0x00, 0x00, 0x00, 0x00, 
0x00, 0x00, 0x04, 0x06, 0x00, 0x00, 0x00, 0x0D, 0x00, 0x00, 0x00, 0x04, 0x00, 0x00, 0x00, 0x06, 
0x00, 0x00, 0x00, 0x0D, 0x00, 0x00, 0x00, 0x01, 0x00, 0x00, 0x00, 0x00, 0x00, 0x00, 0x04, 0x07, 
0x00, 0x00, 0x00, 0x11, 0x00, 0x00, 0x00, 0x05, 0x00, 0x00, 0x00, 0x06, 0x00, 0x00, 0x00, 0x11, 
0x00, 0x00, 0x00, 0x01, 0x00, 0x00, 0x00, 0x00, 0x00, 0x00, 0x04, 0x08, 0x00, 0x00, 0x00, 0x11, 
0x00, 0x00, 0x00, 0x05, 0x00, 0x00, 0x00, 0x05, 0x00, 0x00, 0x00, 0x0D, 0xFF, 0xFF, 0xFF, 0xFF, 
0x00, 0x00, 0x00, 0x00, 0x00, 0x00, 0x04, 0x09, 0x00, 0x00, 0x00, 0x0D, 0x00, 0x00, 0x00, 0x0D, 
0x00, 0x00, 0x00, 0x0E, 0x00, 0x00, 0x00, 0x0D, 0x00, 0x00, 0x00, 0x00, 0x00, 0x00, 0x00, 0x00, 
0x00, 0x00, 0x04, 0x0A, 0x00, 0x00, 0x00, 0x0D, 0x00, 0x00, 0x00, 0x0C, 0x00, 0x00, 0x00, 0x0D, 
0x00, 0x00, 0x00, 0x0D, 0x00, 0x00, 0x00, 0x01, 0x00, 0x00, 0x00, 0x00, 0x00, 0x00, 0x04, 0x0B, 
0x00, 0x00, 0x00, 0x0D, 0x00, 0x00, 0x00, 0x09, 0x00, 0x00, 0x00, 0x0B, 0x00, 0x00, 0x00, 0x0D, 
0x00, 0x00, 0x00, 0x01, 0x00, 0x00, 0x00, 0x00, 0x00, 0x00, 0x04, 0x0C, 0x00, 0x00, 0x00, 0x11, 
0x00, 0x00, 0x00, 0x08, 0x00, 0x00, 0x00, 0x08, 0x00, 0x00, 0x00, 0x11, 0x00, 0x00, 0x00, 0x01, 
0x00, 0x00, 0x00, 0x00, 0x00, 0x00, 0x04, 0x0D, 0x00, 0x00, 0x00, 0x11, 0x00, 0x00, 0x00, 0x08, 
0x00, 0x00, 0x00, 0x0A, 0x00, 0x00, 0x00, 0x11, 0x00, 0x00, 0x00, 0x01, 0x00, 0x00, 0x00, 0x00, 
0x00, 0x00, 0x04, 0x0E, 0x00, 0x00, 0x00, 0x11, 0x00, 0x00, 0x00, 0x09, 0x00, 0x00, 0x00, 0x08, 
0x00, 0x00, 0x00, 0x11, 0x00, 0x00, 0x00, 0x00, 0x00, 0x00, 0x00, 0x00, 0x00, 0x00, 0x04, 0x0F, 
0x00, 0x00, 0x00, 0x11, 0x00, 0x00, 0x00, 0x08, 0x00, 0x00, 0x00, 0x0A, 0x00, 0x00, 0x00, 0x0D, 
0x00, 0x00, 0x00, 0x01, 0x00, 0x00, 0x00, 0x00, 0x00, 0x00, 0x04, 0x10, 0x00, 0x00, 0x00, 0x0D, 
0x00, 0x00, 0x00, 0x09, 0x00, 0x00, 0x00, 0x09, 0x00, 0x00, 0x00, 0x0D, 0x00, 0x00, 0x00, 0x00, 
0x00, 0x00, 0x00, 0x00, 0x00, 0x00, 0x04, 0x11, 0x00, 0x00, 0x00, 0x0D, 0x00, 0x00, 0x00, 0x07, 
0x00, 0x00, 0x00, 0x08, 0x00, 0x00, 0x00, 0x0D, 0x00, 0x00, 0x00, 0x01, 0x00, 0x00, 0x00, 0x00, 
0x00, 0x00, 0x04, 0x12, 0x00, 0x00, 0x00, 0x0D, 0x00, 0x00, 0x00, 0x07, 0x00, 0x00, 0x00, 0x09, 
0x00, 0x00, 0x00, 0x0D, 0x00, 0x00, 0x00, 0x01, 0x00, 0x00, 0x00, 0x00, 0x00, 0x00, 0x04, 0x13, 
0x00, 0x00, 0x00, 0x0D, 0x00, 0x00, 0x00, 0x06, 0x00, 0x00, 0x00, 0x07, 0x00, 0x00, 0x00, 0x0D, 
0x00, 0x00, 0x00, 0x01, 0x00, 0x00, 0x00, 0x00, 0x00, 0x00, 0x04, 0x14, 0x00, 0x00, 0x00, 0x11, 
0x00, 0x00, 0x00, 0x0A, 0x00, 0x00, 0x00, 0x0B, 0x00, 0x00, 0x00, 0x0D, 0x00, 0x00, 0x00, 0x01, 
0x00, 0x00, 0x00, 0x00, 0x00, 0x00, 0x04, 0x15, 0x00, 0x00, 0x00, 0x0D, 0x00, 0x00, 0x00, 0x06, 
0x00, 0x00, 0x00, 0x07, 0x00, 0x00, 0x00, 0x0D, 0x00, 0x00, 0x00, 0x01, 0x00, 0x00, 0x00, 0x00, 
0x00, 0x00, 0x04, 0x16, 0x00, 0x00, 0x00, 0x0D, 0x00, 0x00, 0x00, 0x0D, 0x00, 0x00, 0x00, 0x0C, 
0x00, 0x00, 0x00, 0x0D, 0xFF, 0xFF, 0xFF, 0xFF, 0x00, 0x00, 0x00, 0x00, 0x00, 0x00, 0x04, 0x17, 
0x00, 0x00, 0x00, 0x0D, 0x00, 0x00, 0x00, 0x08, 0x00, 0x00, 0x00, 0x08, 0x00, 0x00, 0x00, 0x0D, 
0x00, 0x00, 0x00, 0x00, 0x00, 0x00, 0x00, 0x00, 0x00, 0x00, 0x04, 0x18, 0x00, 0x00, 0x00, 0x0D, 
0x00, 0x00, 0x00, 0x08, 0x00, 0x00, 0x00, 0x0A, 0x00, 0x00, 0x00, 0x0D, 0x00, 0x00, 0x00, 0x01, 
0x00, 0x00, 0x00, 0x00, 0x00, 0x00, 0x04, 0x19, 0x00, 0x00, 0x00, 0x11, 0x00, 0x00, 0x00, 0x08, 
0x00, 0x00, 0x00, 0x0B, 0x00, 0x00, 0x00, 0x11, 0x00, 0x00, 0x00, 0x01, 0x00, 0x00, 0x00, 0x00, 
0x00, 0x00, 0x04, 0x1A, 0x00, 0x00, 0x00, 0x0D, 0x00, 0x00, 0x00, 0x08, 0x00, 0x00, 0x00, 0x08, 
0x00, 0x00, 0x00, 0x0D, 0x00, 0x00, 0x00, 0x01, 0x00, 0x00, 0x00, 0x00, 0x00, 0x00, 0x04, 0x1B, 
0x00, 0x00, 0x00, 0x0D, 0x00, 0x00, 0x00, 0x09, 0x00, 0x00, 0x00, 0x0A, 0x00, 0x00, 0x00, 0x0D, 
0x00, 0x00, 0x00, 0x00, 0x00, 0x00, 0x00, 0x00, 0x00, 0x00, 0x04, 0x1C, 0x00, 0x00, 0x00, 0x0D, 
0x00, 0x00, 0x00, 0x0B, 0x00, 0x00, 0x00, 0x0D, 0x00, 0x00, 0x00, 0x0D, 0x00, 0x00, 0x00, 0x01, 
0x00, 0x00, 0x00, 0x00, 0x00, 0x00, 0x04, 0x1D, 0x00, 0x00, 0x00, 0x0D, 0x00, 0x00, 0x00, 0x08, 
0x00, 0x00, 0x00, 0x0A, 0x00, 0x00, 0x00, 0x0D, 0x00, 0x00, 0x00, 0x01, 0x00, 0x00, 0x00, 0x00, 
0x00, 0x00, 0x04, 0x1E, 0x00, 0x00, 0x00, 0x0D, 0x00, 0x00, 0x00, 0x09, 0x00, 0x00, 0x00, 0x0B, 
0x00, 0x00, 0x00, 0x0D, 0x00, 0x00, 0x00, 0x01, 0x00, 0x00, 0x00, 0x00, 0x00, 0x00, 0x04, 0x1F, 
0x00, 0x00, 0x00, 0x0D, 0x00, 0x00, 0x00, 0x08, 0x00, 0x00, 0x00, 0x0A, 0x00, 0x00, 0x00, 0x0D, 
0x00, 0x00, 0x00, 0x01, 0x00, 0x00, 0x00, 0x00, 0x00, 0x00, 0x04, 0x20, 0x00, 0x00, 0x00, 0x0D, 
0x00, 0x00, 0x00, 0x07, 0x00, 0x00, 0x00, 0x08, 0x00, 0x00, 0x00, 0x0D, 0x00, 0x00, 0x00, 0x01, 
0x00, 0x00, 0x00, 0x00, 0x00, 0x00, 0x04, 0x21, 0x00, 0x00, 0x00, 0x0D, 0x00, 0x00, 0x00, 0x08, 
0x00, 0x00, 0x00, 0x09, 0x00, 0x00, 0x00, 0x0D, 0x00, 0x00, 0x00, 0x01, 0x00, 0x00, 0x00, 0x00, 
0x00, 0x00, 0x04, 0x22, 0x00, 0x00, 0x00, 0x0D, 0x00, 0x00, 0x00, 0x07, 0x00, 0x00, 0x00, 0x09, 
0x00, 0x00, 0x00, 0x0D, 0x00, 0x00, 0x00, 0x01, 0x00, 0x00, 0x00, 0x00, 0x00, 0x00, 0x04, 0x23, 
0x00, 0x00, 0x00, 0x0D, 0x00, 0x00, 0x00, 0x09, 0x00, 0x00, 0x00, 0x08, 0x00, 0x00, 0x00, 0x0D, 
0x00, 0x00, 0x00, 0x00, 0x00, 0x00, 0x00, 0x00, 0x00, 0x00, 0x04, 0x24, 0x00, 0x00, 0x00, 0x0D, 
0x00, 0x00, 0x00, 0x0B, 0x00, 0x00, 0x00, 0x0C, 0x00, 0x00, 0x00, 0x0D, 0x00, 0x00, 0x00, 0x01, 
0x00, 0x00, 0x00, 0x00, 0x00, 0x00, 0x04, 0x25, 0x00, 0x00, 0x00, 0x0D, 0x00, 0x00, 0x00, 0x08, 
0x00, 0x00, 0x00, 0x08, 0x00, 0x00, 0x00, 0x0D, 0x00, 0x00, 0x00, 0x00, 0x00, 0x00, 0x00, 0x00, 
0x00, 0x00, 0x04, 0x26, 0x00, 0x00, 0x00, 0x11, 0x00, 0x00, 0x00, 0x09, 0x00, 0x00, 0x00, 0x0B, 
0x00, 0x00, 0x00, 0x0D, 0x00, 0x00, 0x00, 0x01, 0x00, 0x00, 0x00, 0x00, 0x00, 0x00, 0x04, 0x27, 
0x00, 0x00, 0x00, 0x0D, 0x00, 0x00, 0x00, 0x08, 0x00, 0x00, 0x00, 0x0A, 0x00, 0x00, 0x00, 0x0D, 
0x00, 0x00, 0x00, 0x01, 0x00, 0x00, 0x00, 0x00, 0x00, 0x00, 0x04, 0x28, 0x00, 0x00, 0x00, 0x0D, 
0x00, 0x00, 0x00, 0x0C, 0x00, 0x00, 0x00, 0x0E, 0x00, 0x00, 0x00, 0x0D, 0x00, 0x00, 0x00, 0x01, 
0x00, 0x00, 0x00, 0x00, 0x00, 0x00, 0x04, 0x29, 0x00, 0x00, 0x00, 0x11, 0x00, 0x00, 0x00, 0x0D, 
0x00, 0x00, 0x00, 0x0F, 0x00, 0x00, 0x00, 0x0D, 0x00, 0x00, 0x00, 0x01, 0x00, 0x00, 0x00, 0x00, 
0x00, 0x00, 0x04, 0x2A, 0x00, 0x00, 0x00, 0x0D, 0x00, 0x00, 0x00, 0x0A, 0x00, 0x00, 0x00, 0x0A, 
0x00, 0x00, 0x00, 0x0D, 0x00, 0x00, 0x00, 0x00, 0x00, 0x00, 0x00, 0x00, 0x00, 0x00, 0x04, 0x2B, 
0x00, 0x00, 0x00, 0x0D, 0x00, 0x00, 0x00, 0x0A, 0x00, 0x00, 0x00, 0x0C, 0x00, 0x00, 0x00, 0x0D, 
0x00, 0x00, 0x00, 0x01, 0x00, 0x00, 0x00, 0x00, 0x00, 0x00, 0x04, 0x2C, 0x00, 0x00, 0x00, 0x0D, 
0x00, 0x00, 0x00, 0x07, 0x00, 0x00, 0x00, 0x08, 0x00, 0x00, 0x00, 0x0D, 0x00, 0x00, 0x00, 0x01, 
0x00, 0x00, 0x00, 0x00, 0x00, 0x00, 0x04, 0x2D, 0x00, 0x00, 0x00, 0x0D, 0x00, 0x00, 0x00, 0x08, 
0x00, 0x00, 0x00, 0x08, 0x00, 0x00, 0x00, 0x0D, 0x00, 0x00, 0x00, 0x00, 0x00, 0x00, 0x00, 0x00, 
0x00, 0x00, 0x04, 0x2E, 0x00, 0x00, 0x00, 0x0D, 0x00, 0x00, 0x00, 0x0C, 0x00, 0x00, 0x00, 0x0E, 
0x00, 0x00, 0x00, 0x0D, 0x00, 0x00, 0x00, 0x01, 0x00, 0x00, 0x00, 0x00, 0x00, 0x00, 0x04, 0x2F, 
0x00, 0x00, 0x00, 0x0D, 0x00, 0x00, 0x00, 0x08, 0x00, 0x00, 0x00, 0x09, 0x00, 0x00, 0x00, 0x0D, 
0x00, 0x00, 0x00, 0x00, 0x00, 0x00, 0x00, 0x00, 0x00, 0x00, 0x04, 0x30, 0x00, 0x00, 0x00, 0x0A, 
0x00, 0x00, 0x00, 0x06, 0x00, 0x00, 0x00, 0x08, 0x00, 0x00, 0x00, 0x0A, 0x00, 0x00, 0x00, 0x01, 
0x00, 0x00, 0x00, 0x00, 0x00, 0x00, 0x04, 0x31, 0x00, 0x00, 0x00, 0x0E, 0x00, 0x00, 0x00, 0x07, 
0x00, 0x00, 0x00, 0x09, 0x00, 0x00, 0x00, 0x0E, 0x00, 0x00, 0x00, 0x01, 0x00, 0x00, 0x00, 0x00, 
0x00, 0x00, 0x04, 0x32, 0x00, 0x00, 0x00, 0x0A, 0x00, 0x00, 0x00, 0x07, 0x00, 0x00, 0x00, 0x08, 
0x00, 0x00, 0x00, 0x0A, 0x00, 0x00, 0x00, 0x01, 0x00, 0x00, 0x00, 0x00, 0x00, 0x00, 0x04, 0x33, 
0x00, 0x00, 0x00, 0x0A, 0x00, 0x00, 0x00, 0x05, 0x00, 0x00, 0x00, 0x06, 0x00, 0x00, 0x00, 0x0A, 
0x00, 0x00, 0x00, 0x01, 0x00, 0x00, 0x00, 0x00, 0x00, 0x00, 0x04, 0x34, 0x00, 0x00, 0x00, 0x0E, 
0x00, 0x00, 0x00, 0x08, 0x00, 0x00, 0x00, 0x0A, 0x00, 0x00, 0x00, 0x0A, 0x00, 0x00, 0x00, 0x01, 
0x00, 0x00, 0x00, 0x00, 0x00, 0x00, 0x04, 0x35, 0x00, 0x00, 0x00, 0x0A, 0x00, 0x00, 0x00, 0x07, 
0x00, 0x00, 0x00, 0x08, 0x00, 0x00, 0x00, 0x0A, 0x00, 0x00, 0x00, 0x01, 0x00, 0x00, 0x00, 0x00, 
0x00, 0x00, 0x04, 0x36, 0x00, 0x00, 0x00, 0x0A, 0x00, 0x00, 0x00, 0x0C, 0x00, 0x00, 0x00, 0x0B, 
0x00, 0x00, 0x00, 0x0A, 0x00, 0x00, 0x00, 0x00, 0x00, 0x00, 0x00, 0x00, 0x00, 0x00, 0x04, 0x37, 
0x00, 0x00, 0x00, 0x0A, 0x00, 0x00, 0x00, 0x06, 0x00, 0x00, 0x00, 0x08, 0x00, 0x00, 0x00, 0x0A, 
0x00, 0x00, 0x00, 0x01, 0x00, 0x00, 0x00, 0x00, 0x00, 0x00, 0x04, 0x38, 0x00, 0x00, 0x00, 0x0A, 
0x00, 0x00, 0x00, 0x07, 0x00, 0x00, 0x00, 0x09, 0x00, 0x00, 0x00, 0x0A, 0x00, 0x00, 0x00, 0x01, 
0x00, 0x00, 0x00, 0x00, 0x00, 0x00, 0x04, 0x39, 0x00, 0x00, 0x00, 0x0E, 0x00, 0x00, 0x00, 0x07, 
0x00, 0x00, 0x00, 0x09, 0x00, 0x00, 0x00, 0x0E, 0x00, 0x00, 0x00, 0x01, 0x00, 0x00, 0x00, 0x00, 
0x00, 0x00, 0x04, 0x3A, 0x00, 0x00, 0x00, 0x0A, 0x00, 0x00, 0x00, 0x07, 0x00, 0x00, 0x00, 0x07, 
0x00, 0x00, 0x00, 0x0A, 0x00, 0x00, 0x00, 0x01, 0x00, 0x00, 0x00, 0x00, 0x00, 0x00, 0x04, 0x3B, 
0x00, 0x00, 0x00, 0x0A, 0x00, 0x00, 0x00, 0x08, 0x00, 0x00, 0x00, 0x08, 0x00, 0x00, 0x00, 0x0A, 
0xFF, 0xFF, 0xFF, 0xFF, 0x00, 0x00, 0x00, 0x00, 0x00, 0x00, 0x04, 0x3C, 0x00, 0x00, 0x00, 0x0A, 
0x00, 0x00, 0x00, 0x09, 0x00, 0x00, 0x00, 0x0B, 0x00, 0x00, 0x00, 0x0A, 0x00, 0x00, 0x00, 0x01, 
0x00, 0x00, 0x00, 0x00, 0x00, 0x00, 0x04, 0x3D, 0x00, 0x00, 0x00, 0x0A, 0x00, 0x00, 0x00, 0x07, 
0x00, 0x00, 0x00, 0x09, 0x00, 0x00, 0x00, 0x0A, 0x00, 0x00, 0x00, 0x01, 0x00, 0x00, 0x00, 0x00, 
0x00, 0x00, 0x04, 0x3E, 0x00, 0x00, 0x00, 0x0A, 0x00, 0x00, 0x00, 0x07, 0x00, 0x00, 0x00, 0x09, 
0x00, 0x00, 0x00, 0x0A, 0x00, 0x00, 0x00, 0x01, 0x00, 0x00, 0x00, 0x00, 0x00, 0x00, 0x04, 0x3F, 
0x00, 0x00, 0x00, 0x0A, 0x00, 0x00, 0x00, 0x07, 0x00, 0x00, 0x00, 0x09, 0x00, 0x00, 0x00, 0x0A, 
0x00, 0x00, 0x00, 0x01, 0x00, 0x00, 0x00, 0x00, 0x00, 0x00, 0x04, 0x40, 0x00, 0x00, 0x00, 0x0E, 
0x00, 0x00, 0x00, 0x07, 0x00, 0x00, 0x00, 0x09, 0x00, 0x00, 0x00, 0x0A, 0x00, 0x00, 0x00, 0x01, 
0x00, 0x00, 0x00, 0x00, 0x00, 0x00, 0x04, 0x41, 0x00, 0x00, 0x00, 0x0A, 0x00, 0x00, 0x00, 0x06, 
0x00, 0x00, 0x00, 0x07, 0x00, 0x00, 0x00, 0x0A, 0x00, 0x00, 0x00, 0x01, 0x00, 0x00, 0x00, 0x00, 
0x00, 0x00, 0x04, 0x42, 0x00, 0x00, 0x00, 0x0A, 0x00, 0x00, 0x00, 0x06, 0x00, 0x00, 0x00, 0x08, 
0x00, 0x00, 0x00, 0x0A, 0x00, 0x00, 0x00, 0x01, 0x00, 0x00, 0x00, 0x00, 0x00, 0x00, 0x04, 0x43, 
0x00, 0x00, 0x00, 0x0E, 0x00, 0x00, 0x00, 0x08, 0x00, 0x00, 0x00, 0x07, 0x00, 0x00, 0x00, 0x0A, 
0xFF, 0xFF, 0xFF, 0xFF, 0x00, 0x00, 0x00, 0x00, 0x00, 0x00, 0x04, 0x44, 0x00, 0x00, 0x00, 0x13, 
0x00, 0x00, 0x00, 0x09, 0x00, 0x00, 0x00, 0x0A, 0x00, 0x00, 0x00, 0x0F, 0x00, 0x00, 0x00, 0x01, 
0x00, 0x00, 0x00, 0x00, 0x00, 0x00, 0x04, 0x45, 0x00, 0x00, 0x00, 0x0A, 0x00, 0x00, 0x00, 0x08, 
0x00, 0x00, 0x00, 0x07, 0x00, 0x00, 0x00, 0x0A, 0x00, 0x00, 0x00, 0x00, 0x00, 0x00, 0x00, 0x00, 
0x00, 0x00, 0x04, 0x46, 0x00, 0x00, 0x00, 0x0E, 0x00, 0x00, 0x00, 0x08, 0x00, 0x00, 0x00, 0x09, 
0x00, 0x00, 0x00, 0x0A, 0x00, 0x00, 0x00, 0x01, 0x00, 0x00, 0x00, 0x00, 0x00, 0x00, 0x04, 0x47, 
0x00, 0x00, 0x00, 0x0A, 0x00, 0x00, 0x00, 0x07, 0x00, 0x00, 0x00, 0x09, 0x00, 0x00, 0x00, 0x0A, 
0x00, 0x00, 0x00, 0x01, 0x00, 0x00, 0x00, 0x00, 0x00, 0x00, 0x04, 0x48, 0x00, 0x00, 0x00, 0x0A, 
0x00, 0x00, 0x00, 0x0B, 0x00, 0x00, 0x00, 0x0D, 0x00, 0x00, 0x00, 0x0A, 0x00, 0x00, 0x00, 0x01, 
0x00, 0x00, 0x00, 0x00, 0x00, 0x00, 0x04, 0x49, 0x00, 0x00, 0x00, 0x0E, 0x00, 0x00, 0x00, 0x0B, 
0x00, 0x00, 0x00, 0x0D, 0x00, 0x00, 0x00, 0x0A, 0x00, 0x00, 0x00, 0x01, 0x00, 0x00, 0x00, 0x00, 
0x00, 0x00, 0x04, 0x4A, 0x00, 0x00, 0x00, 0x0A, 0x00, 0x00, 0x00, 0x09, 0x00, 0x00, 0x00, 0x0A, 
0x00, 0x00, 0x00, 0x0A, 0x00, 0x00, 0x00, 0x00, 0x00, 0x00, 0x00, 0x00, 0x00, 0x00, 0x04, 0x4B, 
0x00, 0x00, 0x00, 0x0A, 0x00, 0x00, 0x00, 0x09, 0x00, 0x00, 0x00, 0x0B, 0x00, 0x00, 0x00, 0x0A, 
0x00, 0x00, 0x00, 0x01, 0x00, 0x00, 0x00, 0x00, 0x00, 0x00, 0x04, 0x4C, 0x00, 0x00, 0x00, 0x0A, 
0x00, 0x00, 0x00, 0x06, 0x00, 0x00, 0x00, 0x08, 0x00, 0x00, 0x00, 0x0A, 0x00, 0x00, 0x00, 0x01, 
0x00, 0x00, 0x00, 0x00, 0x00, 0x00, 0x04, 0x4D, 0x00, 0x00, 0x00, 0x0A, 0x00, 0x00, 0x00, 0x06, 
0x00, 0x00, 0x00, 0x07, 0x00, 0x00, 0x00, 0x0A, 0x00, 0x00, 0x00, 0x01, 0x00, 0x00, 0x00, 0x00, 
0x00, 0x00, 0x04, 0x4E, 0x00, 0x00, 0x00, 0x0A, 0x00, 0x00, 0x00, 0x0A, 0x00, 0x00, 0x00, 0x0C, 
0x00, 0x00, 0x00, 0x0A, 0x00, 0x00, 0x00, 0x01, 0x00, 0x00, 0x00, 0x00, 0x00, 0x00, 0x04, 0x4F, 
0x00, 0x00, 0x00, 0x0A, 0x00, 0x00, 0x00, 0x07, 0x00, 0x00, 0x00, 0x08, 0x00, 0x00, 0x00, 0x0A, 
0x00, 0x00, 0x00, 0x00, 0x00, 0x00, 0x00, 0x00, 0x00, 0x00, 0x04, 0x50, 0x00, 0x00, 0x00, 0x0E, 
0x00, 0x00, 0x00, 0x07, 0x00, 0x00, 0x00, 0x08, 0x00, 0x00, 0x00, 0x0E, 0x00, 0x00, 0x00, 0x01, 
0x00, 0x00, 0x00, 0x00, 0x00, 0x00, 0x04, 0x51, 0x00, 0x00, 0x00, 0x0D, 0x00, 0x00, 0x00, 0x07, 
0x00, 0x00, 0x00, 0x08, 0x00, 0x00, 0x00, 0x0D, 0x00, 0x00, 0x00, 0x01, 0x00, 0x00, 0x00, 0x00, 
0x00, 0x00, 0x04, 0x52, 0x00, 0x00, 0x00, 0x12, 0x00, 0x00, 0x00, 0x08, 0x00, 0x00, 0x00, 0x0A, 
0x00, 0x00, 0x00, 0x0E, 0x00, 0x00, 0x00, 0x01, 0x00, 0x00, 0x00, 0x00, 0x00, 0x00, 0x04, 0x53, 
0x00, 0x00, 0x00, 0x0E, 0x00, 0x00, 0x00, 0x05, 0x00, 0x00, 0x00, 0x06, 0x00, 0x00, 0x00, 0x0E, 
0x00, 0x00, 0x00, 0x01, 0x00, 0x00, 0x00, 0x00, 0x00, 0x00, 0x04, 0x54, 0x00, 0x00, 0x00, 0x0A, 
0x00, 0x00, 0x00, 0x06, 0x00, 0x00, 0x00, 0x07, 0x00, 0x00, 0x00, 0x0A, 0x00, 0x00, 0x00, 0x01, 
0x00, 0x00, 0x00, 0x00, 0x00, 0x00, 0x04, 0x55, 0x00, 0x00, 0x00, 0x0A, 0x00, 0x00, 0x00, 0x06, 
0x00, 0x00, 0x00, 0x07, 0x00, 0x00, 0x00, 0x0A, 0x00, 0x00, 0x00, 0x01, 0x00, 0x00, 0x00, 0x00, 
0x00, 0x00, 0x04, 0x56, 0x00, 0x00, 0x00, 0x0D, 0x00, 0x00, 0x00, 0x02, 0x00, 0x00, 0x00, 0x04, 
0x00, 0x00, 0x00, 0x0D, 0x00, 0x00, 0x00, 0x01, 0x00, 0x00, 0x00, 0x00, 0x00, 0x00, 0x04, 0x57, 
0x00, 0x00, 0x00, 0x0D, 0x00, 0x00, 0x00, 0x05, 0x00, 0x00, 0x00, 0x04, 0x00, 0x00, 0x00, 0x0D, 
0x00, 0x00, 0x00, 0x00, 0x00, 0x00, 0x00, 0x00, 0x00, 0x00, 0x04, 0x58, 0x00, 0x00, 0x00, 0x11, 
0x00, 0x00, 0x00, 0x04, 0x00, 0x00, 0x00, 0x04, 0x00, 0x00, 0x00, 0x0D, 0xFF, 0xFF, 0xFF, 0xFF, 
0x00, 0x00, 0x00, 0x00, 0x00, 0x00, 0x04, 0x59, 0x00, 0x00, 0x00, 0x0A, 0x00, 0x00, 0x00, 0x0B, 
0x00, 0x00, 0x00, 0x0D, 0x00, 0x00, 0x00, 0x0A, 0x00, 0x00, 0x00, 0x01, 0x00, 0x00, 0x00, 0x00, 
0x00, 0x00, 0x04, 0x5A, 0x00, 0x00, 0x00, 0x0A, 0x00, 0x00, 0x00, 0x0B, 0x00, 0x00, 0x00, 0x0C, 
0x00, 0x00, 0x00, 0x0A, 0x00, 0x00, 0x00, 0x01, 0x00, 0x00, 0x00, 0x00, 0x00, 0x00, 0x04, 0x5B, 
0x00, 0x00, 0x00, 0x0E, 0x00, 0x00, 0x00, 0x08, 0x00, 0x00, 0x00, 0x0A, 0x00, 0x00, 0x00, 0x0E, 
0x00, 0x00, 0x00, 0x01, 0x00, 0x00, 0x00, 0x00, 0x00, 0x00, 0x04, 0x5C, 0x00, 0x00, 0x00, 0x0E, 
0x00, 0x00, 0x00, 0x07, 0x00, 0x00, 0x00, 0x07, 0x00, 0x00, 0x00, 0x0E, 0x00, 0x00, 0x00, 0x01, 
0x00, 0x00, 0x00, 0x00, 0x00, 0x00, 0x04, 0x5D, 0x00, 0x00, 0x00, 0x0E, 0x00, 0x00, 0x00, 0x07, 
0x00, 0x00, 0x00, 0x09, 0x00, 0x00, 0x00, 0x0E, 0x00, 0x00, 0x00, 0x01, 0x00, 0x00, 0x00, 0x00, 
0x00, 0x00, 0x04, 0x5E, 0x00, 0x00, 0x00, 0x12, 0x00, 0x00, 0x00, 0x07, 0x00, 0x00, 0x00, 0x07, 
0x00, 0x00, 0x00, 0x0E, 0x00, 0x00, 0x00, 0x00, 0x00, 0x00, 0x00, 0x00, 0x00, 0x00, 0x04, 0x5F, 
0x00, 0x00, 0x00, 0x0E, 0x00, 0x00, 0x00, 0x07, 0x00, 0x00, 0x00, 0x09, 0x00, 0x00, 0x00, 0x0A, 
0x00, 0x00, 0x00, 0x01, 0x00, 0x00, 0x00, 0x00, 0x00, 0x00, 0x04, 0x60, 0x00, 0x00, 0x00, 0x0D, 
0x00, 0x00, 0x00, 0x0D, 0x00, 0x00, 0x00, 0x0E, 0x00, 0x00, 0x00, 0x0D, 0x00, 0x00, 0x00, 0x01, 
0x00, 0x00, 0x00, 0x00, 0x00, 0x00, 0x04, 0x61, 0x00, 0x00, 0x00, 0x0A, 0x00, 0x00, 0x00, 0x0B, 
0x00, 0x00, 0x00, 0x0D, 0x00, 0x00, 0x00, 0x0A, 0x00, 0x00, 0x00, 0x01, 0x00, 0x00, 0x00, 0x00, 
0x00, 0x00, 0x04, 0x62, 0x00, 0x00, 0x00, 0x0E, 0x00, 0x00, 0x00, 0x09, 0x00, 0x00, 0x00, 0x0A, 
0x00, 0x00, 0x00, 0x0E, 0x00, 0x00, 0x00, 0x01, 0x00, 0x00, 0x00, 0x00, 0x00, 0x00, 0x04, 0x63, 
0x00, 0x00, 0x00, 0x0C, 0x00, 0x00, 0x00, 0x08, 0x00, 0x00, 0x00, 0x09, 0x00, 0x00, 0x00, 0x0C, 
0x00, 0x00, 0x00, 0x01, 0x00, 0x00, 0x00, 0x00, 0x00, 0x00, 0x04, 0x64, 0x00, 0x00, 0x00, 0x0D, 
0x00, 0x00, 0x00, 0x0B, 0x00, 0x00, 0x00, 0x0C, 0x00, 0x00, 0x00, 0x0D, 0x00, 0x00, 0x00, 0x01, 
0x00, 0x00, 0x00, 0x00, 0x00, 0x00, 0x04, 0x65, 0x00, 0x00, 0x00, 0x0A, 0x00, 0x00, 0x00, 0x0A, 
0x00, 0x00, 0x00, 0x0B, 0x00, 0x00, 0x00, 0x0A, 0x00, 0x00, 0x00, 0x01, 0x00, 0x00, 0x00, 0x00, 
0x00, 0x00, 0x04, 0x66, 0x00, 0x00, 0x00, 0x0D, 0x00, 0x00, 0x00, 0x0B, 0x00, 0x00, 0x00, 0x0A, 
0x00, 0x00, 0x00, 0x0D, 0xFF, 0xFF, 0xFF, 0xFF, 0x00, 0x00, 0x00, 0x00, 0x00, 0x00, 0x04, 0x67, 
0x00, 0x00, 0x00, 0x0A, 0x00, 0x00, 0x00, 0x09, 0x00, 0x00, 0x00, 0x09, 0x00, 0x00, 0x00, 0x0A, 
0x00, 0x00, 0x00, 0x00, 0x00, 0x00, 0x00, 0x00, 0x00, 0x00, 0x04, 0x68, 0x00, 0x00, 0x00, 0x0D, 
0x00, 0x00, 0x00, 0x0D, 0x00, 0x00, 0x00, 0x0D, 0x00, 0x00, 0x00, 0x0D, 0x00, 0x00, 0x00, 0x01, 
0x00, 0x00, 0x00, 0x00, 0x00, 0x00, 0x04, 0x69, 0x00, 0x00, 0x00, 0x0A, 0x00, 0x00, 0x00, 0x0B, 
0x00, 0x00, 0x00, 0x0C, 0x00, 0x00, 0x00, 0x0A, 0x00, 0x00, 0x00, 0x01, 0x00, 0x00, 0x00, 0x00, 
0x00, 0x00, 0x04, 0x6A, 0x00, 0x00, 0x00, 0x0D, 0x00, 0x00, 0x00, 0x0C, 0x00, 0x00, 0x00, 0x0A, 
0x00, 0x00, 0x00, 0x0D, 0xFF, 0xFF, 0xFF, 0xFF, 0x00, 0x00, 0x00, 0x00, 0x00, 0x00, 0x04, 0x6B, 
0x00, 0x00, 0x00, 0x0A, 0x00, 0x00, 0x00, 0x09, 0x00, 0x00, 0x00, 0x09, 0x00, 0x00, 0x00, 0x0A, 
0x00, 0x00, 0x00, 0x00, 0x00, 0x00, 0x00, 0x00, 0x00, 0x00, 0x04, 0x6C, 0x00, 0x00, 0x00, 0x0D, 
0x00, 0x00, 0x00, 0x0E, 0x00, 0x00, 0x00, 0x0E, 0x00, 0x00, 0x00, 0x0D, 0x00, 0x00, 0x00, 0x01, 
0x00, 0x00, 0x00, 0x00, 0x00, 0x00, 0x04, 0x6D, 0x00, 0x00, 0x00, 0x0A, 0x00, 0x00, 0x00, 0x0C, 
0x00, 0x00, 0x00, 0x0D, 0x00, 0x00, 0x00, 0x0A, 0x00, 0x00, 0x00, 0x01, 0x00, 0x00, 0x00, 0x00, 
0x00, 0x00, 0x04, 0x6E, 0x00, 0x00, 0x00, 0x15, 0x00, 0x00, 0x00, 0x07, 0x00, 0x00, 0x00, 0x09, 
0x00, 0x00, 0x00, 0x11, 0x00, 0x00, 0x00, 0x01, 0x00, 0x00, 0x00, 0x00, 0x00, 0x00, 0x04, 0x6F, 
0x00, 0x00, 0x00, 0x11, 0x00, 0x00, 0x00, 0x06, 0x00, 0x00, 0x00, 0x08, 0x00, 0x00, 0x00, 0x0D, 
0x00, 0x00, 0x00, 0x01, 0x00, 0x00, 0x00, 0x00, 0x00, 0x00, 0x04, 0x70, 0x00, 0x00, 0x00, 0x0D, 
0x00, 0x00, 0x00, 0x0A, 0x00, 0x00, 0x00, 0x0C, 0x00, 0x00, 0x00, 0x0D, 0x00, 0x00, 0x00, 0x01, 
0x00, 0x00, 0x00, 0x00, 0x00, 0x00, 0x04, 0x71, 0x00, 0x00, 0x00, 0x13, 0x00, 0x00, 0x00, 0x09, 
0x00, 0x00, 0x00, 0x0A, 0x00, 0x00, 0x00, 0x0F, 0x00, 0x00, 0x00, 0x01, 0x00, 0x00, 0x00, 0x00, 
0x00, 0x00, 0x04, 0x72, 0x00, 0x00, 0x00, 0x0D, 0x00, 0x00, 0x00, 0x09, 0x00, 0x00, 0x00, 0x0B, 
0x00, 0x00, 0x00, 0x0D, 0x00, 0x00, 0x00, 0x01, 0x00, 0x00, 0x00, 0x00, 0x00, 0x00, 0x04, 0x73, 
0x00, 0x00, 0x00, 0x0A, 0x00, 0x00, 0x00, 0x07, 0x00, 0x00, 0x00, 0x09, 0x00, 0x00, 0x00, 0x0A, 
0x00, 0x00, 0x00, 0x01, 0x00, 0x00, 0x00, 0x00, 0x00, 0x00, 0x04, 0x74, 0x00, 0x00, 0x00, 0x0D, 
0x00, 0x00, 0x00, 0x0A, 0x00, 0x00, 0x00, 0x09, 0x00, 0x00, 0x00, 0x0D, 0xFF, 0xFF, 0xFF, 0xFF, 
0x00, 0x00, 0x00, 0x00, 0x00, 0x00, 0x04, 0x75, 0x00, 0x00, 0x00, 0x0A, 0x00, 0x00, 0x00, 0x08, 
0x00, 0x00, 0x00, 0x08, 0x00, 0x00, 0x00, 0x0A, 0x00, 0x00, 0x00, 0x00, 0x00, 0x00, 0x00, 0x00, 
0x00, 0x00, 0x04, 0x76, 0x00, 0x00, 0x00, 0x11, 0x00, 0x00, 0x00, 0x0A, 0x00, 0x00, 0x00, 0x09, 
0x00, 0x00, 0x00, 0x11, 0xFF, 0xFF, 0xFF, 0xFF, 0x00, 0x00, 0x00, 0x00, 0x00, 0x00, 0x04, 0x77, 
0x00, 0x00, 0x00, 0x0E, 0x00, 0x00, 0x00, 0x08, 0x00, 0x00, 0x00, 0x08, 0x00, 0x00, 0x00, 0x0E, 
0x00, 0x00, 0x00, 0x00, 0x00, 0x00, 0x00, 0x00, 0x00, 0x00, 0x04, 0x78, 0x00, 0x00, 0x00, 0x11, 
0x00, 0x00, 0x00, 0x11, 0x00, 0x00, 0x00, 0x11, 0x00, 0x00, 0x00, 0x0D, 0x00, 0x00, 0x00, 0x01, 
0x00, 0x00, 0x00, 0x00, 0x00, 0x00, 0x04, 0x79, 0x00, 0x00, 0x00, 0x0E, 0x00, 0x00, 0x00, 0x0F, 
0x00, 0x00, 0x00, 0x10, 0x00, 0x00, 0x00, 0x0A, 0x00, 0x00, 0x00, 0x01, 0x00, 0x00, 0x00, 0x00, 
0x00, 0x00, 0x04, 0x7A, 0x00, 0x00, 0x00, 0x0F, 0x00, 0x00, 0x00, 0x0A, 0x00, 0x00, 0x00, 0x0B, 
0x00, 0x00, 0x00, 0x0E, 0x00, 0x00, 0x00, 0x01, 0x00, 0x00, 0x00, 0x00, 0x00, 0x00, 0x04, 0x7B, 
0x00, 0x00, 0x00, 0x0C, 0x00, 0x00, 0x00, 0x08, 0x00, 0x00, 0x00, 0x0A, 0x00, 0x00, 0x00, 0x0B, 
0x00, 0x00, 0x00, 0x01, 0x00, 0x00, 0x00, 0x00, 0x00, 0x00, 0x04, 0x7C, 0x00, 0x00, 0x00, 0x14, 
0x00, 0x00, 0x00, 0x0D, 0x00, 0x00, 0x00, 0x0F, 0x00, 0x00, 0x00, 0x14, 0x00, 0x00, 0x00, 0x01, 
0x00, 0x00, 0x00, 0x00, 0x00, 0x00, 0x04, 0x7D, 0x00, 0x00, 0x00, 0x11, 0x00, 0x00, 0x00, 0x0B, 
0x00, 0x00, 0x00, 0x0D, 0x00, 0x00, 0x00, 0x11, 0x00, 0x00, 0x00, 0x01, 0x00, 0x00, 0x00, 0x00, 
0x00, 0x00, 0x04, 0x7E, 0x00, 0x00, 0x00, 0x11, 0x00, 0x00, 0x00, 0x0D, 0x00, 0x00, 0x00, 0x0E, 
0x00, 0x00, 0x00, 0x11, 0x00, 0x00, 0x00, 0x01, 0x00, 0x00, 0x00, 0x00, 0x00, 0x00, 0x04, 0x7F, 
0x00, 0x00, 0x00, 0x0D, 0x00, 0x00, 0x00, 0x0B, 0x00, 0x00, 0x00, 0x0D, 0x00, 0x00, 0x00, 0x0D, 
0x00, 0x00, 0x00, 0x01, 0x00, 0x00, 0x00, 0x00, 0x00, 0x00, 0x04, 0x80, 0x00, 0x00, 0x00, 0x11, 
0x00, 0x00, 0x00, 0x08, 0x00, 0x00, 0x00, 0x09, 0x00, 0x00, 0x00, 0x0D, 0x00, 0x00, 0x00, 0x01, 
0x00, 0x00, 0x00, 0x00, 0x00, 0x00, 0x04, 0x81, 0x00, 0x00, 0x00, 0x0E, 0x00, 0x00, 0x00, 0x06, 
0x00, 0x00, 0x00, 0x07, 0x00, 0x00, 0x00, 0x0A, 0x00, 0x00, 0x00, 0x01, 0x00, 0x00, 0x00, 0x00, 
0x00, 0x00, 0x04, 0x82, 0x00, 0x00, 0x00, 0x0C, 0x00, 0x00, 0x00, 0x09, 0x00, 0x00, 0x00, 0x09, 
0x00, 0x00, 0x00, 0x0C, 0x00, 0x00, 0x00, 0x00, 0x00, 0x00, 0x00, 0x00, 0x00, 0x00, 0x04, 0x83, 
0x00, 0x00, 0x00, 0x03, 0x00, 0x00, 0x00, 0x05, 0x00, 0x00, 0x00, 0x00, 0x00, 0x00, 0x00, 0x0D, 
0xFF, 0xFF, 0xFF, 0xFE, 0x00, 0x00, 0x00, 0x00, 0x00, 0x00, 0x04, 0x84, 0x00, 0x00, 0x00, 0x04, 
0x00, 0x00, 0x00, 0x06, 0x00, 0x00, 0x00, 0x00, 0x00, 0x00, 0x00, 0x0E, 0xFF, 0xFF, 0xFF, 0xFD, 
0x00, 0x00, 0x00, 0x00, 0x00, 0x00, 0x04, 0x85, 0x00, 0x00, 0x00, 0x04, 0x00, 0x00, 0x00, 0x02, 
0x00, 0x00, 0x00, 0x00, 0x00, 0x00, 0x00, 0x0E, 0xFF, 0xFF, 0xFF, 0xFF, 0x00, 0x00, 0x00, 0x00, 
0x00, 0x00, 0x04, 0x86, 0x00, 0x00, 0x00, 0x04, 0x00, 0x00, 0x00, 0x02, 0x00, 0x00, 0x00, 0x00, 
0x00, 0x00, 0x00, 0x0E, 0xFF, 0xFF, 0xFF, 0xFF, 0x00, 0x00, 0x00, 0x00, 0x00, 0x00, 0x04, 0x87, 
0x00, 0x00, 0x00, 0x04, 0x00, 0x00, 0x00, 0x06, 0x00, 0x00, 0x00, 0x00, 0x00, 0x00, 0x00, 0x11, 
0xFF, 0xFF, 0xFF, 0xFD, 0x00, 0x00, 0x00, 0x00, 0x00, 0x00, 0x04, 0x88, 0x00, 0x00, 0x00, 0x14, 
0x00, 0x00, 0x00, 0x14, 0x00, 0x00, 0x00, 0x00, 0x00, 0x00, 0x00, 0x0F, 0xFF, 0xFF, 0xFF, 0xF6, 
0x00, 0x00, 0x00, 0x00, 0x00, 0x00, 0x04, 0x89, 0x00, 0x00, 0x00, 0x14, 0x00, 0x00, 0x00, 0x14, 
0x00, 0x00, 0x00, 0x00, 0x00, 0x00, 0x00, 0x0F, 0xFF, 0xFF, 0xFF, 0xF6, 0x00, 0x00, 0x00, 0x00, 
0x00, 0x00, 0x04, 0x8A, 0x00, 0x00, 0x00, 0x15, 0x00, 0x00, 0x00, 0x0A, 0x00, 0x00, 0x00, 0x0B, 
0x00, 0x00, 0x00, 0x11, 0x00, 0x00, 0x00, 0x01, 0x00, 0x00, 0x00, 0x00, 0x00, 0x00, 0x04, 0x8B, 
0x00, 0x00, 0x00, 0x12, 0x00, 0x00, 0x00, 0x08, 0x00, 0x00, 0x00, 0x09, 0x00, 0x00, 0x00, 0x0E, 
0x00, 0x00, 0x00, 0x01, 0x00, 0x00, 0x00, 0x00, 0x00, 0x00, 0x04, 0x8C, 0x00, 0x00, 0x00, 0x0D, 
0x00, 0x00, 0x00, 0x08, 0x00, 0x00, 0x00, 0x0A, 0x00, 0x00, 0x00, 0x0D, 0x00, 0x00, 0x00, 0x01, 
0x00, 0x00, 0x00, 0x00, 0x00, 0x00, 0x04, 0x8D, 0x00, 0x00, 0x00, 0x0E, 0x00, 0x00, 0x00, 0x08, 
0x00, 0x00, 0x00, 0x09, 0x00, 0x00, 0x00, 0x0E, 0x00, 0x00, 0x00, 0x01, 0x00, 0x00, 0x00, 0x00, 
0x00, 0x00, 0x04, 0x8E, 0x00, 0x00, 0x00, 0x0D, 0x00, 0x00, 0x00, 0x07, 0x00, 0x00, 0x00, 0x08, 
0x00, 0x00, 0x00, 0x0D, 0x00, 0x00, 0x00, 0x01, 0x00, 0x00, 0x00, 0x00, 0x00, 0x00, 0x04, 0x8F, 
0x00, 0x00, 0x00, 0x0E, 0x00, 0x00, 0x00, 0x07, 0x00, 0x00, 0x00, 0x09, 0x00, 0x00, 0x00, 0x0A, 
0x00, 0x00, 0x00, 0x01, 0x00, 0x00, 0x00, 0x00, 0x00, 0x00, 0x04, 0x90, 0x00, 0x00, 0x00, 0x10, 
0x00, 0x00, 0x00, 0x06, 0x00, 0x00, 0x00, 0x07, 0x00, 0x00, 0x00, 0x10, 0x00, 0x00, 0x00, 0x01, 
0x00, 0x00, 0x00, 0x00, 0x00, 0x00, 0x04, 0x91, 0x00, 0x00, 0x00, 0x0D, 0x00, 0x00, 0x00, 0x05, 
0x00, 0x00, 0x00, 0x06, 0x00, 0x00, 0x00, 0x0D, 0x00, 0x00, 0x00, 0x01, 0x00, 0x00, 0x00, 0x00, 
0x00, 0x00, 0x04, 0x92, 0x00, 0x00, 0x00, 0x0D, 0x00, 0x00, 0x00, 0x07, 0x00, 0x00, 0x00, 0x08, 
0x00, 0x00, 0x00, 0x0D, 0x00, 0x00, 0x00, 0x01, 0x00, 0x00, 0x00, 0x00, 0x00, 0x00, 0x04, 0x93, 
0x00, 0x00, 0x00, 0x0A, 0x00, 0x00, 0x00, 0x07, 0x00, 0x00, 0x00, 0x08, 0x00, 0x00, 0x00, 0x0A, 
0x00, 0x00, 0x00, 0x01, 0x00, 0x00, 0x00, 0x00, 0x00, 0x00, 0x04, 0x94, 0x00, 0x00, 0x00, 0x11, 
0x00, 0x00, 0x00, 0x07, 0x00, 0x00, 0x00, 0x09, 0x00, 0x00, 0x00, 0x0D, 0x00, 0x00, 0x00, 0x01, 
0x00, 0x00, 0x00, 0x00, 0x00, 0x00, 0x04, 0x95, 0x00, 0x00, 0x00, 0x0E, 0x00, 0x00, 0x00, 0x06, 
0x00, 0x00, 0x00, 0x08, 0x00, 0x00, 0x00, 0x0A, 0x00, 0x00, 0x00, 0x01, 0x00, 0x00, 0x00, 0x00, 
0x00, 0x00, 0x04, 0x96, 0x00, 0x00, 0x00, 0x11, 0x00, 0x00, 0x00, 0x0E, 0x00, 0x00, 0x00, 0x0D, 
0x00, 0x00, 0x00, 0x0D, 0xFF, 0xFF, 0xFF, 0xFF, 0x00, 0x00, 0x00, 0x00, 0x00, 0x00, 0x04, 0x97, 
0x00, 0x00, 0x00, 0x0E, 0x00, 0x00, 0x00, 0x0C, 0x00, 0x00, 0x00, 0x0C, 0x00, 0x00, 0x00, 0x0A, 
0x00, 0x00, 0x00, 0x00, 0x00, 0x00, 0x00, 0x00, 0x00, 0x00, 0x04, 0x98, 0x00, 0x00, 0x00, 0x11, 
0x00, 0x00, 0x00, 0x07, 0x00, 0x00, 0x00, 0x09, 0x00, 0x00, 0x00, 0x0D, 0x00, 0x00, 0x00, 0x01, 
0x00, 0x00, 0x00, 0x00, 0x00, 0x00, 0x04, 0x99, 0x00, 0x00, 0x00, 0x0E, 0x00, 0x00, 0x00, 0x06, 
0x00, 0x00, 0x00, 0x07, 0x00, 0x00, 0x00, 0x0A, 0x00, 0x00, 0x00, 0x00, 0x00, 0x00, 0x00, 0x00, 
0x00, 0x00, 0x04, 0x9A, 0x00, 0x00, 0x00, 0x11, 0x00, 0x00, 0x00, 0x08, 0x00, 0x00, 0x00, 0x09, 
0x00, 0x00, 0x00, 0x0D, 0x00, 0x00, 0x00, 0x01, 0x00, 0x00, 0x00, 0x00, 0x00, 0x00, 0x04, 0x9B, 
0x00, 0x00, 0x00, 0x0E, 0x00, 0x00, 0x00, 0x07, 0x00, 0x00, 0x00, 0x08, 0x00, 0x00, 0x00, 0x0A, 
0x00, 0x00, 0x00, 0x01, 0x00, 0x00, 0x00, 0x00, 0x00, 0x00, 0x04, 0x9C, 0x00, 0x00, 0x00, 0x0D, 
0x00, 0x00, 0x00, 0x08, 0x00, 0x00, 0x00, 0x09, 0x00, 0x00, 0x00, 0x0D, 0x00, 0x00, 0x00, 0x01, 
0x00, 0x00, 0x00, 0x00, 0x00, 0x00, 0x04, 0x9D, 0x00, 0x00, 0x00, 0x0A, 0x00, 0x00, 0x00, 0x07, 
0x00, 0x00, 0x00, 0x08, 0x00, 0x00, 0x00, 0x0A, 0x00, 0x00, 0x00, 0x01, 0x00, 0x00, 0x00, 0x00, 
0x00, 0x00, 0x04, 0x9E, 0x00, 0x00, 0x00, 0x0D, 0x00, 0x00, 0x00, 0x0A, 0x00, 0x00, 0x00, 0x08, 
0x00, 0x00, 0x00, 0x0D, 0xFF, 0xFF, 0xFF, 0xFF, 0x00, 0x00, 0x00, 0x00, 0x00, 0x00, 0x04, 0x9F, 
0x00, 0x00, 0x00, 0x0E, 0x00, 0x00, 0x00, 0x08, 0x00, 0x00, 0x00, 0x09, 0x00, 0x00, 0x00, 0x0E, 
0x00, 0x00, 0x00, 0x01, 0x00, 0x00, 0x00, 0x00, 0x00, 0x00, 0x04, 0xA0, 0x00, 0x00, 0x00, 0x0D, 
0x00, 0x00, 0x00, 0x0B, 0x00, 0x00, 0x00, 0x0A, 0x00, 0x00, 0x00, 0x0D, 0x00, 0x00, 0x00, 0x00, 
0x00, 0x00, 0x00, 0x00, 0x00, 0x00, 0x04, 0xA1, 0x00, 0x00, 0x00, 0x0A, 0x00, 0x00, 0x00, 0x0A, 
0x00, 0x00, 0x00, 0x08, 0x00, 0x00, 0x00, 0x0A, 0xFF, 0xFF, 0xFF, 0xFF, 0x00, 0x00, 0x00, 0x00, 
0x00, 0x00, 0x04, 0xA2, 0x00, 0x00, 0x00, 0x11, 0x00, 0x00, 0x00, 0x09, 0x00, 0x00, 0x00, 0x0B, 
0x00, 0x00, 0x00, 0x0D, 0x00, 0x00, 0x00, 0x01, 0x00, 0x00, 0x00, 0x00, 0x00, 0x00, 0x04, 0xA3, 
0x00, 0x00, 0x00, 0x0E, 0x00, 0x00, 0x00, 0x08, 0x00, 0x00, 0x00, 0x09, 0x00, 0x00, 0x00, 0x0A, 
0x00, 0x00, 0x00, 0x01, 0x00, 0x00, 0x00, 0x00, 0x00, 0x00, 0x04, 0xA4, 0x00, 0x00, 0x00, 0x0D, 
0x00, 0x00, 0x00, 0x0A, 0x00, 0x00, 0x00, 0x0C, 0x00, 0x00, 0x00, 0x0D, 0x00, 0x00, 0x00, 0x01, 
0x00, 0x00, 0x00, 0x00, 0x00, 0x00, 0x04, 0xA5, 0x00, 0x00, 0x00, 0x0A, 0x00, 0x00, 0x00, 0x09, 
0x00, 0x00, 0x00, 0x0A, 0x00, 0x00, 0x00, 0x0A, 0x00, 0x00, 0x00, 0x01, 0x00, 0x00, 0x00, 0x00, 
0x00, 0x00, 0x04, 0xA6, 0x00, 0x00, 0x00, 0x11, 0x00, 0x00, 0x00, 0x0D, 0x00, 0x00, 0x00, 0x0E, 
0x00, 0x00, 0x00, 0x0D, 0x00, 0x00, 0x00, 0x01, 0x00, 0x00, 0x00, 0x00, 0x00, 0x00, 0x04, 0xA7, 
0x00, 0x00, 0x00, 0x0E, 0x00, 0x00, 0x00, 0x0B, 0x00, 0x00, 0x00, 0x0D, 0x00, 0x00, 0x00, 0x0A, 
0x00, 0x00, 0x00, 0x01, 0x00, 0x00, 0x00, 0x00, 0x00, 0x00, 0x04, 0xA8, 0x00, 0x00, 0x00, 0x0E, 
0x00, 0x00, 0x00, 0x0A, 0x00, 0x00, 0x00, 0x0C, 0x00, 0x00, 0x00, 0x0D, 0x00, 0x00, 0x00, 0x01, 
0x00, 0x00, 0x00, 0x00, 0x00, 0x00, 0x04, 0xA9, 0x00, 0x00, 0x00, 0x0A, 0x00, 0x00, 0x00, 0x09, 
0x00, 0x00, 0x00, 0x0A, 0x00, 0x00, 0x00, 0x0A, 0x00, 0x00, 0x00, 0x01, 0x00, 0x00, 0x00, 0x00, 
0x00, 0x00, 0x04, 0xAA, 0x00, 0x00, 0x00, 0x11, 0x00, 0x00, 0x00, 0x08, 0x00, 0x00, 0x00, 0x09, 
0x00, 0x00, 0x00, 0x0D, 0x00, 0x00, 0x00, 0x01, 0x00, 0x00, 0x00, 0x00, 0x00, 0x00, 0x04, 0xAB, 
0x00, 0x00, 0x00, 0x0E, 0x00, 0x00, 0x00, 0x06, 0x00, 0x00, 0x00, 0x07, 0x00, 0x00, 0x00, 0x0A, 
0x00, 0x00, 0x00, 0x01, 0x00, 0x00, 0x00, 0x00, 0x00, 0x00, 0x04, 0xAC, 0x00, 0x00, 0x00, 0x11, 
0x00, 0x00, 0x00, 0x07, 0x00, 0x00, 0x00, 0x09, 0x00, 0x00, 0x00, 0x0D, 0x00, 0x00, 0x00, 0x01, 
0x00, 0x00, 0x00, 0x00, 0x00, 0x00, 0x04, 0xAD, 0x00, 0x00, 0x00, 0x0E, 0x00, 0x00, 0x00, 0x06, 
0x00, 0x00, 0x00, 0x08, 0x00, 0x00, 0x00, 0x0A, 0x00, 0x00, 0x00, 0x01, 0x00, 0x00, 0x00, 0x00, 
0x00, 0x00, 0x04, 0xAE, 0x00, 0x00, 0x00, 0x0D, 0x00, 0x00, 0x00, 0x09, 0x00, 0x00, 0x00, 0x08, 
0x00, 0x00, 0x00, 0x0D, 0xFF, 0xFF, 0xFF, 0xFF, 0x00, 0x00, 0x00, 0x00, 0x00, 0x00, 0x04, 0xAF, 
0x00, 0x00, 0x00, 0x0E, 0x00, 0x00, 0x00, 0x08, 0x00, 0x00, 0x00, 0x07, 0x00, 0x00, 0x00, 0x0A, 
0x00, 0x00, 0x00, 0x00, 0x00, 0x00, 0x00, 0x00, 0x00, 0x00, 0x04, 0xB0, 0x00, 0x00, 0x00, 0x0D, 
0x00, 0x00, 0x00, 0x09, 0x00, 0x00, 0x00, 0x07, 0x00, 0x00, 0x00, 0x0D, 0xFF, 0xFF, 0xFF, 0xFF, 
0x00, 0x00, 0x00, 0x00, 0x00, 0x00, 0x04, 0xB1, 0x00, 0x00, 0x00, 0x0E, 0x00, 0x00, 0x00, 0x07, 
0x00, 0x00, 0x00, 0x07, 0x00, 0x00, 0x00, 0x0A, 0x00, 0x00, 0x00, 0x00, 0x00, 0x00, 0x00, 0x00, 
0x00, 0x00, 0x04, 0xB2, 0x00, 0x00, 0x00, 0x11, 0x00, 0x00, 0x00, 0x09, 0x00, 0x00, 0x00, 0x09, 
0x00, 0x00, 0x00, 0x0D, 0x00, 0x00, 0x00, 0x00, 0x00, 0x00, 0x00, 0x00, 0x00, 0x00, 0x04, 0xB3, 
0x00, 0x00, 0x00, 0x0E, 0x00, 0x00, 0x00, 0x08, 0x00, 0x00, 0x00, 0x08, 0x00, 0x00, 0x00, 0x0A, 
0x00, 0x00, 0x00, 0x00, 0x00, 0x00, 0x00, 0x00, 0x00, 0x00, 0x04, 0xB4, 0x00, 0x00, 0x00, 0x11, 
0x00, 0x00, 0x00, 0x0C, 0x00, 0x00, 0x00, 0x0D, 0x00, 0x00, 0x00, 0x0D, 0x00, 0x00, 0x00, 0x01, 
0x00, 0x00, 0x00, 0x00, 0x00, 0x00, 0x04, 0xB5, 0x00, 0x00, 0x00, 0x0E, 0x00, 0x00, 0x00, 0x0A, 
0x00, 0x00, 0x00, 0x0B, 0x00, 0x00, 0x00, 0x0A, 0x00, 0x00, 0x00, 0x01, 0x00, 0x00, 0x00, 0x00, 
0x00, 0x00, 0x04, 0xB6, 0x00, 0x00, 0x00, 0x11, 0x00, 0x00, 0x00, 0x09, 0x00, 0x00, 0x00, 0x0A, 
0x00, 0x00, 0x00, 0x0D, 0x00, 0x00, 0x00, 0x01, 0x00, 0x00, 0x00, 0x00, 0x00, 0x00, 0x04, 0xB7, 
0x00, 0x00, 0x00, 0x0E, 0x00, 0x00, 0x00, 0x08, 0x00, 0x00, 0x00, 0x09, 0x00, 0x00, 0x00, 0x0A, 
0x00, 0x00, 0x00, 0x01, 0x00, 0x00, 0x00, 0x00, 0x00, 0x00, 0x04, 0xB8, 0x00, 0x00, 0x00, 0x0D, 
0x00, 0x00, 0x00, 0x08, 0x00, 0x00, 0x00, 0x0A, 0x00, 0x00, 0x00, 0x0D, 0x00, 0x00, 0x00, 0x01, 
0x00, 0x00, 0x00, 0x00, 0x00, 0x00, 0x04, 0xB9, 0x00, 0x00, 0x00, 0x0A, 0x00, 0x00, 0x00, 0x07, 
0x00, 0x00, 0x00, 0x09, 0x00, 0x00, 0x00, 0x0A, 0x00, 0x00, 0x00, 0x01, 0x00, 0x00, 0x00, 0x00, 
0x00, 0x00, 0x04, 0xBA, 0x00, 0x00, 0x00, 0x0D, 0x00, 0x00, 0x00, 0x08, 0x00, 0x00, 0x00, 0x0A, 
0x00, 0x00, 0x00, 0x0D, 0x00, 0x00, 0x00, 0x01, 0x00, 0x00, 0x00, 0x00, 0x00, 0x00, 0x04, 0xBB, 
0x00, 0x00, 0x00, 0x0E, 0x00, 0x00, 0x00, 0x07, 0x00, 0x00, 0x00, 0x09, 0x00, 0x00, 0x00, 0x0E, 
0x00, 0x00, 0x00, 0x01, 0x00, 0x00, 0x00, 0x00, 0x00, 0x00, 0x04, 0xBC, 0x00, 0x00, 0x00, 0x0D, 
0x00, 0x00, 0x00, 0x0B, 0x00, 0x00, 0x00, 0x0D, 0x00, 0x00, 0x00, 0x0D, 0x00, 0x00, 0x00, 0x01, 
0x00, 0x00, 0x00, 0x00, 0x00, 0x00, 0x04, 0xBD, 0x00, 0x00, 0x00, 0x0A, 0x00, 0x00, 0x00, 0x09, 
0x00, 0x00, 0x00, 0x0B, 0x00, 0x00, 0x00, 0x0A, 0x00, 0x00, 0x00, 0x01, 0x00, 0x00, 0x00, 0x00, 
0x00, 0x00, 0x04, 0xBE, 0x00, 0x00, 0x00, 0x11, 0x00, 0x00, 0x00, 0x0B, 0x00, 0x00, 0x00, 0x0D, 
0x00, 0x00, 0x00, 0x0D, 0x00, 0x00, 0x00, 0x01, 0x00, 0x00, 0x00, 0x00, 0x00, 0x00, 0x04, 0xBF, 
0x00, 0x00, 0x00, 0x0E, 0x00, 0x00, 0x00, 0x09, 0x00, 0x00, 0x00, 0x0B, 0x00, 0x00, 0x00, 0x0A, 
0x00, 0x00, 0x00, 0x01, 0x00, 0x00, 0x00, 0x00, 0x00, 0x00, 0x04, 0xC0, 0x00, 0x00, 0x00, 0x0D, 
0x00, 0x00, 0x00, 0x04, 0x00, 0x00, 0x00, 0x06, 0x00, 0x00, 0x00, 0x0D, 0x00, 0x00, 0x00, 0x01, 
0x00, 0x00, 0x00, 0x00, 0x00, 0x00, 0x04, 0xC1, 0x00, 0x00, 0x00, 0x11, 0x00, 0x00, 0x00, 0x0D, 
0x00, 0x00, 0x00, 0x0C, 0x00, 0x00, 0x00, 0x11, 0xFF, 0xFF, 0xFF, 0xFF, 0x00, 0x00, 0x00, 0x00, 
0x00, 0x00, 0x04, 0xC2, 0x00, 0x00, 0x00, 0x0E, 0x00, 0x00, 0x00, 0x0C, 0x00, 0x00, 0x00, 0x0B, 
0x00, 0x00, 0x00, 0x0E, 0x00, 0x00, 0x00, 0x00, 0x00, 0x00, 0x00, 0x00, 0x00, 0x00, 0x04, 0xC3, 
0x00, 0x00, 0x00, 0x11, 0x00, 0x00, 0x00, 0x08, 0x00, 0x00, 0x00, 0x09, 0x00, 0x00, 0x00, 0x0D, 
0x00, 0x00, 0x00, 0x01, 0x00, 0x00, 0x00, 0x00, 0x00, 0x00, 0x04, 0xC4, 0x00, 0x00, 0x00, 0x0E, 
0x00, 0x00, 0x00, 0x07, 0x00, 0x00, 0x00, 0x08, 0x00, 0x00, 0x00, 0x0A, 0x00, 0x00, 0x00, 0x01, 
0x00, 0x00, 0x00, 0x00, 0x00, 0x00, 0x04, 0xC5, 0x00, 0x00, 0x00, 0x11, 0x00, 0x00, 0x00, 0x0A, 
0x00, 0x00, 0x00, 0x0A, 0x00, 0x00, 0x00, 0x0D, 0x00, 0x00, 0x00, 0x00, 0x00, 0x00, 0x00, 0x00, 
0x00, 0x00, 0x04, 0xC6, 0x00, 0x00, 0x00, 0x0E, 0x00, 0x00, 0x00, 0x09, 0x00, 0x00, 0x00, 0x0A, 
0x00, 0x00, 0x00, 0x0A, 0x00, 0x00, 0x00, 0x01, 0x00, 0x00, 0x00, 0x00, 0x00, 0x00, 0x04, 0xC7, 
0x00, 0x00, 0x00, 0x11, 0x00, 0x00, 0x00, 0x08, 0x00, 0x00, 0x00, 0x0A, 0x00, 0x00, 0x00, 0x0D, 
0x00, 0x00, 0x00, 0x01, 0x00, 0x00, 0x00, 0x00, 0x00, 0x00, 0x04, 0xC8, 0x00, 0x00, 0x00, 0x0E, 
0x00, 0x00, 0x00, 0x07, 0x00, 0x00, 0x00, 0x09, 0x00, 0x00, 0x00, 0x0A, 0x00, 0x00, 0x00, 0x01, 
0x00, 0x00, 0x00, 0x00, 0x00, 0x00, 0x04, 0xC9, 0x00, 0x00, 0x00, 0x11, 0x00, 0x00, 0x00, 0x09, 
0x00, 0x00, 0x00, 0x0A, 0x00, 0x00, 0x00, 0x0D, 0x00, 0x00, 0x00, 0x01, 0x00, 0x00, 0x00, 0x00, 
0x00, 0x00, 0x04, 0xCA, 0x00, 0x00, 0x00, 0x0E, 0x00, 0x00, 0x00, 0x08, 0x00, 0x00, 0x00, 0x09, 
0x00, 0x00, 0x00, 0x0A, 0x00, 0x00, 0x00, 0x01, 0x00, 0x00, 0x00, 0x00, 0x00, 0x00, 0x04, 0xCB, 
0x00, 0x00, 0x00, 0x11, 0x00, 0x00, 0x00, 0x08, 0x00, 0x00, 0x00, 0x0A, 0x00, 0x00, 0x00, 0x0D, 
0x00, 0x00, 0x00, 0x01, 0x00, 0x00, 0x00, 0x00, 0x00, 0x00, 0x04, 0xCC, 0x00, 0x00, 0x00, 0x0E, 
0x00, 0x00, 0x00, 0x07, 0x00, 0x00, 0x00, 0x09, 0x00, 0x00, 0x00, 0x0A, 0x00, 0x00, 0x00, 0x01, 
0x00, 0x00, 0x00, 0x00, 0x00, 0x00, 0x04, 0xCD, 0x00, 0x00, 0x00, 0x11, 0x00, 0x00, 0x00, 0x0C, 
0x00, 0x00, 0x00, 0x0D, 0x00, 0x00, 0x00, 0x0D, 0x00, 0x00, 0x00, 0x01, 0x00, 0x00, 0x00, 0x00, 
0x00, 0x00, 0x04, 0xCE, 0x00, 0x00, 0x00, 0x0E, 0x00, 0x00, 0x00, 0x0A, 0x00, 0x00, 0x00, 0x0B, 
0x00, 0x00, 0x00, 0x0A, 0x00, 0x00, 0x00, 0x01, 0x00, 0x00, 0x00, 0x00, 0x00, 0x00, 0x04, 0xCF, 
0x00, 0x00, 0x00, 0x0D, 0x00, 0x00, 0x00, 0x04, 0x00, 0x00, 0x00, 0x06, 0x00, 0x00, 0x00, 0x0D, 
0x00, 0x00, 0x00, 0x01, 0x00, 0x00, 0x00, 0x00, 0x00, 0x00, 0x04, 0xD0, 0x00, 0x00, 0x00, 0x11, 
0x00, 0x00, 0x00, 0x09, 0x00, 0x00, 0x00, 0x09, 0x00, 0x00, 0x00, 0x11, 0x00, 0x00, 0x00, 0x00, 
0x00, 0x00, 0x00, 0x00, 0x00, 0x00, 0x04, 0xD1, 0x00, 0x00, 0x00, 0x0E, 0x00, 0x00, 0x00, 0x06, 
0x00, 0x00, 0x00, 0x08, 0x00, 0x00, 0x00, 0x0E, 0x00, 0x00, 0x00, 0x01, 0x00, 0x00, 0x00, 0x00, 
0x00, 0x00, 0x04, 0xD2, 0x00, 0x00, 0x00, 0x11, 0x00, 0x00, 0x00, 0x0A, 0x00, 0x00, 0x00, 0x09, 
0x00, 0x00, 0x00, 0x11, 0xFF, 0xFF, 0xFF, 0xFF, 0x00, 0x00, 0x00, 0x00, 0x00, 0x00, 0x04, 0xD3, 
0x00, 0x00, 0x00, 0x0D, 0x00, 0x00, 0x00, 0x06, 0x00, 0x00, 0x00, 0x08, 0x00, 0x00, 0x00, 0x0D, 
0x00, 0x00, 0x00, 0x01, 0x00, 0x00, 0x00, 0x00, 0x00, 0x00, 0x04, 0xD4, 0x00, 0x00, 0x00, 0x0D, 
0x00, 0x00, 0x00, 0x0C, 0x00, 0x00, 0x00, 0x0C, 0x00, 0x00, 0x00, 0x0D, 0x00, 0x00, 0x00, 0x00, 
0x00, 0x00, 0x00, 0x00, 0x00, 0x00, 0x04, 0xD5, 0x00, 0x00, 0x00, 0x0A, 0x00, 0x00, 0x00, 0x0B, 
0x00, 0x00, 0x00, 0x0D, 0x00, 0x00, 0x00, 0x0A, 0x00, 0x00, 0x00, 0x01, 0x00, 0x00, 0x00, 0x00, 
0x00, 0x00, 0x04, 0xD6, 0x00, 0x00, 0x00, 0x11, 0x00, 0x00, 0x00, 0x06, 0x00, 0x00, 0x00, 0x07, 
0x00, 0x00, 0x00, 0x11, 0x00, 0x00, 0x00, 0x01, 0x00, 0x00, 0x00, 0x00, 0x00, 0x00, 0x04, 0xD7, 
0x00, 0x00, 0x00, 0x0E, 0x00, 0x00, 0x00, 0x07, 0x00, 0x00, 0x00, 0x08, 0x00, 0x00, 0x00, 0x0E, 
0x00, 0x00, 0x00, 0x01, 0x00, 0x00, 0x00, 0x00, 0x00, 0x00, 0x04, 0xD8, 0x00, 0x00, 0x00, 0x0D, 
0x00, 0x00, 0x00, 0x09, 0x00, 0x00, 0x00, 0x0A, 0x00, 0x00, 0x00, 0x0D, 0x00, 0x00, 0x00, 0x01, 
0x00, 0x00, 0x00, 0x00, 0x00, 0x00, 0x04, 0xD9, 0x00, 0x00, 0x00, 0x0A, 0x00, 0x00, 0x00, 0x07, 
0x00, 0x00, 0x00, 0x08, 0x00, 0x00, 0x00, 0x0A, 0x00, 0x00, 0x00, 0x01, 0x00, 0x00, 0x00, 0x00, 
0x00, 0x00, 0x04, 0xDA, 0x00, 0x00, 0x00, 0x11, 0x00, 0x00, 0x00, 0x09, 0x00, 0x00, 0x00, 0x0A, 
0x00, 0x00, 0x00, 0x11, 0x00, 0x00, 0x00, 0x01, 0x00, 0x00, 0x00, 0x00, 0x00, 0x00, 0x04, 0xDB, 
0x00, 0x00, 0x00, 0x0D, 0x00, 0x00, 0x00, 0x07, 0x00, 0x00, 0x00, 0x08, 0x00, 0x00, 0x00, 0x0D, 
0x00, 0x00, 0x00, 0x01, 0x00, 0x00, 0x00, 0x00, 0x00, 0x00, 0x04, 0xDC, 0x00, 0x00, 0x00, 0x11, 
0x00, 0x00, 0x00, 0x0D, 0x00, 0x00, 0x00, 0x0C, 0x00, 0x00, 0x00, 0x11, 0x00, 0x00, 0x00, 0x00, 
0x00, 0x00, 0x00, 0x00, 0x00, 0x00, 0x04, 0xDD, 0x00, 0x00, 0x00, 0x0D, 0x00, 0x00, 0x00, 0x0C, 
0x00, 0x00, 0x00, 0x0B, 0x00, 0x00, 0x00, 0x0D, 0xFF, 0xFF, 0xFF, 0xFF, 0x00, 0x00, 0x00, 0x00, 
0x00, 0x00, 0x04, 0xDE, 0x00, 0x00, 0x00, 0x11, 0x00, 0x00, 0x00, 0x07, 0x00, 0x00, 0x00, 0x08, 
0x00, 0x00, 0x00, 0x11, 0x00, 0x00, 0x00, 0x01, 0x00, 0x00, 0x00, 0x00, 0x00, 0x00, 0x04, 0xDF, 
0x00, 0x00, 0x00, 0x0D, 0x00, 0x00, 0x00, 0x07, 0x00, 0x00, 0x00, 0x07, 0x00, 0x00, 0x00, 0x0D, 
0x00, 0x00, 0x00, 0x00, 0x00, 0x00, 0x00, 0x00, 0x00, 0x00, 0x04, 0xE0, 0x00, 0x00, 0x00, 0x0D, 
0x00, 0x00, 0x00, 0x08, 0x00, 0x00, 0x00, 0x08, 0x00, 0x00, 0x00, 0x0D, 0x00, 0x00, 0x00, 0x00, 
0x00, 0x00, 0x00, 0x00, 0x00, 0x00, 0x04, 0xE1, 0x00, 0x00, 0x00, 0x0E, 0x00, 0x00, 0x00, 0x07, 
0x00, 0x00, 0x00, 0x08, 0x00, 0x00, 0x00, 0x0A, 0x00, 0x00, 0x00, 0x00, 0x00, 0x00, 0x00, 0x00, 
0x00, 0x00, 0x04, 0xE2, 0x00, 0x00, 0x00, 0x10, 0x00, 0x00, 0x00, 0x08, 0x00, 0x00, 0x00, 0x0A, 
0x00, 0x00, 0x00, 0x10, 0x00, 0x00, 0x00, 0x01, 0x00, 0x00, 0x00, 0x00, 0x00, 0x00, 0x04, 0xE3, 
0x00, 0x00, 0x00, 0x0D, 0x00, 0x00, 0x00, 0x07, 0x00, 0x00, 0x00, 0x09, 0x00, 0x00, 0x00, 0x0D, 
0x00, 0x00, 0x00, 0x01, 0x00, 0x00, 0x00, 0x00, 0x00, 0x00, 0x04, 0xE4, 0x00, 0x00, 0x00, 0x11, 
0x00, 0x00, 0x00, 0x08, 0x00, 0x00, 0x00, 0x0A, 0x00, 0x00, 0x00, 0x11, 0x00, 0x00, 0x00, 0x01, 
0x00, 0x00, 0x00, 0x00, 0x00, 0x00, 0x04, 0xE5, 0x00, 0x00, 0x00, 0x0D, 0x00, 0x00, 0x00, 0x07, 
0x00, 0x00, 0x00, 0x09, 0x00, 0x00, 0x00, 0x0D, 0x00, 0x00, 0x00, 0x01, 0x00, 0x00, 0x00, 0x00, 
0x00, 0x00, 0x04, 0xE6, 0x00, 0x00, 0x00, 0x11, 0x00, 0x00, 0x00, 0x09, 0x00, 0x00, 0x00, 0x0B, 
0x00, 0x00, 0x00, 0x11, 0x00, 0x00, 0x00, 0x01, 0x00, 0x00, 0x00, 0x00, 0x00, 0x00, 0x04, 0xE7, 
0x00, 0x00, 0x00, 0x0D, 0x00, 0x00, 0x00, 0x07, 0x00, 0x00, 0x00, 0x09, 0x00, 0x00, 0x00, 0x0D, 
0x00, 0x00, 0x00, 0x01, 0x00, 0x00, 0x00, 0x00, 0x00, 0x00, 0x04, 0xE8, 0x00, 0x00, 0x00, 0x0D, 
0x00, 0x00, 0x00, 0x09, 0x00, 0x00, 0x00, 0x0B, 0x00, 0x00, 0x00, 0x0D, 0x00, 0x00, 0x00, 0x01, 
0x00, 0x00, 0x00, 0x00, 0x00, 0x00, 0x04, 0xE9, 0x00, 0x00, 0x00, 0x0A, 0x00, 0x00, 0x00, 0x07, 
0x00, 0x00, 0x00, 0x09, 0x00, 0x00, 0x00, 0x0A, 0x00, 0x00, 0x00, 0x01, 0x00, 0x00, 0x00, 0x00, 
0x00, 0x00, 0x04, 0xEA, 0x00, 0x00, 0x00, 0x11, 0x00, 0x00, 0x00, 0x09, 0x00, 0x00, 0x00, 0x0B, 
0x00, 0x00, 0x00, 0x11, 0x00, 0x00, 0x00, 0x01, 0x00, 0x00, 0x00, 0x00, 0x00, 0x00, 0x04, 0xEB, 
0x00, 0x00, 0x00, 0x0D, 0x00, 0x00, 0x00, 0x07, 0x00, 0x00, 0x00, 0x09, 0x00, 0x00, 0x00, 0x0D, 
0x00, 0x00, 0x00, 0x01, 0x00, 0x00, 0x00, 0x00, 0x00, 0x00, 0x04, 0xEC, 0x00, 0x00, 0x00, 0x11, 
0x00, 0x00, 0x00, 0x08, 0x00, 0x00, 0x00, 0x09, 0x00, 0x00, 0x00, 0x11, 0x00, 0x00, 0x00, 0x00, 
0x00, 0x00, 0x00, 0x00, 0x00, 0x00, 0x04, 0xED, 0x00, 0x00, 0x00, 0x0D, 0x00, 0x00, 0x00, 0x06, 
0x00, 0x00, 0x00, 0x07, 0x00, 0x00, 0x00, 0x0D, 0x00, 0x00, 0x00, 0x01, 0x00, 0x00, 0x00, 0x00, 
0x00, 0x00, 0x04, 0xEE, 0x00, 0x00, 0x00, 0x11, 0x00, 0x00, 0x00, 0x09, 0x00, 0x00, 0x00, 0x09, 
0x00, 0x00, 0x00, 0x11, 0x00, 0x00, 0x00, 0x00, 0x00, 0x00, 0x00, 0x00, 0x00, 0x00, 0x04, 0xEF, 
0x00, 0x00, 0x00, 0x12, 0x00, 0x00, 0x00, 0x09, 0x00, 0x00, 0x00, 0x08, 0x00, 0x00, 0x00, 0x0E, 
0x00, 0x00, 0x00, 0x00, 0x00, 0x00, 0x00, 0x00, 0x00, 0x00, 0x04, 0xF0, 0x00, 0x00, 0x00, 0x11, 
0x00, 0x00, 0x00, 0x09, 0x00, 0x00, 0x00, 0x08, 0x00, 0x00, 0x00, 0x11, 0x00, 0x00, 0x00, 0x00, 
0x00, 0x00, 0x00, 0x00, 0x00, 0x00, 0x04, 0xF1, 0x00, 0x00, 0x00, 0x11, 0x00, 0x00, 0x00, 0x08, 
0x00, 0x00, 0x00, 0x08, 0x00, 0x00, 0x00, 0x0D, 0x00, 0x00, 0x00, 0x00, 0x00, 0x00, 0x00, 0x00, 
0x00, 0x00, 0x04, 0xF2, 0x00, 0x00, 0x00, 0x11, 0x00, 0x00, 0x00, 0x09, 0x00, 0x00, 0x00, 0x08, 
0x00, 0x00, 0x00, 0x11, 0x00, 0x00, 0x00, 0x00, 0x00, 0x00, 0x00, 0x00, 0x00, 0x00, 0x04, 0xF3, 
0x00, 0x00, 0x00, 0x12, 0x00, 0x00, 0x00, 0x09, 0x00, 0x00, 0x00, 0x07, 0x00, 0x00, 0x00, 0x0E, 
0xFF, 0xFF, 0xFF, 0xFF, 0x00, 0x00, 0x00, 0x00, 0x00, 0x00, 0x04, 0xF4, 0x00, 0x00, 0x00, 0x11, 
0x00, 0x00, 0x00, 0x08, 0x00, 0x00, 0x00, 0x0A, 0x00, 0x00, 0x00, 0x11, 0x00, 0x00, 0x00, 0x01, 
0x00, 0x00, 0x00, 0x00, 0x00, 0x00, 0x04, 0xF5, 0x00, 0x00, 0x00, 0x0D, 0x00, 0x00, 0x00, 0x07, 
0x00, 0x00, 0x00, 0x09, 0x00, 0x00, 0x00, 0x0D, 0x00, 0x00, 0x00, 0x01, 0x00, 0x00, 0x00, 0x00, 
0x00, 0x00, 0x04, 0xF6, 0x00, 0x00, 0x00, 0x11, 0x00, 0x00, 0x00, 0x06, 0x00, 0x00, 0x00, 0x07, 
0x00, 0x00, 0x00, 0x0D, 0x00, 0x00, 0x00, 0x01, 0x00, 0x00, 0x00, 0x00, 0x00, 0x00, 0x04, 0xF7, 
0x00, 0x00, 0x00, 0x0E, 0x00, 0x00, 0x00, 0x05, 0x00, 0x00, 0x00, 0x06, 0x00, 0x00, 0x00, 0x0A, 
0x00, 0x00, 0x00, 0x01, 0x00, 0x00, 0x00, 0x00, 0x00, 0x00, 0x04, 0xF8, 0x00, 0x00, 0x00, 0x11, 
0x00, 0x00, 0x00, 0x0A, 0x00, 0x00, 0x00, 0x0C, 0x00, 0x00, 0x00, 0x11, 0x00, 0x00, 0x00, 0x01, 
0x00, 0x00, 0x00, 0x00, 0x00, 0x00, 0x04, 0xF9, 0x00, 0x00, 0x00, 0x0D, 0x00, 0x00, 0x00, 0x09, 
0x00, 0x00, 0x00, 0x0B, 0x00, 0x00, 0x00, 0x0D, 0x00, 0x00, 0x00, 0x01, 0x00, 0x00, 0x00, 0x00, 
0x00, 0x00, 0x04, 0xFA, 0x00, 0x00, 0x00, 0x11, 0x00, 0x00, 0x00, 0x07, 0x00, 0x00, 0x00, 0x08, 
0x00, 0x00, 0x00, 0x0D, 0x00, 0x00, 0x00, 0x01, 0x00, 0x00, 0x00, 0x00, 0x00, 0x00, 0x04, 0xFB, 
0x00, 0x00, 0x00, 0x0E, 0x00, 0x00, 0x00, 0x07, 0x00, 0x00, 0x00, 0x08, 0x00, 0x00, 0x00, 0x0A, 
0x00, 0x00, 0x00, 0x01, 0x00, 0x00, 0x00, 0x00, 0x00, 0x00, 0x04, 0xFC, 0x00, 0x00, 0x00, 0x11, 
0x00, 0x00, 0x00, 0x09, 0x00, 0x00, 0x00, 0x09, 0x00, 0x00, 0x00, 0x0D, 0x00, 0x00, 0x00, 0x00, 
0x00, 0x00, 0x00, 0x00, 0x00, 0x00, 0x04, 0xFD, 0x00, 0x00, 0x00, 0x0E, 0x00, 0x00, 0x00, 0x08, 
0x00, 0x00, 0x00, 0x08, 0x00, 0x00, 0x00, 0x0A, 0x00, 0x00, 0x00, 0x00, 0x00, 0x00, 0x00, 0x00, 
0x00, 0x00, 0x04, 0xFE, 0x00, 0x00, 0x00, 0x0D, 0x00, 0x00, 0x00, 0x08, 0x00, 0x00, 0x00, 0x08, 
0x00, 0x00, 0x00, 0x0D, 0x00, 0x00, 0x00, 0x00, 0x00, 0x00, 0x00, 0x00, 0x00, 0x00, 0x04, 0xFF, 
0x00, 0x00, 0x00, 0x0A, 0x00, 0x00, 0x00, 0x08, 0x00, 0x00, 0x00, 0x08, 0x00, 0x00, 0x00, 0x0A, 
0x00, 0x00, 0x00, 0x00, 0x00, 0x00, 0x00, 0x00, 0x00, 0x00, 0x00, 0x00, 0x00, 0xFF, 0x84, 0xFF, 
0x84, 0xFF, 0x84, 0xFF, 0x84, 0xFF, 0x84, 0xFF, 0x84, 0xFF, 0x84, 0xFF, 0x84, 0xFF, 0x84, 0x00, 
0x00, 0x15, 0x03, 0xEE, 0x71, 0xD9, 0x5F, 0xFF, 0x84, 0x00, 0xFF, 0x84, 0xFF, 0x84, 0x00, 0xFF, 
0x84, 0xFF, 0x84, 0x00, 0xFF, 0x84, 0xFF, 0x84, 0x00, 0xFF, 0x84, 0xFF, 0x84, 0x00, 0xFF, 0x84, 
0x00, 0x00, 0x6D, 0xDE, 0x00, 0x0E, 0xFF, 0x2E, 0x00, 0x00, 0x90, 0xB9, 0x00, 0x30, 0xFF, 0x0C, 
0x00, 0x00, 0xB0, 0x96, 0x00, 0x54, 0xE8, 0x00, 0x00, 0x00, 0xD4, 0x72, 0x00, 0x77, 0xC5, 0x00, 
0xFF, 0xFF, 0xFF, 0xFF, 0xFF, 0xFF, 0xFF, 0xFF, 0x30, 0x4D, 0xFF, 0x4A, 0x30, 0xD7, 0x90, 0x30, 
0x00, 0x48, 0xF8, 0x02, 0x01, 0xF3, 0x50, 0x00, 0x10, 0x77, 0xD6, 0x10, 0x2A, 0xFF, 0x35, 0x10, 
0xFF, 0xFF, 0xFF, 0xFF, 0xFF, 0xFF, 0xFF, 0xFF, 0x40, 0xCE, 0xA1, 0x40, 0x93, 0xE0, 0x40, 0x40, 
0x00, 0xE0, 0x5E, 0x00, 0x93, 0xB3, 0x00, 0x00, 0x09, 0xFE, 0x37, 0x00, 0xBC, 0x8B, 0x00, 0x00, 
0x2D, 0xFF, 0x10, 0x00, 0xE4, 0x64, 0x00, 0x00, 0x00, 0x00, 0x84, 0xFF, 0x00, 0x00, 0x00, 0x00, 
0x20, 0xB0, 0xFF, 0x5F, 0x21, 0x00, 0x47, 0xF8, 0xFF, 0xFF, 0xF9, 0xFB, 0x13, 0xD1, 0xCC, 0x8B, 
0xFF, 0x08, 0x45, 0x00, 0xFC, 0x89, 0x84, 0xFF, 0x00, 0x00, 0x00, 0xE8, 0xAC, 0x84, 0xFF, 0x00, 
0x00, 0x00, 0x81, 0xFF, 0xDD, 0xFF, 0x05, 0x00, 0x00, 0x02, 0x79, 0xF1, 0xFF, 0xDC, 0x3E, 0x00, 
0x00, 0x00, 0x84, 0xFF, 0xBC, 0xF7, 0x25, 0x00, 0x00, 0x84, 0xFF, 0x19, 0xFF, 0x75, 0x00, 0x00, 
0x84, 0xFF, 0x0B, 0xFF, 0x7A, 0x92, 0x32, 0x8E, 0xFF, 0x7F, 0xFF, 0x37, 0xDC, 0xFF, 0xFF, 0xFF, 
0xF8, 0x76, 0x00, 0x01, 0x26, 0xA2, 0xFF, 0x0F, 0x00, 0x00, 0x00, 0x00, 0x84, 0xFF, 0x00, 0x00, 
0x00, 0x1E, 0xD2, 0xF6, 0x76, 0x00, 0x00, 0x00, 0xBA, 0x6D, 0x00, 0x00, 0x9C, 0xE2, 0x91, 0xFD, 
0x1E, 0x00, 0x21, 0xF6, 0x11, 0x00, 0x00, 0xDE, 0x9A, 0x19, 0xFF, 0x62, 0x00, 0x83, 0xA4, 0x00, 
0x00, 0x00, 0xF9, 0x87, 0x04, 0xFF, 0x7D, 0x04, 0xE4, 0x3F, 0x00, 0x00, 0x00, 0xFD, 0x86, 0x02, 
0xFF, 0x80, 0x4D, 0xD9, 0x01, 0x00, 0x00, 0x00, 0xE7, 0x95, 0x11, 0xFF, 0x6B, 0xB2, 0x75, 0x7A, 
0xEF, 0xC4, 0x16, 0xB0, 0xCF, 0x58, 0xFF, 0x4A, 0xF7, 0x3A, 0xFF, 0x6C, 0xDA, 0x98, 0x36, 0xF7, 
0xFF, 0xB0, 0x7B, 0xAC, 0x66, 0xFF, 0x11, 0x98, 0xE0, 0x00, 0x18, 0x36, 0x05, 0xDE, 0x46, 0x80, 
0xFF, 0x02, 0x86, 0xFB, 0x00, 0x00, 0x00, 0x44, 0xDF, 0x02, 0x7F, 0xFF, 0x03, 0x88, 0xFB, 0x00, 
0x00, 0x00, 0xA9, 0x7D, 0x00, 0x65, 0xFF, 0x19, 0x9A, 0xE1, 0x00, 0x00, 0x14, 0xF5, 0x1B, 0x00, 
0x21, 0xFE, 0x8C, 0xE2, 0x9B, 0x00, 0x00, 0x72, 0xB2, 0x00, 0x00, 0x00, 0x77, 0xF7, 0xCF, 0x1C, 
0x00, 0x28, 0xCA, 0xFA, 0xD1, 0x2D, 0x00, 0x00, 0x00, 0x00, 0x00, 0xC3, 0xE2, 0x5E, 0xE2, 0xC7, 
0x00, 0x00, 0x00, 0x00, 0x00, 0xFA, 0x8C, 0x00, 0x8C, 0xFA, 0x00, 0x00, 0x00, 0x00, 0x00, 0xF1, 
0x99, 0x00, 0x98, 0xEE, 0x00, 0x00, 0x00, 0x00, 0x00, 0xB2, 0xDE, 0x0F, 0xE6, 0xA0, 0x00, 0x00, 
0x00, 0x00, 0x00, 0x39, 0xFF, 0xE3, 0xE1, 0x17, 0x00, 0x00, 0x00, 0x00, 0x00, 0x4C, 0xF2, 0xFF, 
0x52, 0x00, 0x00, 0x00, 0x00, 0x00, 0x43, 0xFB, 0x4E, 0xA7, 0xDF, 0x12, 0x08, 0xFC, 0x7E, 0x00, 
0xCB, 0xB6, 0x00, 0x11, 0xE4, 0xB3, 0x44, 0xFF, 0x3E, 0x00, 0xFB, 0x88, 0x00, 0x00, 0x43, 0xFE, 
0xE9, 0xDB, 0x02, 0x00, 0xEC, 0xAA, 0x00, 0x00, 0x00, 0xC4, 0xFF, 0x76, 0x00, 0x00, 0x96, 0xFD, 
0x81, 0x59, 0xB1, 0xFC, 0xD2, 0xEB, 0x1C, 0x00, 0x0A, 0x9E, 0xF2, 0xF9, 0xC1, 0x3D, 0x1A, 0xF0, 
0xC1, 0x03, 0xFF, 0x84, 0xFF, 0x84, 0xFF, 0x84, 0xFF, 0x84, 0xFF, 0x84, 0x00, 0x06, 0xD0, 0x8A, 
0x00, 0x71, 0xF3, 0x10, 0x07, 0xE8, 0x92, 0x00, 0x51, 0xFF, 0x38, 0x00, 0x97, 0xF1, 0x03, 0x00, 
0xCB, 0xBC, 0x00, 0x00, 0xEB, 0x99, 0x00, 0x00, 0xFC, 0x88, 0x00, 0x00, 0xFE, 0x87, 0x00, 0x00, 
0xEE, 0x97, 0x00, 0x00, 0xCE, 0xB8, 0x00, 0x00, 0x9E, 0xEE, 0x02, 0x00, 0x56, 0xFF, 0x34, 0x00, 
0x09, 0xED, 0x8E, 0x00, 0x00, 0x79, 0xF0, 0x0E, 0x00, 0x07, 0xD4, 0x87, 0x17, 0xF1, 0x5C, 0x00, 
0x00, 0x00, 0x7C, 0xEB, 0x0C, 0x00, 0x00, 0x14, 0xF8, 0x73, 0x00, 0x00, 0x00, 0xB2, 0xD3, 0x00, 
0x00, 0x00, 0x6C, 0xFF, 0x1B, 0x00, 0x00, 0x37, 0xFF, 0x4D, 0x00, 0x00, 0x16, 0xFF, 0x6F, 0x00, 
0x00, 0x05, 0xFF, 0x80, 0x00, 0x00, 0x04, 0xFF, 0x82, 0x00, 0x00, 0x15, 0xFF, 0x71, 0x00, 0x00, 
0x37, 0xFF, 0x52, 0x00, 0x00, 0x6E, 0xFF, 0x21, 0x00, 0x00, 0xB3, 0xD9, 0x00, 0x00, 0x11, 0xF9, 
0x7A, 0x00, 0x00, 0x79, 0xEE, 0x0E, 0x00, 0x14, 0xEE, 0x5F, 0x00, 0x00, 0x00, 0x00, 0x00, 0xE7, 
0x90, 0x00, 0x00, 0x00, 0x00, 0x00, 0x00, 0xCD, 0x76, 0x00, 0x00, 0x00, 0x2F, 0xD6, 0x86, 0xCD, 
0x9D, 0xA2, 0xCA, 0x00, 0x29, 0x8D, 0xAB, 0xFF, 0xEA, 0x99, 0x84, 0x01, 0x00, 0x00, 0x9A, 0xC3, 
0xF5, 0x41, 0x00, 0x00, 0x00, 0x4A, 0xFF, 0x42, 0x95, 0xE4, 0x12, 0x00, 0x00, 0x17, 0x7D, 0x00, 
0x23, 0x6E, 0x04, 0x00, 0x00, 0x00, 0x84, 0xFF, 0x00, 0x00, 0x00, 0x00, 0x00, 0x84, 0xFF, 0x00, 
0x00, 0x00, 0x00, 0x00, 0x84, 0xFF, 0x00, 0x00, 0x00, 0x10, 0x10, 0x8C, 0xFF, 0x10, 0x10, 0x10, 
0xFF, 0xFF, 0xFF, 0xFF, 0xFF, 0xFF, 0xFF, 0x40, 0x40, 0xA3, 0xFF, 0x40, 0x40, 0x40, 0x00, 0x00, 
0x84, 0xFF, 0x00, 0x00, 0x00, 0x00, 0x00, 0x84, 0xFF, 0x00, 0x00, 0x00, 0x00, 0x00, 0x84, 0xFF, 
0x00, 0x00, 0x00, 0x00, 0x9B, 0xFF, 0x13, 0x00, 0xB9, 0xDC, 0x00, 0x00, 0xE2, 0x98, 0x00, 0x0F, 
0xFF, 0x4C, 0x00, 0x42, 0xEE, 0x07, 0x00, 0x10, 0x10, 0x10, 0x10, 0xFF, 0xFF, 0xFF, 0xFF, 0x40, 
0x40, 0x40, 0x40, 0x14, 0x03, 0xEC, 0x71, 0xD8, 0x5F, 0x00, 0x00, 0x00, 0x00, 0x52, 0xFD, 0x1A, 
0x00, 0x00, 0x00, 0x00, 0xAB, 0xBD, 0x00, 0x00, 0x00, 0x00, 0x0E, 0xF8, 0x62, 0x00, 0x00, 0x00, 
0x00, 0x61, 0xF9, 0x10, 0x00, 0x00, 0x00, 0x00, 0xBB, 0xAE, 0x00, 0x00, 0x00, 0x00, 0x19, 0xFD, 
0x54, 0x00, 0x00, 0x00, 0x00, 0x71, 0xF2, 0x09, 0x00, 0x00, 0x00, 0x00, 0xCA, 0x9F, 0x00, 0x00, 
0x00, 0x00, 0x25, 0xFF, 0x45, 0x00, 0x00, 0x00, 0x00, 0x7F, 0xE8, 0x03, 0x00, 0x00, 0x00, 0x00, 
0xDA, 0x92, 0x00, 0x00, 0x00, 0x00, 0x35, 0xFF, 0x37, 0x00, 0x00, 0x00, 0x00, 0x8F, 0xDC, 0x01, 
0x00, 0x00, 0x00, 0x00, 0x00, 0x51, 0xE0, 0xF8, 0xAF, 0x10, 0x00, 0x25, 0xFA, 0xA8, 0x63, 0xEE, 
0xA0, 0x00, 0x87, 0xF0, 0x09, 0x00, 0x76, 0xFB, 0x10, 0xC4, 0xB7, 0x00, 0x00, 0x33, 0xFF, 0x48, 
0xE7, 0x98, 0x00, 0x00, 0x14, 0xFF, 0x6B, 0xF9, 0x89, 0x00, 0x00, 0x06, 0xFF, 0x7D, 0xFF, 0x84, 
0x00, 0x00, 0x00, 0xFF, 0x83, 0xF9, 0x88, 0x00, 0x00, 0x06, 0xFF, 0x7D, 0xE9, 0x97, 0x00, 0x00, 
0x13, 0xFF, 0x6B, 0xC9, 0xB7, 0x00, 0x00, 0x33, 0xFF, 0x47, 0x8D, 0xEF, 0x08, 0x00, 0x73, 0xFB, 
0x0F, 0x2A, 0xFC, 0xA7, 0x62, 0xEB, 0xA2, 0x00, 0x00, 0x5A, 0xE2, 0xF9, 0xB0, 0x10, 0x00, 0x00, 
0x00, 0x5B, 0xFC, 0x84, 0x00, 0x68, 0xF8, 0xFF, 0x84, 0x6E, 0xFD, 0x5C, 0xFF, 0x84, 0x3C, 0x5A, 
0x00, 0xFF, 0x84, 0x00, 0x00, 0x00, 0xFF, 0x84, 0x00, 0x00, 0x00, 0xFF, 0x84, 0x00, 0x00, 0x00, 
0xFF, 0x84, 0x00, 0x00, 0x00, 0xFF, 0x84, 0x00, 0x00, 0x00, 0xFF, 0x84, 0x00, 0x00, 0x00, 0xFF, 
0x84, 0x00, 0x00, 0x00, 0xFF, 0x84, 0x00, 0x00, 0x00, 0xFF, 0x84, 0x00, 0x00, 0x00, 0xFF, 0x84, 
0x20, 0xA7, 0xF0, 0xFC, 0xCB, 0x3F, 0x00, 0xA8, 0xD6, 0x6B, 0x5B, 0xCE, 0xF5, 0x1D, 0x10, 0x09, 
0x00, 0x00, 0x26, 0xFF, 0x6E, 0x00, 0x00, 0x00, 0x00, 0x04, 0xFF, 0x80, 0x00, 0x00, 0x00, 0x00, 
0x23, 0xFF, 0x67, 0x00, 0x00, 0x00, 0x00, 0x76, 0xFF, 0x23, 0x00, 0x00, 0x00, 0x17, 0xEE, 0xA8, 
0x00, 0x00, 0x00, 0x01, 0xB2, 0xED, 0x18, 0x00, 0x00, 0x00, 0x6C, 0xFF, 0x4C, 0x00, 0x00, 0x00, 
0x34, 0xF9, 0x8A, 0x00, 0x00, 0x00, 0x11, 0xDF, 0xC5, 0x04, 0x00, 0x00, 0x00, 0xB0, 0xFE, 0x6C, 
0x50, 0x50, 0x50, 0x50, 0xFF, 0xFF, 0xFF, 0xFF, 0xFF, 0xFF, 0xFF, 0x2C, 0xAE, 0xF0, 0xFD, 0xD5, 
0x59, 0x00, 0xB9, 0xAA, 0x5E, 0x5A, 0xC0, 0xFF, 0x37, 0x03, 0x00, 0x00, 0x00, 0x13, 0xFF, 0x7D, 
0x00, 0x00, 0x00, 0x00, 0x1C, 0xFF, 0x65, 0x00, 0x09, 0x13, 0x3C, 0xC6, 0xC8, 0x08, 0x00, 0x8C, 
0xFF, 0xFF, 0xB0, 0x09, 0x00, 0x00, 0x23, 0x44, 0x78, 0xF0, 0xBB, 0x02, 0x00, 0x00, 0x00, 0x00, 
0x4F, 0xFF, 0x4B, 0x00, 0x00, 0x00, 0x00, 0x08, 0xFF, 0x7D, 0x00, 0x00, 0x00, 0x00, 0x0E, 0xFF, 
0x7A, 0x06, 0x00, 0x00, 0x00, 0x56, 0xFF, 0x48, 0xDD, 0x7F, 0x56, 0x73, 0xEF, 0xCB, 0x03, 0x9E, 
0xE3, 0xFD, 0xEF, 0xA1, 0x15, 0x00, 0x00, 0x00, 0x00, 0x03, 0xD9, 0xFF, 0x00, 0x00, 0x00, 0x00, 
0x00, 0x58, 0xFE, 0xFF, 0x00, 0x00, 0x00, 0x00, 0x02, 0xD3, 0xB9, 0xFF, 0x00, 0x00, 0x00, 0x00, 
0x51, 0xD0, 0x84, 0xFF, 0x00, 0x00, 0x00, 0x01, 0xCF, 0x5D, 0x84, 0xFF, 0x00, 0x00, 0x00, 0x4C, 
0xE1, 0x05, 0x84, 0xFF, 0x00, 0x00, 0x00, 0xC9, 0x73, 0x00, 0x84, 0xFF, 0x00, 0x00, 0x47, 0xF0, 
0x0D, 0x00, 0x84, 0xFF, 0x00, 0x00, 0xC4, 0x92, 0x10, 0x10, 0x8C, 0xFF, 0x10, 0x10, 0xFF, 0xFF, 
0xFF, 0xFF, 0xFF, 0xFF, 0xFF, 0xFF, 0x40, 0x40, 0x40, 0x40, 0xA3, 0xFF, 0x40, 0x40, 0x00, 0x00, 
0x00, 0x00, 0x84, 0xFF, 0x00, 0x00, 0x00, 0x00, 0x00, 0x00, 0x84, 0xFF, 0x00, 0x00, 0x00, 0xFF, 
0xFF, 0xFF, 0xFF, 0xFF, 0x00, 0x00, 0xFF, 0xA4, 0x50, 0x50, 0x50, 0x00, 0x00, 0xFF, 0x6A, 0x00, 
0x00, 0x00, 0x00, 0x00, 0xFF, 0x5A, 0x00, 0x00, 0x00, 0x00, 0x00, 0xFF, 0x46, 0x0C, 0x02, 0x00, 
0x00, 0x00, 0xFF, 0xF6, 0xFF, 0xF5, 0x89, 0x02, 0x00, 0x5D, 0x50, 0x48, 0x9F, 0xFF, 0x76, 0x00, 
0x00, 0x00, 0x00, 0x00, 0xC3, 0xDA, 0x00, 0x00, 0x00, 0x00, 0x00, 0x8B, 0xFC, 0x00, 0x00, 0x00, 
0x00, 0x00, 0x96, 0xF1, 0x01, 0x00, 0x00, 0x00, 0x0B, 0xE3, 0xB5, 0x76, 0x98, 0x5E, 0x5D, 0xC8, 
0xFA, 0x36, 0x46, 0xD0, 0xF8, 0xF9, 0xC5, 0x40, 0x00, 0x00, 0x06, 0x84, 0xE5, 0xFC, 0xB7, 0x00, 
0x00, 0xA3, 0xFA, 0x89, 0x56, 0x57, 0x00, 0x38, 0xFF, 0x69, 0x00, 0x00, 0x00, 0x00, 0x8E, 0xEB, 
0x04, 0x00, 0x00, 0x00, 0x00, 0xC7, 0xB1, 0x00, 0x08, 0x02, 0x00, 0x00, 0xE8, 0x95, 0xA9, 0xFE, 
0xED, 0x53, 0x00, 0xF9, 0xEB, 0x85, 0x49, 0xC7, 0xF5, 0x15, 0xFE, 0xB7, 0x00, 0x00, 0x32, 0xFF, 
0x5F, 0xF5, 0x89, 0x00, 0x00, 0x05, 0xFF, 0x7F, 0xD5, 0xA3, 0x00, 0x00, 0x0A, 0xFF, 0x7A, 0x92, 
0xE9, 0x07, 0x00, 0x3E, 0xFF, 0x4E, 0x26, 0xF8, 0xAA, 0x5C, 0xD7, 0xDF, 0x06, 0x00, 0x4A, 0xDA, 
0xFB, 0xC6, 0x2B, 0x00, 0xFF, 0xFF, 0xFF, 0xFF, 0xFF, 0xFF, 0xFF, 0x50, 0x50, 0x50, 0x50, 0x50, 
0xCE, 0xDA, 0x00, 0x00, 0x00, 0x00, 0x0E, 0xF7, 0x82, 0x00, 0x00, 0x00, 0x00, 0x5F, 0xFF, 0x2A, 
0x00, 0x00, 0x00, 0x00, 0xBB, 0xD2, 0x00, 0x00, 0x00, 0x00, 0x18, 0xFD, 0x78, 0x00, 0x00, 0x00, 
0x00, 0x71, 0xFF, 0x21, 0x00, 0x00, 0x00, 0x00, 0xCB, 0xC7, 0x00, 0x00, 0x00, 0x00, 0x26, 0xFF, 
0x6E, 0x00, 0x00, 0x00, 0x00, 0x81, 0xFD, 0x19, 0x00, 0x00, 0x00, 0x01, 0xDB, 0xBE, 0x00, 0x00, 
0x00, 0x00, 0x37, 0xFF, 0x65, 0x00, 0x00, 0x00, 0x00, 0x92, 0xFA, 0x12, 0x00, 0x00, 0x00, 0x00, 
0x55, 0xD8, 0xFE, 0xDC, 0x58, 0x00, 0x2E, 0xFD, 0xB8, 0x58, 0xB8, 0xFD, 0x2F, 0x7A, 0xFF, 0x17, 
0x00, 0x16, 0xFF, 0x7A, 0x75, 0xFF, 0x0B, 0x00, 0x0B, 0xFF, 0x75, 0x2A, 0xFD, 0x6F, 0x00, 0x6C, 
0xFC, 0x28, 0x00, 0x76, 0xFD, 0xA9, 0xF9, 0x66, 0x00, 0x00, 0x3C, 0xEC, 0xFC, 0xDC, 0x2D, 0x00, 
0x3F, 0xFA, 0x83, 0x17, 0xB1, 0xF5, 0x38, 0xCD, 0xC2, 0x00, 0x00, 0x05, 0xD2, 0xCD, 0xFB, 0x89, 
0x00, 0x00, 0x00, 0x8B, 0xFC, 0xE8, 0xB1, 0x00, 0x00, 0x00, 0xB6, 0xE4, 0x89, 0xFF, 0x91, 0x55, 
0x92, 0xFF, 0x7C, 0x04, 0x82, 0xE2, 0xFE, 0xE4, 0x7C, 0x02, 0x00, 0x72, 0xE7, 0xF8, 0xA9, 0x0F, 
0x00, 0x59, 0xFF, 0x90, 0x61, 0xEA, 0xAB, 0x00, 0xC4, 0xC5, 0x00, 0x00, 0x63, 0xFF, 0x1D, 0xF4, 
0x8F, 0x00, 0x00, 0x1C, 0xFF, 0x5B, 0xFD, 0x87, 0x00, 0x00, 0x04, 0xFF, 0x7A, 0xE2, 0xAB, 0x00, 
0x00, 0x29, 0xFF, 0x83, 0x97, 0xF8, 0x45, 0x1F, 0xB3, 0xFF, 0x7D, 0x17, 0xD9, 0xFF, 0xFD, 0x71, 
0xFF, 0x6B, 0x00, 0x06, 0x37, 0x1F, 0x22, 0xFF, 0x4A, 0x00, 0x00, 0x00, 0x00, 0x60, 0xFE, 0x15, 
0x00, 0x00, 0x00, 0x06, 0xCF, 0xBB, 0x00, 0x2C, 0x5C, 0x5E, 0xC5, 0xF6, 0x2F, 0x00, 0x4E, 0xF6, 
0xF8, 0xBF, 0x36, 0x00, 0x00, 0xD9, 0x5F, 0xEC, 0x70, 0x15, 0x03, 0x00, 0x00, 0x00, 0x00, 0x00, 
0x00, 0x00, 0x00, 0x15, 0x03, 0xED, 0x71, 0xD9, 0x5D, 0x00, 0xD9, 0x61, 0x00, 0xEC, 0x70, 0x00, 
0x15, 0x03, 0x00, 0x00, 0x00, 0x00, 0x00, 0x00, 0x00, 0x00, 0x00, 0x00, 0x00, 0x00, 0x00, 0xCF, 
0x7D, 0x00, 0xEC, 0x52, 0x0D, 0xFF, 0x1D, 0x34, 0xE4, 0x00, 0x62, 0xA2, 0x00, 0x00, 0x00, 0x00, 
0x00, 0x00, 0x09, 0x76, 0x00, 0x00, 0x00, 0x02, 0x5E, 0xE1, 0xE9, 0x00, 0x00, 0x46, 0xD0, 0xF2, 
0x7E, 0x0C, 0x30, 0xBA, 0xF9, 0x8F, 0x14, 0x00, 0x00, 0xFE, 0xF3, 0x37, 0x00, 0x00, 0x00, 0x00, 
0x3F, 0xC6, 0xF6, 0x8A, 0x14, 0x00, 0x00, 0x00, 0x00, 0x4E, 0xD2, 0xF4, 0x84, 0x11, 0x00, 0x00, 
0x00, 0x02, 0x5B, 0xDD, 0xF0, 0x00, 0x00, 0x00, 0x00, 0x00, 0x05, 0x68, 0x10, 0x10, 0x10, 0x10, 
0x10, 0x10, 0x10, 0xFF, 0xFF, 0xFF, 0xFF, 0xFF, 0xFF, 0xFF, 0x40, 0x40, 0x40, 0x40, 0x40, 0x40, 
0x40, 0x00, 0x00, 0x00, 0x00, 0x00, 0x00, 0x00, 0x10, 0x10, 0x10, 0x10, 0x10, 0x10, 0x10, 0xFF, 
0xFF, 0xFF, 0xFF, 0xFF, 0xFF, 0xFF, 0x40, 0x40, 0x40, 0x40, 0x40, 0x40, 0x40, 0x76, 0x09, 0x00, 
0x00, 0x00, 0x00, 0x00, 0xE9, 0xE1, 0x5E, 0x02, 0x00, 0x00, 0x00, 0x0C, 0x7E, 0xF2, 0xD0, 0x45, 
0x00, 0x00, 0x00, 0x00, 0x14, 0x8F, 0xF9, 0xBA, 0x30, 0x00, 0x00, 0x00, 0x00, 0x37, 0xF3, 0xFE, 
0x00, 0x00, 0x14, 0x8A, 0xF6, 0xC6, 0x3F, 0x11, 0x84, 0xF4, 0xD1, 0x4E, 0x00, 0x00, 0xF0, 0xDD, 
0x5B, 0x02, 0x00, 0x00, 0x00, 0x68, 0x05, 0x00, 0x00, 0x00, 0x00, 0x00, 0x17, 0xA0, 0xEC, 0xF9, 
0xBA, 0x1B, 0x13, 0xC4, 0x67, 0x68, 0xF3, 0xB3, 0x00, 0x00, 0x00, 0x00, 0x97, 0xF4, 0x00, 0x00, 
0x00, 0x00, 0x8E, 0xF9, 0x00, 0x00, 0x00, 0x04, 0xD7, 0xC0, 0x00, 0x00, 0x00, 0x8C, 0xFE, 0x3F, 
0x00, 0x00, 0x55, 0xFF, 0x89, 0x00, 0x00, 0x00, 0xCF, 0xDD, 0x06, 0x00, 0x00, 0x00, 0xFB, 0x8F, 
0x00, 0x00, 0x00, 0x00, 0x64, 0x34, 0x00, 0x00, 0x00, 0x00, 0x15, 0x03, 0x00, 0x00, 0x00, 0x00, 
0xEC, 0x71, 0x00, 0x00, 0x00, 0x00, 0xD8, 0x5D, 0x00, 0x00, 0x00, 0x00, 0x07, 0x77, 0xD4, 0xFA, 
0xF2, 0xB2, 0x32, 0x00, 0x00, 0x00, 0x0D, 0xC9, 0xF6, 0x8F, 0x57, 0x68, 0xCF, 0xF8, 0x47, 0x00, 
0x00, 0xA6, 0xF2, 0x32, 0x00, 0x00, 0x00, 0x07, 0xBC, 0xEC, 0x11, 0x31, 0xFF, 0x6D, 0x00, 0x83, 
0xF0, 0xF5, 0xBC, 0x23, 0xFD, 0x76, 0x8D, 0xF5, 0x0A, 0x5B, 0xFF, 0x73, 0xB0, 0xFF, 0x00, 0xC5, 
0xC3, 0xCC, 0xBC, 0x00, 0xBF, 0xC5, 0x00, 0x84, 0xFF, 0x00, 0x95, 0xEE, 0xF0, 0x94, 0x00, 0xEF, 
0x95, 0x00, 0x84, 0xFF, 0x00, 0x86, 0xFD, 0xFE, 0x87, 0x00, 0xFE, 0x85, 0x00, 0x88, 0xFF, 0x00, 
0x8B, 0xF5, 0xF7, 0x91, 0x00, 0xF2, 0x92, 0x00, 0xA1, 0xFF, 0x01, 0xA1, 0xD5, 0xDA, 0xB7, 0x00, 
0xBF, 0xD9, 0x25, 0xCF, 0xF3, 0x3F, 0xE2, 0x8F, 0x9F, 0xF5, 0x0F, 0x42, 0xF9, 0xFF, 0x71, 0x9C, 
0xFF, 0xE5, 0x1A, 0x3E, 0xFF, 0x91, 0x00, 0x1C, 0x2E, 0x00, 0x04, 0x38, 0x0F, 0x00, 0x00, 0x9B, 
0xFF, 0x9E, 0x32, 0x14, 0x23, 0x53, 0x28, 0x00, 0x00, 0x00, 0x03, 0x7C, 0xEE, 0xFF, 0xFF, 0xFF, 
0xDB, 0x2D, 0x00, 0x00, 0x00, 0x00, 0x00, 0x06, 0x2E, 0x3C, 0x25, 0x01, 0x00, 0x00, 0x00, 0x00, 
0x00, 0x00, 0x9C, 0xFF, 0x63, 0x00, 0x00, 0x00, 0x00, 0x00, 0x00, 0xE1, 0xF7, 0xA9, 0x00, 0x00, 
0x00, 0x00, 0x00, 0x26, 0xFF, 0xAA, 0xED, 0x02, 0x00, 0x00, 0x00, 0x00, 0x6B, 0xFB, 0x4A, 0xFF, 
0x35, 0x00, 0x00, 0x00, 0x00, 0xB1, 0xCA, 0x0A, 0xFA, 0x7B, 0x00, 0x00, 0x00, 0x04, 0xF1, 0x8C, 
0x00, 0xC6, 0xC2, 0x00, 0x00, 0x00, 0x3D, 0xFF, 0x50, 0x00, 0x89, 0xFA, 0x0D, 0x00, 0x00, 0x82, 
0xFF, 0x34, 0x20, 0x66, 0xFF, 0x4E, 0x00, 0x00, 0xC6, 0xFF, 0xFF, 0xFF, 0xFF, 0xFF, 0x94, 0x00, 
0x10, 0xFD, 0xB2, 0x50, 0x50, 0x50, 0xD6, 0xDA, 0x00, 0x52, 0xFF, 0x54, 0x00, 0x00, 0x00, 0x86, 
0xFF, 0x21, 0x97, 0xFD, 0x11, 0x00, 0x00, 0x00, 0x3D, 0xFF, 0x67, 0xDE, 0xC6, 0x00, 0x00, 0x00, 
0x00, 0x04, 0xF0, 0xAD, 0xFF, 0xFF, 0xFF, 0xF6, 0xC2, 0x3E, 0x00, 0xFF, 0xAB, 0x50, 0x62, 0xD5, 
0xF7, 0x20, 0xFF, 0x84, 0x00, 0x00, 0x2B, 0xFF, 0x70, 0xFF, 0x84, 0x00, 0x00, 0x03, 0xFF, 0x80, 
0xFF, 0x84, 0x00, 0x00, 0x1F, 0xFF, 0x63, 0xFF, 0x8C, 0x10, 0x20, 0xA8, 0xE9, 0x11, 0xFF, 0xFF, 
0xFF, 0xFF, 0xF2, 0x48, 0x00, 0xFF, 0xA3, 0x40, 0x47, 0x8D, 0xFD, 0x61, 0xFF, 0x84, 0x00, 0x00, 
0x00, 0xB0, 0xE1, 0xFF, 0x84, 0x00, 0x00, 0x00, 0x89, 0xFE, 0xFF, 0x84, 0x00, 0x00, 0x00, 0xB8, 
0xE1, 0xFF, 0xAB, 0x50, 0x54, 0x97, 0xFF, 0x7B, 0xFF, 0xFF, 0xFF, 0xFF, 0xE2, 0x7B, 0x02, 0x00, 
0x00, 0x64, 0xD5, 0xFC, 0xF0, 0xB7, 0x21, 0x00, 0x82, 0xFF, 0xA0, 0x56, 0x6B, 0xB8, 0x0B, 0x2C, 
0xFE, 0x8B, 0x00, 0x00, 0x00, 0x00, 0x00, 0x92, 0xF8, 0x11, 0x00, 0x00, 0x00, 0x00, 0x00, 0xD1, 
0xBD, 0x00, 0x00, 0x00, 0x00, 0x00, 0x00, 0xF4, 0x94, 0x00, 0x00, 0x00, 0x00, 0x00, 0x00, 0xFE, 
0x86, 0x00, 0x00, 0x00, 0x00, 0x00, 0x00, 0xF5, 0x90, 0x00, 0x00, 0x00, 0x00, 0x00, 0x00, 0xD5, 
0xB6, 0x00, 0x00, 0x00, 0x00, 0x00, 0x00, 0x9A, 0xF3, 0x0B, 0x00, 0x00, 0x00, 0x00, 0x00, 0x38, 
0xFF, 0x89, 0x00, 0x00, 0x00, 0x00, 0x00, 0x00, 0x95, 0xFF, 0xA4, 0x58, 0x60, 0x9F, 0x00, 0x00, 
0x02, 0x73, 0xDA, 0xFC, 0xEF, 0xB3, 0x00, 0xFF, 0xFF, 0xFF, 0xF2, 0xB6, 0x31, 0x00, 0x00, 0xFF, 
0xAB, 0x50, 0x67, 0xD4, 0xF7, 0x36, 0x00, 0xFF, 0x84, 0x00, 0x00, 0x0E, 0xDD, 0xCC, 0x00, 0xFF, 
0x84, 0x00, 0x00, 0x00, 0x6A, 0xFF, 0x2A, 0xFF, 0x84, 0x00, 0x00, 0x00, 0x28, 0xFF, 0x60, 0xFF, 
0x84, 0x00, 0x00, 0x00, 0x0A, 0xFF, 0x7B, 0xFF, 0x84, 0x00, 0x00, 0x00, 0x02, 0xFF, 0x81, 0xFF, 
0x84, 0x00, 0x00, 0x00, 0x0B, 0xFF, 0x76, 0xFF, 0x84, 0x00, 0x00, 0x00, 0x2C, 0xFF, 0x58, 0xFF, 
0x84, 0x00, 0x00, 0x00, 0x70, 0xFF, 0x1D, 0xFF, 0x84, 0x00, 0x00, 0x10, 0xE0, 0xB9, 0x00, 0xFF, 
0xAB, 0x51, 0x6E, 0xDA, 0xEE, 0x25, 0x00, 0xFF, 0xFF, 0xFF, 0xED, 0xAA, 0x24, 0x00, 0x00, 0xFF, 
0xFF, 0xFF, 0xFF, 0xFF, 0x80, 0xFF, 0xAB, 0x50, 0x50, 0x50, 0x28, 0xFF, 0x84, 0x00, 0x00, 0x00, 
0x00, 0xFF, 0x84, 0x00, 0x00, 0x00, 0x00, 0xFF, 0x84, 0x00, 0x00, 0x00, 0x00, 0xFF, 0x8C, 0x10, 
0x10, 0x10, 0x04, 0xFF, 0xFF, 0xFF, 0xFF, 0xFF, 0x40, 0xFF, 0xA3, 0x40, 0x40, 0x40, 0x10, 0xFF, 
0x84, 0x00, 0x00, 0x00, 0x00, 0xFF, 0x84, 0x00, 0x00, 0x00, 0x00, 0xFF, 0x84, 0x00, 0x00, 0x00, 
0x00, 0xFF, 0xAB, 0x50, 0x50, 0x50, 0x28, 0xFF, 0xFF, 0xFF, 0xFF, 0xFF, 0x80, 0xFF, 0xFF, 0xFF, 
0xFF, 0xFF, 0x80, 0xFF, 0xAB, 0x50, 0x50, 0x50, 0x28, 0xFF, 0x84, 0x00, 0x00, 0x00, 0x00, 0xFF, 
0x84, 0x00, 0x00, 0x00, 0x00, 0xFF, 0x84, 0x00, 0x00, 0x00, 0x00, 0xFF, 0x8C, 0x10, 0x10, 0x10, 
0x04, 0xFF, 0xFF, 0xFF, 0xFF, 0xFF, 0x40, 0xFF, 0xA3, 0x40, 0x40, 0x40, 0x10, 0xFF, 0x84, 0x00, 
0x00, 0x00, 0x00, 0xFF, 0x84, 0x00, 0x00, 0x00, 0x00, 0xFF, 0x84, 0x00, 0x00, 0x00, 0x00, 0xFF, 
0x84, 0x00, 0x00, 0x00, 0x00, 0xFF, 0x84, 0x00, 0x00, 0x00, 0x00, 0x00, 0x00, 0x3F, 0xB9, 0xF0, 
0xFC, 0xDE, 0x98, 0x19, 0x00, 0x61, 0xFE, 0xC1, 0x64, 0x56, 0x80, 0xD4, 0x14, 0x21, 0xF8, 0xA1, 
0x01, 0x00, 0x00, 0x00, 0x00, 0x00, 0x8B, 0xF7, 0x11, 0x00, 0x00, 0x00, 0x00, 0x00, 0x00, 0xCF, 
0xB8, 0x00, 0x00, 0x00, 0x00, 0x00, 0x00, 0x00, 0xF3, 0x91, 0x00, 0x00, 0x02, 0x10, 0x10, 0x10, 
0x08, 0xFE, 0x86, 0x00, 0x00, 0x18, 0xFF, 0xFF, 0xFF, 0x84, 0xF3, 0x91, 0x00, 0x00, 0x06, 0x40, 
0x40, 0xFF, 0x84, 0xD1, 0xB8, 0x00, 0x00, 0x00, 0x00, 0x00, 0xFF, 0x84, 0x92, 0xF5, 0x0F, 0x00, 
0x00, 0x00, 0x00, 0xFF, 0x84, 0x2B, 0xFD, 0x94, 0x00, 0x00, 0x00, 0x00, 0xFF, 0x84, 0x00, 0x7F, 
0xFF, 0xB0, 0x5F, 0x54, 0x77, 0xFF, 0x84, 0x00, 0x00, 0x5D, 0xCE, 0xFA, 0xF9, 0xE0, 0xAE, 0x3F, 
0xFF, 0x84, 0x00, 0x00, 0x00, 0x00, 0xFF, 0x84, 0xFF, 0x84, 0x00, 0x00, 0x00, 0x00, 0xFF, 0x84, 
0xFF, 0x84, 0x00, 0x00, 0x00, 0x00, 0xFF, 0x84, 0xFF, 0x84, 0x00, 0x00, 0x00, 0x00, 0xFF, 0x84, 
0xFF, 0x84, 0x00, 0x00, 0x00, 0x00, 0xFF, 0x84, 0xFF, 0x8C, 0x10, 0x10, 0x10, 0x10, 0xFF, 0x84, 
0xFF, 0xFF, 0xFF, 0xFF, 0xFF, 0xFF, 0xFF, 0x84, 0xFF, 0xA3, 0x40, 0x40, 0x40, 0x40, 0xFF, 0x84, 
0xFF, 0x84, 0x00, 0x00, 0x00, 0x00, 0xFF, 0x84, 0xFF, 0x84, 0x00, 0x00, 0x00, 0x00, 0xFF, 0x84, 
0xFF, 0x84, 0x00, 0x00, 0x00, 0x00, 0xFF, 0x84, 0xFF, 0x84, 0x00, 0x00, 0x00, 0x00, 0xFF, 0x84, 
0xFF, 0x84, 0x00, 0x00, 0x00, 0x00, 0xFF, 0x84, 0xF9, 0xFF, 0xFF, 0xFC, 0x07, 0x99, 0xFF, 0x12, 
0x00, 0x84, 0xFF, 0x00, 0x00, 0x84, 0xFF, 0x00, 0x00, 0x84, 0xFF, 0x00, 0x00, 0x84, 0xFF, 0x00, 
0x00, 0x84, 0xFF, 0x00, 0x00, 0x84, 0xFF, 0x00, 0x00, 0x84, 0xFF, 0x00, 0x00, 0x84, 0xFF, 0x00, 
0x00, 0x84, 0xFF, 0x00, 0x07, 0x99, 0xFF, 0x12, 0xF9, 0xFF, 0xFF, 0xFC, 0x00, 0x00, 0x00, 0xFF, 
0x84, 0x00, 0x00, 0x00, 0xFF, 0x84, 0x00, 0x00, 0x00, 0xFF, 0x84, 0x00, 0x00, 0x00, 0xFF, 0x84, 
0x00, 0x00, 0x00, 0xFF, 0x84, 0x00, 0x00, 0x00, 0xFF, 0x84, 0x00, 0x00, 0x00, 0xFF, 0x84, 0x00, 
0x00, 0x00, 0xFF, 0x84, 0x00, 0x00, 0x00, 0xFF, 0x84, 0x00, 0x00, 0x00, 0xFF, 0x84, 0x00, 0x00, 
0x00, 0xFF, 0x84, 0x00, 0x00, 0x00, 0xFF, 0x84, 0x00, 0x00, 0x00, 0xFF, 0x84, 0x00, 0x00, 0x0E, 
0xFF, 0x79, 0x17, 0x16, 0x7D, 0xFF, 0x45, 0x80, 0xFF, 0xFF, 0xAC, 0x01, 0x10, 0x3C, 0x28, 0x00, 
0x00, 0xFF, 0x84, 0x00, 0x00, 0x05, 0xD4, 0xD3, 0x05, 0xFF, 0x84, 0x00, 0x00, 0x75, 0xFE, 0x3A, 
0x00, 0xFF, 0x84, 0x00, 0x1D, 0xF3, 0x98, 0x00, 0x00, 0xFF, 0x84, 0x00, 0xAB, 0xE8, 0x10, 0x00, 
0x00, 0xFF, 0x84, 0x45, 0xFF, 0x57, 0x00, 0x00, 0x00, 0xFF, 0x8C, 0xDC, 0xC0, 0x00, 0x00, 0x00, 
0x00, 0xFF, 0xEE, 0xFF, 0xEA, 0x0C, 0x00, 0x00, 0x00, 0xFF, 0xE4, 0x54, 0xFF, 0x7A, 0x00, 0x00, 
0x00, 0xFF, 0x84, 0x00, 0xB7, 0xEE, 0x0F, 0x00, 0x00, 0xFF, 0x84, 0x00, 0x36, 0xFF, 0x82, 0x00, 
0x00, 0xFF, 0x84, 0x00, 0x00, 0xB3, 0xF2, 0x14, 0x00, 0xFF, 0x84, 0x00, 0x00, 0x32, 0xFF, 0x8A, 
0x00, 0xFF, 0x84, 0x00, 0x00, 0x00, 0xB0, 0xF6, 0x19, 0xFF, 0x84, 0x00, 0x00, 0x00, 0x00, 0xFF, 
0x84, 0x00, 0x00, 0x00, 0x00, 0xFF, 0x84, 0x00, 0x00, 0x00, 0x00, 0xFF, 0x84, 0x00, 0x00, 0x00, 
0x00, 0xFF, 0x84, 0x00, 0x00, 0x00, 0x00, 0xFF, 0x84, 0x00, 0x00, 0x00, 0x00, 0xFF, 0x84, 0x00, 
0x00, 0x00, 0x00, 0xFF, 0x84, 0x00, 0x00, 0x00, 0x00, 0xFF, 0x84, 0x00, 0x00, 0x00, 0x00, 0xFF, 
0x84, 0x00, 0x00, 0x00, 0x00, 0xFF, 0x84, 0x00, 0x00, 0x00, 0x00, 0xFF, 0xB6, 0x68, 0x68, 0x68, 
0x32, 0xFF, 0xFF, 0xFF, 0xFF, 0xFF, 0x7C, 0xFF, 0xFF, 0x70, 0x00, 0x00, 0x00, 0x00, 0x00, 0xDD, 
0xFF, 0x84, 0xFF, 0xFF, 0xB5, 0x00, 0x00, 0x00, 0x00, 0x23, 0xFF, 0xFF, 0x84, 0xFF, 0xD8, 0xF6, 
0x08, 0x00, 0x00, 0x00, 0x6A, 0xC6, 0xFF, 0x84, 0xFF, 0x95, 0xFD, 0x44, 0x00, 0x00, 0x00, 0xB2, 
0x7F, 0xFF, 0x84, 0xFF, 0x84, 0xC6, 0x8C, 0x00, 0x00, 0x06, 0xF4, 0x3A, 0xFF, 0x84, 0xFF, 0x84, 
0x7E, 0xD2, 0x00, 0x00, 0x41, 0xF0, 0x03, 0xFF, 0x84, 0xFF, 0x84, 0x35, 0xFF, 0x1A, 0x00, 0x87, 
0xAD, 0x00, 0xFF, 0x84, 0xFF, 0x84, 0x02, 0xEC, 0x61, 0x00, 0xD0, 0x67, 0x00, 0xFF, 0x84, 0xFF, 
0x84, 0x00, 0xA7, 0xA8, 0x19, 0xFF, 0x21, 0x00, 0xFF, 0x84, 0xFF, 0x84, 0x00, 0x5F, 0xEC, 0x60, 
0xD9, 0x00, 0x00, 0xFF, 0x84, 0xFF, 0x84, 0x00, 0x19, 0xFF, 0xD8, 0x93, 0x00, 0x00, 0xFF, 0x84, 
0xFF, 0x84, 0x00, 0x00, 0xD0, 0xFF, 0x4E, 0x00, 0x00, 0xFF, 0x84, 0xFF, 0x84, 0x00, 0x00, 0x87, 
0xFA, 0x0C, 0x00, 0x00, 0xFF, 0x84, 0xFF, 0xFF, 0x28, 0x00, 0x00, 0x00, 0x84, 0xFF, 0xFF, 0xFF, 
0x93, 0x00, 0x00, 0x00, 0x84, 0xFF, 0xFF, 0xDC, 0xF2, 0x0D, 0x00, 0x00, 0x84, 0xFF, 0xFF, 0x8C, 
0xEA, 0x6B, 0x00, 0x00, 0x84, 0xFF, 0xFF, 0x84, 0x86, 0xD7, 0x01, 0x00, 0x84, 0xFF, 0xFF, 0x84, 
0x1D, 0xFC, 0x45, 0x00, 0x84, 0xFF, 0xFF, 0x84, 0x00, 0xAC, 0xB2, 0x00, 0x84, 0xFF, 0xFF, 0x84, 
0x00, 0x40, 0xFD, 0x21, 0x84, 0xFF, 0xFF, 0x84, 0x00, 0x00, 0xD4, 0x8A, 0x84, 0xFF, 0xFF, 0x84, 
0x00, 0x00, 0x67, 0xEE, 0x8E, 0xFF, 0xFF, 0x84, 0x00, 0x00, 0x0B, 0xF0, 0xE3, 0xFF, 0xFF, 0x84, 
0x00, 0x00, 0x00, 0x8F, 0xFF, 0xFF, 0xFF, 0x84, 0x00, 0x00, 0x00, 0x24, 0xFE, 0xFF, 0x00, 0x0A, 
0x8B, 0xE4, 0xFA, 0xE2, 0x83, 0x06, 0x00, 0x02, 0xBC, 0xF9, 0x88, 0x54, 0x81, 0xF6, 0xA8, 0x00, 
0x54, 0xFF, 0x61, 0x00, 0x00, 0x00, 0x58, 0xFF, 0x41, 0xAB, 0xE6, 0x02, 0x00, 0x00, 0x00, 0x01, 
0xE3, 0x9E, 0xDC, 0xAB, 0x00, 0x00, 0x00, 0x00, 0x00, 0xA9, 0xD5, 0xF7, 0x8E, 0x00, 0x00, 0x00, 
0x00, 0x00, 0x8E, 0xF5, 0xFE, 0x86, 0x00, 0x00, 0x00, 0x00, 0x00, 0x85, 0xFE, 0xF3, 0x8F, 0x00, 
0x00, 0x00, 0x00, 0x00, 0x8E, 0xF5, 0xD5, 0xAC, 0x00, 0x00, 0x00, 0x00, 0x00, 0xAB, 0xD7, 0xA3, 
0xE8, 0x03, 0x00, 0x00, 0x00, 0x01, 0xE4, 0x9F, 0x45, 0xFF, 0x65, 0x00, 0x00, 0x00, 0x5A, 0xFF, 
0x40, 0x00, 0xA9, 0xFA, 0x8A, 0x56, 0x84, 0xF8, 0xA4, 0x00, 0x00, 0x05, 0x81, 0xE2, 0xFE, 0xE1, 
0x7F, 0x04, 0x00, 0xFF, 0xFF, 0xFF, 0xEF, 0xAF, 0x25, 0x00, 0xFF, 0xAB, 0x51, 0x74, 0xE9, 0xE0, 
0x09, 0xFF, 0x84, 0x00, 0x00, 0x4A, 0xFF, 0x54, 0xFF, 0x84, 0x00, 0x00, 0x0A, 0xFF, 0x7D, 0xFF, 
0x84, 0x00, 0x00, 0x07, 0xFF, 0x7D, 0xFF, 0x84, 0x00, 0x00, 0x38, 0xFF, 0x56, 0xFF, 0x8C, 0x13, 
0x3D, 0xD0, 0xE8, 0x0B, 0xFF, 0xFF, 0xFF, 0xFF, 0xD8, 0x34, 0x00, 0xFF, 0xA3, 0x3F, 0x29, 0x01, 
0x00, 0x00, 0xFF, 0x84, 0x00, 0x00, 0x00, 0x00, 0x00, 0xFF, 0x84, 0x00, 0x00, 0x00, 0x00, 0x00, 
0xFF, 0x84, 0x00, 0x00, 0x00, 0x00, 0x00, 0xFF, 0x84, 0x00, 0x00, 0x00, 0x00, 0x00, 0x00, 0x0A, 
0x8B, 0xE4, 0xFA, 0xE2, 0x85, 0x07, 0x00, 0x02, 0xBC, 0xF9, 0x88, 0x54, 0x81, 0xF6, 0xB1, 0x00, 
0x54, 0xFF, 0x61, 0x00, 0x00, 0x00, 0x58, 0xFF, 0x49, 0xAB, 0xE6, 0x02, 0x00, 0x00, 0x00, 0x01, 
0xE3, 0xA4, 0xDC, 0xAB, 0x00, 0x00, 0x00, 0x00, 0x00, 0xA9, 0xD9, 0xF7, 0x8E, 0x00, 0x00, 0x00, 
0x00, 0x00, 0x8E, 0xF5, 0xFE, 0x86, 0x00, 0x00, 0x00, 0x00, 0x00, 0x85, 0xFE, 0xF3, 0x8F, 0x00, 
0x00, 0x00, 0x00, 0x00, 0x8E, 0xF6, 0xD4, 0xAC, 0x00, 0x00, 0x00, 0x00, 0x00, 0xAB, 0xD9, 0x9F, 
0xE8, 0x03, 0x00, 0x00, 0x00, 0x01, 0xE4, 0xA3, 0x41, 0xFF, 0x65, 0x00, 0x00, 0x00, 0x5A, 0xFF, 
0x4C, 0x00, 0xA6, 0xFA, 0x8A, 0x56, 0x84, 0xF8, 0xBC, 0x01, 0x00, 0x05, 0x7F, 0xE1, 0xFE, 0xFF, 
0xBD, 0x0C, 0x00, 0x00, 0x00, 0x00, 0x00, 0x02, 0xC9, 0xE8, 0x12, 0x00, 0x00, 0x00, 0x00, 0x00, 
0x00, 0x33, 0xFD, 0x9F, 0x00, 0x00, 0x00, 0x00, 0x00, 0x00, 0x00, 0x95, 0xFF, 0x45, 0xFF, 0xFF, 
0xFF, 0xF0, 0xB5, 0x31, 0x00, 0x00, 0xFF, 0xAB, 0x51, 0x6B, 0xDA, 0xF0, 0x18, 0x00, 0xFF, 0x84, 
0x00, 0x00, 0x2D, 0xFF, 0x69, 0x00, 0xFF, 0x84, 0x00, 0x00, 0x03, 0xFF, 0x80, 0x00, 0xFF, 0x84, 
0x00, 0x00, 0x26, 0xFF, 0x66, 0x00, 0xFF, 0x8C, 0x11, 0x2C, 0xBD, 0xF0, 0x16, 0x00, 0xFF, 0xFF, 
0xFF, 0xFF, 0xDD, 0x36, 0x00, 0x00, 0xFF, 0xA3, 0x40, 0xD0, 0xCE, 0x00, 0x00, 0x00, 0xFF, 0x84, 
0x00, 0x61, 0xFF, 0x3E, 0x00, 0x00, 0xFF, 0x84, 0x00, 0x08, 0xEC, 0xB2, 0x00, 0x00, 0xFF, 0x84, 
0x00, 0x00, 0x87, 0xFE, 0x24, 0x00, 0xFF, 0x84, 0x00, 0x00, 0x1E, 0xFD, 0x93, 0x00, 0xFF, 0x84, 
0x00, 0x00, 0x00, 0xAF, 0xF3, 0x0F, 0x01, 0x72, 0xDE, 0xFD, 0xEC, 0xB4, 0x27, 0x7A, 0xFF, 0x8E, 
0x56, 0x70, 0xBD, 0x13, 0xE7, 0xAA, 0x00, 0x00, 0x00, 0x00, 0x00, 0xFC, 0x8D, 0x00, 0x00, 0x00, 
0x00, 0x00, 0xD6, 0xDC, 0x10, 0x00, 0x00, 0x00, 0x00, 0x55, 0xFF, 0xE1, 0x5B, 0x04, 0x00, 0x00, 
0x00, 0x4E, 0xE1, 0xFF, 0xD6, 0x2F, 0x00, 0x00, 0x00, 0x06, 0x6A, 0xF2, 0xEB, 0x14, 0x00, 0x00, 
0x00, 0x00, 0x47, 0xFF, 0x69, 0x00, 0x00, 0x00, 0x00, 0x07, 0xFF, 0x80, 0x00, 0x00, 0x00, 0x00, 
0x37, 0xFF, 0x5A, 0xCF, 0x7D, 0x56, 0x67, 0xE2, 0xDA, 0x09, 0xA6, 0xE6, 0xFB, 0xF2, 0xAA, 0x1C, 
0x00, 0xFF, 0xFF, 0xFF, 0xFF, 0xFF, 0xFF, 0xFF, 0x50, 0x50, 0x50, 0xFF, 0xAB, 0x50, 0x50, 0x00, 
0x00, 0x00, 0xFF, 0x84, 0x00, 0x00, 0x00, 0x00, 0x00, 0xFF, 0x84, 0x00, 0x00, 0x00, 0x00, 0x00, 
0xFF, 0x84, 0x00, 0x00, 0x00, 0x00, 0x00, 0xFF, 0x84, 0x00, 0x00, 0x00, 0x00, 0x00, 0xFF, 0x84, 
0x00, 0x00, 0x00, 0x00, 0x00, 0xFF, 0x84, 0x00, 0x00, 0x00, 0x00, 0x00, 0xFF, 0x84, 0x00, 0x00, 
0x00, 0x00, 0x00, 0xFF, 0x84, 0x00, 0x00, 0x00, 0x00, 0x00, 0xFF, 0x84, 0x00, 0x00, 0x00, 0x00, 
0x00, 0xFF, 0x84, 0x00, 0x00, 0x00, 0x00, 0x00, 0xFF, 0x84, 0x00, 0x00, 0xFF, 0x84, 0x00, 0x00, 
0x00, 0x00, 0xFF, 0x84, 0xFF, 0x84, 0x00, 0x00, 0x00, 0x00, 0xFF, 0x84, 0xFF, 0x84, 0x00, 0x00, 
0x00, 0x00, 0xFF, 0x84, 0xFF, 0x84, 0x00, 0x00, 0x00, 0x00, 0xFF, 0x84, 0xFF, 0x84, 0x00, 0x00, 
0x00, 0x00, 0xFF, 0x84, 0xFF, 0x84, 0x00, 0x00, 0x00, 0x00, 0xFF, 0x84, 0xFF, 0x84, 0x00, 0x00, 
0x00, 0x00, 0xFF, 0x84, 0xFF, 0x84, 0x00, 0x00, 0x00, 0x00, 0xFF, 0x84, 0xFF, 0x84, 0x00, 0x00, 
0x00, 0x00, 0xFF, 0x83, 0xF3, 0x92, 0x00, 0x00, 0x00, 0x0E, 0xFF, 0x77, 0xC1, 0xD7, 0x03, 0x00, 
0x00, 0x52, 0xFF, 0x45, 0x4F, 0xFF, 0xB3, 0x58, 0x6E, 0xEA, 0xCF, 0x03, 0x00, 0x5B, 0xD5, 0xFD, 
0xF0, 0xA5, 0x18, 0x00, 0xDF, 0xC0, 0x00, 0x00, 0x00, 0x00, 0x40, 0xFF, 0x62, 0x9C, 0xF6, 0x06, 
0x00, 0x00, 0x00, 0x7E, 0xFF, 0x1F, 0x59, 0xFF, 0x3C, 0x00, 0x00, 0x00, 0xBC, 0xDC, 0x00, 0x18, 
0xFF, 0x79, 0x00, 0x00, 0x06, 0xF6, 0x97, 0x00, 0x00, 0xD4, 0xB6, 0x00, 0x00, 0x3B, 0xFF, 0x54, 
0x00, 0x00, 0x90, 0xF1, 0x03, 0x00, 0x79, 0xFE, 0x13, 0x00, 0x00, 0x4E, 0xFF, 0x32, 0x00, 0xB7, 
0xCE, 0x00, 0x00, 0x00, 0x0F, 0xFD, 0x70, 0x03, 0xF2, 0x8B, 0x00, 0x00, 0x00, 0x00, 0xC9, 0xAF, 
0x34, 0xFF, 0x46, 0x00, 0x00, 0x00, 0x00, 0x86, 0xEB, 0x70, 0xFA, 0x0A, 0x00, 0x00, 0x00, 0x00, 
0x44, 0xFF, 0xC2, 0xC0, 0x00, 0x00, 0x00, 0x00, 0x00, 0x08, 0xF8, 0xFE, 0x7D, 0x00, 0x00, 0x00, 
0x00, 0x00, 0x00, 0xBE, 0xFF, 0x3A, 0x00, 0x00, 0x00, 0xC9, 0xC5, 0x00, 0x00, 0x00, 0x14, 0xFF, 
0xA3, 0x00, 0x00, 0x00, 0x3A, 0xFF, 0x5D, 0x92, 0xF6, 0x03, 0x00, 0x00, 0x4A, 0xFF, 0xD9, 0x00, 
0x00, 0x00, 0x6D, 0xFF, 0x27, 0x5D, 0xFF, 0x2C, 0x00, 0x00, 0x80, 0xE1, 0xFF, 0x11, 0x00, 0x00, 
0xA1, 0xF0, 0x01, 0x27, 0xFF, 0x5F, 0x00, 0x00, 0xB6, 0x98, 0xFE, 0x45, 0x00, 0x00, 0xD4, 0xBC, 
0x00, 0x01, 0xEF, 0x93, 0x00, 0x01, 0xEC, 0x62, 0xD5, 0x7C, 0x00, 0x0A, 0xFD, 0x84, 0x00, 0x00, 
0xBC, 0xC6, 0x00, 0x23, 0xFF, 0x2E, 0x9E, 0xB2, 0x00, 0x3A, 0xFF, 0x50, 0x00, 0x00, 0x84, 0xF7, 
0x03, 0x59, 0xF4, 0x03, 0x68, 0xE8, 0x00, 0x6E, 0xFF, 0x1A, 0x00, 0x00, 0x4E, 0xFF, 0x2D, 0x90, 
0xC1, 0x00, 0x31, 0xFF, 0x1F, 0xA1, 0xE4, 0x00, 0x00, 0x00, 0x18, 0xFF, 0x5E, 0xC4, 0x8C, 0x00, 
0x05, 0xF7, 0x54, 0xD5, 0xAF, 0x00, 0x00, 0x00, 0x00, 0xE2, 0x8D, 0xF3, 0x56, 0x00, 0x00, 0xC4, 
0x89, 0xFC, 0x77, 0x00, 0x00, 0x00, 0x00, 0xAC, 0xD2, 0xFF, 0x1F, 0x00, 0x00, 0x90, 0xD4, 0xFF, 
0x43, 0x00, 0x00, 0x00, 0x00, 0x75, 0xFF, 0xE9, 0x00, 0x00, 0x00, 0x59, 0xFF, 0xFE, 0x0F, 0x00, 
0x00, 0x00, 0x00, 0x3F, 0xFF, 0xB3, 0x00, 0x00, 0x00, 0x24, 0xFF, 0xD7, 0x00, 0x00, 0x00, 0x65, 
0xFF, 0x39, 0x00, 0x00, 0x29, 0xFF, 0x72, 0x09, 0xEA, 0xA0, 0x00, 0x00, 0x91, 0xF3, 0x0F, 0x00, 
0x82, 0xF8, 0x12, 0x0A, 0xF0, 0x90, 0x00, 0x00, 0x16, 0xF8, 0x72, 0x61, 0xFD, 0x22, 0x00, 0x00, 
0x00, 0x9B, 0xD9, 0xCC, 0xAD, 0x00, 0x00, 0x00, 0x00, 0x2B, 0xFF, 0xFF, 0x3D, 0x00, 0x00, 0x00, 
0x00, 0x0B, 0xF4, 0xF9, 0x0D, 0x00, 0x00, 0x00, 0x00, 0x6D, 0xF7, 0xF8, 0x6C, 0x00, 0x00, 0x00, 
0x03, 0xDE, 0x9E, 0xA3, 0xDC, 0x02, 0x00, 0x00, 0x55, 0xFF, 0x31, 0x3C, 0xFF, 0x4E, 0x00, 0x00, 
0xC8, 0xC3, 0x00, 0x00, 0xD6, 0xBE, 0x00, 0x3B, 0xFF, 0x57, 0x00, 0x00, 0x6D, 0xFF, 0x30, 0xAE, 
0xE5, 0x05, 0x00, 0x00, 0x11, 0xF6, 0x9F, 0x03, 0xE4, 0xBA, 0x00, 0x00, 0x00, 0x2E, 0xFF, 0x6A, 
0x00, 0x84, 0xFD, 0x18, 0x00, 0x00, 0x8A, 0xF6, 0x10, 0x00, 0x22, 0xFF, 0x71, 0x00, 0x02, 0xE4, 
0xA3, 0x00, 0x00, 0x00, 0xBE, 0xCB, 0x00, 0x42, 0xFF, 0x3F, 0x00, 0x00, 0x00, 0x5B, 0xFF, 0x27, 
0x9E, 0xDA, 0x01, 0x00, 0x00, 0x00, 0x08, 0xF0, 0x8B, 0xF2, 0x77, 0x00, 0x00, 0x00, 0x00, 0x00, 
0x94, 0xFC, 0xFB, 0x18, 0x00, 0x00, 0x00, 0x00, 0x00, 0x32, 0xFF, 0xB0, 0x00, 0x00, 0x00, 0x00, 
0x00, 0x00, 0x00, 0xFF, 0x84, 0x00, 0x00, 0x00, 0x00, 0x00, 0x00, 0x00, 0xFF, 0x84, 0x00, 0x00, 
0x00, 0x00, 0x00, 0x00, 0x00, 0xFF, 0x84, 0x00, 0x00, 0x00, 0x00, 0x00, 0x00, 0x00, 0xFF, 0x84, 
0x00, 0x00, 0x00, 0x00, 0x00, 0x00, 0x00, 0xFF, 0x84, 0x00, 0x00, 0x00, 0xFF, 0xFF, 0xFF, 0xFF, 
0xFF, 0xFF, 0x50, 0x50, 0x50, 0x50, 0xDB, 0xD8, 0x00, 0x00, 0x00, 0x23, 0xFE, 0x70, 0x00, 0x00, 
0x00, 0x8C, 0xF5, 0x10, 0x00, 0x00, 0x08, 0xEC, 0x9B, 0x00, 0x00, 0x00, 0x5F, 0xFF, 0x31, 0x00, 
0x00, 0x00, 0xC7, 0xC7, 0x00, 0x00, 0x00, 0x32, 0xFF, 0x5C, 0x00, 0x00, 0x00, 0x9C, 0xEB, 0x08, 
0x00, 0x00, 0x10, 0xF5, 0x87, 0x00, 0x00, 0x00, 0x6F, 0xFE, 0x21, 0x00, 0x00, 0x00, 0xD7, 0xD7, 
0x50, 0x50, 0x50, 0x50, 0xFF, 0xFF, 0xFF, 0xFF, 0xFF, 0xFF, 0xFF, 0xFF, 0xFF, 0xCC, 0xFF, 0xAB, 
0x50, 0x40, 0xFF, 0x84, 0x00, 0x00, 0xFF, 0x84, 0x00, 0x00, 0xFF, 0x84, 0x00, 0x00, 0xFF, 0x84, 
0x00, 0x00, 0xFF, 0x84, 0x00, 0x00, 0xFF, 0x84, 0x00, 0x00, 0xFF, 0x84, 0x00, 0x00, 0xFF, 0x84, 
0x00, 0x00, 0xFF, 0x84, 0x00, 0x00, 0xFF, 0x84, 0x00, 0x00, 0xFF, 0x84, 0x00, 0x00, 0xFF, 0x84, 
0x00, 0x00, 0xFF, 0x8C, 0x10, 0x0D, 0xFF, 0xFF, 0xFF, 0xCC, 0x40, 0x40, 0x40, 0x33, 0x8F, 0xD9, 
0x00, 0x00, 0x00, 0x00, 0x00, 0x36, 0xFF, 0x33, 0x00, 0x00, 0x00, 0x00, 0x00, 0xDB, 0x8E, 0x00, 
0x00, 0x00, 0x00, 0x00, 0x82, 0xE6, 0x03, 0x00, 0x00, 0x00, 0x00, 0x28, 0xFF, 0x43, 0x00, 0x00, 
0x00, 0x00, 0x00, 0xCE, 0x9E, 0x00, 0x00, 0x00, 0x00, 0x00, 0x74, 0xF1, 0x07, 0x00, 0x00, 0x00, 
0x00, 0x1C, 0xFE, 0x52, 0x00, 0x00, 0x00, 0x00, 0x00, 0xC1, 0xAD, 0x00, 0x00, 0x00, 0x00, 0x00, 
0x66, 0xF8, 0x0F, 0x00, 0x00, 0x00, 0x00, 0x13, 0xFA, 0x62, 0x00, 0x00, 0x00, 0x00, 0x00, 0xB2, 
0xBD, 0x00, 0x00, 0x00, 0x00, 0x00, 0x58, 0xFD, 0x1A, 0x50, 0xFF, 0xFF, 0xFF, 0x84, 0x19, 0x50, 
0x50, 0xFF, 0x84, 0x00, 0x00, 0x00, 0xFF, 0x84, 0x00, 0x00, 0x00, 0xFF, 0x84, 0x00, 0x00, 0x00, 
0xFF, 0x84, 0x00, 0x00, 0x00, 0xFF, 0x84, 0x00, 0x00, 0x00, 0xFF, 0x84, 0x00, 0x00, 0x00, 0xFF, 
0x84, 0x00, 0x00, 0x00, 0xFF, 0x84, 0x00, 0x00, 0x00, 0xFF, 0x84, 0x00, 0x00, 0x00, 0xFF, 0x84, 
0x00, 0x00, 0x00, 0xFF, 0x84, 0x00, 0x00, 0x00, 0xFF, 0x84, 0x00, 0x00, 0x00, 0xFF, 0x84, 0x05, 
0x10, 0x10, 0xFF, 0x84, 0x50, 0xFF, 0xFF, 0xFF, 0x84, 0x14, 0x40, 0x40, 0x40, 0x21, 0x00, 0x00, 
0x00, 0x36, 0x55, 0x00, 0x00, 0x00, 0x00, 0x00, 0x00, 0xC2, 0xF2, 0x0F, 0x00, 0x00, 0x00, 0x00, 
0x33, 0xFB, 0xDD, 0x78, 0x00, 0x00, 0x00, 0x00, 0xA5, 0xA8, 0x62, 0xE5, 0x06, 0x00, 0x00, 0x1B, 
0xFB, 0x3D, 0x08, 0xEA, 0x61, 0x00, 0x00, 0x88, 0xD1, 0x00, 0x00, 0x82, 0xD5, 0x01, 0x0B, 0xEF, 
0x66, 0x00, 0x00, 0x17, 0xF9, 0x4D, 0x6A, 0xEF, 0x0B, 0x00, 0x00, 0x00, 0xA1, 0xC1, 0x10, 0x10, 
0x10, 0x10, 0x10, 0x10, 0x10, 0x10, 0xFF, 0xFF, 0xFF, 0xFF, 0xFF, 0xFF, 0xFF, 0xFF, 0x40, 0x40, 
0x40, 0x40, 0x40, 0x40, 0x40, 0x40, 0x1D, 0xF2, 0xBD, 0x00, 0x00, 0x00, 0x4E, 0xFE, 0x46, 0x00, 
0x00, 0x00, 0x6A, 0xD9, 0x07, 0x0E, 0x96, 0xE7, 0xFB, 0xC8, 0x22, 0x06, 0xB1, 0x67, 0x64, 0xF2, 
0xB1, 0x00, 0x00, 0x00, 0x00, 0x99, 0xEF, 0x00, 0x00, 0x03, 0x0F, 0x8D, 0xFF, 0x14, 0xAD, 0xF9, 
0xFF, 0xFF, 0xFF, 0xAB, 0xF8, 0x74, 0x43, 0xA3, 0xFF, 0xF3, 0x9C, 0x00, 0x00, 0x8B, 0xFF, 0xF7, 
0x8F, 0x00, 0x00, 0xC1, 0xFF, 0xBD, 0xE9, 0x5E, 0x92, 0xD6, 0xFF, 0x2A, 0xD7, 0xF7, 0x9E, 0x40, 
0xFF, 0xFF, 0x84, 0x00, 0x00, 0x00, 0x00, 0x00, 0xFF, 0x84, 0x00, 0x00, 0x00, 0x00, 0x00, 0xFF, 
0x84, 0x00, 0x00, 0x00, 0x00, 0x00, 0xFF, 0x84, 0x00, 0x00, 0x00, 0x00, 0x00, 0xFF, 0x87, 0x97, 
0xF5, 0xEB, 0x72, 0x00, 0xFF, 0xE9, 0xA8, 0x58, 0xA9, 0xFF, 0x4D, 0xFF, 0xDD, 0x03, 0x00, 0x04, 
0xE0, 0xB3, 0xFF, 0x9D, 0x00, 0x00, 0x00, 0xA1, 0xE7, 0xFF, 0x87, 0x00, 0x00, 0x00, 0x88, 0xFC, 
0xFF, 0x88, 0x00, 0x00, 0x00, 0x89, 0xFC, 0xFF, 0x9E, 0x00, 0x00, 0x00, 0xA2, 0xE6, 0xFF, 0xDE, 
0x04, 0x00, 0x04, 0xE3, 0xB2, 0xFF, 0xE2, 0xAC, 0x57, 0xA8, 0xFF, 0x4C, 0xFF, 0x4D, 0x95, 0xF5, 
0xEB, 0x72, 0x00, 0x00, 0x4B, 0xD4, 0xFC, 0xE8, 0x5D, 0x32, 0xFB, 0xB6, 0x56, 0x78, 0x33, 0xA4, 
0xE7, 0x07, 0x00, 0x00, 0x00, 0xE1, 0xA3, 0x00, 0x00, 0x00, 0x00, 0xFB, 0x89, 0x00, 0x00, 0x00, 
0x00, 0xFC, 0x88, 0x00, 0x00, 0x00, 0x00, 0xE7, 0xA4, 0x00, 0x00, 0x00, 0x00, 0xAD, 0xE8, 0x08, 
0x00, 0x00, 0x00, 0x3E, 0xFE, 0xB6, 0x56, 0x71, 0x59, 0x00, 0x58, 0xDA, 0xFE, 0xDE, 0x4E, 0x00, 
0x00, 0x00, 0x00, 0x00, 0x84, 0xFF, 0x00, 0x00, 0x00, 0x00, 0x00, 0x84, 0xFF, 0x00, 0x00, 0x00, 
0x00, 0x00, 0x84, 0xFF, 0x00, 0x00, 0x00, 0x00, 0x00, 0x84, 0xFF, 0x00, 0x6F, 0xEB, 0xF3, 0x93, 
0x85, 0xFF, 0x48, 0xFF, 0xAA, 0x58, 0xAC, 0xE9, 0xFF, 0xB2, 0xE3, 0x05, 0x00, 0x03, 0xDE, 0xFF, 
0xE7, 0xA2, 0x00, 0x00, 0x00, 0x9E, 0xFF, 0xFD, 0x88, 0x00, 0x00, 0x00, 0x88, 0xFF, 0xFD, 0x88, 
0x00, 0x00, 0x00, 0x86, 0xFF, 0xE7, 0xA2, 0x00, 0x00, 0x00, 0x99, 0xFF, 0xB3, 0xE3, 0x04, 0x00, 
0x02, 0xD8, 0xFF, 0x4D, 0xFF, 0xAA, 0x58, 0xA7, 0xDF, 0xFF, 0x00, 0x72, 0xEB, 0xF5, 0x93, 0x4E, 
0xFF, 0x00, 0x5B, 0xDE, 0xFB, 0xC2, 0x25, 0x00, 0x3C, 0xFE, 0x8E, 0x5C, 0xD9, 0xDA, 0x04, 0xAB, 
0xBF, 0x00, 0x00, 0x41, 0xFF, 0x48, 0xE3, 0x93, 0x10, 0x10, 0x18, 0xFF, 0x77, 0xFC, 0xFF, 0xFF, 
0xFF, 0xFF, 0xFF, 0x84, 0xFC, 0xA6, 0x40, 0x40, 0x40, 0x40, 0x21, 0xE1, 0xA1, 0x00, 0x00, 0x00, 
0x00, 0x00, 0xA4, 0xE8, 0x0A, 0x00, 0x00, 0x00, 0x00, 0x2F, 0xF9, 0xC1, 0x5B, 0x62, 0xAF, 0x1E, 
0x00, 0x45, 0xCF, 0xFC, 0xEC, 0xA9, 0x0D, 0x00, 0x00, 0x87, 0xF1, 0xF8, 0x7F, 0x00, 0x3D, 0xFF, 
0x9A, 0x5B, 0x31, 0x00, 0x76, 0xFF, 0x11, 0x00, 0x00, 0x00, 0x85, 0xFF, 0x01, 0x00, 0x00, 0xAF, 
0xFA, 0xFF, 0xFF, 0xFF, 0x00, 0x50, 0xAB, 0xFF, 0x50, 0x50, 0x00, 0x00, 0x84, 0xFF, 0x00, 0x00, 
0x00, 0x00, 0x84, 0xFF, 0x00, 0x00, 0x00, 0x00, 0x84, 0xFF, 0x00, 0x00, 0x00, 0x00, 0x84, 0xFF, 
0x00, 0x00, 0x00, 0x00, 0x84, 0xFF, 0x00, 0x00, 0x00, 0x00, 0x84, 0xFF, 0x00, 0x00, 0x00, 0x00, 
0x84, 0xFF, 0x00, 0x00, 0x00, 0x00, 0x84, 0xFF, 0x00, 0x00, 0x00, 0x00, 0x6C, 0xE9, 0xF5, 0x95, 
0x5C, 0xFF, 0x44, 0xFF, 0xAC, 0x56, 0xAE, 0xE1, 0xFF, 0xAE, 0xE6, 0x06, 0x00, 0x05, 0xE1, 0xFF, 
0xE4, 0xA3, 0x00, 0x00, 0x00, 0x9F, 0xFF, 0xFC, 0x89, 0x00, 0x00, 0x00, 0x88, 0xFF, 0xFD, 0x88, 
0x00, 0x00, 0x00, 0x86, 0xFF, 0xE8, 0x9E, 0x00, 0x00, 0x00, 0x99, 0xFF, 0xB3, 0xDE, 0x03, 0x00, 
0x03, 0xDB, 0xFF, 0x4D, 0xFF, 0xA8, 0x58, 0xAC, 0xE2, 0xFF, 0x00, 0x75, 0xEC, 0xF5, 0x91, 0x86, 
0xFF, 0x00, 0x00, 0x00, 0x00, 0x00, 0x8B, 0xF5, 0x00, 0x00, 0x00, 0x00, 0x00, 0xC6, 0xC6, 0x6A, 
0x96, 0x5E, 0x58, 0xAA, 0xFF, 0x58, 0x41, 0xC9, 0xF5, 0xFB, 0xD5, 0x61, 0x00, 0xFF, 0x84, 0x00, 
0x00, 0x00, 0x00, 0x00, 0xFF, 0x84, 0x00, 0x00, 0x00, 0x00, 0x00, 0xFF, 0x84, 0x00, 0x00, 0x00, 
0x00, 0x00, 0xFF, 0x84, 0x00, 0x00, 0x00, 0x00, 0x00, 0xFF, 0x84, 0x99, 0xF5, 0xEC, 0x75, 0x00, 
0xFF, 0xE4, 0xA5, 0x56, 0xB4, 0xFF, 0x32, 0xFF, 0xD9, 0x02, 0x00, 0x1F, 0xFF, 0x73, 0xFF, 0x9B, 
0x00, 0x00, 0x02, 0xFF, 0x83, 0xFF, 0x87, 0x00, 0x00, 0x00, 0xFF, 0x84, 0xFF, 0x84, 0x00, 0x00, 
0x00, 0xFF, 0x84, 0xFF, 0x84, 0x00, 0x00, 0x00, 0xFF, 0x84, 0xFF, 0x84, 0x00, 0x00, 0x00, 0xFF, 
0x84, 0xFF, 0x84, 0x00, 0x00, 0x00, 0xFF, 0x84, 0xFF, 0x84, 0x00, 0x00, 0x00, 0xFF, 0x84, 0xDA, 
0x60, 0xE2, 0x6A, 0x0A, 0x01, 0x00, 0x00, 0xFF, 0x84, 0xFF, 0x84, 0xFF, 0x84, 0xFF, 0x84, 0xFF, 
0x84, 0xFF, 0x84, 0xFF, 0x84, 0xFF, 0x84, 0xFF, 0x84, 0xFF, 0x84, 0x00, 0x00, 0xDA, 0x60, 0x00, 
0x00, 0xE2, 0x6A, 0x00, 0x00, 0x0A, 0x01, 0x00, 0x00, 0x00, 0x00, 0x00, 0x00, 0xFF, 0x84, 0x00, 
0x00, 0xFF, 0x84, 0x00, 0x00, 0xFF, 0x84, 0x00, 0x00, 0xFF, 0x84, 0x00, 0x00, 0xFF, 0x84, 0x00, 
0x00, 0xFF, 0x84, 0x00, 0x00, 0xFF, 0x84, 0x00, 0x00, 0xFF, 0x84, 0x00, 0x00, 0xFF, 0x84, 0x00, 
0x00, 0xFF, 0x84, 0x00, 0x00, 0xFF, 0x84, 0x00, 0x04, 0xFF, 0x80, 0x32, 0x7E, 0xFF, 0x58, 0x71, 
0xFB, 0xB6, 0x07, 0xFF, 0x84, 0x00, 0x00, 0x00, 0x00, 0x00, 0xFF, 0x84, 0x00, 0x00, 0x00, 0x00, 
0x00, 0xFF, 0x84, 0x00, 0x00, 0x00, 0x00, 0x00, 0xFF, 0x84, 0x00, 0x00, 0x00, 0x00, 0x00, 0xFF, 
0x84, 0x00, 0x01, 0xBB, 0xDD, 0x0C, 0xFF, 0x84, 0x00, 0x61, 0xFE, 0x3D, 0x00, 0xFF, 0x84, 0x18, 
0xED, 0x8E, 0x00, 0x00, 0xFF, 0x84, 0xAB, 0xD8, 0x08, 0x00, 0x00, 0xFF, 0xBF, 0xFF, 0xCA, 0x00, 
0x00, 0x00, 0xFF, 0xF9, 0x8A, 0xFF, 0x45, 0x00, 0x00, 0xFF, 0x8E, 0x02, 0xDA, 0xBF, 0x00, 0x00, 
0xFF, 0x84, 0x00, 0x66, 0xFF, 0x3A, 0x00, 0xFF, 0x84, 0x00, 0x08, 0xEA, 0xB4, 0x00, 0xFF, 0x84, 
0x00, 0x00, 0x7C, 0xFF, 0x30, 0xFF, 0x84, 0xFF, 0x84, 0xFF, 0x84, 0xFF, 0x84, 0xFF, 0x84, 0xFF, 
0x84, 0xFF, 0x84, 0xFF, 0x84, 0xFF, 0x84, 0xFF, 0x84, 0xFF, 0x84, 0xFF, 0x84, 0xFF, 0x84, 0xFF, 
0x84, 0xFF, 0x4E, 0xAC, 0xF9, 0xD3, 0x28, 0x64, 0xEB, 0xF2, 0x83, 0x00, 0xFF, 0xE0, 0x8B, 0x65, 
0xF2, 0xD0, 0xD1, 0x5C, 0xB4, 0xFF, 0x30, 0xFF, 0xCD, 0x00, 0x00, 0x9E, 0xFF, 0x45, 0x00, 0x27, 
0xFF, 0x6B, 0xFF, 0x98, 0x00, 0x00, 0x85, 0xFF, 0x10, 0x00, 0x0A, 0xFF, 0x7B, 0xFF, 0x86, 0x00, 
0x00, 0x84, 0xFF, 0x01, 0x00, 0x08, 0xFF, 0x7C, 0xFF, 0x84, 0x00, 0x00, 0x84, 0xFF, 0x00, 0x00, 
0x08, 0xFF, 0x7C, 0xFF, 0x84, 0x00, 0x00, 0x84, 0xFF, 0x00, 0x00, 0x08, 0xFF, 0x7C, 0xFF, 0x84, 
0x00, 0x00, 0x84, 0xFF, 0x00, 0x00, 0x08, 0xFF, 0x7C, 0xFF, 0x84, 0x00, 0x00, 0x84, 0xFF, 0x00, 
0x00, 0x08, 0xFF, 0x7C, 0xFF, 0x84, 0x00, 0x00, 0x84, 0xFF, 0x00, 0x00, 0x08, 0xFF, 0x7C, 0xFF, 
0x49, 0x98, 0xF5, 0xEA, 0x72, 0x00, 0xFF, 0xDB, 0xA5, 0x57, 0xB8, 0xFF, 0x31, 0xFF, 0xD8, 0x02, 
0x00, 0x23, 0xFF, 0x72, 0xFF, 0x9C, 0x00, 0x00, 0x02, 0xFF, 0x83, 0xFF, 0x88, 0x00, 0x00, 0x00, 
0xFF, 0x84, 0xFF, 0x84, 0x00, 0x00, 0x00, 0xFF, 0x84, 0xFF, 0x84, 0x00, 0x00, 0x00, 0xFF, 0x84, 
0xFF, 0x84, 0x00, 0x00, 0x00, 0xFF, 0x84, 0xFF, 0x84, 0x00, 0x00, 0x00, 0xFF, 0x84, 0xFF, 0x84, 
0x00, 0x00, 0x00, 0xFF, 0x84, 0x00, 0x56, 0xD8, 0xFA, 0xD6, 0x4C, 0x00, 0x3B, 0xFE, 0xAB, 0x58, 
0xAD, 0xFB, 0x31, 0xAB, 0xE3, 0x04, 0x00, 0x06, 0xE4, 0xA4, 0xE4, 0xA2, 0x00, 0x00, 0x00, 0xA2, 
0xE2, 0xFC, 0x88, 0x00, 0x00, 0x00, 0x88, 0xFC, 0xFA, 0x88, 0x00, 0x00, 0x00, 0x88, 0xFA, 0xDF, 
0xA1, 0x00, 0x00, 0x00, 0xA2, 0xDE, 0xA4, 0xE3, 0x05, 0x00, 0x06, 0xE4, 0xA0, 0x31, 0xFB, 0xAC, 
0x58, 0xAD, 0xFA, 0x2D, 0x00, 0x4D, 0xD7, 0xFC, 0xD6, 0x4B, 0x00, 0xFF, 0x50, 0x8E, 0xF5, 0xEB, 
0x74, 0x00, 0xFF, 0xDA, 0xA6, 0x58, 0xA8, 0xFF, 0x4F, 0xFF, 0xD7, 0x02, 0x00, 0x04, 0xE1, 0xB5, 
0xFF, 0x99, 0x00, 0x00, 0x00, 0xA2, 0xE8, 0xFF, 0x85, 0x00, 0x00, 0x00, 0x88, 0xFC, 0xFF, 0x87, 
0x00, 0x00, 0x00, 0x88, 0xFC, 0xFF, 0x9D, 0x00, 0x00, 0x00, 0xA1, 0xE5, 0xFF, 0xDD, 0x03, 0x00, 
0x04, 0xE0, 0xB1, 0xFF, 0xE8, 0xA9, 0x56, 0xA7, 0xFF, 0x4A, 0xFF, 0x87, 0x8E, 0xF2, 0xEC, 0x72, 
0x00, 0xFF, 0x84, 0x00, 0x00, 0x00, 0x00, 0x00, 0xFF, 0x84, 0x00, 0x00, 0x00, 0x00, 0x00, 0xFF, 
0x84, 0x00, 0x00, 0x00, 0x00, 0x00, 0xFF, 0x84, 0x00, 0x00, 0x00, 0x00, 0x00, 0x00, 0x6B, 0xE9, 
0xF6, 0x98, 0x5C, 0xFF, 0x44, 0xFF, 0xAA, 0x58, 0xAC, 0xE0, 0xFF, 0xAE, 0xE3, 0x05, 0x00, 0x04, 
0xDF, 0xFF, 0xE4, 0xA3, 0x00, 0x00, 0x00, 0xA1, 0xFF, 0xFC, 0x88, 0x00, 0x00, 0x00, 0x88, 0xFF, 
0xFD, 0x88, 0x00, 0x00, 0x00, 0x85, 0xFF, 0xE8, 0x9E, 0x00, 0x00, 0x00, 0x99, 0xFF, 0xB5, 0xDF, 
0x03, 0x00, 0x02, 0xD9, 0xFF, 0x4E, 0xFF, 0xA9, 0x58, 0xA6, 0xE0, 0xFF, 0x00, 0x75, 0xEC, 0xF5, 
0x8E, 0x85, 0xFF, 0x00, 0x00, 0x00, 0x00, 0x00, 0x84, 0xFF, 0x00, 0x00, 0x00, 0x00, 0x00, 0x84, 
0xFF, 0x00, 0x00, 0x00, 0x00, 0x00, 0x84, 0xFF, 0x00, 0x00, 0x00, 0x00, 0x00, 0x84, 0xFF, 0xFF, 
0x42, 0x9A, 0xF9, 0x60, 0xFF, 0xC5, 0xBF, 0x58, 0x1F, 0xFF, 0xF0, 0x0F, 0x00, 0x00, 0xFF, 0xA7, 
0x00, 0x00, 0x00, 0xFF, 0x87, 0x00, 0x00, 0x00, 0xFF, 0x84, 0x00, 0x00, 0x00, 0xFF, 0x84, 0x00, 
0x00, 0x00, 0xFF, 0x84, 0x00, 0x00, 0x00, 0xFF, 0x84, 0x00, 0x00, 0x00, 0xFF, 0x84, 0x00, 0x00, 
0x00, 0x1F, 0xB4, 0xF4, 0xF4, 0xBE, 0x2B, 0xC5, 0xE8, 0x63, 0x61, 0xAD, 0x17, 0xFC, 0x8D, 0x00, 
0x00, 0x00, 0x00, 0xD5, 0xE0, 0x25, 0x00, 0x00, 0x00, 0x37, 0xEA, 0xF8, 0x86, 0x0A, 0x00, 0x00, 
0x14, 0x96, 0xFD, 0xD2, 0x0D, 0x00, 0x00, 0x00, 0x50, 0xFF, 0x6B, 0x01, 0x00, 0x00, 0x0B, 0xFF, 
0x7D, 0xCB, 0x71, 0x55, 0xA9, 0xFF, 0x3F, 0xA9, 0xEC, 0xFE, 0xDF, 0x68, 0x00, 0x00, 0x99, 0x84, 
0x00, 0x00, 0x00, 0xD2, 0x84, 0x00, 0x00, 0xBA, 0xFF, 0xFF, 0xFF, 0xFF, 0x50, 0xFF, 0xAB, 0x50, 
0x50, 0x00, 0xFF, 0x84, 0x00, 0x00, 0x00, 0xFF, 0x84, 0x00, 0x00, 0x00, 0xFF, 0x84, 0x00, 0x00, 
0x00, 0xFF, 0x84, 0x00, 0x00, 0x00, 0xFF, 0x84, 0x00, 0x00, 0x00, 0xFD, 0x8E, 0x00, 0x00, 0x00, 
0xD3, 0xE8, 0x62, 0x6B, 0x00, 0x3D, 0xDC, 0xFC, 0xDA, 0xFF, 0x84, 0x00, 0x00, 0x00, 0xFF, 0x84, 
0xFF, 0x84, 0x00, 0x00, 0x00, 0xFF, 0x84, 0xFF, 0x84, 0x00, 0x00, 0x00, 0xFF, 0x84, 0xFF, 0x84, 
0x00, 0x00, 0x00, 0xFF, 0x84, 0xFF, 0x84, 0x00, 0x00, 0x00, 0xFF, 0x84, 0xFF, 0x84, 0x00, 0x00, 
0x02, 0xFF, 0x84, 0xFF, 0x87, 0x00, 0x00, 0x16, 0xFF, 0x84, 0xEB, 0xAB, 0x00, 0x00, 0x53, 0xFF, 
0x84, 0xA7, 0xFA, 0x6F, 0x65, 0xD6, 0xEF, 0x84, 0x1A, 0xC0, 0xFB, 0xD9, 0x43, 0xC2, 0x84, 0xD2, 
0xBC, 0x00, 0x00, 0x00, 0x8C, 0xF8, 0x09, 0x8D, 0xF6, 0x05, 0x00, 0x00, 0xCC, 0xBB, 0x00, 0x47, 
0xFF, 0x39, 0x00, 0x0D, 0xFC, 0x75, 0x00, 0x0A, 0xF9, 0x77, 0x00, 0x49, 0xFF, 0x2F, 0x00, 0x00, 
0xBE, 0xB7, 0x00, 0x87, 0xE8, 0x01, 0x00, 0x00, 0x7A, 0xF1, 0x03, 0xC5, 0xA3, 0x00, 0x00, 0x00, 
0x35, 0xFF, 0x38, 0xFA, 0x5D, 0x00, 0x00, 0x00, 0x02, 0xEE, 0xA0, 0xFF, 0x18, 0x00, 0x00, 0x00, 
0x00, 0xAB, 0xF5, 0xD1, 0x00, 0x00, 0x00, 0x00, 0x00, 0x66, 0xFF, 0x8B, 0x00, 0x00, 0x00, 0xBC, 
0xC6, 0x00, 0x00, 0x34, 0xFF, 0xB3, 0x00, 0x00, 0x46, 0xFF, 0x30, 0x84, 0xF7, 0x03, 0x00, 0x6D, 
0xFB, 0xE9, 0x00, 0x00, 0x7C, 0xF4, 0x03, 0x4E, 0xFF, 0x2F, 0x00, 0xA4, 0xB9, 0xFF, 0x1F, 0x00, 
0xAF, 0xC0, 0x00, 0x17, 0xFF, 0x62, 0x00, 0xDC, 0x6B, 0xF1, 0x56, 0x00, 0xE3, 0x89, 0x00, 0x00, 
0xDE, 0x96, 0x14, 0xFF, 0x36, 0xBF, 0x8C, 0x17, 0xFF, 0x50, 0x00, 0x00, 0xA6, 0xC8, 0x4A, 0xF9, 
0x06, 0x8C, 0xC2, 0x4B, 0xFF, 0x18, 0x00, 0x00, 0x6E, 0xF3, 0x79, 0xC9, 0x00, 0x58, 0xF1, 0x7E, 
0xE0, 0x00, 0x00, 0x00, 0x37, 0xFF, 0xBD, 0x91, 0x00, 0x25, 0xFF, 0xC1, 0xA8, 0x00, 0x00, 0x00, 
0x07, 0xF9, 0xFA, 0x5A, 0x00, 0x01, 0xF1, 0xFB, 0x70, 0x00, 0x00, 0x00, 0x00, 0xC9, 0xFF, 0x24, 
0x00, 0x00, 0xBE, 0xFF, 0x37, 0x00, 0x00, 0x5C, 0xFF, 0x3E, 0x00, 0x04, 0xE1, 0xB6, 0x00, 0x03, 
0xDB, 0xB2, 0x00, 0x5B, 0xFF, 0x38, 0x00, 0x00, 0x60, 0xFE, 0x27, 0xCD, 0xBB, 0x00, 0x00, 0x00, 
0x04, 0xDC, 0xCC, 0xFF, 0x3E, 0x00, 0x00, 0x00, 0x00, 0x63, 0xFF, 0xC1, 0x00, 0x00, 0x00, 0x00, 
0x00, 0x84, 0xFF, 0xD4, 0x02, 0x00, 0x00, 0x00, 0x12, 0xF2, 0xA5, 0xFF, 0x56, 0x00, 0x00, 0x00, 
0x84, 0xF3, 0x11, 0xB5, 0xD4, 0x02, 0x00, 0x10, 0xF1, 0x8D, 0x00, 0x40, 0xFF, 0x54, 0x00, 0x80, 
0xFB, 0x1B, 0x00, 0x00, 0xCB, 0xD2, 0x02, 0x12, 0xFD, 0x85, 0x00, 0x00, 0x00, 0xCD, 0xC0, 0x00, 
0xC3, 0xC8, 0x00, 0x00, 0x12, 0xFE, 0x79, 0x00, 0x77, 0xFD, 0x0F, 0x00, 0x52, 0xFF, 0x30, 0x00, 
0x2C, 0xFF, 0x4E, 0x00, 0x94, 0xE7, 0x01, 0x00, 0x00, 0xE0, 0x91, 0x00, 0xD7, 0xA2, 0x00, 0x00, 
0x00, 0x95, 0xD5, 0x19, 0xFF, 0x59, 0x00, 0x00, 0x00, 0x49, 0xFF, 0x6F, 0xFE, 0x14, 0x00, 0x00, 
0x00, 0x09, 0xF5, 0xD7, 0xCB, 0x00, 0x00, 0x00, 0x00, 0x00, 0xB3, 0xFF, 0x82, 0x00, 0x00, 0x00, 
0x00, 0x00, 0x70, 0xFF, 0x3A, 0x00, 0x00, 0x00, 0x00, 0x00, 0x94, 0xEF, 0x03, 0x00, 0x00, 0x00, 
0x00, 0x03, 0xE2, 0xA5, 0x00, 0x00, 0x00, 0x00, 0x59, 0x9C, 0xFF, 0x3A, 0x00, 0x00, 0x00, 0x00, 
0xF2, 0xEF, 0x71, 0x00, 0x00, 0x00, 0x00, 0xFF, 0xFF, 0xFF, 0xFF, 0xFF, 0x50, 0x50, 0x50, 0xD8, 
0xD9, 0x00, 0x00, 0x27, 0xFF, 0x67, 0x00, 0x00, 0x98, 0xED, 0x09, 0x00, 0x13, 0xF6, 0x84, 0x00, 
0x00, 0x7A, 0xFA, 0x19, 0x00, 0x06, 0xE5, 0xA1, 0x00, 0x00, 0x5E, 0xFF, 0x30, 0x00, 0x00, 0xCE, 
0xDE, 0x50, 0x50, 0x50, 0xFF, 0xFF, 0xFF, 0xFF, 0xFF, 0x00, 0x00, 0x26, 0xBB, 0xF5, 0x00, 0x00, 
0xC8, 0xEE, 0x67, 0x00, 0x00, 0xFC, 0x91, 0x00, 0x00, 0x00, 0xFF, 0x84, 0x00, 0x00, 0x00, 0xFF, 
0x84, 0x00, 0x00, 0x08, 0xFF, 0x81, 0x00, 0x1A, 0x84, 0xFF, 0x4C, 0x00, 0xFF, 0xF5, 0x68, 0x00, 
0x00, 0x4B, 0xBC, 0xF2, 0x24, 0x00, 0x00, 0x19, 0xFF, 0x75, 0x00, 0x00, 0x00, 0xFF, 0x84, 0x00, 
0x00, 0x00, 0xFF, 0x84, 0x00, 0x00, 0x00, 0xFF, 0x84, 0x00, 0x00, 0x00, 0xFA, 0x8C, 0x00, 0x00, 
0x00, 0xCB, 0xDC, 0x2A, 0x00, 0x00, 0x3D, 0xED, 0xFF, 0x00, 0x00, 0x00, 0x09, 0x37, 0xFF, 0x84, 
0xFF, 0x84, 0xFF, 0x84, 0xFF, 0x84, 0xFF, 0x84, 0xFF, 0x84, 0xFF, 0x84, 0xFF, 0x84, 0xFF, 0x84, 
0xFF, 0x84, 0xFF, 0x84, 0xFF, 0x84, 0xFF, 0x84, 0xFF, 0x84, 0xFF, 0x84, 0xFF, 0x84, 0xFF, 0x84, 
0xFF, 0x84, 0x7D, 0xE2, 0x73, 0x00, 0x00, 0x00, 0x2B, 0xA9, 0xFF, 0x47, 0x00, 0x00, 0x00, 0x0D, 
0xFF, 0x7F, 0x00, 0x00, 0x00, 0x00, 0xFF, 0x84, 0x00, 0x00, 0x00, 0x00, 0xFF, 0x84, 0x00, 0x00, 
0x00, 0x00, 0xFD, 0x8C, 0x00, 0x00, 0x00, 0x00, 0xC7, 0xE2, 0x38, 0x09, 0x00, 0x00, 0x18, 0xC3, 
0xFF, 0x80, 0x00, 0x00, 0x90, 0xF8, 0x71, 0x23, 0x00, 0x00, 0xF1, 0x9A, 0x00, 0x00, 0x00, 0x00, 
0xFF, 0x84, 0x00, 0x00, 0x00, 0x00, 0xFF, 0x84, 0x00, 0x00, 0x00, 0x00, 0xFF, 0x84, 0x00, 0x00, 
0x00, 0x08, 0xFF, 0x7D, 0x00, 0x00, 0x0C, 0x7A, 0xFF, 0x4F, 0x00, 0x00, 0x80, 0xFF, 0xAC, 0x03, 
0x00, 0x00, 0x1F, 0x21, 0x00, 0x00, 0x00, 0x00, 0x00, 0x08, 0x04, 0x00, 0x00, 0x00, 0x00, 0x95, 
0xFC, 0xF5, 0xA1, 0x38, 0x1C, 0x9B, 0xC8, 0x4E, 0x66, 0xD1, 0xFF, 0xFF, 0xC9, 0x0A, 0x00, 0x00, 
0x00, 0x29, 0x35, 0x03, 0x00, 0xDA, 0x5F, 0xEC, 0x72, 0x15, 0x03, 0x00, 0x00, 0xFF, 0x84, 0xFF, 
0x84, 0xFF, 0x84, 0xFF, 0x84, 0xFF, 0x84, 0xFF, 0x84, 0xFF, 0x84, 0xFF, 0x84, 0xFF, 0x84, 0x00, 
0x00, 0x84, 0xFF, 0x00, 0x00, 0x00, 0x18, 0xB5, 0xFF, 0x6D, 0x1F, 0x1A, 0xE9, 0xFF, 0xDE, 0xF5, 
0x70, 0x8F, 0xFE, 0x46, 0x00, 0x07, 0x0C, 0xD6, 0xBE, 0x00, 0x00, 0x00, 0x00, 0xF6, 0x90, 0x00, 
0x00, 0x00, 0x00, 0xFF, 0x85, 0x00, 0x00, 0x00, 0x00, 0xF3, 0x94, 0x00, 0x00, 0x00, 0x00, 0xCD, 
0xC9, 0x00, 0x00, 0x00, 0x00, 0x7E, 0xFF, 0x68, 0x06, 0x22, 0x31, 0x0C, 0xC9, 0xFF, 0xFF, 0xFF, 
0x73, 0x00, 0x02, 0x99, 0xFF, 0x2A, 0x00, 0x00, 0x00, 0x84, 0xFF, 0x00, 0x00, 0x00, 0x00, 0x5F, 
0xE2, 0xFC, 0xD5, 0x5B, 0x00, 0x29, 0xFD, 0xAA, 0x59, 0xA5, 0x46, 0x00, 0x72, 0xFF, 0x15, 0x00, 
0x00, 0x00, 0x00, 0x83, 0xFF, 0x01, 0x00, 0x00, 0x00, 0x00, 0x84, 0xFF, 0x00, 0x00, 0x00, 0x00, 
0x10, 0x8C, 0xFF, 0x10, 0x10, 0x00, 0x00, 0xFF, 0xFF, 0xFF, 0xFF, 0xFF, 0x00, 0x00, 0x40, 0xA3, 
0xFF, 0x40, 0x40, 0x00, 0x00, 0x00, 0x84, 0xFF, 0x00, 0x00, 0x00, 0x00, 0x00, 0x89, 0xFC, 0x00, 
0x00, 0x00, 0x00, 0x00, 0xBD, 0xCB, 0x00, 0x00, 0x00, 0x00, 0x83, 0xFF, 0x83, 0x50, 0x50, 0x50, 
0x50, 0xFF, 0xFF, 0xFF, 0xFF, 0xFF, 0xFF, 0xFF, 0x02, 0x41, 0x00, 0x00, 0x00, 0x00, 0x00, 0x43, 
0x02, 0x3C, 0xFB, 0x77, 0xB3, 0xF8, 0xAE, 0x81, 0xFC, 0x3A, 0x00, 0x67, 0xFF, 0xAD, 0x58, 0xAD, 
0xFF, 0x60, 0x00, 0x00, 0xB0, 0xCC, 0x02, 0x00, 0x02, 0xCC, 0xAA, 0x00, 0x00, 0xF8, 0x89, 0x00, 
0x00, 0x00, 0x89, 0xF8, 0x00, 0x00, 0xD2, 0xAE, 0x00, 0x00, 0x00, 0xB0, 0xCE, 0x00, 0x00, 0x57, 
0xFF, 0x69, 0x18, 0x6E, 0xFF, 0x52, 0x00, 0x28, 0xE5, 0xBC, 0xEA, 0xFF, 0xE4, 0xC1, 0xE3, 0x25, 
0x12, 0x80, 0x04, 0x0E, 0x38, 0x0A, 0x07, 0x88, 0x13, 0x88, 0xF5, 0x0A, 0x00, 0x00, 0x36, 0xFF, 
0x76, 0x33, 0xFF, 0x55, 0x00, 0x00, 0x8A, 0xFB, 0x18, 0x00, 0xDD, 0xAC, 0x00, 0x00, 0xDD, 0xAD, 
0x00, 0x00, 0x88, 0xF6, 0x0B, 0x31, 0xFF, 0x4B, 0x00, 0x00, 0x33, 0xFF, 0x58, 0x84, 0xE3, 0x03, 
0x00, 0x00, 0x00, 0xDD, 0xAE, 0xD8, 0x82, 0x00, 0x00, 0x00, 0x00, 0x87, 0xFC, 0xFE, 0x21, 0x00, 
0x00, 0x00, 0xF4, 0xF8, 0xFF, 0xFF, 0xF4, 0xF4, 0x00, 0x00, 0x34, 0x34, 0xFF, 0x9D, 0x34, 0x34, 
0x00, 0x00, 0xFF, 0xFF, 0xFF, 0xFF, 0xFF, 0xFF, 0x00, 0x00, 0x40, 0x40, 0xFF, 0xA3, 0x40, 0x40, 
0x00, 0x00, 0x00, 0x00, 0xFF, 0x84, 0x00, 0x00, 0x00, 0x00, 0x00, 0x00, 0xFF, 0x84, 0x00, 0x00, 
0x00, 0xFF, 0x84, 0xFF, 0x84, 0xFF, 0x84, 0xFF, 0x84, 0xFF, 0x84, 0xFF, 0x84, 0xFF, 0x84, 0x00, 
0x00, 0x00, 0x00, 0x00, 0x00, 0x00, 0x00, 0xFF, 0x84, 0xFF, 0x84, 0xFF, 0x84, 0xFF, 0x84, 0xFF, 
0x84, 0xFF, 0x84, 0xFF, 0x84, 0x00, 0x23, 0xB9, 0xF8, 0xF4, 0xBD, 0x1F, 0x00, 0xCB, 0xE4, 0x61, 
0x61, 0xAB, 0x0D, 0x00, 0xFA, 0x8D, 0x00, 0x00, 0x00, 0x00, 0x00, 0xBB, 0xE5, 0x34, 0x00, 0x00, 
0x00, 0x00, 0x1D, 0xF2, 0xFE, 0xA3, 0x1B, 0x00, 0x00, 0xA1, 0xD4, 0x54, 0xE5, 0xE7, 0x1A, 0x00, 
0xF8, 0x8B, 0x00, 0x2D, 0xFF, 0x77, 0x00, 0xDE, 0xD2, 0x0C, 0x0B, 0xFF, 0x72, 0x00, 0x42, 0xF0, 
0xDC, 0x9F, 0xEB, 0x18, 0x00, 0x00, 0x19, 0x9E, 0xFE, 0xB1, 0x03, 0x00, 0x00, 0x00, 0x00, 0x52, 
0xFF, 0x5B, 0x00, 0x01, 0x00, 0x00, 0x0B, 0xFF, 0x7D, 0x04, 0xC8, 0x6D, 0x56, 0xAF, 0xFF, 0x3C, 
0x01, 0x9A, 0xE9, 0xFC, 0xDA, 0x5F, 0x00, 0x06, 0x01, 0x00, 0x06, 0x00, 0xE9, 0x6F, 0x00, 0xE9, 
0x6C, 0x2A, 0x0E, 0x00, 0x2B, 0x0D, 0x00, 0x00, 0x00, 0x00, 0x00, 0x02, 0x0E, 0x02, 0x00, 0x00, 
0x00, 0x00, 0x00, 0x00, 0x00, 0x00, 0x4E, 0xBB, 0xF7, 0xFF, 0xF9, 0xBD, 0x4E, 0x00, 0x00, 0x00, 
0x00, 0x05, 0xA3, 0xFF, 0xB7, 0x60, 0x4D, 0x5F, 0xB7, 0xFF, 0xA5, 0x06, 0x00, 0x00, 0x98, 0xFC, 
0x5A, 0x6E, 0xE9, 0xFF, 0xEB, 0x63, 0x5A, 0xFC, 0x9E, 0x00, 0x3B, 0xFF, 0x79, 0x56, 0xFF, 0xA3, 
0x47, 0x64, 0x3D, 0x00, 0x78, 0xFF, 0x40, 0xA9, 0xE8, 0x06, 0xC6, 0xCF, 0x01, 0x00, 0x00, 0x00, 
0x00, 0x06, 0xE8, 0xAB, 0xE7, 0xA2, 0x00, 0xF6, 0x90, 0x00, 0x00, 0x00, 0x00, 0x00, 0x00, 0xA1, 
0xE8, 0xFD, 0x87, 0x00, 0xFA, 0x8A, 0x00, 0x00, 0x00, 0x00, 0x00, 0x00, 0x87, 0xFD, 0xEE, 0x9A, 
0x00, 0xD9, 0xB6, 0x00, 0x00, 0x00, 0x00, 0x00, 0x00, 0x9A, 0xEE, 0xB7, 0xDC, 0x01, 0x80, 0xFE, 
0x65, 0x15, 0x2F, 0x27, 0x00, 0x01, 0xDD, 0xB9, 0x55, 0xFF, 0x5A, 0x08, 0xB0, 0xFF, 0xFF, 0xFE, 
0x50, 0x00, 0x5A, 0xFF, 0x57, 0x01, 0xBE, 0xF0, 0x35, 0x00, 0x21, 0x3C, 0x19, 0x00, 0x35, 0xF0, 
0xBD, 0x01, 0x00, 0x14, 0xCB, 0xF8, 0x87, 0x30, 0x12, 0x2E, 0x86, 0xF8, 0xCB, 0x13, 0x00, 0x00, 
0x00, 0x08, 0x7E, 0xEA, 0xFF, 0xFF, 0xFF, 0xEA, 0x7D, 0x08, 0x00, 0x00, 0x00, 0x00, 0x00, 0x00, 
0x03, 0x2A, 0x3E, 0x2B, 0x02, 0x00, 0x00, 0x00, 0x00, 0x5D, 0xC3, 0xD6, 0x79, 0x03, 0x00, 0x0A, 
0xED, 0x55, 0xDF, 0xED, 0xFC, 0xE8, 0x3F, 0x01, 0xFA, 0xED, 0x0A, 0x38, 0xFC, 0x7C, 0xD5, 0xA6, 
0xD4, 0x00, 0x00, 0x3D, 0x27, 0x00, 0x0C, 0x55, 0x01, 0x00, 0x21, 0xEF, 0x82, 0x00, 0xA1, 0xDC, 
0x08, 0x07, 0xCC, 0xD4, 0x06, 0x5D, 0xFF, 0x41, 0x00, 0x95, 0xFD, 0x38, 0x26, 0xF4, 0x9E, 0x00, 
0x00, 0xD0, 0xEE, 0x13, 0x52, 0xFF, 0x6A, 0x00, 0x00, 0x24, 0xF2, 0xA5, 0x00, 0x9D, 0xF0, 0x1B, 
0x00, 0x00, 0x54, 0xFF, 0x4B, 0x0B, 0xD8, 0xAF, 0x00, 0x00, 0x00, 0x84, 0x64, 0x00, 0x2E, 0xA9, 
0x0A, 0x09, 0x10, 0x10, 0x10, 0x10, 0x10, 0x10, 0x08, 0x94, 0xFF, 0xFF, 0xFF, 0xFF, 0xFF, 0xFF, 
0x84, 0x25, 0x40, 0x40, 0x40, 0x40, 0x40, 0xFF, 0x84, 0x00, 0x00, 0x00, 0x00, 0x00, 0x00, 0xFF, 
0x84, 0x00, 0x00, 0x00, 0x00, 0x00, 0x00, 0xFF, 0x84, 0x00, 0x00, 0x00, 0x00, 0x00, 0x00, 0xC0, 
0x63, 0x10, 0x10, 0x10, 0x10, 0xFF, 0xFF, 0xFF, 0xFF, 0x40, 0x40, 0x40, 0x40, 0x00, 0x00, 0x00, 
0x00, 0x00, 0x02, 0x0E, 0x02, 0x00, 0x00, 0x00, 0x00, 0x00, 0x00, 0x00, 0x00, 0x4E, 0xBB, 0xF7, 
0xFF, 0xF9, 0xBD, 0x4E, 0x00, 0x00, 0x00, 0x00, 0x05, 0xA3, 0xFF, 0xB7, 0x5F, 0x42, 0x5E, 0xB7, 
0xFF, 0xA5, 0x06, 0x00, 0x00, 0x98, 0xFC, 0x5A, 0x10, 0x10, 0x0B, 0x00, 0x00, 0x5A, 0xFC, 0x9E, 
0x00, 0x3B, 0xFF, 0x79, 0x00, 0xFF, 0xFF, 0xFF, 0xE4, 0x57, 0x00, 0x78, 0xFF, 0x40, 0xA9, 0xE8, 
0x06, 0x00, 0xFF, 0xA3, 0x48, 0xC8, 0xED, 0x00, 0x06, 0xE8, 0xAB, 0xE7, 0xA2, 0x00, 0x00, 0xFF, 
0x8C, 0x1B, 0xB8, 0xE7, 0x00, 0x00, 0xA1, 0xE8, 0xFD, 0x87, 0x00, 0x00, 0xFF, 0xFF, 0xFF, 0xE3, 
0x41, 0x00, 0x00, 0x87, 0xFD, 0xEE, 0x9A, 0x00, 0x00, 0xFF, 0xA3, 0x7A, 0xE1, 0x09, 0x00, 0x00, 
0x9A, 0xEE, 0xB7, 0xDC, 0x01, 0x00, 0xFF, 0x84, 0x04, 0xDE, 0x7A, 0x00, 0x01, 0xDD, 0xB9, 0x55, 
0xFF, 0x5A, 0x00, 0xFF, 0x84, 0x00, 0x66, 0xF1, 0x15, 0x5A, 0xFF, 0x57, 0x01, 0xBE, 0xF0, 0x35, 
0x34, 0x1B, 0x00, 0x06, 0x34, 0x48, 0xF0, 0xBD, 0x01, 0x00, 0x14, 0xCB, 0xF8, 0x87, 0x30, 0x12, 
0x2E, 0x86, 0xF8, 0xCB, 0x13, 0x00, 0x00, 0x00, 0x08, 0x7E, 0xEA, 0xFF, 0xFF, 0xFF, 0xEA, 0x7D, 
0x08, 0x00, 0x00, 0x00, 0x00, 0x00, 0x00, 0x03, 0x2A, 0x3E, 0x2B, 0x02, 0x00, 0x00, 0x00, 0x00, 
0x10, 0x10, 0x10, 0x10, 0x10, 0x10, 0x10, 0x10, 0xFF, 0xFF, 0xFF, 0xFF, 0xFF, 0xFF, 0xFF, 0xFF, 
0x40, 0x40, 0x40, 0x40, 0x40, 0x40, 0x40, 0x40, 0x00, 0x00, 0x0B, 0x00, 0x00, 0x26, 0xD3, 0xFF, 
0xD2, 0x26, 0xC3, 0xDF, 0x50, 0xDF, 0xC3, 0xFC, 0x8A, 0x00, 0x8B, 0xFB, 0xD9, 0xCB, 0x20, 0xCB, 
0xD7, 0x42, 0xF3, 0xFF, 0xF3, 0x44, 0x00, 0x11, 0x3C, 0x11, 0x00, 0x00, 0x00, 0x84, 0xFF, 0x00, 
0x00, 0x00, 0x00, 0x00, 0x84, 0xFF, 0x00, 0x00, 0x00, 0x00, 0x00, 0x84, 0xFF, 0x00, 0x00, 0x00, 
0x10, 0x10, 0x8C, 0xFF, 0x10, 0x10, 0x10, 0xFF, 0xFF, 0xFF, 0xFF, 0xFF, 0xFF, 0xFF, 0x40, 0x40, 
0xA3, 0xFF, 0x40, 0x40, 0x40, 0x00, 0x00, 0x84, 0xFF, 0x00, 0x00, 0x00, 0x00, 0x00, 0x84, 0xFF, 
0x00, 0x00, 0x00, 0x00, 0x00, 0x84, 0xFF, 0x00, 0x00, 0x00, 0x50, 0x50, 0x50, 0x50, 0x50, 0x50, 
0x50, 0xFF, 0xFF, 0xFF, 0xFF, 0xFF, 0xFF, 0xFF, 0x76, 0xC7, 0xC1, 0x40, 0x5C, 0x13, 0x21, 0xDB, 
0x00, 0x00, 0x07, 0xF4, 0x00, 0x00, 0x52, 0xC2, 0x00, 0x0F, 0xDE, 0x44, 0x00, 0xAC, 0x99, 0x00, 
0x6C, 0xD7, 0x0B, 0x00, 0xF9, 0xDE, 0xC4, 0xC1, 0x08, 0x96, 0xC8, 0xC3, 0x50, 0x00, 0x46, 0x03, 
0x1D, 0xED, 0x00, 0x00, 0x00, 0x2F, 0xD7, 0x00, 0x16, 0xC3, 0xFA, 0x50, 0x00, 0x00, 0x00, 0x47, 
0xD1, 0x00, 0x00, 0x00, 0x01, 0xF7, 0x10, 0x1F, 0x00, 0x2D, 0xD2, 0x19, 0xD7, 0xC9, 0xC6, 0x37, 
0x00, 0x0A, 0xEA, 0xD7, 0x06, 0x00, 0x7B, 0xF0, 0x28, 0x00, 0x1F, 0xEB, 0x3D, 0x00, 0x00, 0xFF, 
0x84, 0x00, 0x00, 0x00, 0xFF, 0x84, 0xFF, 0x84, 0x00, 0x00, 0x00, 0xFF, 0x84, 0xFF, 0x84, 0x00, 
0x00, 0x00, 0xFF, 0x84, 0xFF, 0x84, 0x00, 0x00, 0x00, 0xFF, 0x84, 0xFF, 0x84, 0x00, 0x00, 0x00, 
0xFF, 0x84, 0xFF, 0x84, 0x00, 0x00, 0x03, 0xFF, 0x84, 0xFF, 0x87, 0x00, 0x00, 0x19, 0xFF, 0x84, 
0xFF, 0xAA, 0x00, 0x00, 0x57, 0xFF, 0x84, 0xFF, 0xFA, 0x6F, 0x65, 0xD9, 0xEE, 0x84, 0xFF, 0xC0, 
0xE8, 0xE7, 0x4F, 0xC1, 0x84, 0xFF, 0x84, 0x00, 0x00, 0x00, 0x00, 0x00, 0xFF, 0x84, 0x00, 0x00, 
0x00, 0x00, 0x00, 0xFF, 0x84, 0x00, 0x00, 0x00, 0x00, 0x00, 0xFF, 0x84, 0x00, 0x00, 0x00, 0x00, 
0x00, 0x00, 0x39, 0xD2, 0xFD, 0xFF, 0xFF, 0xFF, 0x84, 0x08, 0xE7, 0xFF, 0xFF, 0xFF, 0xAB, 0xFF, 
0x84, 0x48, 0xFF, 0xFF, 0xFF, 0xFF, 0x84, 0xFF, 0x84, 0x71, 0xFF, 0xFF, 0xFF, 0xFF, 0x84, 0xFF, 
0x84, 0x7F, 0xFF, 0xFF, 0xFF, 0xFF, 0x84, 0xFF, 0x84, 0x79, 0xFF, 0xFF, 0xFF, 0xFF, 0x84, 0xFF, 
0x84, 0x5D, 0xFF, 0xFF, 0xFF, 0xFF, 0x84, 0xFF, 0x84, 0x1F, 0xFE, 0xFF, 0xFF, 0xFF, 0x84, 0xFF, 
0x84, 0x00, 0x88, 0xFF, 0xFF, 0xFF, 0x84, 0xFF, 0x84, 0x00, 0x00, 0x25, 0x33, 0xFF, 0x84, 0xFF, 
0x84, 0x00, 0x00, 0x00, 0x00, 0xFF, 0x84, 0xFF, 0x84, 0x00, 0x00, 0x00, 0x00, 0xFF, 0x84, 0xFF, 
0x84, 0x00, 0x00, 0x00, 0x00, 0xFF, 0x84, 0xFF, 0x84, 0x00, 0x00, 0x00, 0x00, 0xFF, 0x84, 0xFF, 
0x84, 0x00, 0x00, 0x00, 0x00, 0xFF, 0x84, 0xFF, 0x84, 0x00, 0x00, 0x00, 0x00, 0xFF, 0x84, 0xFF, 
0x84, 0x00, 0x00, 0x00, 0x00, 0x50, 0x29, 0x50, 0x29, 0x14, 0x03, 0xEC, 0x71, 0xD9, 0x5F, 0x00, 
0x76, 0x0A, 0x00, 0x38, 0xEF, 0x65, 0x02, 0x00, 0x2F, 0xFF, 0x64, 0x5D, 0x7F, 0xFF, 0x72, 0xEE, 
0xF2, 0xAE, 0x0F, 0x00, 0x02, 0x85, 0xFB, 0x02, 0xB1, 0xC8, 0xF9, 0x00, 0x5C, 0x0A, 0xF8, 0x00, 
0x00, 0x00, 0xF8, 0x00, 0x00, 0x00, 0xF8, 0x00, 0x00, 0x00, 0xF8, 0x00, 0x00, 0x00, 0xF8, 0x00, 
0x00, 0x00, 0xF8, 0x23, 0xC1, 0xC8, 0xC7, 0x2B, 0xB9, 0x49, 0x00, 0x44, 0xC0, 0xF3, 0x04, 0x00, 
0x04, 0xF4, 0xF0, 0x07, 0x00, 0x07, 0xF0, 0xAB, 0x5C, 0x00, 0x5C, 0xAD, 0x15, 0xA7, 0xC2, 0xAB, 
0x17, 0x1C, 0x46, 0x00, 0x05, 0x5A, 0x05, 0x00, 0x00, 0x60, 0xF6, 0x2B, 0x16, 0xEC, 0x8D, 0x00, 
0x00, 0x01, 0xBF, 0xD4, 0x09, 0x5A, 0xFF, 0x52, 0x00, 0x00, 0x25, 0xF8, 0x9A, 0x00, 0xB5, 0xF1, 
0x24, 0x00, 0x0A, 0xE0, 0xD2, 0x00, 0x81, 0xFF, 0x4F, 0x00, 0x88, 0xF5, 0x28, 0x2C, 0xF9, 0x94, 
0x00, 0x30, 0xFC, 0x63, 0x03, 0xC8, 0xCA, 0x06, 0x00, 0x4D, 0x93, 0x00, 0x17, 0xB0, 0x1E, 0x00, 
0x00, 0x00, 0x03, 0x84, 0xFE, 0x84, 0x00, 0x00, 0x00, 0x00, 0x9E, 0x97, 0x00, 0x00, 0x02, 0xBD, 
0xBA, 0xFC, 0x84, 0x00, 0x00, 0x00, 0x24, 0xF7, 0x20, 0x00, 0x00, 0x00, 0x3E, 0x03, 0xFF, 0x84, 
0x00, 0x00, 0x00, 0xA4, 0x9F, 0x00, 0x00, 0x00, 0x00, 0x00, 0x00, 0xFF, 0x84, 0x00, 0x00, 0x2A, 
0xFA, 0x27, 0x00, 0x00, 0x00, 0x00, 0x00, 0x00, 0xFF, 0x84, 0x00, 0x00, 0xA9, 0xA8, 0x00, 0x00, 
0x00, 0x00, 0x00, 0x00, 0x00, 0xFF, 0x84, 0x00, 0x30, 0xFD, 0x2F, 0x00, 0xC5, 0xFF, 0x00, 0x00, 
0x00, 0x00, 0xFF, 0x84, 0x00, 0xB0, 0xB1, 0x00, 0x3E, 0xFC, 0xFF, 0x00, 0x00, 0x00, 0x00, 0xFF, 
0x84, 0x34, 0xFF, 0x37, 0x00, 0xB5, 0xAA, 0xFF, 0x00, 0x00, 0x00, 0x00, 0x00, 0x00, 0xB7, 0xBB, 
0x00, 0x30, 0xAF, 0x84, 0xFF, 0x00, 0x00, 0x00, 0x00, 0x00, 0x3A, 0xFF, 0x40, 0x00, 0xA8, 0x3C, 
0x84, 0xFF, 0x00, 0x00, 0x00, 0x00, 0x00, 0xBC, 0xC5, 0x00, 0x00, 0xFD, 0xEC, 0xF6, 0xFF, 0xEC, 
0x00, 0x00, 0x00, 0x40, 0xFF, 0x49, 0x00, 0x00, 0x1C, 0x1C, 0x92, 0xFF, 0x1C, 0x00, 0x00, 0x00, 
0xC2, 0xCD, 0x01, 0x00, 0x00, 0x00, 0x00, 0x84, 0xFF, 0x00, 0x00, 0x01, 0x79, 0xFD, 0x84, 0x00, 
0x00, 0x00, 0x00, 0x74, 0x95, 0x00, 0x00, 0x01, 0xA8, 0xCC, 0xF9, 0x84, 0x00, 0x00, 0x00, 0x0F, 
0xE8, 0x1D, 0x00, 0x00, 0x00, 0x50, 0x09, 0xFF, 0x84, 0x00, 0x00, 0x00, 0x86, 0x98, 0x00, 0x00, 
0x00, 0x00, 0x00, 0x00, 0xFF, 0x84, 0x00, 0x00, 0x19, 0xEF, 0x1E, 0x00, 0x00, 0x00, 0x00, 0x00, 
0x00, 0xFF, 0x84, 0x00, 0x00, 0x97, 0x99, 0x00, 0x00, 0x00, 0x00, 0x00, 0x00, 0x00, 0xFF, 0x84, 
0x00, 0x23, 0xF6, 0x21, 0x5E, 0xDF, 0xDE, 0x51, 0x00, 0x00, 0x00, 0xFF, 0x84, 0x00, 0xA8, 0x9C, 
0x00, 0x94, 0x32, 0xC2, 0xE8, 0x00, 0x00, 0x00, 0xFF, 0x84, 0x32, 0xF9, 0x21, 0x00, 0x00, 0x00, 
0x8C, 0xF8, 0x00, 0x00, 0x00, 0x00, 0x00, 0xB8, 0x9F, 0x00, 0x00, 0x00, 0x00, 0xC9, 0xB6, 0x00, 
0x00, 0x00, 0x00, 0x40, 0xFC, 0x24, 0x00, 0x00, 0x00, 0x55, 0xF4, 0x27, 0x00, 0x00, 0x00, 0x01, 
0xC8, 0xA0, 0x00, 0x00, 0x00, 0x14, 0xE7, 0x4E, 0x00, 0x00, 0x00, 0x00, 0x52, 0xFD, 0x24, 0x00, 
0x00, 0x00, 0xAA, 0x85, 0x10, 0x10, 0x00, 0x00, 0x03, 0xD7, 0xA4, 0x00, 0x00, 0x00, 0x00, 0xFF, 
0xFF, 0xFF, 0xFF, 0x00, 0x00, 0x0C, 0x40, 0x15, 0x00, 0x00, 0x00, 0x00, 0x40, 0x40, 0x40, 0x40, 
0x00, 0x00, 0x08, 0x07, 0x00, 0x00, 0x00, 0x00, 0x00, 0x06, 0x0E, 0x00, 0x00, 0x21, 0xB8, 0xFE, 
0xFE, 0xBD, 0x15, 0x00, 0x00, 0x00, 0x9C, 0x9B, 0x00, 0x00, 0x34, 0x85, 0x48, 0x6E, 0xFF, 0x77, 
0x00, 0x00, 0x24, 0xF9, 0x24, 0x00, 0x00, 0x00, 0x08, 0x13, 0x55, 0xFD, 0x47, 0x00, 0x00, 0xA0, 
0xA6, 0x00, 0x00, 0x00, 0x00, 0x80, 0xFF, 0xF9, 0x5F, 0x00, 0x00, 0x25, 0xFB, 0x2C, 0x00, 0x00, 
0x00, 0x00, 0x20, 0x45, 0xA0, 0xF9, 0x33, 0x00, 0xA4, 0xB0, 0x00, 0x00, 0x00, 0x00, 0x00, 0x00, 
0x00, 0x09, 0xFF, 0x7E, 0x27, 0xFD, 0x37, 0x00, 0xC1, 0xFF, 0x00, 0x49, 0x3C, 0x15, 0x66, 0xFF, 
0x61, 0xA6, 0xBD, 0x00, 0x3B, 0xFC, 0xFF, 0x00, 0x6C, 0xFF, 0xFF, 0xFF, 0xB2, 0x31, 0xFE, 0x42, 
0x00, 0xB3, 0xAA, 0xFF, 0x00, 0x00, 0x1A, 0x3C, 0x24, 0x00, 0xA8, 0xC7, 0x00, 0x30, 0xAE, 0x84, 
0xFF, 0x00, 0x00, 0x00, 0x00, 0x00, 0x2C, 0xFE, 0x4D, 0x00, 0xA8, 0x38, 0x84, 0xFF, 0x00, 0x00, 
0x00, 0x00, 0x00, 0xAC, 0xD0, 0x01, 0x00, 0xFC, 0xEC, 0xF6, 0xFF, 0xEC, 0x00, 0x00, 0x00, 0x30, 
0xFF, 0x58, 0x00, 0x00, 0x1C, 0x1C, 0x92, 0xFF, 0x1C, 0x00, 0x00, 0x00, 0xB0, 0xDA, 0x03, 0x00, 
0x00, 0x00, 0x00, 0x84, 0xFF, 0x00, 0x00, 0x00, 0x5F, 0xDA, 0x00, 0x00, 0x00, 0x00, 0x71, 0xED, 
0x00, 0x00, 0x00, 0x00, 0x03, 0x15, 0x00, 0x00, 0x00, 0x00, 0x2D, 0x58, 0x00, 0x00, 0x00, 0x00, 
0x8D, 0xFC, 0x00, 0x00, 0x00, 0x02, 0xD1, 0xD8, 0x00, 0x00, 0x00, 0x71, 0xFF, 0x68, 0x00, 0x00, 
0x2F, 0xFA, 0xA5, 0x01, 0x00, 0x00, 0xB1, 0xE3, 0x0B, 0x00, 0x00, 0x00, 0xF2, 0x94, 0x00, 0x00, 
0x00, 0x00, 0xFA, 0x8E, 0x00, 0x00, 0x00, 0x00, 0xCB, 0xE1, 0x2F, 0x2F, 0x90, 0x08, 0x3D, 0xF1, 
0xFF, 0xFF, 0xE3, 0x26, 0x00, 0x0F, 0x41, 0x33, 0x04, 0x00, 0x00, 0x00, 0x6A, 0x7C, 0x03, 0x00, 
0x00, 0x00, 0x00, 0x00, 0x00, 0x52, 0xFF, 0x60, 0x00, 0x00, 0x00, 0x00, 0x00, 0x00, 0x00, 0x7A, 
0xE7, 0x0E, 0x00, 0x00, 0x00, 0x00, 0x00, 0x00, 0x00, 0x62, 0x35, 0x00, 0x00, 0x00, 0x00, 0x00, 
0x00, 0x00, 0x00, 0x00, 0x00, 0x00, 0x00, 0x00, 0x00, 0x00, 0x9C, 0xFF, 0x63, 0x00, 0x00, 0x00, 
0x00, 0x00, 0x00, 0xE1, 0xF7, 0xA9, 0x00, 0x00, 0x00, 0x00, 0x00, 0x26, 0xFF, 0xAA, 0xED, 0x02, 
0x00, 0x00, 0x00, 0x00, 0x6B, 0xFB, 0x4A, 0xFF, 0x35, 0x00, 0x00, 0x00, 0x00, 0xB1, 0xCA, 0x0A, 
0xFA, 0x7B, 0x00, 0x00, 0x00, 0x04, 0xF1, 0x8C, 0x00, 0xC6, 0xC2, 0x00, 0x00, 0x00, 0x3D, 0xFF, 
0x50, 0x00, 0x89, 0xFA, 0x0D, 0x00, 0x00, 0x82, 0xFF, 0x34, 0x20, 0x66, 0xFF, 0x4E, 0x00, 0x00, 
0xC6, 0xFF, 0xFF, 0xFF, 0xFF, 0xFF, 0x94, 0x00, 0x10, 0xFD, 0xB2, 0x50, 0x50, 0x50, 0xD6, 0xDA, 
0x00, 0x52, 0xFF, 0x54, 0x00, 0x00, 0x00, 0x86, 0xFF, 0x21, 0x97, 0xFD, 0x11, 0x00, 0x00, 0x00, 
0x3D, 0xFF, 0x67, 0xDE, 0xC6, 0x00, 0x00, 0x00, 0x00, 0x04, 0xF0, 0xAD, 0x00, 0x00, 0x00, 0x00, 
0x0A, 0x7F, 0x63, 0x00, 0x00, 0x00, 0x00, 0x00, 0x00, 0x73, 0xFD, 0x46, 0x00, 0x00, 0x00, 0x00, 
0x00, 0x17, 0xEF, 0x6C, 0x00, 0x00, 0x00, 0x00, 0x00, 0x00, 0x3D, 0x5C, 0x00, 0x00, 0x00, 0x00, 
0x00, 0x00, 0x00, 0x00, 0x00, 0x00, 0x00, 0x00, 0x00, 0x00, 0x00, 0x00, 0x9C, 0xFF, 0x63, 0x00, 
0x00, 0x00, 0x00, 0x00, 0x00, 0xE1, 0xF7, 0xA9, 0x00, 0x00, 0x00, 0x00, 0x00, 0x26, 0xFF, 0xAA, 
0xED, 0x02, 0x00, 0x00, 0x00, 0x00, 0x6B, 0xFB, 0x4A, 0xFF, 0x35, 0x00, 0x00, 0x00, 0x00, 0xB1, 
0xCA, 0x0A, 0xFA, 0x7B, 0x00, 0x00, 0x00, 0x04, 0xF1, 0x8C, 0x00, 0xC6, 0xC2, 0x00, 0x00, 0x00, 
0x3D, 0xFF, 0x50, 0x00, 0x89, 0xFA, 0x0D, 0x00, 0x00, 0x82, 0xFF, 0x34, 0x20, 0x66, 0xFF, 0x4E, 
0x00, 0x00, 0xC6, 0xFF, 0xFF, 0xFF, 0xFF, 0xFF, 0x94, 0x00, 0x10, 0xFD, 0xB2, 0x50, 0x50, 0x50, 
0xD6, 0xDA, 0x00, 0x52, 0xFF, 0x54, 0x00, 0x00, 0x00, 0x86, 0xFF, 0x21, 0x97, 0xFD, 0x11, 0x00, 
0x00, 0x00, 0x3D, 0xFF, 0x67, 0xDE, 0xC6, 0x00, 0x00, 0x00, 0x00, 0x04, 0xF0, 0xAD, 0x00, 0x00, 
0x00, 0x3E, 0x80, 0x1E, 0x00, 0x00, 0x00, 0x00, 0x00, 0x0A, 0xDF, 0xF3, 0xA9, 0x00, 0x00, 0x00, 
0x00, 0x00, 0x8D, 0xB4, 0x1D, 0xE1, 0x4C, 0x00, 0x00, 0x00, 0x08, 0x79, 0x0A, 0x00, 0x24, 0x67, 
0x00, 0x00, 0x00, 0x00, 0x00, 0x00, 0x00, 0x00, 0x00, 0x00, 0x00, 0x00, 0x00, 0x00, 0x9C, 0xFF, 
0x63, 0x00, 0x00, 0x00, 0x00, 0x00, 0x00, 0xE1, 0xF7, 0xA9, 0x00, 0x00, 0x00, 0x00, 0x00, 0x26, 
0xFF, 0xAA, 0xED, 0x02, 0x00, 0x00, 0x00, 0x00, 0x6B, 0xFB, 0x4A, 0xFF, 0x35, 0x00, 0x00, 0x00, 
0x00, 0xB1, 0xCA, 0x0A, 0xFA, 0x7B, 0x00, 0x00, 0x00, 0x04, 0xF1, 0x8C, 0x00, 0xC6, 0xC2, 0x00, 
0x00, 0x00, 0x3D, 0xFF, 0x50, 0x00, 0x89, 0xFA, 0x0D, 0x00, 0x00, 0x82, 0xFF, 0x34, 0x20, 0x66, 
0xFF, 0x4E, 0x00, 0x00, 0xC6, 0xFF, 0xFF, 0xFF, 0xFF, 0xFF, 0x94, 0x00, 0x10, 0xFD, 0xB2, 0x50, 
0x50, 0x50, 0xD6, 0xDA, 0x00, 0x52, 0xFF, 0x54, 0x00, 0x00, 0x00, 0x86, 0xFF, 0x21, 0x97, 0xFD, 
0x11, 0x00, 0x00, 0x00, 0x3D, 0xFF, 0x67, 0xDE, 0xC6, 0x00, 0x00, 0x00, 0x00, 0x04, 0xF0, 0xAD, 
0x00, 0x00, 0x01, 0x07, 0x00, 0x00, 0x0C, 0x02, 0x00, 0x00, 0x03, 0xC6, 0xF9, 0x87, 0x23, 0xE8, 
0x15, 0x00, 0x00, 0x3D, 0xD4, 0x58, 0xD6, 0xFF, 0xB8, 0x00, 0x00, 0x00, 0x16, 0x24, 0x00, 0x04, 
0x34, 0x08, 0x00, 0x00, 0x00, 0x00, 0x00, 0x00, 0x00, 0x00, 0x00, 0x00, 0x00, 0x00, 0x00, 0x00, 
0x9C, 0xFF, 0x63, 0x00, 0x00, 0x00, 0x00, 0x00, 0x00, 0xE1, 0xF7, 0xA9, 0x00, 0x00, 0x00, 0x00, 
0x00, 0x26, 0xFF, 0xAA, 0xED, 0x02, 0x00, 0x00, 0x00, 0x00, 0x6B, 0xFB, 0x4A, 0xFF, 0x35, 0x00, 
0x00, 0x00, 0x00, 0xB1, 0xCA, 0x0A, 0xFA, 0x7B, 0x00, 0x00, 0x00, 0x04, 0xF1, 0x8C, 0x00, 0xC6, 
0xC2, 0x00, 0x00, 0x00, 0x3D, 0xFF, 0x50, 0x00, 0x89, 0xFA, 0x0D, 0x00, 0x00, 0x82, 0xFF, 0x34, 
0x20, 0x66, 0xFF, 0x4E, 0x00, 0x00, 0xC6, 0xFF, 0xFF, 0xFF, 0xFF, 0xFF, 0x94, 0x00, 0x10, 0xFD, 
0xB2, 0x50, 0x50, 0x50, 0xD6, 0xDA, 0x00, 0x52, 0xFF, 0x54, 0x00, 0x00, 0x00, 0x86, 0xFF, 0x21, 
0x97, 0xFD, 0x11, 0x00, 0x00, 0x00, 0x3D, 0xFF, 0x67, 0xDE, 0xC6, 0x00, 0x00, 0x00, 0x00, 0x04, 
0xF0, 0xAD, 0x00, 0x00, 0x00, 0x06, 0x01, 0x00, 0x06, 0x00, 0x00, 0x00, 0x00, 0x00, 0x00, 0xE9, 
0x6E, 0x00, 0xE9, 0x6C, 0x00, 0x00, 0x00, 0x00, 0x00, 0x2A, 0x0D, 0x00, 0x2A, 0x0D, 0x00, 0x00, 
0x00, 0x00, 0x00, 0x00, 0x00, 0x00, 0x00, 0x00, 0x00, 0x00, 0x00, 0x00, 0x00, 0x00, 0xC2, 0xFF, 
0x4E, 0x00, 0x00, 0x00, 0x00, 0x00, 0x00, 0x0C, 0xFA, 0xF7, 0x93, 0x00, 0x00, 0x00, 0x00, 0x00, 
0x00, 0x4D, 0xFF, 0xAA, 0xD8, 0x00, 0x00, 0x00, 0x00, 0x00, 0x00, 0x91, 0xE6, 0x5D, 0xFF, 0x1D, 
0x00, 0x00, 0x00, 0x00, 0x00, 0xD6, 0xA7, 0x20, 0xFF, 0x62, 0x00, 0x00, 0x00, 0x00, 0x1C, 0xFF, 
0x6C, 0x00, 0xE3, 0xA8, 0x00, 0x00, 0x00, 0x00, 0x60, 0xFF, 0x2C, 0x00, 0xA4, 0xEB, 0x01, 0x00, 
0x00, 0x00, 0xA4, 0xF3, 0x22, 0x20, 0x7D, 0xFF, 0x31, 0x00, 0x00, 0x01, 0xE9, 0xFF, 0xFF, 0xFF, 
0xFF, 0xFF, 0x75, 0x00, 0x00, 0x2F, 0xFF, 0x9C, 0x50, 0x50, 0x50, 0xEC, 0xBB, 0x00, 0x00, 0x73, 
0xFF, 0x34, 0x00, 0x00, 0x00, 0xA8, 0xF7, 0x08, 0x00, 0xBA, 0xEC, 0x02, 0x00, 0x00, 0x00, 0x60, 
0xFF, 0x45, 0x08, 0xF6, 0xA8, 0x00, 0x00, 0x00, 0x00, 0x19, 0xFF, 0x8B, 0x00, 0x00, 0x00, 0x00, 
0x05, 0x05, 0x00, 0x00, 0x00, 0x00, 0x00, 0x00, 0x00, 0x63, 0xF7, 0xF5, 0x60, 0x00, 0x00, 0x00, 
0x00, 0x00, 0x00, 0xEB, 0xBA, 0xB9, 0xEA, 0x00, 0x00, 0x00, 0x00, 0x00, 0x00, 0xF6, 0x99, 0x9A, 
0xF5, 0x00, 0x00, 0x00, 0x00, 0x00, 0x00, 0x97, 0xFF, 0xFF, 0x92, 0x00, 0x00, 0x00, 0x00, 0x00, 
0x00, 0x02, 0xEE, 0xF8, 0x07, 0x00, 0x00, 0x00, 0x00, 0x00, 0x00, 0x35, 0xF0, 0xE1, 0x47, 0x00, 
0x00, 0x00, 0x00, 0x00, 0x00, 0x85, 0xC2, 0xB0, 0x9A, 0x00, 0x00, 0x00, 0x00, 0x00, 0x00, 0xD6, 
0x8D, 0x75, 0xE8, 0x02, 0x00, 0x00, 0x00, 0x00, 0x26, 0xFF, 0x57, 0x38, 0xFF, 0x3D, 0x00, 0x00, 
0x00, 0x00, 0x75, 0xFF, 0x1F, 0x06, 0xF6, 0x8E, 0x00, 0x00, 0x00, 0x00, 0xC5, 0xEB, 0x10, 0x10, 
0xC5, 0xDE, 0x00, 0x00, 0x00, 0x18, 0xFE, 0xFF, 0xFF, 0xFF, 0xFF, 0xFF, 0x32, 0x00, 0x00, 0x66, 
0xFF, 0x64, 0x40, 0x40, 0x44, 0xF9, 0x82, 0x00, 0x00, 0xB5, 0xE8, 0x02, 0x00, 0x00, 0x00, 0xBB, 
0xD4, 0x00, 0x0D, 0xF8, 0x9D, 0x00, 0x00, 0x00, 0x00, 0x70, 0xFF, 0x26, 0x56, 0xFF, 0x4E, 0x00, 
0x00, 0x00, 0x00, 0x26, 0xFF, 0x77, 0x00, 0x00, 0x00, 0x00, 0xAB, 0xFF, 0xFF, 0xFF, 0xFF, 0xFF, 
0xFF, 0x80, 0x00, 0x00, 0x00, 0x0B, 0xF5, 0x96, 0xFF, 0xAB, 0x50, 0x50, 0x50, 0x28, 0x00, 0x00, 
0x00, 0x55, 0xFF, 0x27, 0xFF, 0x84, 0x00, 0x00, 0x00, 0x00, 0x00, 0x00, 0x00, 0xAC, 0xDA, 0x00, 
0xFF, 0x84, 0x00, 0x00, 0x00, 0x00, 0x00, 0x00, 0x0B, 0xF6, 0x90, 0x00, 0xFF, 0x84, 0x00, 0x00, 
0x00, 0x00, 0x00, 0x00, 0x57, 0xFF, 0x44, 0x00, 0xFF, 0x8C, 0x10, 0x10, 0x10, 0x04, 0x00, 0x00, 
0xAC, 0xF3, 0x06, 0x00, 0xFF, 0xFF, 0xFF, 0xFF, 0xFF, 0x38, 0x00, 0x0B, 0xF6, 0xB5, 0x10, 0x10, 
0xFF, 0xA3, 0x40, 0x40, 0x40, 0x0E, 0x00, 0x57, 0xFF, 0xFF, 0xFF, 0xFF, 0xFF, 0x84, 0x00, 0x00, 
0x00, 0x00, 0x00, 0xAD, 0xF7, 0x44, 0x40, 0x40, 0xFF, 0x84, 0x00, 0x00, 0x00, 0x00, 0x0C, 0xF7, 
0xAE, 0x00, 0x00, 0x00, 0xFF, 0x84, 0x00, 0x00, 0x00, 0x00, 0x58, 0xFF, 0x54, 0x00, 0x00, 0x00, 
0xFF, 0xAB, 0x50, 0x50, 0x50, 0x28, 0xAD, 0xF3, 0x09, 0x00, 0x00, 0x00, 0xFF, 0xFF, 0xFF, 0xFF, 
0xFF, 0x80, 0x00, 0x00, 0x64, 0xD5, 0xFC, 0xF0, 0xB7, 0x21, 0x00, 0x82, 0xFF, 0xA0, 0x56, 0x6B, 
0xB8, 0x0B, 0x2C, 0xFE, 0x8B, 0x00, 0x00, 0x00, 0x00, 0x00, 0x92, 0xF8, 0x11, 0x00, 0x00, 0x00, 
0x00, 0x00, 0xD1, 0xBD, 0x00, 0x00, 0x00, 0x00, 0x00, 0x00, 0xF4, 0x94, 0x00, 0x00, 0x00, 0x00, 
0x00, 0x00, 0xFE, 0x86, 0x00, 0x00, 0x00, 0x00, 0x00, 0x00, 0xF5, 0x90, 0x00, 0x00, 0x00, 0x00, 
0x00, 0x00, 0xD5, 0xB6, 0x00, 0x00, 0x00, 0x00, 0x00, 0x00, 0x9A, 0xF3, 0x0B, 0x00, 0x00, 0x00, 
0x00, 0x00, 0x38, 0xFF, 0x89, 0x00, 0x00, 0x00, 0x00, 0x00, 0x00, 0x95, 0xFF, 0xA4, 0x58, 0x60, 
0x9F, 0x00, 0x00, 0x02, 0x73, 0xDE, 0xFF, 0xF2, 0xBD, 0x00, 0x00, 0x00, 0x00, 0x8B, 0x97, 0x09, 
0x00, 0x00, 0x00, 0x00, 0x00, 0x25, 0xBE, 0xC8, 0x00, 0x00, 0x00, 0x00, 0x22, 0x55, 0xCB, 0xF3, 
0x00, 0x00, 0x00, 0x00, 0x53, 0xFC, 0xE5, 0x63, 0x00, 0x00, 0x34, 0x80, 0x33, 0x00, 0x00, 0x00, 
0x0E, 0xDA, 0xC6, 0x01, 0x00, 0x00, 0x00, 0x27, 0xEC, 0x59, 0x00, 0x00, 0x00, 0x00, 0x30, 0x69, 
0x00, 0x00, 0x00, 0x00, 0x00, 0x00, 0x00, 0x00, 0xFF, 0xFF, 0xFF, 0xFF, 0xFF, 0x80, 0xFF, 0xAB, 
0x50, 0x50, 0x50, 0x28, 0xFF, 0x84, 0x00, 0x00, 0x00, 0x00, 0xFF, 0x84, 0x00, 0x00, 0x00, 0x00, 
0xFF, 0x84, 0x00, 0x00, 0x00, 0x00, 0xFF, 0x8C, 0x10, 0x10, 0x10, 0x04, 0xFF, 0xFF, 0xFF, 0xFF, 
0xFF, 0x40, 0xFF, 0xA3, 0x40, 0x40, 0x40, 0x10, 0xFF, 0x84, 0x00, 0x00, 0x00, 0x00, 0xFF, 0x84, 
0x00, 0x00, 0x00, 0x00, 0xFF, 0x84, 0x00, 0x00, 0x00, 0x00, 0xFF, 0xAB, 0x50, 0x50, 0x50, 0x28, 
0xFF, 0xFF, 0xFF, 0xFF, 0xFF, 0x80, 0x00, 0x00, 0x00, 0x58, 0x80, 0x16, 0x00, 0x00, 0x1A, 0xF7, 
0xA8, 0x00, 0x00, 0x00, 0xA1, 0xC6, 0x0A, 0x00, 0x00, 0x0A, 0x7C, 0x0F, 0x00, 0x00, 0x00, 0x00, 
0x00, 0x00, 0x00, 0x00, 0xFF, 0xFF, 0xFF, 0xFF, 0xFF, 0x80, 0xFF, 0xAB, 0x50, 0x50, 0x50, 0x28, 
0xFF, 0x84, 0x00, 0x00, 0x00, 0x00, 0xFF, 0x84, 0x00, 0x00, 0x00, 0x00, 0xFF, 0x84, 0x00, 0x00, 
0x00, 0x00, 0xFF, 0x8C, 0x10, 0x10, 0x10, 0x04, 0xFF, 0xFF, 0xFF, 0xFF, 0xFF, 0x40, 0xFF, 0xA3, 
0x40, 0x40, 0x40, 0x10, 0xFF, 0x84, 0x00, 0x00, 0x00, 0x00, 0xFF, 0x84, 0x00, 0x00, 0x00, 0x00, 
0xFF, 0x84, 0x00, 0x00, 0x00, 0x00, 0xFF, 0xAB, 0x50, 0x50, 0x50, 0x28, 0xFF, 0xFF, 0xFF, 0xFF, 
0xFF, 0x80, 0x00, 0x0B, 0x80, 0x50, 0x00, 0x00, 0x00, 0x80, 0xF2, 0xF2, 0x1B, 0x00, 0x29, 0xEA, 
0x2D, 0x94, 0xB1, 0x00, 0x50, 0x3A, 0x00, 0x02, 0x6E, 0x19, 0x00, 0x00, 0x00, 0x00, 0x00, 0x00, 
0xFF, 0xFF, 0xFF, 0xFF, 0xFF, 0x80, 0xFF, 0xAB, 0x50, 0x50, 0x50, 0x28, 0xFF, 0x84, 0x00, 0x00, 
0x00, 0x00, 0xFF, 0x84, 0x00, 0x00, 0x00, 0x00, 0xFF, 0x84, 0x00, 0x00, 0x00, 0x00, 0xFF, 0x8C, 
0x10, 0x10, 0x10, 0x04, 0xFF, 0xFF, 0xFF, 0xFF, 0xFF, 0x40, 0xFF, 0xA3, 0x40, 0x40, 0x40, 0x10, 
0xFF, 0x84, 0x00, 0x00, 0x00, 0x00, 0xFF, 0x84, 0x00, 0x00, 0x00, 0x00, 0xFF, 0x84, 0x00, 0x00, 
0x00, 0x00, 0xFF, 0xAB, 0x50, 0x50, 0x50, 0x28, 0xFF, 0xFF, 0xFF, 0xFF, 0xFF, 0x80, 0x00, 0x07, 
0x00, 0x00, 0x06, 0x00, 0x6E, 0xEC, 0x00, 0x6D, 0xE9, 0x00, 0x0D, 0x2B, 0x00, 0x0D, 0x29, 0x00, 
0x00, 0x00, 0x00, 0x00, 0x00, 0x00, 0xFF, 0xFF, 0xFF, 0xFF, 0xFF, 0x70, 0xFF, 0xAB, 0x50, 0x50, 
0x50, 0x23, 0xFF, 0x84, 0x00, 0x00, 0x00, 0x00, 0xFF, 0x84, 0x00, 0x00, 0x00, 0x00, 0xFF, 0x84, 
0x00, 0x00, 0x00, 0x00, 0xFF, 0x8C, 0x10, 0x10, 0x10, 0x03, 0xFF, 0xFF, 0xFF, 0xFF, 0xFF, 0x30, 
0xFF, 0xA3, 0x40, 0x40, 0x40, 0x0C, 0xFF, 0x84, 0x00, 0x00, 0x00, 0x00, 0xFF, 0x84, 0x00, 0x00, 
0x00, 0x00, 0xFF, 0x84, 0x00, 0x00, 0x00, 0x00, 0xFF, 0xAB, 0x50, 0x50, 0x50, 0x23, 0xFF, 0xFF, 
0xFF, 0xFF, 0xFF, 0x70, 0x1B, 0x80, 0x6D, 0x00, 0x00, 0x01, 0xA5, 0xFF, 0x37, 0x00, 0x00, 0x06, 
0xB4, 0xC3, 0x01, 0x00, 0x00, 0x06, 0x74, 0x19, 0x00, 0x00, 0x00, 0x00, 0x00, 0x00, 0xF9, 0xFF, 
0xFF, 0xFC, 0x00, 0x07, 0x99, 0xFF, 0x12, 0x00, 0x00, 0x84, 0xFF, 0x00, 0x00, 0x00, 0x84, 0xFF, 
0x00, 0x00, 0x00, 0x84, 0xFF, 0x00, 0x00, 0x00, 0x84, 0xFF, 0x00, 0x00, 0x00, 0x84, 0xFF, 0x00, 
0x00, 0x00, 0x84, 0xFF, 0x00, 0x00, 0x00, 0x84, 0xFF, 0x00, 0x00, 0x00, 0x84, 0xFF, 0x00, 0x00, 
0x00, 0x84, 0xFF, 0x00, 0x00, 0x07, 0x99, 0xFF, 0x12, 0x00, 0xF9, 0xFF, 0xFF, 0xFC, 0x00, 0x00, 
0x20, 0x80, 0x33, 0x00, 0x00, 0xA0, 0xDF, 0x0E, 0x00, 0x33, 0xF5, 0x36, 0x00, 0x00, 0x51, 0x45, 
0x00, 0x00, 0x00, 0x00, 0x00, 0x00, 0x00, 0xF9, 0xFF, 0xFF, 0xFC, 0x00, 0x07, 0x99, 0xFF, 0x12, 
0x00, 0x00, 0x84, 0xFF, 0x00, 0x00, 0x00, 0x84, 0xFF, 0x00, 0x00, 0x00, 0x84, 0xFF, 0x00, 0x00, 
0x00, 0x84, 0xFF, 0x00, 0x00, 0x00, 0x84, 0xFF, 0x00, 0x00, 0x00, 0x84, 0xFF, 0x00, 0x00, 0x00, 
0x84, 0xFF, 0x00, 0x00, 0x00, 0x84, 0xFF, 0x00, 0x00, 0x00, 0x84, 0xFF, 0x00, 0x00, 0x07, 0x99, 
0xFF, 0x12, 0x00, 0xF9, 0xFF, 0xFF, 0xFC, 0x00, 0x00, 0x00, 0x53, 0x7F, 0x08, 0x00, 0x00, 0x2A, 
0xF8, 0xF2, 0x6C, 0x00, 0x0A, 0xD3, 0x7E, 0x39, 0xE5, 0x11, 0x37, 0x5F, 0x00, 0x00, 0x4A, 0x36, 
0x00, 0x00, 0x00, 0x00, 0x00, 0x00, 0x00, 0xF9, 0xFF, 0xFF, 0xFC, 0x00, 0x00, 0x07, 0x99, 0xFF, 
0x12, 0x00, 0x00, 0x00, 0x84, 0xFF, 0x00, 0x00, 0x00, 0x00, 0x84, 0xFF, 0x00, 0x00, 0x00, 0x00, 
0x84, 0xFF, 0x00, 0x00, 0x00, 0x00, 0x84, 0xFF, 0x00, 0x00, 0x00, 0x00, 0x84, 0xFF, 0x00, 0x00, 
0x00, 0x00, 0x84, 0xFF, 0x00, 0x00, 0x00, 0x00, 0x84, 0xFF, 0x00, 0x00, 0x00, 0x00, 0x84, 0xFF, 
0x00, 0x00, 0x00, 0x00, 0x84, 0xFF, 0x00, 0x00, 0x00, 0x07, 0x99, 0xFF, 0x12, 0x00, 0x00, 0xF9, 
0xFF, 0xFF, 0xFC, 0x00, 0x06, 0x01, 0x00, 0x06, 0x00, 0xE9, 0x6E, 0x00, 0xE9, 0x6C, 0x2A, 0x0D, 
0x00, 0x2A, 0x0D, 0x00, 0x00, 0x00, 0x00, 0x00, 0xF9, 0xFF, 0xFF, 0xFC, 0x00, 0x07, 0x99, 0xFF, 
0x12, 0x00, 0x00, 0x84, 0xFF, 0x00, 0x00, 0x00, 0x84, 0xFF, 0x00, 0x00, 0x00, 0x84, 0xFF, 0x00, 
0x00, 0x00, 0x84, 0xFF, 0x00, 0x00, 0x00, 0x84, 0xFF, 0x00, 0x00, 0x00, 0x84, 0xFF, 0x00, 0x00, 
0x00, 0x84, 0xFF, 0x00, 0x00, 0x00, 0x84, 0xFF, 0x00, 0x00, 0x00, 0x84, 0xFF, 0x00, 0x00, 0x07, 
0x99, 0xFF, 0x12, 0x00, 0xF9, 0xFF, 0xFF, 0xFC, 0x00, 0x00, 0xFF, 0xFF, 0xFF, 0xF2, 0xB6, 0x31, 
0x00, 0x00, 0x00, 0xFF, 0xAB, 0x50, 0x68, 0xD4, 0xF7, 0x38, 0x00, 0x00, 0xFF, 0x84, 0x00, 0x00, 
0x0E, 0xDC, 0xCE, 0x00, 0x00, 0xFF, 0x84, 0x00, 0x00, 0x00, 0x68, 0xFF, 0x2C, 0x00, 0xFF, 0x84, 
0x00, 0x00, 0x00, 0x27, 0xFF, 0x61, 0x10, 0xFF, 0x8C, 0x10, 0x10, 0x00, 0x0A, 0xFF, 0x7B, 0xFF, 
0xFF, 0xFF, 0xFF, 0xFF, 0x00, 0x01, 0xFF, 0x81, 0x40, 0xFF, 0xA3, 0x40, 0x40, 0x00, 0x0B, 0xFF, 
0x76, 0x00, 0xFF, 0x84, 0x00, 0x00, 0x00, 0x2C, 0xFF, 0x58, 0x00, 0xFF, 0x84, 0x00, 0x00, 0x00, 
0x70, 0xFF, 0x1E, 0x00, 0xFF, 0x84, 0x00, 0x00, 0x12, 0xE2, 0xBC, 0x00, 0x00, 0xFF, 0xAB, 0x51, 
0x6E, 0xDB, 0xEF, 0x29, 0x00, 0x00, 0xFF, 0xFF, 0xFF, 0xEC, 0xAA, 0x24, 0x00, 0x00, 0x00, 0x00, 
0x05, 0x02, 0x00, 0x05, 0x09, 0x00, 0x00, 0x1F, 0xED, 0xDF, 0x48, 0x7E, 0x81, 0x00, 0x00, 0x77, 
0x9D, 0x7E, 0xF6, 0xFB, 0x2F, 0x00, 0x00, 0x25, 0x12, 0x00, 0x19, 0x24, 0x00, 0x00, 0x00, 0x00, 
0x00, 0x00, 0x00, 0x00, 0x00, 0x00, 0xFF, 0xFF, 0x28, 0x00, 0x00, 0x00, 0x84, 0xFF, 0xFF, 0xFF, 
0x93, 0x00, 0x00, 0x00, 0x84, 0xFF, 0xFF, 0xDC, 0xF2, 0x0D, 0x00, 0x00, 0x84, 0xFF, 0xFF, 0x8C, 
0xEA, 0x6B, 0x00, 0x00, 0x84, 0xFF, 0xFF, 0x84, 0x86, 0xD7, 0x01, 0x00, 0x84, 0xFF, 0xFF, 0x84, 
0x1D, 0xFC, 0x45, 0x00, 0x84, 0xFF, 0xFF, 0x84, 0x00, 0xAC, 0xB2, 0x00, 0x84, 0xFF, 0xFF, 0x84, 
0x00, 0x40, 0xFD, 0x21, 0x84, 0xFF, 0xFF, 0x84, 0x00, 0x00, 0xD4, 0x8A, 0x84, 0xFF, 0xFF, 0x84, 
0x00, 0x00, 0x67, 0xEE, 0x8E, 0xFF, 0xFF, 0x84, 0x00, 0x00, 0x0B, 0xF0, 0xE3, 0xFF, 0xFF, 0x84, 
0x00, 0x00, 0x00, 0x8F, 0xFF, 0xFF, 0xFF, 0x84, 0x00, 0x00, 0x00, 0x24, 0xFE, 0xFF, 0x00, 0x00, 
0x6E, 0x80, 0x0B, 0x00, 0x00, 0x00, 0x00, 0x00, 0x00, 0x52, 0xFE, 0x7D, 0x00, 0x00, 0x00, 0x00, 
0x00, 0x00, 0x00, 0x6E, 0xF6, 0x23, 0x00, 0x00, 0x00, 0x00, 0x00, 0x00, 0x00, 0x58, 0x4A, 0x00, 
0x00, 0x00, 0x00, 0x00, 0x00, 0x00, 0x00, 0x00, 0x00, 0x00, 0x00, 0x00, 0x0A, 0x8B, 0xE4, 0xFA, 
0xE2, 0x83, 0x06, 0x00, 0x02, 0xBC, 0xF9, 0x88, 0x54, 0x81, 0xF6, 0xA8, 0x00, 0x54, 0xFF, 0x61, 
0x00, 0x00, 0x00, 0x58, 0xFF, 0x41, 0xAB, 0xE6, 0x02, 0x00, 0x00, 0x00, 0x01, 0xE3, 0x9E, 0xDC, 
0xAB, 0x00, 0x00, 0x00, 0x00, 0x00, 0xA9, 0xD5, 0xF7, 0x8E, 0x00, 0x00, 0x00, 0x00, 0x00, 0x8E, 
0xF5, 0xFE, 0x86, 0x00, 0x00, 0x00, 0x00, 0x00, 0x85, 0xFE, 0xF3, 0x8F, 0x00, 0x00, 0x00, 0x00, 
0x00, 0x8E, 0xF5, 0xD5, 0xAC, 0x00, 0x00, 0x00, 0x00, 0x00, 0xAB, 0xD7, 0xA3, 0xE8, 0x03, 0x00, 
0x00, 0x00, 0x01, 0xE4, 0x9F, 0x45, 0xFF, 0x65, 0x00, 0x00, 0x00, 0x5A, 0xFF, 0x40, 0x00, 0xA9, 
0xFA, 0x8A, 0x56, 0x84, 0xF8, 0xA4, 0x00, 0x00, 0x05, 0x81, 0xE2, 0xFE, 0xE1, 0x7F, 0x04, 0x00, 
0x00, 0x00, 0x00, 0x00, 0x01, 0x76, 0x7E, 0x07, 0x00, 0x00, 0x00, 0x00, 0x00, 0x57, 0xFF, 0x7F, 
0x00, 0x00, 0x00, 0x00, 0x00, 0x0D, 0xE2, 0x9B, 0x01, 0x00, 0x00, 0x00, 0x00, 0x00, 0x33, 0x6C, 
0x02, 0x00, 0x00, 0x00, 0x00, 0x00, 0x00, 0x00, 0x00, 0x00, 0x00, 0x00, 0x00, 0x00, 0x0A, 0x8B, 
0xE4, 0xFA, 0xE2, 0x83, 0x06, 0x00, 0x02, 0xBC, 0xF9, 0x88, 0x54, 0x81, 0xF6, 0xA8, 0x00, 0x54, 
0xFF, 0x61, 0x00, 0x00, 0x00, 0x58, 0xFF, 0x41, 0xAB, 0xE6, 0x02, 0x00, 0x00, 0x00, 0x01, 0xE3, 
0x9E, 0xDC, 0xAB, 0x00, 0x00, 0x00, 0x00, 0x00, 0xA9, 0xD5, 0xF7, 0x8E, 0x00, 0x00, 0x00, 0x00, 
0x00, 0x8E, 0xF5, 0xFE, 0x86, 0x00, 0x00, 0x00, 0x00, 0x00, 0x85, 0xFE, 0xF3, 0x8F, 0x00, 0x00, 
0x00, 0x00, 0x00, 0x8E, 0xF5, 0xD5, 0xAC, 0x00, 0x00, 0x00, 0x00, 0x00, 0xAB, 0xD7, 0xA3, 0xE8, 
0x03, 0x00, 0x00, 0x00, 0x01, 0xE4, 0x9F, 0x45, 0xFF, 0x65, 0x00, 0x00, 0x00, 0x5A, 0xFF, 0x40, 
0x00, 0xA9, 0xFA, 0x8A, 0x56, 0x84, 0xF8, 0xA4, 0x00, 0x00, 0x05, 0x81, 0xE2, 0xFE, 0xE1, 0x7F, 
0x04, 0x00, 0x00, 0x00, 0x00, 0x35, 0x80, 0x35, 0x00, 0x00, 0x00, 0x00, 0x00, 0x07, 0xD8, 0xF2, 
0xD6, 0x07, 0x00, 0x00, 0x00, 0x00, 0x89, 0xC6, 0x14, 0xC8, 0x89, 0x00, 0x00, 0x00, 0x09, 0x7A, 
0x0F, 0x00, 0x0F, 0x7A, 0x0A, 0x00, 0x00, 0x00, 0x00, 0x00, 0x00, 0x00, 0x00, 0x00, 0x00, 0x00, 
0x0A, 0x8B, 0xE4, 0xFA, 0xE2, 0x83, 0x06, 0x00, 0x02, 0xBC, 0xF9, 0x88, 0x54, 0x81, 0xF6, 0xA8, 
0x00, 0x54, 0xFF, 0x61, 0x00, 0x00, 0x00, 0x58, 0xFF, 0x41, 0xAB, 0xE6, 0x02, 0x00, 0x00, 0x00, 
0x01, 0xE3, 0x9E, 0xDC, 0xAB, 0x00, 0x00, 0x00, 0x00, 0x00, 0xA9, 0xD5, 0xF7, 0x8E, 0x00, 0x00, 
0x00, 0x00, 0x00, 0x8E, 0xF5, 0xFE, 0x86, 0x00, 0x00, 0x00, 0x00, 0x00, 0x85, 0xFE, 0xF3, 0x8F, 
0x00, 0x00, 0x00, 0x00, 0x00, 0x8E, 0xF5, 0xD5, 0xAC, 0x00, 0x00, 0x00, 0x00, 0x00, 0xAB, 0xD7, 
0xA3, 0xE8, 0x03, 0x00, 0x00, 0x00, 0x01, 0xE4, 0x9F, 0x45, 0xFF, 0x65, 0x00, 0x00, 0x00, 0x5A, 
0xFF, 0x40, 0x00, 0xA9, 0xFA, 0x8A, 0x56, 0x84, 0xF8, 0xA4, 0x00, 0x00, 0x05, 0x81, 0xE2, 0xFE, 
0xE1, 0x7F, 0x04, 0x00, 0x00, 0x00, 0x01, 0x07, 0x00, 0x00, 0x08, 0x07, 0x00, 0x00, 0x03, 0xC4, 
0xFD, 0x9E, 0x23, 0xBA, 0x5C, 0x00, 0x00, 0x42, 0xD8, 0x53, 0xC5, 0xFF, 0xE8, 0x11, 0x00, 0x00, 
0x18, 0x26, 0x00, 0x00, 0x30, 0x14, 0x00, 0x00, 0x00, 0x00, 0x00, 0x00, 0x00, 0x00, 0x00, 0x00, 
0x00, 0x00, 0x0A, 0x8B, 0xE4, 0xFA, 0xE2, 0x83, 0x06, 0x00, 0x02, 0xBC, 0xF9, 0x88, 0x54, 0x81, 
0xF6, 0xA8, 0x00, 0x54, 0xFF, 0x61, 0x00, 0x00, 0x00, 0x58, 0xFF, 0x41, 0xAB, 0xE6, 0x02, 0x00, 
0x00, 0x00, 0x01, 0xE3, 0x9E, 0xDC, 0xAB, 0x00, 0x00, 0x00, 0x00, 0x00, 0xA9, 0xD5, 0xF7, 0x8E, 
0x00, 0x00, 0x00, 0x00, 0x00, 0x8E, 0xF5, 0xFE, 0x86, 0x00, 0x00, 0x00, 0x00, 0x00, 0x85, 0xFE, 
0xF3, 0x8F, 0x00, 0x00, 0x00, 0x00, 0x00, 0x8E, 0xF5, 0xD5, 0xAC, 0x00, 0x00, 0x00, 0x00, 0x00, 
0xAB, 0xD7, 0xA3, 0xE8, 0x03, 0x00, 0x00, 0x00, 0x01, 0xE4, 0x9F, 0x45, 0xFF, 0x65, 0x00, 0x00, 
0x00, 0x5A, 0xFF, 0x40, 0x00, 0xA9, 0xFA, 0x8A, 0x56, 0x84, 0xF8, 0xA4, 0x00, 0x00, 0x05, 0x81, 
0xE2, 0xFE, 0xE1, 0x7F, 0x04, 0x00, 0x00, 0x00, 0x06, 0x01, 0x00, 0x06, 0x00, 0x00, 0x00, 0x00, 
0x00, 0xE9, 0x6E, 0x00, 0xE9, 0x6C, 0x00, 0x00, 0x00, 0x00, 0x29, 0x0D, 0x00, 0x29, 0x0C, 0x00, 
0x00, 0x00, 0x00, 0x00, 0x00, 0x00, 0x00, 0x00, 0x00, 0x00, 0x00, 0x0A, 0x8B, 0xE4, 0xFA, 0xE2, 
0x83, 0x06, 0x00, 0x02, 0xBC, 0xF9, 0x88, 0x54, 0x81, 0xF6, 0xA8, 0x00, 0x54, 0xFF, 0x61, 0x00, 
0x00, 0x00, 0x58, 0xFF, 0x41, 0xAB, 0xE6, 0x02, 0x00, 0x00, 0x00, 0x01, 0xE3, 0x9E, 0xDC, 0xAB, 
0x00, 0x00, 0x00, 0x00, 0x00, 0xA9, 0xD5, 0xF7, 0x8E, 0x00, 0x00, 0x00, 0x00, 0x00, 0x8E, 0xF5, 
0xFE, 0x86, 0x00, 0x00, 0x00, 0x00, 0x00, 0x85, 0xFE, 0xF3, 0x8F, 0x00, 0x00, 0x00, 0x00, 0x00, 
0x8E, 0xF5, 0xD5, 0xAC, 0x00, 0x00, 0x00, 0x00, 0x00, 0xAB, 0xD7, 0xA3, 0xE8, 0x03, 0x00, 0x00, 
0x00, 0x01, 0xE4, 0x9F, 0x45, 0xFF, 0x65, 0x00, 0x00, 0x00, 0x5A, 0xFF, 0x40, 0x00, 0xA9, 0xFA, 
0x8A, 0x56, 0x84, 0xF8, 0xA4, 0x00, 0x00, 0x05, 0x81, 0xE2, 0xFE, 0xE1, 0x7F, 0x04, 0x00, 0x11, 
0xBC, 0x23, 0x00, 0x00, 0x10, 0xBE, 0x2C, 0x04, 0xB2, 0xDF, 0x1D, 0x0A, 0xC5, 0xCD, 0x0E, 0x00, 
0x08, 0xBE, 0xD8, 0xBB, 0xD8, 0x16, 0x00, 0x00, 0x00, 0x14, 0xF5, 0xFF, 0x30, 0x00, 0x00, 0x00, 
0x03, 0xAD, 0xE1, 0xCF, 0xCA, 0x0D, 0x00, 0x01, 0x9C, 0xE9, 0x25, 0x15, 0xD6, 0xBE, 0x08, 0x14, 
0xD1, 0x2F, 0x00, 0x00, 0x1B, 0xD0, 0x2C, 0x00, 0x02, 0x00, 0x00, 0x00, 0x00, 0x02, 0x00, 0x00, 
0x00, 0x00, 0x00, 0x00, 0x00, 0x00, 0x25, 0x25, 0x00, 0x08, 0x84, 0xE1, 0xFC, 0xE4, 0x88, 0xB6, 
0x80, 0x01, 0xB5, 0xF9, 0x87, 0x56, 0x87, 0xFA, 0xFC, 0x12, 0x4D, 0xFF, 0x61, 0x00, 0x00, 0x02, 
0xD5, 0xFF, 0x53, 0xA7, 0xE7, 0x02, 0x00, 0x00, 0x62, 0xDC, 0xEB, 0xAB, 0xDB, 0xAB, 0x00, 0x00, 
0x0C, 0xE6, 0x52, 0xAE, 0xDB, 0xF6, 0x8E, 0x00, 0x00, 0x85, 0xC1, 0x00, 0x8F, 0xF6, 0xFF, 0x86, 
0x00, 0x1F, 0xF5, 0x30, 0x00, 0x86, 0xFE, 0xF6, 0x8F, 0x00, 0xA7, 0x9E, 0x00, 0x00, 0x8E, 0xF5, 
0xDB, 0xB0, 0x3A, 0xF3, 0x1A, 0x00, 0x00, 0xAB, 0xD8, 0xAB, 0xEB, 0xCA, 0x7C, 0x00, 0x00, 0x02, 
0xE6, 0x9F, 0x53, 0xFF, 0xE3, 0x09, 0x00, 0x00, 0x5D, 0xFF, 0x42, 0x09, 0xF6, 0xFB, 0x88, 0x56, 
0x86, 0xF8, 0xA8, 0x00, 0x6E, 0xC7, 0x89, 0xE4, 0xFD, 0xE0, 0x7E, 0x05, 0x00, 0x37, 0x33, 0x00, 
0x00, 0x00, 0x00, 0x00, 0x00, 0x00, 0x00, 0x3C, 0x80, 0x2F, 0x00, 0x00, 0x00, 0x00, 0x00, 0x12, 
0xDF, 0xBF, 0x00, 0x00, 0x00, 0x00, 0x00, 0x00, 0x2C, 0xF0, 0x53, 0x00, 0x00, 0x00, 0x00, 0x00, 
0x00, 0x34, 0x62, 0x00, 0x00, 0x00, 0x00, 0x00, 0x00, 0x00, 0x00, 0x00, 0x00, 0x00, 0xFF, 0x84, 
0x00, 0x00, 0x00, 0x00, 0xFF, 0x84, 0xFF, 0x84, 0x00, 0x00, 0x00, 0x00, 0xFF, 0x84, 0xFF, 0x84, 
0x00, 0x00, 0x00, 0x00, 0xFF, 0x84, 0xFF, 0x84, 0x00, 0x00, 0x00, 0x00, 0xFF, 0x84, 0xFF, 0x84, 
0x00, 0x00, 0x00, 0x00, 0xFF, 0x84, 0xFF, 0x84, 0x00, 0x00, 0x00, 0x00, 0xFF, 0x84, 0xFF, 0x84, 
0x00, 0x00, 0x00, 0x00, 0xFF, 0x84, 0xFF, 0x84, 0x00, 0x00, 0x00, 0x00, 0xFF, 0x84, 0xFF, 0x84, 
0x00, 0x00, 0x00, 0x00, 0xFF, 0x83, 0xF3, 0x92, 0x00, 0x00, 0x00, 0x0E, 0xFF, 0x77, 0xC1, 0xD7, 
0x03, 0x00, 0x00, 0x52, 0xFF, 0x45, 0x4F, 0xFF, 0xB3, 0x58, 0x6E, 0xEA, 0xCF, 0x03, 0x00, 0x5B, 
0xD5, 0xFD, 0xF0, 0xA5, 0x18, 0x00, 0x00, 0x00, 0x00, 0x00, 0x59, 0x80, 0x12, 0x00, 0x00, 0x00, 
0x00, 0x1A, 0xF6, 0xA0, 0x00, 0x00, 0x00, 0x00, 0x00, 0xA3, 0xC4, 0x08, 0x00, 0x00, 0x00, 0x00, 
0x0D, 0x7C, 0x0F, 0x00, 0x00, 0x00, 0x00, 0x00, 0x00, 0x00, 0x00, 0x00, 0x00, 0x00, 0xFF, 0x84, 
0x00, 0x00, 0x00, 0x00, 0xFF, 0x84, 0xFF, 0x84, 0x00, 0x00, 0x00, 0x00, 0xFF, 0x84, 0xFF, 0x84, 
0x00, 0x00, 0x00, 0x00, 0xFF, 0x84, 0xFF, 0x84, 0x00, 0x00, 0x00, 0x00, 0xFF, 0x84, 0xFF, 0x84, 
0x00, 0x00, 0x00, 0x00, 0xFF, 0x84, 0xFF, 0x84, 0x00, 0x00, 0x00, 0x00, 0xFF, 0x84, 0xFF, 0x84, 
0x00, 0x00, 0x00, 0x00, 0xFF, 0x84, 0xFF, 0x84, 0x00, 0x00, 0x00, 0x00, 0xFF, 0x84, 0xFF, 0x84, 
0x00, 0x00, 0x00, 0x00, 0xFF, 0x83, 0xF3, 0x92, 0x00, 0x00, 0x00, 0x0E, 0xFF, 0x77, 0xC1, 0xD7, 
0x03, 0x00, 0x00, 0x52, 0xFF, 0x45, 0x4F, 0xFF, 0xB3, 0x58, 0x6E, 0xEA, 0xCF, 0x03, 0x00, 0x5B, 
0xD5, 0xFD, 0xF0, 0xA5, 0x18, 0x00, 0x00, 0x00, 0x0D, 0x80, 0x4D, 0x00, 0x00, 0x00, 0x00, 0x00, 
0x86, 0xF2, 0xEF, 0x17, 0x00, 0x00, 0x00, 0x32, 0xE9, 0x29, 0x97, 0xAC, 0x00, 0x00, 0x00, 0x56, 
0x34, 0x00, 0x03, 0x70, 0x17, 0x00, 0x00, 0x00, 0x00, 0x00, 0x00, 0x00, 0x00, 0x00, 0xFF, 0x84, 
0x00, 0x00, 0x00, 0x00, 0xFF, 0x84, 0xFF, 0x84, 0x00, 0x00, 0x00, 0x00, 0xFF, 0x84, 0xFF, 0x84, 
0x00, 0x00, 0x00, 0x00, 0xFF, 0x84, 0xFF, 0x84, 0x00, 0x00, 0x00, 0x00, 0xFF, 0x84, 0xFF, 0x84, 
0x00, 0x00, 0x00, 0x00, 0xFF, 0x84, 0xFF, 0x84, 0x00, 0x00, 0x00, 0x00, 0xFF, 0x84, 0xFF, 0x84, 
0x00, 0x00, 0x00, 0x00, 0xFF, 0x84, 0xFF, 0x84, 0x00, 0x00, 0x00, 0x00, 0xFF, 0x84, 0xFF, 0x84, 
0x00, 0x00, 0x00, 0x00, 0xFF, 0x83, 0xF3, 0x92, 0x00, 0x00, 0x00, 0x0E, 0xFF, 0x77, 0xC1, 0xD7, 
0x03, 0x00, 0x00, 0x52, 0xFF, 0x45, 0x4F, 0xFF, 0xB3, 0x58, 0x6E, 0xEA, 0xCF, 0x03, 0x00, 0x5B, 
0xD5, 0xFD, 0xF0, 0xA5, 0x18, 0x00, 0x00, 0x00, 0x06, 0x00, 0x00, 0x06, 0x00, 0x00, 0x00, 0x6E, 
0xEA, 0x00, 0x6E, 0xE9, 0x00, 0x00, 0x00, 0x0D, 0x2B, 0x00, 0x0D, 0x29, 0x00, 0x00, 0x00, 0x00, 
0x00, 0x00, 0x00, 0x00, 0x00, 0x00, 0xFF, 0x84, 0x00, 0x00, 0x00, 0x00, 0xFF, 0x84, 0xFF, 0x84, 
0x00, 0x00, 0x00, 0x00, 0xFF, 0x84, 0xFF, 0x84, 0x00, 0x00, 0x00, 0x00, 0xFF, 0x84, 0xFF, 0x84, 
0x00, 0x00, 0x00, 0x00, 0xFF, 0x84, 0xFF, 0x84, 0x00, 0x00, 0x00, 0x00, 0xFF, 0x84, 0xFF, 0x84, 
0x00, 0x00, 0x00, 0x00, 0xFF, 0x84, 0xFF, 0x84, 0x00, 0x00, 0x00, 0x00, 0xFF, 0x84, 0xFF, 0x84, 
0x00, 0x00, 0x00, 0x00, 0xFF, 0x84, 0xFF, 0x84, 0x00, 0x00, 0x00, 0x00, 0xFF, 0x83, 0xF3, 0x92, 
0x00, 0x00, 0x00, 0x0E, 0xFF, 0x77, 0xC1, 0xD7, 0x03, 0x00, 0x00, 0x52, 0xFF, 0x45, 0x4F, 0xFF, 
0xB3, 0x58, 0x6E, 0xEA, 0xCF, 0x03, 0x00, 0x5B, 0xD5, 0xFD, 0xF0, 0xA5, 0x18, 0x00, 0x00, 0x00, 
0x00, 0x00, 0x00, 0x5D, 0x80, 0x10, 0x00, 0x00, 0x00, 0x00, 0x00, 0x1F, 0xF9, 0x9D, 0x00, 0x00, 
0x00, 0x00, 0x00, 0x00, 0xA5, 0xC1, 0x07, 0x00, 0x00, 0x00, 0x00, 0x00, 0x0C, 0x7C, 0x0E, 0x00, 
0x00, 0x00, 0x00, 0x00, 0x00, 0x00, 0x00, 0x00, 0x00, 0x00, 0x00, 0x03, 0xE4, 0xBA, 0x00, 0x00, 
0x00, 0x2E, 0xFF, 0x6A, 0x00, 0x84, 0xFD, 0x18, 0x00, 0x00, 0x8A, 0xF6, 0x10, 0x00, 0x22, 0xFF, 
0x71, 0x00, 0x02, 0xE4, 0xA3, 0x00, 0x00, 0x00, 0xBE, 0xCB, 0x00, 0x42, 0xFF, 0x3F, 0x00, 0x00, 
0x00, 0x5B, 0xFF, 0x27, 0x9E, 0xDA, 0x01, 0x00, 0x00, 0x00, 0x08, 0xF0, 0x8B, 0xF2, 0x77, 0x00, 
0x00, 0x00, 0x00, 0x00, 0x94, 0xFC, 0xFB, 0x18, 0x00, 0x00, 0x00, 0x00, 0x00, 0x32, 0xFF, 0xB0, 
0x00, 0x00, 0x00, 0x00, 0x00, 0x00, 0x00, 0xFF, 0x84, 0x00, 0x00, 0x00, 0x00, 0x00, 0x00, 0x00, 
0xFF, 0x84, 0x00, 0x00, 0x00, 0x00, 0x00, 0x00, 0x00, 0xFF, 0x84, 0x00, 0x00, 0x00, 0x00, 0x00, 
0x00, 0x00, 0xFF, 0x84, 0x00, 0x00, 0x00, 0x00, 0x00, 0x00, 0x00, 0xFF, 0x84, 0x00, 0x00, 0x00, 
0xFF, 0x84, 0x00, 0x00, 0x00, 0x00, 0x00, 0xFF, 0x8C, 0x0F, 0x04, 0x00, 0x00, 0x00, 0xFF, 0xFF, 
0xFF, 0xFB, 0xBF, 0x2F, 0x00, 0xFF, 0xA3, 0x42, 0x66, 0xE4, 0xE8, 0x0D, 0xFF, 0x84, 0x00, 0x00, 
0x44, 0xFF, 0x5B, 0xFF, 0x84, 0x00, 0x00, 0x08, 0xFF, 0x7E, 0xFF, 0x84, 0x00, 0x00, 0x07, 0xFF, 
0x7A, 0xFF, 0x84, 0x00, 0x00, 0x39, 0xFF, 0x50, 0xFF, 0x8C, 0x13, 0x3A, 0xD0, 0xE2, 0x08, 0xFF, 
0xFF, 0xFF, 0xFF, 0xD7, 0x2F, 0x00, 0xFF, 0xA3, 0x3F, 0x29, 0x01, 0x00, 0x00, 0xFF, 0x84, 0x00, 
0x00, 0x00, 0x00, 0x00, 0xFF, 0x84, 0x00, 0x00, 0x00, 0x00, 0x00, 0x09, 0x9A, 0xF0, 0xF9, 0xBA, 
0x20, 0x00, 0x8F, 0xFB, 0x79, 0x62, 0xE8, 0xC2, 0x00, 0xE8, 0xA4, 0x00, 0x00, 0x86, 0xFB, 0x00, 
0xFF, 0x85, 0x00, 0x00, 0xA0, 0xE2, 0x00, 0xFF, 0x84, 0x00, 0x33, 0xFB, 0x72, 0x00, 0xFF, 0x84, 
0x00, 0xC6, 0xCA, 0x02, 0x00, 0xFF, 0x84, 0x00, 0xFB, 0x8E, 0x00, 0x00, 0xFF, 0x84, 0x00, 0xC6, 
0xE7, 0x1C, 0x00, 0xFF, 0x84, 0x00, 0x32, 0xF4, 0xD5, 0x10, 0xFF, 0x84, 0x00, 0x00, 0x43, 0xFB, 
0x9C, 0xFF, 0x84, 0x00, 0x00, 0x00, 0xA3, 0xF1, 0xFF, 0x84, 0x00, 0x00, 0x00, 0x8F, 0xF9, 0xFF, 
0x84, 0x69, 0x72, 0x5E, 0xE9, 0xBC, 0xFF, 0x84, 0x51, 0xE3, 0xFB, 0xC4, 0x23, 0x00, 0xA7, 0xF8, 
0x19, 0x00, 0x00, 0x00, 0x10, 0xD9, 0x96, 0x00, 0x00, 0x00, 0x00, 0x21, 0xD2, 0x24, 0x00, 0x00, 
0x00, 0x00, 0x00, 0x00, 0x00, 0x0E, 0x96, 0xE7, 0xFB, 0xC8, 0x22, 0x06, 0xB1, 0x67, 0x64, 0xF2, 
0xB1, 0x00, 0x00, 0x00, 0x00, 0x99, 0xEF, 0x00, 0x00, 0x03, 0x0F, 0x8D, 0xFF, 0x14, 0xAD, 0xF9, 
0xFF, 0xFF, 0xFF, 0xAB, 0xF8, 0x74, 0x43, 0xA3, 0xFF, 0xF3, 0x9C, 0x00, 0x00, 0x8B, 0xFF, 0xF7, 
0x8F, 0x00, 0x00, 0xC1, 0xFF, 0xBD, 0xE9, 0x5E, 0x92, 0xD6, 0xFF, 0x2A, 0xD7, 0xF7, 0x9E, 0x40, 
0xFF, 0x00, 0x00, 0x00, 0x54, 0xFF, 0x75, 0x00, 0x00, 0x03, 0xD5, 0xAB, 0x02, 0x00, 0x00, 0x5C, 
0xB3, 0x08, 0x00, 0x00, 0x00, 0x00, 0x00, 0x00, 0x00, 0x0E, 0x96, 0xE7, 0xFB, 0xC8, 0x22, 0x07, 
0xB5, 0x67, 0x67, 0xF4, 0xB1, 0x00, 0x00, 0x00, 0x00, 0x9D, 0xEF, 0x00, 0x00, 0x00, 0x00, 0x85, 
0xFF, 0x09, 0x8B, 0xD8, 0xEB, 0xF6, 0xFF, 0x9B, 0xF1, 0x53, 0x1F, 0x92, 0xFF, 0xF1, 0x96, 0x00, 
0x00, 0x8C, 0xFF, 0xF9, 0x91, 0x00, 0x00, 0xC6, 0xFF, 0xC0, 0xEB, 0x5F, 0x95, 0xD4, 0xFF, 0x2C, 
0xD9, 0xF7, 0x9E, 0x3F, 0xFF, 0x00, 0x00, 0xAF, 0xFF, 0x3E, 0x00, 0x00, 0x46, 0xEA, 0x91, 0xD5, 
0x07, 0x06, 0xC3, 0x37, 0x00, 0x94, 0x75, 0x00, 0x00, 0x00, 0x00, 0x00, 0x00, 0x0E, 0x96, 0xE7, 
0xFB, 0xC8, 0x22, 0x06, 0xB1, 0x67, 0x64, 0xF2, 0xB1, 0x00, 0x00, 0x00, 0x00, 0x99, 0xEF, 0x00, 
0x00, 0x03, 0x0F, 0x8D, 0xFF, 0x14, 0xAD, 0xF9, 0xFF, 0xFF, 0xFF, 0xAB, 0xF8, 0x74, 0x43, 0xA3, 
0xFF, 0xF3, 0x9C, 0x00, 0x00, 0x8B, 0xFF, 0xF7, 0x8F, 0x00, 0x00, 0xC1, 0xFF, 0xBD, 0xE9, 0x5E, 
0x92, 0xD6, 0xFF, 0x2A, 0xD7, 0xF7, 0x9E, 0x40, 0xFF, 0x01, 0xB7, 0xEE, 0x77, 0x2C, 0xEC, 0x38, 
0xD6, 0x69, 0xE1, 0xFF, 0x97, 0x15, 0x25, 0x00, 0x06, 0x35, 0x04, 0x0E, 0x96, 0xE7, 0xFB, 0xC8, 
0x22, 0x06, 0xB1, 0x67, 0x64, 0xF2, 0xB1, 0x00, 0x00, 0x00, 0x00, 0x99, 0xEF, 0x00, 0x00, 0x03, 
0x0F, 0x8D, 0xFF, 0x14, 0xAD, 0xF9, 0xFF, 0xFF, 0xFF, 0xAB, 0xF8, 0x74, 0x43, 0xA3, 0xFF, 0xF3, 
0x9C, 0x00, 0x00, 0x8B, 0xFF, 0xF7, 0x8F, 0x00, 0x00, 0xC1, 0xFF, 0xBD, 0xE9, 0x5E, 0x92, 0xD6, 
0xFF, 0x2A, 0xD7, 0xF7, 0x9E, 0x40, 0xFF, 0x00, 0xE3, 0x6A, 0x00, 0xE3, 0x68, 0x00, 0x38, 0x15, 
0x00, 0x38, 0x12, 0x00, 0x00, 0x00, 0x00, 0x00, 0x00, 0x16, 0xA0, 0xEA, 0xFA, 0xC4, 0x20, 0x12, 
0xB4, 0x64, 0x67, 0xF3, 0xB0, 0x00, 0x00, 0x00, 0x00, 0x9A, 0xEF, 0x00, 0x00, 0x03, 0x0F, 0x8D, 
0xFF, 0x14, 0xAD, 0xF9, 0xFF, 0xFF, 0xFF, 0xAB, 0xF8, 0x74, 0x43, 0xA3, 0xFF, 0xF3, 0x9C, 0x00, 
0x00, 0x8B, 0xFF, 0xF7, 0x8F, 0x00, 0x00, 0xC1, 0xFF, 0xBD, 0xE9, 0x5E, 0x92, 0xD5, 0xFF, 0x2A, 
0xD7, 0xF7, 0x9E, 0x3D, 0xFF, 0x00, 0x00, 0x00, 0x0A, 0x00, 0x00, 0x00, 0x0F, 0xC9, 0xFF, 0xC8, 
0x11, 0x00, 0x68, 0xFF, 0x6D, 0xFF, 0x70, 0x00, 0x71, 0xFF, 0x3C, 0xFF, 0x78, 0x00, 0x1E, 0xEB, 
0xFF, 0xEB, 0x20, 0x00, 0x00, 0x0F, 0x3A, 0x0E, 0x00, 0x0E, 0x96, 0xE7, 0xFB, 0xC8, 0x22, 0x06, 
0xB1, 0x67, 0x64, 0xF2, 0xB1, 0x00, 0x00, 0x00, 0x00, 0x99, 0xEF, 0x00, 0x00, 0x03, 0x0F, 0x8D, 
0xFF, 0x14, 0xAD, 0xF9, 0xFF, 0xFF, 0xFF, 0xAB, 0xF8, 0x74, 0x43, 0xA3, 0xFF, 0xF3, 0x9C, 0x00, 
0x00, 0x8B, 0xFF, 0xF7, 0x8F, 0x00, 0x00, 0xC1, 0xFF, 0xBD, 0xE9, 0x5E, 0x92, 0xCF, 0xFF, 0x2A, 
0xD4, 0xF9, 0xA9, 0x16, 0xFA, 0x13, 0x9C, 0xEB, 0xF8, 0xA9, 0x11, 0xA1, 0xF6, 0xEB, 0x78, 0x00, 
0x0D, 0xB2, 0x64, 0x69, 0xF4, 0xE2, 0xD7, 0x5D, 0x8D, 0xFF, 0x5B, 0x00, 0x00, 0x00, 0x00, 0x9D, 
0xFF, 0x3A, 0x00, 0x00, 0xC3, 0xC4, 0x00, 0x00, 0x04, 0x0F, 0x8D, 0xFF, 0x17, 0x10, 0x10, 0x93, 
0xF3, 0x12, 0xAB, 0xFA, 0xFF, 0xFF, 0xFF, 0xFF, 0xFF, 0xFF, 0xFF, 0xFF, 0xAA, 0xF8, 0x72, 0x43, 
0xA3, 0xFF, 0x43, 0x40, 0x40, 0x40, 0x40, 0xF4, 0x9B, 0x00, 0x00, 0x8B, 0xFF, 0x1A, 0x00, 0x00, 
0x00, 0x00, 0xF8, 0x8F, 0x00, 0x00, 0xC4, 0xFF, 0x66, 0x00, 0x00, 0x00, 0x00, 0xBD, 0xE9, 0x5E, 
0x90, 0xCC, 0xA0, 0xF1, 0x74, 0x57, 0x82, 0x7E, 0x28, 0xD3, 0xFA, 0xBE, 0x1D, 0x09, 0x91, 0xED, 
0xFA, 0xD0, 0x4F, 0x00, 0x4B, 0xD4, 0xFC, 0xE8, 0x5C, 0x32, 0xFB, 0xB5, 0x56, 0x7C, 0x2E, 0xA4, 
0xE7, 0x07, 0x00, 0x00, 0x00, 0xE1, 0xA3, 0x00, 0x00, 0x00, 0x00, 0xFB, 0x89, 0x00, 0x00, 0x00, 
0x00, 0xFC, 0x88, 0x00, 0x00, 0x00, 0x00, 0xE7, 0xA4, 0x00, 0x00, 0x00, 0x00, 0xAD, 0xE8, 0x08, 
0x00, 0x00, 0x00, 0x3E, 0xFE, 0xB6, 0x56, 0x71, 0x59, 0x00, 0x58, 0xDE, 0xFF, 0xDE, 0x4F, 0x00, 
0x00, 0x82, 0x97, 0x09, 0x00, 0x00, 0x00, 0x1E, 0xBD, 0xC9, 0x00, 0x00, 0x18, 0x56, 0xCB, 0xF3, 
0x00, 0x00, 0x39, 0xFA, 0xE8, 0x65, 0x00, 0x01, 0xCB, 0xEF, 0x0F, 0x00, 0x00, 0x00, 0x00, 0x1D, 
0xE5, 0x8D, 0x00, 0x00, 0x00, 0x00, 0x00, 0x2C, 0xD6, 0x23, 0x00, 0x00, 0x00, 0x00, 0x00, 0x00, 
0x00, 0x00, 0x00, 0x00, 0x5B, 0xDE, 0xFB, 0xC2, 0x25, 0x00, 0x3C, 0xFE, 0x8E, 0x5C, 0xD9, 0xDA, 
0x04, 0xAB, 0xBF, 0x00, 0x00, 0x41, 0xFF, 0x48, 0xE3, 0x93, 0x10, 0x10, 0x18, 0xFF, 0x77, 0xFC, 
0xFF, 0xFF, 0xFF, 0xFF, 0xFF, 0x84, 0xFC, 0xA6, 0x40, 0x40, 0x40, 0x40, 0x21, 0xE1, 0xA1, 0x00, 
0x00, 0x00, 0x00, 0x00, 0xA4, 0xE8, 0x0A, 0x00, 0x00, 0x00, 0x00, 0x2F, 0xF9, 0xC1, 0x5B, 0x62, 
0xAF, 0x1E, 0x00, 0x45, 0xCF, 0xFC, 0xEC, 0xA9, 0x0D, 0x00, 0x00, 0x00, 0x5D, 0xFF, 0x7C, 0x00, 
0x00, 0x00, 0x09, 0xE1, 0xAE, 0x02, 0x00, 0x00, 0x00, 0x70, 0xAE, 0x07, 0x00, 0x00, 0x00, 0x00, 
0x00, 0x00, 0x00, 0x00, 0x00, 0x00, 0x5B, 0xDE, 0xFB, 0xC3, 0x26, 0x00, 0x3C, 0xFE, 0x8E, 0x5D, 
0xDA, 0xDC, 0x05, 0xAB, 0xC1, 0x00, 0x00, 0x43, 0xFF, 0x4B, 0xE3, 0x8B, 0x00, 0x00, 0x0B, 0xFF, 
0x79, 0xFC, 0xFF, 0xFF, 0xFF, 0xFF, 0xFF, 0x84, 0xFC, 0x9F, 0x30, 0x30, 0x30, 0x30, 0x19, 0xE1, 
0xA1, 0x00, 0x00, 0x00, 0x00, 0x00, 0xA4, 0xE9, 0x0B, 0x00, 0x00, 0x00, 0x00, 0x2F, 0xF9, 0xC2, 
0x5B, 0x62, 0xAF, 0x1E, 0x00, 0x45, 0xCF, 0xFC, 0xEC, 0xA9, 0x0D, 0x00, 0x00, 0xC2, 0xFF, 0x3E, 
0x00, 0x00, 0x00, 0x5F, 0xE2, 0x93, 0xD8, 0x09, 0x00, 0x14, 0xCC, 0x29, 0x01, 0x94, 0x80, 0x00, 
0x00, 0x00, 0x00, 0x00, 0x00, 0x00, 0x00, 0x00, 0x5B, 0xDE, 0xFB, 0xC2, 0x25, 0x00, 0x3C, 0xFE, 
0x8E, 0x5C, 0xD9, 0xDA, 0x04, 0xAB, 0xBF, 0x00, 0x00, 0x41, 0xFF, 0x48, 0xE3, 0x93, 0x10, 0x10, 
0x18, 0xFF, 0x77, 0xFC, 0xFF, 0xFF, 0xFF, 0xFF, 0xFF, 0x84, 0xFC, 0xA6, 0x40, 0x40, 0x40, 0x40, 
0x21, 0xE1, 0xA1, 0x00, 0x00, 0x00, 0x00, 0x00, 0xA4, 0xE8, 0x0A, 0x00, 0x00, 0x00, 0x00, 0x2F, 
0xF9, 0xC1, 0x5B, 0x62, 0xAF, 0x1E, 0x00, 0x45, 0xCF, 0xFC, 0xEC, 0xA9, 0x0D, 0x00, 0xE3, 0x6A, 
0x00, 0xE3, 0x68, 0x00, 0x00, 0x38, 0x15, 0x00, 0x38, 0x12, 0x00, 0x00, 0x00, 0x00, 0x00, 0x00, 
0x00, 0x00, 0x00, 0x5B, 0xDE, 0xFB, 0xC2, 0x25, 0x00, 0x3C, 0xFE, 0x8E, 0x5C, 0xD9, 0xDA, 0x04, 
0xAB, 0xBF, 0x00, 0x00, 0x41, 0xFF, 0x48, 0xE3, 0x93, 0x10, 0x10, 0x18, 0xFF, 0x77, 0xFC, 0xFF, 
0xFF, 0xFF, 0xFF, 0xFF, 0x84, 0xFC, 0xA6, 0x40, 0x40, 0x40, 0x40, 0x21, 0xE1, 0xA1, 0x00, 0x00, 
0x00, 0x00, 0x00, 0xA4, 0xE8, 0x0A, 0x00, 0x00, 0x00, 0x00, 0x2F, 0xFA, 0xC1, 0x5B, 0x63, 0xB0, 
0x1B, 0x00, 0x45, 0xCF, 0xFC, 0xEC, 0xA7, 0x0B, 0x50, 0xFF, 0x7B, 0x00, 0x00, 0x7B, 0xF3, 0x1D, 
0x00, 0x00, 0x7C, 0x86, 0x00, 0x00, 0x00, 0x00, 0x00, 0x00, 0xFF, 0x84, 0x00, 0x00, 0xFF, 0x84, 
0x00, 0x00, 0xFF, 0x84, 0x00, 0x00, 0xFF, 0x84, 0x00, 0x00, 0xFF, 0x84, 0x00, 0x00, 0xFF, 0x84, 
0x00, 0x00, 0xFF, 0x84, 0x00, 0x00, 0xFF, 0x84, 0x00, 0x00, 0xFF, 0x84, 0x00, 0x00, 0xFF, 0x84, 
0x00, 0x03, 0xD6, 0xE4, 0x10, 0x00, 0x6F, 0xEE, 0x2F, 0x00, 0x0E, 0xBC, 0x32, 0x00, 0x00, 0x00, 
0x00, 0x00, 0x00, 0x00, 0x00, 0xFF, 0x84, 0x00, 0x00, 0x00, 0xFF, 0x84, 0x00, 0x00, 0x00, 0xFF, 
0x84, 0x00, 0x00, 0x00, 0xFF, 0x84, 0x00, 0x00, 0x00, 0xFF, 0x84, 0x00, 0x00, 0x00, 0xFF, 0x84, 
0x00, 0x00, 0x00, 0xFF, 0x84, 0x00, 0x00, 0x00, 0xFF, 0x84, 0x00, 0x00, 0x00, 0xFF, 0x84, 0x00, 
0x00, 0x00, 0xFF, 0x84, 0x00, 0x00, 0x00, 0x4A, 0xFF, 0xC1, 0x01, 0x00, 0x0F, 0xE2, 0x80, 0xDD, 
0x66, 0x00, 0x77, 0x73, 0x00, 0x20, 0xB4, 0x14, 0x00, 0x00, 0x00, 0x00, 0x00, 0x00, 0x00, 0x00, 
0xFF, 0x84, 0x00, 0x00, 0x00, 0x00, 0xFF, 0x84, 0x00, 0x00, 0x00, 0x00, 0xFF, 0x84, 0x00, 0x00, 
0x00, 0x00, 0xFF, 0x84, 0x00, 0x00, 0x00, 0x00, 0xFF, 0x84, 0x00, 0x00, 0x00, 0x00, 0xFF, 0x84, 
0x00, 0x00, 0x00, 0x00, 0xFF, 0x84, 0x00, 0x00, 0x00, 0x00, 0xFF, 0x84, 0x00, 0x00, 0x00, 0x00, 
0xFF, 0x84, 0x00, 0x00, 0x00, 0x00, 0xFF, 0x84, 0x00, 0x00, 0xE3, 0x6A, 0x00, 0xE3, 0x68, 0x38, 
0x15, 0x00, 0x38, 0x12, 0x00, 0x00, 0x00, 0x00, 0x00, 0x00, 0x7C, 0xFF, 0x08, 0x00, 0x00, 0x7C, 
0xFF, 0x08, 0x00, 0x00, 0x7C, 0xFF, 0x08, 0x00, 0x00, 0x7C, 0xFF, 0x08, 0x00, 0x00, 0x7C, 0xFF, 
0x08, 0x00, 0x00, 0x7C, 0xFF, 0x08, 0x00, 0x00, 0x7C, 0xFF, 0x08, 0x00, 0x00, 0x7C, 0xFF, 0x08, 
0x00, 0x00, 0x7C, 0xFF, 0x08, 0x00, 0x00, 0x7C, 0xFF, 0x08, 0x00, 0x00, 0x00, 0x24, 0x00, 0x00, 
0x1B, 0x00, 0x00, 0x24, 0xF9, 0x8B, 0xB5, 0xC5, 0x00, 0x00, 0x00, 0x93, 0xFF, 0xD5, 0x0A, 0x00, 
0x00, 0x6C, 0xE0, 0x80, 0xFF, 0x55, 0x00, 0x00, 0x0E, 0x0D, 0x00, 0xA6, 0xE0, 0x04, 0x00, 0x00, 
0x02, 0x08, 0x2B, 0xFF, 0x4D, 0x00, 0x77, 0xF1, 0xFF, 0xBC, 0xEA, 0x98, 0x55, 0xFF, 0x9C, 0x48, 
0xA1, 0xFF, 0xD1, 0xC0, 0xD3, 0x01, 0x00, 0x02, 0xD7, 0xF0, 0xF2, 0x96, 0x00, 0x00, 0x00, 0x94, 
0xFE, 0xFE, 0x86, 0x00, 0x00, 0x00, 0x87, 0xFA, 0xEA, 0x9B, 0x00, 0x00, 0x00, 0x99, 0xE1, 0xAC, 
0xDE, 0x04, 0x00, 0x02, 0xD9, 0xA6, 0x35, 0xFB, 0xAC, 0x58, 0xA4, 0xFD, 0x37, 0x00, 0x4B, 0xD6, 
0xFB, 0xD7, 0x52, 0x00, 0x0A, 0xCB, 0xED, 0x7A, 0x21, 0xE7, 0x18, 0x5A, 0xC6, 0x6B, 0xE0, 0xFF, 
0xBA, 0x00, 0x1E, 0x1D, 0x00, 0x06, 0x36, 0x07, 0x00, 0xFF, 0x49, 0x98, 0xF5, 0xEA, 0x72, 0x00, 
0xFF, 0xDB, 0xA5, 0x57, 0xB8, 0xFF, 0x31, 0xFF, 0xD8, 0x02, 0x00, 0x23, 0xFF, 0x72, 0xFF, 0x9C, 
0x00, 0x00, 0x02, 0xFF, 0x83, 0xFF, 0x88, 0x00, 0x00, 0x00, 0xFF, 0x84, 0xFF, 0x84, 0x00, 0x00, 
0x00, 0xFF, 0x84, 0xFF, 0x84, 0x00, 0x00, 0x00, 0xFF, 0x84, 0xFF, 0x84, 0x00, 0x00, 0x00, 0xFF, 
0x84, 0xFF, 0x84, 0x00, 0x00, 0x00, 0xFF, 0x84, 0xFF, 0x84, 0x00, 0x00, 0x00, 0xFF, 0x84, 0x00, 
0x9A, 0xFF, 0x36, 0x00, 0x00, 0x00, 0x00, 0x09, 0xC6, 0xC4, 0x01, 0x00, 0x00, 0x00, 0x00, 0x12, 
0xC6, 0x57, 0x00, 0x00, 0x00, 0x00, 0x00, 0x00, 0x00, 0x00, 0x00, 0x00, 0x56, 0xD8, 0xFA, 0xD6, 
0x4C, 0x00, 0x3B, 0xFE, 0xAB, 0x58, 0xAD, 0xFB, 0x31, 0xAB, 0xE3, 0x04, 0x00, 0x06, 0xE4, 0xA4, 
0xE4, 0xA2, 0x00, 0x00, 0x00, 0xA2, 0xE2, 0xFC, 0x88, 0x00, 0x00, 0x00, 0x88, 0xFC, 0xFA, 0x88, 
0x00, 0x00, 0x00, 0x88, 0xFA, 0xDF, 0xA1, 0x00, 0x00, 0x00, 0xA2, 0xDE, 0xA4, 0xE3, 0x05, 0x00, 
0x06, 0xE4, 0xA0, 0x31, 0xFB, 0xAC, 0x58, 0xAD, 0xFA, 0x2D, 0x00, 0x4D, 0xD7, 0xFC, 0xD6, 0x4B, 
0x00, 0x00, 0x00, 0x00, 0x1F, 0xFB, 0xB9, 0x00, 0x00, 0x00, 0x00, 0xA7, 0xDA, 0x13, 0x00, 0x00, 
0x00, 0x3B, 0xD3, 0x1F, 0x00, 0x00, 0x00, 0x00, 0x00, 0x00, 0x00, 0x00, 0x00, 0x00, 0x56, 0xD8, 
0xFA, 0xD6, 0x4C, 0x00, 0x3B, 0xFE, 0xAB, 0x58, 0xAD, 0xFB, 0x31, 0xAB, 0xE3, 0x04, 0x00, 0x06, 
0xE4, 0xA4, 0xE4, 0xA2, 0x00, 0x00, 0x00, 0xA2, 0xE2, 0xFC, 0x88, 0x00, 0x00, 0x00, 0x88, 0xFC, 
0xFA, 0x88, 0x00, 0x00, 0x00, 0x88, 0xFA, 0xDF, 0xA1, 0x00, 0x00, 0x00, 0xA2, 0xDE, 0xA4, 0xE3, 
0x05, 0x00, 0x06, 0xE4, 0xA0, 0x31, 0xFB, 0xAC, 0x58, 0xAD, 0xFA, 0x2D, 0x00, 0x4D, 0xD7, 0xFC, 
0xD6, 0x4B, 0x00, 0x00, 0x00, 0x8B, 0xFF, 0x7D, 0x00, 0x00, 0x00, 0x2E, 0xF3, 0x81, 0xF2, 0x24, 
0x00, 0x01, 0xBC, 0x50, 0x00, 0x5F, 0xB1, 0x00, 0x00, 0x00, 0x00, 0x00, 0x00, 0x00, 0x00, 0x00, 
0x56, 0xD8, 0xFA, 0xD6, 0x4C, 0x00, 0x3B, 0xFE, 0xAB, 0x58, 0xAD, 0xFB, 0x31, 0xAB, 0xE3, 0x04, 
0x00, 0x06, 0xE4, 0xA4, 0xE4, 0xA2, 0x00, 0x00, 0x00, 0xA2, 0xE2, 0xFC, 0x88, 0x00, 0x00, 0x00, 
0x88, 0xFC, 0xFA, 0x88, 0x00, 0x00, 0x00, 0x88, 0xFA, 0xDF, 0xA1, 0x00, 0x00, 0x00, 0xA2, 0xDE, 
0xA4, 0xE3, 0x05, 0x00, 0x06, 0xE4, 0xA0, 0x31, 0xFB, 0xAC, 0x58, 0xAD, 0xFA, 0x2D, 0x00, 0x4D, 
0xD7, 0xFC, 0xD6, 0x4B, 0x00, 0x00, 0xA6, 0xF4, 0x90, 0x21, 0xD6, 0x31, 0x26, 0xE4, 0x64, 0xD1, 
0xFF, 0xD5, 0x03, 0x11, 0x29, 0x00, 0x02, 0x35, 0x0E, 0x00, 0x00, 0x56, 0xD8, 0xFA, 0xD6, 0x4C, 
0x00, 0x3B, 0xFE, 0xAB, 0x58, 0xAD, 0xFB, 0x31, 0xAB, 0xE3, 0x04, 0x00, 0x06, 0xE4, 0xA4, 0xE4, 
0xA2, 0x00, 0x00, 0x00, 0xA2, 0xE2, 0xFC, 0x88, 0x00, 0x00, 0x00, 0x88, 0xFC, 0xFA, 0x88, 0x00, 
0x00, 0x00, 0x88, 0xFA, 0xDF, 0xA1, 0x00, 0x00, 0x00, 0xA2, 0xDE, 0xA4, 0xE3, 0x05, 0x00, 0x06, 
0xE4, 0xA0, 0x31, 0xFB, 0xAC, 0x58, 0xAD, 0xFA, 0x2D, 0x00, 0x4D, 0xD7, 0xFC, 0xD6, 0x4B, 0x00, 
0x00, 0xE3, 0x68, 0x00, 0xE3, 0x68, 0x00, 0x00, 0x38, 0x14, 0x00, 0x38, 0x12, 0x00, 0x00, 0x00, 
0x00, 0x00, 0x00, 0x00, 0x00, 0x00, 0x56, 0xD8, 0xFA, 0xD6, 0x4C, 0x00, 0x3B, 0xFE, 0xAB, 0x58, 
0xAD, 0xFB, 0x31, 0xAB, 0xE3, 0x04, 0x00, 0x06, 0xE4, 0xA4, 0xE4, 0xA2, 0x00, 0x00, 0x00, 0xA2, 
0xE2, 0xFC, 0x88, 0x00, 0x00, 0x00, 0x88, 0xFC, 0xFA, 0x88, 0x00, 0x00, 0x00, 0x88, 0xFA, 0xDF, 
0xA1, 0x00, 0x00, 0x00, 0xA2, 0xDE, 0xA4, 0xE3, 0x05, 0x00, 0x06, 0xE4, 0xA0, 0x31, 0xFB, 0xAC, 
0x58, 0xAD, 0xFA, 0x2D, 0x00, 0x4D, 0xD7, 0xFC, 0xD6, 0x4B, 0x00, 0x00, 0x00, 0x60, 0xD7, 0x00, 
0x00, 0x00, 0x00, 0x00, 0x70, 0xEC, 0x00, 0x00, 0x00, 0x00, 0x00, 0x03, 0x15, 0x00, 0x00, 0x00, 
0x10, 0x10, 0x10, 0x10, 0x10, 0x10, 0x10, 0xFF, 0xFF, 0xFF, 0xFF, 0xFF, 0xFF, 0xFF, 0x40, 0x40, 
0x40, 0x40, 0x40, 0x40, 0x40, 0x00, 0x00, 0x03, 0x15, 0x00, 0x00, 0x00, 0x00, 0x00, 0x70, 0xEB, 
0x00, 0x00, 0x00, 0x00, 0x00, 0x5F, 0xD9, 0x00, 0x00, 0x00, 0x00, 0x00, 0x00, 0x00, 0x00, 0x20, 
0x4C, 0x00, 0x56, 0xDB, 0xFC, 0xC8, 0xB9, 0x91, 0x3B, 0xFE, 0xAB, 0x58, 0xB5, 0xFF, 0x3C, 0xAC, 
0xE3, 0x05, 0x00, 0xAA, 0xFF, 0x9B, 0xE7, 0xA2, 0x00, 0x36, 0xE0, 0xAB, 0xDE, 0xFD, 0x88, 0x00, 
0xBF, 0x61, 0x88, 0xFA, 0xF9, 0x89, 0x49, 0xD5, 0x03, 0x88, 0xFC, 0xDA, 0xA5, 0xD1, 0x4F, 0x00, 
0xA3, 0xE1, 0x97, 0xFC, 0xC4, 0x00, 0x06, 0xE4, 0xA6, 0x2F, 0xFF, 0xBC, 0x58, 0xAD, 0xFC, 0x34, 
0x78, 0xCA, 0xD0, 0xFA, 0xD7, 0x4F, 0x00, 0x7C, 0x37, 0x00, 0x00, 0x00, 0x00, 0x00, 0x02, 0xC9, 
0xF4, 0x16, 0x00, 0x00, 0x00, 0x00, 0x17, 0xDC, 0xA4, 0x00, 0x00, 0x00, 0x00, 0x00, 0x1C, 0xBC, 
0x31, 0x00, 0x00, 0x00, 0x00, 0x00, 0x00, 0x00, 0x00, 0x00, 0xFF, 0x84, 0x00, 0x00, 0x00, 0xFF, 
0x84, 0xFF, 0x84, 0x00, 0x00, 0x00, 0xFF, 0x84, 0xFF, 0x84, 0x00, 0x00, 0x00, 0xFF, 0x84, 0xFF, 
0x84, 0x00, 0x00, 0x00, 0xFF, 0x84, 0xFF, 0x84, 0x00, 0x00, 0x00, 0xFF, 0x84, 0xFF, 0x84, 0x00, 
0x00, 0x02, 0xFF, 0x84, 0xFF, 0x87, 0x00, 0x00, 0x16, 0xFF, 0x84, 0xEB, 0xAB, 0x00, 0x00, 0x53, 
0xFF, 0x84, 0xA7, 0xFA, 0x6F, 0x65, 0xD6, 0xEF, 0x84, 0x1A, 0xC0, 0xFB, 0xD9, 0x43, 0xC2, 0x84, 
0x00, 0x00, 0x00, 0x4B, 0xFF, 0x8B, 0x00, 0x00, 0x00, 0x08, 0xDB, 0xAF, 0x03, 0x00, 0x00, 0x00, 
0x64, 0x9B, 0x05, 0x00, 0x00, 0x00, 0x00, 0x00, 0x00, 0x00, 0x00, 0x00, 0xFF, 0x84, 0x00, 0x00, 
0x00, 0xFF, 0x84, 0xFF, 0x84, 0x00, 0x00, 0x00, 0xFF, 0x84, 0xFF, 0x84, 0x00, 0x00, 0x00, 0xFF, 
0x84, 0xFF, 0x84, 0x00, 0x00, 0x00, 0xFF, 0x84, 0xFF, 0x84, 0x00, 0x00, 0x00, 0xFF, 0x84, 0xFF, 
0x84, 0x00, 0x00, 0x02, 0xFF, 0x84, 0xFF, 0x87, 0x00, 0x00, 0x16, 0xFF, 0x84, 0xEB, 0xAB, 0x00, 
0x00, 0x53, 0xFF, 0x84, 0xA7, 0xFA, 0x6F, 0x65, 0xD6, 0xEF, 0x84, 0x1A, 0xC0, 0xFB, 0xD9, 0x43, 
0xC2, 0x84, 0x00, 0x02, 0xC5, 0xFF, 0x51, 0x00, 0x00, 0x00, 0x6F, 0xDC, 0x7D, 0xE6, 0x13, 0x00, 
0x18, 0xB7, 0x1D, 0x00, 0x68, 0x81, 0x00, 0x00, 0x00, 0x00, 0x00, 0x00, 0x00, 0x00, 0xFF, 0x84, 
0x00, 0x00, 0x00, 0xFF, 0x84, 0xFF, 0x84, 0x00, 0x00, 0x00, 0xFF, 0x84, 0xFF, 0x84, 0x00, 0x00, 
0x00, 0xFF, 0x84, 0xFF, 0x84, 0x00, 0x00, 0x00, 0xFF, 0x84, 0xFF, 0x84, 0x00, 0x00, 0x00, 0xFF, 
0x84, 0xFF, 0x84, 0x00, 0x00, 0x02, 0xFF, 0x84, 0xFF, 0x87, 0x00, 0x00, 0x16, 0xFF, 0x84, 0xEB, 
0xAB, 0x00, 0x00, 0x53, 0xFF, 0x84, 0xA7, 0xFA, 0x6F, 0x65, 0xD6, 0xEF, 0x84, 0x1A, 0xC0, 0xFB, 
0xD9, 0x43, 0xC2, 0x84, 0x00, 0xE3, 0x68, 0x00, 0xE3, 0x68, 0x00, 0x00, 0x38, 0x14, 0x00, 0x38, 
0x12, 0x00, 0x00, 0x00, 0x00, 0x00, 0x00, 0x00, 0x00, 0xFF, 0x84, 0x00, 0x00, 0x00, 0xFF, 0x84, 
0xFF, 0x84, 0x00, 0x00, 0x00, 0xFF, 0x84, 0xFF, 0x84, 0x00, 0x00, 0x00, 0xFF, 0x84, 0xFF, 0x84, 
0x00, 0x00, 0x00, 0xFF, 0x84, 0xFF, 0x84, 0x00, 0x00, 0x00, 0xFF, 0x84, 0xFF, 0x84, 0x00, 0x00, 
0x02, 0xFF, 0x84, 0xFF, 0x87, 0x00, 0x00, 0x16, 0xFF, 0x84, 0xEB, 0xAB, 0x00, 0x00, 0x53, 0xFF, 
0x84, 0xA7, 0xFA, 0x6F, 0x65, 0xD4, 0xF2, 0x84, 0x1A, 0xC0, 0xFB, 0xD9, 0x42, 0xCE, 0x84, 0x00, 
0x00, 0x00, 0x00, 0x42, 0xFF, 0x8D, 0x00, 0x00, 0x00, 0x00, 0x04, 0xD2, 0xB5, 0x04, 0x00, 0x00, 
0x00, 0x00, 0x53, 0xA2, 0x08, 0x00, 0x00, 0x00, 0x00, 0x00, 0x00, 0x00, 0x00, 0x00, 0x00, 0x12, 
0xFD, 0x85, 0x00, 0x00, 0x00, 0xCD, 0xC0, 0x00, 0xC3, 0xC8, 0x00, 0x00, 0x12, 0xFE, 0x79, 0x00, 
0x77, 0xFD, 0x0F, 0x00, 0x52, 0xFF, 0x30, 0x00, 0x2C, 0xFF, 0x4E, 0x00, 0x94, 0xE7, 0x01, 0x00, 
0x00, 0xE0, 0x91, 0x00, 0xD7, 0xA2, 0x00, 0x00, 0x00, 0x95, 0xD5, 0x19, 0xFF, 0x59, 0x00, 0x00, 
0x00, 0x49, 0xFF, 0x6F, 0xFE, 0x14, 0x00, 0x00, 0x00, 0x09, 0xF5, 0xD7, 0xCB, 0x00, 0x00, 0x00, 
0x00, 0x00, 0xB3, 0xFF, 0x82, 0x00, 0x00, 0x00, 0x00, 0x00, 0x70, 0xFF, 0x3A, 0x00, 0x00, 0x00, 
0x00, 0x00, 0x94, 0xEF, 0x03, 0x00, 0x00, 0x00, 0x00, 0x03, 0xE2, 0xA5, 0x00, 0x00, 0x00, 0x00, 
0x59, 0x9C, 0xFF, 0x3A, 0x00, 0x00, 0x00, 0x00, 0xF2, 0xEF, 0x71, 0x00, 0x00, 0x00, 0x00, 0xFF, 
0x84, 0x00, 0x00, 0x00, 0x00, 0x00, 0xFF, 0x84, 0x00, 0x00, 0x00, 0x00, 0x00, 0xFF, 0x84, 0x00, 
0x00, 0x00, 0x00, 0x00, 0xFF, 0x84, 0x00, 0x00, 0x00, 0x00, 0x00, 0xFF, 0x85, 0x8A, 0xF4, 0xEB, 
0x73, 0x00, 0xFF, 0xE2, 0xAA, 0x58, 0xA8, 0xFF, 0x4D, 0xFF, 0xDA, 0x02, 0x00, 0x03, 0xDD, 0xB3, 
0xFF, 0x99, 0x00, 0x00, 0x00, 0x9D, 0xE7, 0xFF, 0x86, 0x00, 0x00, 0x00, 0x87, 0xFC, 0xFF, 0x88, 
0x00, 0x00, 0x00, 0x89, 0xFC, 0xFF, 0x9E, 0x00, 0x00, 0x00, 0xA2, 0xE5, 0xFF, 0xDE, 0x03, 0x00, 
0x03, 0xE0, 0xB1, 0xFF, 0xE9, 0xAC, 0x56, 0xA7, 0xFF, 0x4A, 0xFF, 0x87, 0x8E, 0xF2, 0xEC, 0x73, 
0x00, 0xFF, 0x84, 0x00, 0x00, 0x00, 0x00, 0x00, 0xFF, 0x84, 0x00, 0x00, 0x00, 0x00, 0x00, 0xFF, 
0x84, 0x00, 0x00, 0x00, 0x00, 0x00, 0xFF, 0x84, 0x00, 0x00, 0x00, 0x00, 0x00, 0x00, 0x00, 0xE3, 
0x6A, 0x00, 0xE3, 0x68, 0x00, 0x00, 0x00, 0x38, 0x15, 0x00, 0x38, 0x12, 0x00, 0x00, 0x00, 0x00, 
0x00, 0x00, 0x00, 0x00, 0x00, 0x13, 0xFD, 0x6E, 0x00, 0x00, 0x00, 0xE4, 0xA4, 0x00, 0xC7, 0xB1, 
0x00, 0x00, 0x27, 0xFF, 0x5E, 0x00, 0x7E, 0xF1, 0x04, 0x00, 0x69, 0xFF, 0x18, 0x00, 0x35, 0xFF, 
0x3A, 0x00, 0xAA, 0xD1, 0x00, 0x00, 0x02, 0xEC, 0x7C, 0x01, 0xEB, 0x8B, 0x00, 0x00, 0x00, 0xA4, 
0xC1, 0x2C, 0xFF, 0x43, 0x00, 0x00, 0x00, 0x5D, 0xFC, 0x73, 0xF6, 0x07, 0x00, 0x00, 0x00, 0x16, 
0xFE, 0xD6, 0xB5, 0x00, 0x00, 0x00, 0x00, 0x00, 0xCC, 0xFF, 0x6F, 0x00, 0x00, 0x00, 0x00, 0x00, 
0x8B, 0xFF, 0x29, 0x00, 0x00, 0x00, 0x00, 0x00, 0xAD, 0xE2, 0x00, 0x00, 0x00, 0x00, 0x00, 0x0B, 
0xF1, 0x95, 0x00, 0x00, 0x00, 0x00, 0x59, 0xA7, 0xFD, 0x2D, 0x00, 0x00, 0x00, 0x00, 0xF3, 0xEE, 
0x68, 0x00, 0x00, 0x00, 0x00, 0x00, 0x00, 0x00, 0x10, 0x10, 0x10, 0x10, 0x10, 0x00, 0x00, 0x00, 
0x00, 0x00, 0x00, 0xFF, 0xFF, 0xFF, 0xFF, 0xFF, 0x00, 0x00, 0x00, 0x00, 0x00, 0x00, 0x40, 0x40, 
0x40, 0x40, 0x40, 0x00, 0x00, 0x00, 0x00, 0x00, 0x00, 0x00, 0x00, 0x00, 0x00, 0x00, 0x00, 0x00, 
0x00, 0x00, 0x00, 0x00, 0x00, 0x90, 0xFF, 0xA0, 0x00, 0x00, 0x00, 0x00, 0x00, 0x00, 0x00, 0x00, 
0xD9, 0xF7, 0xE8, 0x01, 0x00, 0x00, 0x00, 0x00, 0x00, 0x00, 0x22, 0xFF, 0xA2, 0xFF, 0x32, 0x00, 
0x00, 0x00, 0x00, 0x00, 0x00, 0x6A, 0xFF, 0x30, 0xFF, 0x7B, 0x00, 0x00, 0x00, 0x00, 0x00, 0x00, 
0xB3, 0xDC, 0x00, 0xD2, 0xC4, 0x00, 0x00, 0x00, 0x00, 0x00, 0x07, 0xF5, 0x97, 0x00, 0x8E, 0xFC, 
0x11, 0x00, 0x00, 0x00, 0x00, 0x44, 0xFF, 0x54, 0x00, 0x4B, 0xFF, 0x56, 0x00, 0x00, 0x00, 0x00, 
0x8C, 0xFF, 0x33, 0x20, 0x2C, 0xFD, 0x9E, 0x00, 0x00, 0x00, 0x00, 0xD5, 0xFF, 0xFF, 0xFF, 0xFF, 
0xFF, 0xE7, 0x01, 0x00, 0x00, 0x1E, 0xFF, 0xAC, 0x50, 0x50, 0x50, 0x9B, 0xFF, 0x30, 0x00, 0x00, 
0x67, 0xFF, 0x46, 0x00, 0x00, 0x00, 0x2E, 0xFF, 0x7A, 0x00, 0x00, 0xB0, 0xF3, 0x07, 0x00, 0x00, 
0x00, 0x00, 0xE1, 0xC2, 0x00, 0x06, 0xF3, 0xAE, 0x00, 0x00, 0x00, 0x00, 0x00, 0x96, 0xFC, 0x10, 
0x00, 0x10, 0x10, 0x10, 0x10, 0x10, 0x00, 0xFF, 0xFF, 0xFF, 0xFF, 0xFF, 0x00, 0x40, 0x40, 0x40, 
0x40, 0x40, 0x15, 0x9F, 0xEA, 0xFA, 0xC4, 0x20, 0x10, 0xB2, 0x64, 0x67, 0xF3, 0xB0, 0x00, 0x00, 
0x00, 0x00, 0x9A, 0xEF, 0x00, 0x00, 0x03, 0x0F, 0x8D, 0xFF, 0x14, 0xAD, 0xF9, 0xFF, 0xFF, 0xFF, 
0xAB, 0xF8, 0x74, 0x43, 0xA3, 0xFF, 0xF3, 0x9C, 0x00, 0x00, 0x8B, 0xFF, 0xF7, 0x8F, 0x00, 0x00, 
0xC1, 0xFF, 0xBD, 0xE9, 0x5E, 0x92, 0xD1, 0xFF, 0x2A, 0xD6, 0xF8, 0xA8, 0x1C, 0xFF, 0x00, 0x00, 
0x00, 0xF0, 0x56, 0x14, 0x5A, 0xED, 0x00, 0x00, 0x00, 0x00, 0x00, 0x00, 0x78, 0xFF, 0xFF, 0xFB, 
0x62, 0x00, 0x00, 0x00, 0x00, 0x00, 0x00, 0x00, 0x1D, 0x3D, 0x17, 0x00, 0x00, 0x00, 0x00, 0x00, 
0x00, 0x00, 0x00, 0x00, 0x00, 0x00, 0x00, 0x00, 0x00, 0x00, 0x00, 0x00, 0x00, 0x00, 0x94, 0xFF, 
0x98, 0x00, 0x00, 0x00, 0x00, 0x00, 0x00, 0x00, 0x00, 0xDD, 0xF8, 0xE0, 0x00, 0x00, 0x00, 0x00, 
0x00, 0x00, 0x00, 0x23, 0xFF, 0xA3, 0xFF, 0x2A, 0x00, 0x00, 0x00, 0x00, 0x00, 0x00, 0x6C, 0xFF, 
0x33, 0xFF, 0x72, 0x00, 0x00, 0x00, 0x00, 0x00, 0x00, 0xB4, 0xDC, 0x00, 0xD7, 0xBA, 0x00, 0x00, 
0x00, 0x00, 0x00, 0x07, 0xF5, 0x9A, 0x00, 0x94, 0xF8, 0x0B, 0x00, 0x00, 0x00, 0x00, 0x44, 0xFF, 
0x57, 0x00, 0x50, 0xFF, 0x4C, 0x00, 0x00, 0x00, 0x00, 0x8C, 0xFF, 0x35, 0x20, 0x30, 0xFF, 0x94, 
0x00, 0x00, 0x00, 0x00, 0xD4, 0xFF, 0xFF, 0xFF, 0xFF, 0xFF, 0xDE, 0x00, 0x00, 0x00, 0x1D, 0xFF, 
0xAC, 0x50, 0x50, 0x50, 0xA6, 0xFF, 0x27, 0x00, 0x00, 0x63, 0xFF, 0x47, 0x00, 0x00, 0x00, 0x3D, 
0xFF, 0x6E, 0x00, 0x00, 0xAC, 0xF5, 0x07, 0x00, 0x00, 0x00, 0x03, 0xED, 0xB7, 0x00, 0x04, 0xF0, 
0xB1, 0x00, 0x00, 0x00, 0x00, 0x00, 0xA3, 0xF7, 0x09, 0x00, 0xF9, 0x0F, 0x00, 0x73, 0xF7, 0x00, 
0xCB, 0x7E, 0x21, 0xD1, 0xBF, 0x00, 0x46, 0xF6, 0xFF, 0xEF, 0x33, 0x00, 0x00, 0x15, 0x3B, 0x0F, 
0x00, 0x15, 0x9F, 0xEA, 0xFA, 0xC4, 0x20, 0x0F, 0xB2, 0x64, 0x67, 0xF3, 0xB0, 0x00, 0x00, 0x00, 
0x00, 0x9A, 0xEF, 0x00, 0x00, 0x03, 0x0F, 0x8D, 0xFF, 0x14, 0xAD, 0xF9, 0xFF, 0xFF, 0xFF, 0xAB, 
0xFA, 0x78, 0x43, 0xA3, 0xFF, 0xF3, 0xA1, 0x00, 0x00, 0x89, 0xFF, 0xF7, 0x89, 0x00, 0x00, 0xB1, 
0xFF, 0xBD, 0xD4, 0x1B, 0x54, 0xE7, 0xFF, 0x2A, 0xD6, 0xF9, 0xB3, 0x2F, 0xFF, 0x00, 0x00, 0x00, 
0x00, 0xD7, 0xFF, 0x2A, 0x00, 0x00, 0x00, 0x00, 0x00, 0x00, 0x1D, 0xFF, 0xF7, 0x76, 0x00, 0x00, 
0x00, 0x00, 0x00, 0x00, 0x62, 0xF8, 0xB3, 0xC2, 0x00, 0x00, 0x00, 0x00, 0x00, 0x00, 0xA8, 0xC9, 
0x7D, 0xFC, 0x12, 0x00, 0x00, 0x00, 0x00, 0x02, 0xEB, 0x8D, 0x40, 0xFF, 0x5A, 0x00, 0x00, 0x00, 
0x00, 0x32, 0xFF, 0x50, 0x09, 0xFA, 0xA6, 0x00, 0x00, 0x00, 0x00, 0x7A, 0xFF, 0x15, 0x00, 0xC4, 
0xEE, 0x04, 0x00, 0x00, 0x00, 0xBE, 0xDF, 0x20, 0x20, 0x99, 0xFF, 0x3E, 0x00, 0x00, 0x0A, 0xF9, 
0xFF, 0xFF, 0xFF, 0xFF, 0xFF, 0x8A, 0x00, 0x00, 0x49, 0xFF, 0x89, 0x50, 0x50, 0x53, 0xF9, 0xD6, 
0x00, 0x00, 0x8E, 0xFF, 0x19, 0x00, 0x00, 0x00, 0xAE, 0xFF, 0x21, 0x00, 0xD3, 0xD2, 0x00, 0x00, 
0x00, 0x00, 0x56, 0xFF, 0x6E, 0x1A, 0xFF, 0x8B, 0x00, 0x00, 0x00, 0x00, 0x09, 0xF3, 0xBA, 0x00, 
0x00, 0x00, 0x00, 0x00, 0x00, 0x00, 0x2D, 0xDF, 0x2E, 0x00, 0x00, 0x00, 0x00, 0x00, 0x00, 0x00, 
0xC9, 0x99, 0x00, 0x00, 0x00, 0x00, 0x00, 0x00, 0x00, 0x00, 0xF7, 0xC6, 0x54, 0x00, 0x00, 0x00, 
0x00, 0x00, 0x00, 0x00, 0x81, 0xF5, 0xDB, 0x0E, 0x96, 0xE7, 0xFB, 0xC8, 0x22, 0x00, 0x06, 0xB1, 
0x67, 0x64, 0xF2, 0xB1, 0x00, 0x00, 0x00, 0x00, 0x00, 0x99, 0xEF, 0x00, 0x00, 0x00, 0x03, 0x0F, 
0x8D, 0xFF, 0x00, 0x14, 0xAD, 0xF9, 0xFF, 0xFF, 0xFF, 0x00, 0xAB, 0xF8, 0x74, 0x43, 0xA3, 0xFF, 
0x00, 0xF3, 0x9C, 0x00, 0x00, 0x8B, 0xFF, 0x00, 0xF7, 0x8F, 0x00, 0x00, 0xC1, 0xFF, 0x00, 0xB9, 
0xE9, 0x5E, 0x92, 0xCA, 0xFF, 0x00, 0x26, 0xD2, 0xF9, 0xB1, 0x10, 0xDD, 0x00, 0x00, 0x00, 0x00, 
0x00, 0x3E, 0xC9, 0x00, 0x00, 0x00, 0x00, 0x00, 0xD1, 0x8E, 0x00, 0x00, 0x00, 0x00, 0x00, 0xF9, 
0xBD, 0x21, 0x00, 0x00, 0x00, 0x00, 0x92, 0xF8, 0x50, 0x00, 0x00, 0x00, 0x00, 0x09, 0x7F, 0x69, 
0x00, 0x00, 0x00, 0x00, 0x00, 0x73, 0xFE, 0x4B, 0x00, 0x00, 0x00, 0x00, 0x18, 0xEF, 0x70, 0x00, 
0x00, 0x00, 0x00, 0x00, 0x40, 0x5B, 0x00, 0x00, 0x00, 0x00, 0x00, 0x00, 0x00, 0x00, 0x00, 0x00, 
0x00, 0x00, 0x00, 0x64, 0xD5, 0xFC, 0xF0, 0xB7, 0x21, 0x00, 0x82, 0xFF, 0xA0, 0x56, 0x6B, 0xB8, 
0x0B, 0x2C, 0xFE, 0x8B, 0x00, 0x00, 0x00, 0x00, 0x00, 0x92, 0xF8, 0x11, 0x00, 0x00, 0x00, 0x00, 
0x00, 0xD1, 0xBD, 0x00, 0x00, 0x00, 0x00, 0x00, 0x00, 0xF4, 0x94, 0x00, 0x00, 0x00, 0x00, 0x00, 
0x00, 0xFE, 0x86, 0x00, 0x00, 0x00, 0x00, 0x00, 0x00, 0xF5, 0x90, 0x00, 0x00, 0x00, 0x00, 0x00, 
0x00, 0xD5, 0xB6, 0x00, 0x00, 0x00, 0x00, 0x00, 0x00, 0x9A, 0xF3, 0x0B, 0x00, 0x00, 0x00, 0x00, 
0x00, 0x38, 0xFF, 0x89, 0x00, 0x00, 0x00, 0x00, 0x00, 0x00, 0x95, 0xFF, 0xA4, 0x58, 0x60, 0x9F, 
0x00, 0x00, 0x02, 0x73, 0xDA, 0xFC, 0xEF, 0xB3, 0x00, 0x00, 0x00, 0x00, 0x54, 0xFF, 0x89, 0x00, 
0x00, 0x09, 0xDF, 0xB4, 0x04, 0x00, 0x00, 0x7A, 0xB2, 0x08, 0x00, 0x00, 0x00, 0x00, 0x00, 0x00, 
0x00, 0x00, 0x4B, 0xD4, 0xFC, 0xE8, 0x5D, 0x32, 0xFB, 0xB6, 0x56, 0x78, 0x33, 0xA4, 0xE7, 0x07, 
0x00, 0x00, 0x00, 0xE1, 0xA3, 0x00, 0x00, 0x00, 0x00, 0xFB, 0x89, 0x00, 0x00, 0x00, 0x00, 0xFC, 
0x88, 0x00, 0x00, 0x00, 0x00, 0xE7, 0xA4, 0x00, 0x00, 0x00, 0x00, 0xAD, 0xE8, 0x08, 0x00, 0x00, 
0x00, 0x3E, 0xFE, 0xB6, 0x56, 0x71, 0x59, 0x00, 0x58, 0xDA, 0xFE, 0xDE, 0x4E, 0x00, 0x00, 0x00, 
0x42, 0x80, 0x1E, 0x00, 0x00, 0x00, 0x00, 0x0E, 0xE3, 0xF2, 0xA9, 0x00, 0x00, 0x00, 0x00, 0x9C, 
0xAD, 0x1D, 0xE1, 0x53, 0x00, 0x00, 0x10, 0x77, 0x07, 0x00, 0x22, 0x6D, 0x00, 0x00, 0x00, 0x00, 
0x00, 0x00, 0x00, 0x00, 0x00, 0x00, 0x00, 0x64, 0xD5, 0xFC, 0xF0, 0xB7, 0x21, 0x00, 0x82, 0xFF, 
0xA0, 0x56, 0x6B, 0xB8, 0x0B, 0x2C, 0xFE, 0x8B, 0x00, 0x00, 0x00, 0x00, 0x00, 0x92, 0xF8, 0x11, 
0x00, 0x00, 0x00, 0x00, 0x00, 0xD1, 0xBD, 0x00, 0x00, 0x00, 0x00, 0x00, 0x00, 0xF4, 0x94, 0x00, 
0x00, 0x00, 0x00, 0x00, 0x00, 0xFE, 0x86, 0x00, 0x00, 0x00, 0x00, 0x00, 0x00, 0xF5, 0x90, 0x00, 
0x00, 0x00, 0x00, 0x00, 0x00, 0xD5, 0xB6, 0x00, 0x00, 0x00, 0x00, 0x00, 0x00, 0x9A, 0xF3, 0x0B, 
0x00, 0x00, 0x00, 0x00, 0x00, 0x38, 0xFF, 0x89, 0x00, 0x00, 0x00, 0x00, 0x00, 0x00, 0x95, 0xFF, 
0xA4, 0x58, 0x60, 0x9F, 0x00, 0x00, 0x02, 0x73, 0xDA, 0xFC, 0xEF, 0xB3, 0x00, 0x00, 0x02, 0xCB, 
0xFF, 0x42, 0x00, 0x00, 0x6F, 0xDF, 0x91, 0xDB, 0x0B, 0x1E, 0xCF, 0x23, 0x00, 0x8D, 0x88, 0x00, 
0x00, 0x00, 0x00, 0x00, 0x00, 0x00, 0x4B, 0xD4, 0xFC, 0xE8, 0x5D, 0x32, 0xFB, 0xB6, 0x56, 0x78, 
0x33, 0xA4, 0xE7, 0x07, 0x00, 0x00, 0x00, 0xE1, 0xA3, 0x00, 0x00, 0x00, 0x00, 0xFB, 0x89, 0x00, 
0x00, 0x00, 0x00, 0xFC, 0x88, 0x00, 0x00, 0x00, 0x00, 0xE7, 0xA4, 0x00, 0x00, 0x00, 0x00, 0xAD, 
0xE8, 0x08, 0x00, 0x00, 0x00, 0x3E, 0xFE, 0xB6, 0x56, 0x71, 0x59, 0x00, 0x58, 0xDA, 0xFE, 0xDE, 
0x4E, 0x00, 0x00, 0x00, 0x60, 0xDA, 0x00, 0x00, 0x00, 0x00, 0x00, 0x00, 0x65, 0xE5, 0x00, 0x00, 
0x00, 0x00, 0x00, 0x00, 0x00, 0x08, 0x00, 0x00, 0x00, 0x00, 0x00, 0x00, 0x00, 0x00, 0x00, 0x00, 
0x00, 0x00, 0x00, 0x64, 0xD5, 0xFC, 0xF0, 0xB7, 0x21, 0x00, 0x82, 0xFF, 0x9E, 0x56, 0x6E, 0xB7, 
0x0B, 0x2C, 0xFE, 0x87, 0x00, 0x00, 0x00, 0x00, 0x00, 0x92, 0xF7, 0x0F, 0x00, 0x00, 0x00, 0x00, 
0x00, 0xD1, 0xBB, 0x00, 0x00, 0x00, 0x00, 0x00, 0x00, 0xF4, 0x94, 0x00, 0x00, 0x00, 0x00, 0x00, 
0x00, 0xFE, 0x86, 0x00, 0x00, 0x00, 0x00, 0x00, 0x00, 0xF5, 0x90, 0x00, 0x00, 0x00, 0x00, 0x00, 
0x00, 0xD5, 0xB6, 0x00, 0x00, 0x00, 0x00, 0x00, 0x00, 0x9A, 0xF3, 0x0B, 0x00, 0x00, 0x00, 0x00, 
0x00, 0x38, 0xFF, 0x89, 0x00, 0x00, 0x00, 0x00, 0x00, 0x00, 0x95, 0xFF, 0xA4, 0x58, 0x60, 0x9F, 
0x00, 0x00, 0x02, 0x73, 0xDA, 0xFC, 0xEF, 0xB3, 0x00, 0x00, 0x00, 0x5F, 0xDA, 0x00, 0x00, 0x00, 
0x00, 0x69, 0xE6, 0x00, 0x00, 0x00, 0x00, 0x01, 0x0B, 0x00, 0x00, 0x00, 0x00, 0x00, 0x00, 0x00, 
0x00, 0x00, 0x4B, 0xD4, 0xFC, 0xE8, 0x5D, 0x32, 0xFB, 0xB5, 0x56, 0x7A, 0x30, 0xA4, 0xE7, 0x07, 
0x00, 0x00, 0x00, 0xE1, 0xA3, 0x00, 0x00, 0x00, 0x00, 0xFB, 0x89, 0x00, 0x00, 0x00, 0x00, 0xFC, 
0x88, 0x00, 0x00, 0x00, 0x00, 0xE7, 0xA4, 0x00, 0x00, 0x00, 0x00, 0xAD, 0xE8, 0x08, 0x00, 0x00, 
0x00, 0x3E, 0xFE, 0xB6, 0x56, 0x71, 0x59, 0x00, 0x58, 0xDA, 0xFE, 0xDE, 0x4E, 0x00, 0x10, 0x77, 
0x08, 0x00, 0x21, 0x6E, 0x00, 0x00, 0x00, 0x9D, 0xAF, 0x1F, 0xE1, 0x5A, 0x00, 0x00, 0x00, 0x0F, 
0xE6, 0xF2, 0xA8, 0x00, 0x00, 0x00, 0x00, 0x00, 0x42, 0x80, 0x1D, 0x00, 0x00, 0x00, 0x00, 0x00, 
0x00, 0x00, 0x00, 0x00, 0x00, 0x00, 0x00, 0x64, 0xD5, 0xFC, 0xF0, 0xB7, 0x21, 0x00, 0x82, 0xFF, 
0xA0, 0x56, 0x6B, 0xB8, 0x0B, 0x2C, 0xFE, 0x8B, 0x00, 0x00, 0x00, 0x00, 0x00, 0x92, 0xF8, 0x11, 
0x00, 0x00, 0x00, 0x00, 0x00, 0xD1, 0xBD, 0x00, 0x00, 0x00, 0x00, 0x00, 0x00, 0xF4, 0x94, 0x00, 
0x00, 0x00, 0x00, 0x00, 0x00, 0xFE, 0x86, 0x00, 0x00, 0x00, 0x00, 0x00, 0x00, 0xF5, 0x90, 0x00, 
0x00, 0x00, 0x00, 0x00, 0x00, 0xD5, 0xB6, 0x00, 0x00, 0x00, 0x00, 0x00, 0x00, 0x9A, 0xF3, 0x0B, 
0x00, 0x00, 0x00, 0x00, 0x00, 0x38, 0xFF, 0x89, 0x00, 0x00, 0x00, 0x00, 0x00, 0x00, 0x95, 0xFF, 
0xA4, 0x58, 0x60, 0x9F, 0x00, 0x00, 0x02, 0x73, 0xDA, 0xFC, 0xEF, 0xB3, 0x00, 0x1F, 0xDF, 0x31, 
0x03, 0xA2, 0x92, 0x00, 0x60, 0xEA, 0xA5, 0xD3, 0x08, 0x00, 0x00, 0xB6, 0xEC, 0x35, 0x00, 0x00, 
0x00, 0x00, 0x00, 0x00, 0x00, 0x00, 0x4B, 0xD4, 0xFC, 0xE8, 0x5D, 0x32, 0xFB, 0xB6, 0x56, 0x78, 
0x33, 0xA4, 0xE7, 0x07, 0x00, 0x00, 0x00, 0xE1, 0xA3, 0x00, 0x00, 0x00, 0x00, 0xFB, 0x89, 0x00, 
0x00, 0x00, 0x00, 0xFC, 0x88, 0x00, 0x00, 0x00, 0x00, 0xE7, 0xA4, 0x00, 0x00, 0x00, 0x00, 0xAD, 
0xE8, 0x08, 0x00, 0x00, 0x00, 0x3E, 0xFE, 0xB6, 0x56, 0x71, 0x59, 0x00, 0x58, 0xDA, 0xFE, 0xDE, 
0x4E, 0x00, 0x72, 0x16, 0x00, 0x1D, 0x6A, 0x00, 0x00, 0x00, 0x6B, 0xCC, 0x1B, 0xD9, 0x58, 0x00, 
0x00, 0x00, 0x02, 0xC8, 0xF3, 0xB4, 0x00, 0x00, 0x00, 0x00, 0x00, 0x32, 0x80, 0x24, 0x00, 0x00, 
0x00, 0x00, 0x00, 0x00, 0x00, 0x00, 0x00, 0x00, 0x00, 0xFF, 0xFF, 0xFF, 0xF2, 0xB6, 0x31, 0x00, 
0x00, 0xFF, 0xAB, 0x50, 0x67, 0xD4, 0xF7, 0x36, 0x00, 0xFF, 0x84, 0x00, 0x00, 0x0E, 0xDD, 0xCC, 
0x00, 0xFF, 0x84, 0x00, 0x00, 0x00, 0x6A, 0xFF, 0x2A, 0xFF, 0x84, 0x00, 0x00, 0x00, 0x28, 0xFF, 
0x60, 0xFF, 0x84, 0x00, 0x00, 0x00, 0x0A, 0xFF, 0x7B, 0xFF, 0x84, 0x00, 0x00, 0x00, 0x02, 0xFF, 
0x81, 0xFF, 0x84, 0x00, 0x00, 0x00, 0x0B, 0xFF, 0x76, 0xFF, 0x84, 0x00, 0x00, 0x00, 0x2C, 0xFF, 
0x58, 0xFF, 0x84, 0x00, 0x00, 0x00, 0x70, 0xFF, 0x1D, 0xFF, 0x84, 0x00, 0x00, 0x10, 0xE0, 0xB9, 
0x00, 0xFF, 0xAB, 0x51, 0x6E, 0xDA, 0xEE, 0x25, 0x00, 0xFF, 0xFF, 0xFF, 0xED, 0xAA, 0x24, 0x00, 
0x00, 0x00, 0x00, 0x00, 0x00, 0x00, 0x84, 0xFF, 0x00, 0xC5, 0xB9, 0x00, 0x00, 0x00, 0x00, 0x00, 
0x84, 0xFF, 0x00, 0xEB, 0x5F, 0x00, 0x00, 0x00, 0x00, 0x00, 0x84, 0xFF, 0x15, 0xD4, 0x07, 0x00, 
0x00, 0x00, 0x00, 0x00, 0x84, 0xFF, 0x00, 0x00, 0x00, 0x00, 0x6F, 0xEB, 0xF3, 0x93, 0x85, 0xFF, 
0x00, 0x00, 0x00, 0x48, 0xFF, 0xAA, 0x58, 0xAC, 0xE9, 0xFF, 0x00, 0x00, 0x00, 0xB2, 0xE3, 0x05, 
0x00, 0x03, 0xDE, 0xFF, 0x00, 0x00, 0x00, 0xE7, 0xA2, 0x00, 0x00, 0x00, 0x9E, 0xFF, 0x00, 0x00, 
0x00, 0xFD, 0x88, 0x00, 0x00, 0x00, 0x88, 0xFF, 0x00, 0x00, 0x00, 0xFD, 0x88, 0x00, 0x00, 0x00, 
0x86, 0xFF, 0x00, 0x00, 0x00, 0xE7, 0xA2, 0x00, 0x00, 0x00, 0x99, 0xFF, 0x00, 0x00, 0x00, 0xB3, 
0xE3, 0x04, 0x00, 0x02, 0xD8, 0xFF, 0x00, 0x00, 0x00, 0x4D, 0xFF, 0xAA, 0x58, 0xA7, 0xDF, 0xFF, 
0x00, 0x00, 0x00, 0x00, 0x72, 0xEB, 0xF5, 0x93, 0x4E, 0xFF, 0x00, 0x00, 0x00, 0x00, 0xFF, 0xFF, 
0xFF, 0xF2, 0xB6, 0x31, 0x00, 0x00, 0x00, 0xFF, 0xAB, 0x50, 0x68, 0xD4, 0xF7, 0x38, 0x00, 0x00, 
0xFF, 0x84, 0x00, 0x00, 0x0E, 0xDC, 0xCE, 0x00, 0x00, 0xFF, 0x84, 0x00, 0x00, 0x00, 0x68, 0xFF, 
0x2C, 0x00, 0xFF, 0x84, 0x00, 0x00, 0x00, 0x27, 0xFF, 0x61, 0x10, 0xFF, 0x8C, 0x10, 0x10, 0x00, 
0x0A, 0xFF, 0x7B, 0xFF, 0xFF, 0xFF, 0xFF, 0xFF, 0x00, 0x01, 0xFF, 0x81, 0x40, 0xFF, 0xA3, 0x40, 
0x40, 0x00, 0x0B, 0xFF, 0x76, 0x00, 0xFF, 0x84, 0x00, 0x00, 0x00, 0x2C, 0xFF, 0x58, 0x00, 0xFF, 
0x84, 0x00, 0x00, 0x00, 0x70, 0xFF, 0x1E, 0x00, 0xFF, 0x84, 0x00, 0x00, 0x12, 0xE2, 0xBC, 0x00, 
0x00, 0xFF, 0xAB, 0x51, 0x6E, 0xDB, 0xEF, 0x29, 0x00, 0x00, 0xFF, 0xFF, 0xFF, 0xEC, 0xAA, 0x24, 
0x00, 0x00, 0x00, 0x00, 0x00, 0x00, 0x00, 0x84, 0xFF, 0x00, 0x00, 0x00, 0x00, 0x10, 0x10, 0x8C, 
0xFF, 0x10, 0x00, 0x00, 0x00, 0xFF, 0xFF, 0xFF, 0xFF, 0xFF, 0x00, 0x00, 0x00, 0x40, 0x40, 0xA3, 
0xFF, 0x40, 0x00, 0x72, 0xEB, 0xF3, 0x92, 0x88, 0xFF, 0x00, 0x4A, 0xFF, 0xA7, 0x58, 0xAE, 0xEC, 
0xFF, 0x00, 0xB2, 0xE0, 0x04, 0x00, 0x04, 0xDF, 0xFF, 0x00, 0xE7, 0xA1, 0x00, 0x00, 0x00, 0x9E, 
0xFF, 0x00, 0xFD, 0x88, 0x00, 0x00, 0x00, 0x88, 0xFF, 0x00, 0xFD, 0x88, 0x00, 0x00, 0x00, 0x87, 
0xFF, 0x00, 0xE7, 0xA1, 0x00, 0x00, 0x00, 0x9A, 0xFF, 0x00, 0xB3, 0xE1, 0x04, 0x00, 0x03, 0xDC, 
0xFF, 0x00, 0x4D, 0xFF, 0xA7, 0x58, 0xAB, 0xDB, 0xFF, 0x00, 0x00, 0x72, 0xEB, 0xF5, 0x93, 0x51, 
0xFF, 0x00, 0x10, 0x10, 0x10, 0x10, 0x10, 0x00, 0xFF, 0xFF, 0xFF, 0xFF, 0xFF, 0x00, 0x40, 0x40, 
0x40, 0x40, 0x40, 0x00, 0x00, 0x00, 0x00, 0x00, 0x00, 0x00, 0xFF, 0xFF, 0xFF, 0xFF, 0xFF, 0x7C, 
0xFF, 0xAB, 0x50, 0x50, 0x50, 0x27, 0xFF, 0x84, 0x00, 0x00, 0x00, 0x00, 0xFF, 0x84, 0x00, 0x00, 
0x00, 0x00, 0xFF, 0x84, 0x00, 0x00, 0x00, 0x00, 0xFF, 0x8C, 0x10, 0x10, 0x10, 0x04, 0xFF, 0xFF, 
0xFF, 0xFF, 0xFF, 0x3C, 0xFF, 0xA3, 0x40, 0x40, 0x40, 0x0F, 0xFF, 0x84, 0x00, 0x00, 0x00, 0x00, 
0xFF, 0x84, 0x00, 0x00, 0x00, 0x00, 0xFF, 0x84, 0x00, 0x00, 0x00, 0x00, 0xFF, 0xAB, 0x50, 0x50, 
0x50, 0x27, 0xFF, 0xFF, 0xFF, 0xFF, 0xFF, 0x7C, 0x00, 0x10, 0x10, 0x10, 0x10, 0x10, 0x00, 0x00, 
0xFF, 0xFF, 0xFF, 0xFF, 0xFF, 0x00, 0x00, 0x40, 0x40, 0x40, 0x40, 0x40, 0x00, 0x00, 0x00, 0x00, 
0x00, 0x00, 0x00, 0x00, 0x00, 0x5B, 0xDE, 0xFB, 0xC2, 0x25, 0x00, 0x3C, 0xFE, 0x8E, 0x5C, 0xD9, 
0xDA, 0x04, 0xAB, 0xBF, 0x00, 0x00, 0x41, 0xFF, 0x48, 0xE3, 0x93, 0x10, 0x10, 0x18, 0xFF, 0x77, 
0xFC, 0xFF, 0xFF, 0xFF, 0xFF, 0xFF, 0x84, 0xFC, 0xA6, 0x40, 0x40, 0x40, 0x40, 0x21, 0xE1, 0xA1, 
0x00, 0x00, 0x00, 0x00, 0x00, 0xA1, 0xE9, 0x0C, 0x00, 0x00, 0x00, 0x00, 0x2B, 0xF7, 0xC7, 0x5D, 
0x5E, 0x9E, 0x49, 0x00, 0x3C, 0xC8, 0xFA, 0xF2, 0xB8, 0x24, 0xF0, 0xA1, 0x18, 0x45, 0xEA, 0x00, 
0x78, 0xFF, 0xFF, 0xFB, 0x62, 0x00, 0x00, 0x1D, 0x3D, 0x17, 0x00, 0x00, 0x00, 0x00, 0x00, 0x00, 
0x00, 0x00, 0xFF, 0xFF, 0xFF, 0xFF, 0xFF, 0x6C, 0xFF, 0xAB, 0x50, 0x50, 0x50, 0x22, 0xFF, 0x84, 
0x00, 0x00, 0x00, 0x00, 0xFF, 0x84, 0x00, 0x00, 0x00, 0x00, 0xFF, 0x84, 0x00, 0x00, 0x00, 0x00, 
0xFF, 0x8C, 0x10, 0x10, 0x10, 0x03, 0xFF, 0xFF, 0xFF, 0xFF, 0xFF, 0x2C, 0xFF, 0xA3, 0x40, 0x40, 
0x40, 0x0B, 0xFF, 0x84, 0x00, 0x00, 0x00, 0x00, 0xFF, 0x84, 0x00, 0x00, 0x00, 0x00, 0xFF, 0x84, 
0x00, 0x00, 0x00, 0x00, 0xFF, 0xAB, 0x50, 0x50, 0x50, 0x22, 0xFF, 0xFF, 0xFF, 0xFF, 0xFF, 0x6C, 
0x00, 0xEE, 0x02, 0x00, 0x7A, 0xF7, 0x00, 0x00, 0xCB, 0x6A, 0x22, 0xD7, 0xBF, 0x00, 0x00, 0x46, 
0xF6, 0xFF, 0xEF, 0x33, 0x00, 0x00, 0x00, 0x15, 0x3B, 0x0F, 0x00, 0x00, 0x00, 0x5B, 0xDE, 0xFB, 
0xC3, 0x26, 0x00, 0x3C, 0xFE, 0x8E, 0x5D, 0xDA, 0xDC, 0x05, 0xAB, 0xC1, 0x00, 0x00, 0x43, 0xFF, 
0x4B, 0xE3, 0x8B, 0x00, 0x00, 0x0B, 0xFF, 0x79, 0xFC, 0xFF, 0xFF, 0xFF, 0xFF, 0xFF, 0x84, 0xFC, 
0x9F, 0x30, 0x30, 0x30, 0x30, 0x19, 0xE1, 0xA4, 0x00, 0x00, 0x00, 0x00, 0x00, 0xA1, 0xEB, 0x0D, 
0x00, 0x00, 0x00, 0x00, 0x2B, 0xF7, 0xC7, 0x5D, 0x5E, 0x9F, 0x46, 0x00, 0x3E, 0xC9, 0xFA, 0xF2, 
0xB8, 0x22, 0x00, 0x00, 0xDA, 0x60, 0x00, 0x00, 0x00, 0x00, 0xE2, 0x69, 0x00, 0x00, 0x00, 0x00, 
0x08, 0x01, 0x00, 0x00, 0x00, 0x00, 0x00, 0x00, 0x00, 0x00, 0xFF, 0xFF, 0xFF, 0xFF, 0xFF, 0x60, 
0xFF, 0xAB, 0x50, 0x50, 0x50, 0x1E, 0xFF, 0x84, 0x00, 0x00, 0x00, 0x00, 0xFF, 0x84, 0x00, 0x00, 
0x00, 0x00, 0xFF, 0x84, 0x00, 0x00, 0x00, 0x00, 0xFF, 0x8C, 0x10, 0x10, 0x10, 0x02, 0xFF, 0xFF, 
0xFF, 0xFF, 0xFF, 0x20, 0xFF, 0xA3, 0x40, 0x40, 0x40, 0x08, 0xFF, 0x84, 0x00, 0x00, 0x00, 0x00, 
0xFF, 0x84, 0x00, 0x00, 0x00, 0x00, 0xFF, 0x84, 0x00, 0x00, 0x00, 0x00, 0xFF, 0xAB, 0x50, 0x50, 
0x50, 0x1E, 0xFF, 0xFF, 0xFF, 0xFF, 0xFF, 0x60, 0x00, 0x00, 0x5F, 0xDA, 0x00, 0x00, 0x00, 0x00, 
0x00, 0x69, 0xE6, 0x00, 0x00, 0x00, 0x00, 0x00, 0x01, 0x0B, 0x00, 0x00, 0x00, 0x00, 0x00, 0x00, 
0x00, 0x00, 0x00, 0x00, 0x00, 0x5B, 0xDE, 0xFB, 0xC2, 0x25, 0x00, 0x3C, 0xFE, 0x8E, 0x5C, 0xD9, 
0xDA, 0x04, 0xAB, 0xBF, 0x00, 0x00, 0x41, 0xFF, 0x48, 0xE3, 0x93, 0x10, 0x10, 0x18, 0xFF, 0x77, 
0xFC, 0xFF, 0xFF, 0xFF, 0xFF, 0xFF, 0x84, 0xFC, 0xA6, 0x40, 0x40, 0x40, 0x40, 0x21, 0xE1, 0xA1, 
0x00, 0x00, 0x00, 0x00, 0x00, 0xA4, 0xE8, 0x0A, 0x00, 0x00, 0x00, 0x00, 0x2F, 0xF9, 0xC1, 0x5B, 
0x62, 0xAF, 0x1E, 0x00, 0x45, 0xCF, 0xFC, 0xEC, 0xA9, 0x0D, 0xFF, 0xFF, 0xFF, 0xFF, 0xFF, 0xDC, 
0xFF, 0xAB, 0x50, 0x50, 0x50, 0x45, 0xFF, 0x84, 0x00, 0x00, 0x00, 0x00, 0xFF, 0x84, 0x00, 0x00, 
0x00, 0x00, 0xFF, 0x84, 0x00, 0x00, 0x00, 0x00, 0xFF, 0x8C, 0x10, 0x10, 0x10, 0x0A, 0xFF, 0xFF, 
0xFF, 0xFF, 0xFF, 0x9C, 0xFF, 0xA3, 0x40, 0x40, 0x40, 0x27, 0xFF, 0x84, 0x00, 0x00, 0x00, 0x00, 
0xFF, 0x84, 0x00, 0x00, 0x00, 0x00, 0xFF, 0x84, 0x00, 0x00, 0x00, 0x00, 0xFF, 0xAB, 0x50, 0x50, 
0x50, 0x45, 0xFF, 0xFF, 0xFF, 0xFF, 0xFF, 0xDC, 0x00, 0x00, 0x00, 0x2D, 0xDF, 0x2E, 0x00, 0x00, 
0x00, 0xC9, 0x99, 0x00, 0x00, 0x00, 0x00, 0xF7, 0xC7, 0x54, 0x00, 0x00, 0x00, 0x81, 0xF5, 0xDB, 
0x00, 0x5B, 0xDE, 0xFB, 0xC2, 0x25, 0x00, 0x3C, 0xFE, 0x8E, 0x5C, 0xD9, 0xDA, 0x04, 0xAB, 0xBF, 
0x00, 0x00, 0x41, 0xFF, 0x48, 0xE3, 0x93, 0x10, 0x10, 0x18, 0xFF, 0x77, 0xFC, 0xFF, 0xFF, 0xFF, 
0xFF, 0xFF, 0x84, 0xFC, 0xA6, 0x40, 0x40, 0x40, 0x40, 0x21, 0xE1, 0xA1, 0x00, 0x00, 0x00, 0x00, 
0x00, 0xA4, 0xE8, 0x0A, 0x00, 0x00, 0x00, 0x00, 0x2F, 0xF9, 0xC1, 0x5B, 0x62, 0xAF, 0x1E, 0x00, 
0x45, 0xCF, 0xFC, 0xFE, 0xDA, 0x0E, 0x00, 0x00, 0x00, 0x44, 0xE9, 0x1E, 0x00, 0x00, 0x00, 0x00, 
0xD7, 0x96, 0x00, 0x00, 0x00, 0x00, 0x00, 0xF6, 0xCA, 0x59, 0x02, 0x00, 0x00, 0x00, 0x7D, 0xF5, 
0xF1, 0x03, 0x50, 0x3A, 0x00, 0x02, 0x6E, 0x1A, 0x2A, 0xEC, 0x2E, 0x96, 0xB6, 0x01, 0x00, 0x83, 
0xF2, 0xF1, 0x1B, 0x00, 0x00, 0x0C, 0x80, 0x50, 0x00, 0x00, 0x00, 0x00, 0x00, 0x00, 0x00, 0x00, 
0xFF, 0xFF, 0xFF, 0xFF, 0xFF, 0x80, 0xFF, 0xAB, 0x50, 0x50, 0x50, 0x28, 0xFF, 0x84, 0x00, 0x00, 
0x00, 0x00, 0xFF, 0x84, 0x00, 0x00, 0x00, 0x00, 0xFF, 0x84, 0x00, 0x00, 0x00, 0x00, 0xFF, 0x8C, 
0x10, 0x10, 0x10, 0x04, 0xFF, 0xFF, 0xFF, 0xFF, 0xFF, 0x40, 0xFF, 0xA3, 0x40, 0x40, 0x40, 0x10, 
0xFF, 0x84, 0x00, 0x00, 0x00, 0x00, 0xFF, 0x84, 0x00, 0x00, 0x00, 0x00, 0xFF, 0x84, 0x00, 0x00, 
0x00, 0x00, 0xFF, 0xAB, 0x50, 0x50, 0x50, 0x28, 0xFF, 0xFF, 0xFF, 0xFF, 0xFF, 0x80, 0x14, 0xDD, 
0x3B, 0x04, 0xAC, 0x88, 0x00, 0x00, 0x51, 0xED, 0xAB, 0xCE, 0x06, 0x00, 0x00, 0x00, 0xAA, 0xE8, 
0x32, 0x00, 0x00, 0x00, 0x00, 0x00, 0x00, 0x00, 0x00, 0x00, 0x00, 0x5B, 0xDE, 0xFB, 0xC3, 0x26, 
0x00, 0x3C, 0xFE, 0x8E, 0x5D, 0xDA, 0xDC, 0x05, 0xAB, 0xC1, 0x00, 0x00, 0x43, 0xFF, 0x4B, 0xE3, 
0x8B, 0x00, 0x00, 0x0B, 0xFF, 0x79, 0xFC, 0xFF, 0xFF, 0xFF, 0xFF, 0xFF, 0x84, 0xFC, 0x9F, 0x30, 
0x30, 0x30, 0x30, 0x19, 0xE1, 0xA1, 0x00, 0x00, 0x00, 0x00, 0x00, 0xA4, 0xE9, 0x0B, 0x00, 0x00, 
0x00, 0x00, 0x2F, 0xF9, 0xC2, 0x5B, 0x62, 0xAF, 0x1E, 0x00, 0x45, 0xCF, 0xFC, 0xEC, 0xA9, 0x0D, 
0x00, 0x00, 0x00, 0x03, 0x7B, 0x66, 0x00, 0x00, 0x00, 0x00, 0x00, 0x00, 0x6D, 0xF4, 0xFD, 0x3B, 
0x00, 0x00, 0x00, 0x00, 0x23, 0xEC, 0x40, 0x6B, 0xD8, 0x0B, 0x00, 0x00, 0x00, 0x4D, 0x40, 0x00, 
0x00, 0x5A, 0x35, 0x00, 0x00, 0x00, 0x00, 0x00, 0x00, 0x00, 0x00, 0x00, 0x00, 0x00, 0x00, 0x3F, 
0xB9, 0xF0, 0xFC, 0xDE, 0x98, 0x19, 0x00, 0x61, 0xFE, 0xC1, 0x64, 0x56, 0x80, 0xD4, 0x14, 0x21, 
0xF8, 0xA1, 0x01, 0x00, 0x00, 0x00, 0x00, 0x00, 0x8B, 0xF7, 0x11, 0x00, 0x00, 0x00, 0x00, 0x00, 
0x00, 0xCF, 0xB8, 0x00, 0x00, 0x00, 0x00, 0x00, 0x00, 0x00, 0xF3, 0x91, 0x00, 0x00, 0x02, 0x10, 
0x10, 0x10, 0x08, 0xFE, 0x86, 0x00, 0x00, 0x18, 0xFF, 0xFF, 0xFF, 0x84, 0xF3, 0x91, 0x00, 0x00, 
0x06, 0x40, 0x40, 0xFF, 0x84, 0xD1, 0xB8, 0x00, 0x00, 0x00, 0x00, 0x00, 0xFF, 0x84, 0x92, 0xF5, 
0x0F, 0x00, 0x00, 0x00, 0x00, 0xFF, 0x84, 0x2B, 0xFD, 0x94, 0x00, 0x00, 0x00, 0x00, 0xFF, 0x84, 
0x00, 0x7F, 0xFF, 0xB0, 0x5F, 0x54, 0x77, 0xFF, 0x84, 0x00, 0x00, 0x5D, 0xCE, 0xFA, 0xF9, 0xE0, 
0xAE, 0x3F, 0x00, 0x00, 0x53, 0xFF, 0xC3, 0x01, 0x00, 0x00, 0x10, 0xE2, 0x8C, 0xE5, 0x65, 0x00, 
0x00, 0x94, 0x82, 0x00, 0x2A, 0xCE, 0x1E, 0x00, 0x00, 0x00, 0x00, 0x00, 0x00, 0x00, 0x00, 0x6C, 
0xE9, 0xF5, 0x95, 0x5C, 0xFF, 0x44, 0xFF, 0xAC, 0x56, 0xAE, 0xE1, 0xFF, 0xAE, 0xE6, 0x06, 0x00, 
0x05, 0xE1, 0xFF, 0xE4, 0xA3, 0x00, 0x00, 0x00, 0x9F, 0xFF, 0xFC, 0x89, 0x00, 0x00, 0x00, 0x88, 
0xFF, 0xFD, 0x88, 0x00, 0x00, 0x00, 0x86, 0xFF, 0xE8, 0x9E, 0x00, 0x00, 0x00, 0x99, 0xFF, 0xB3, 
0xDE, 0x03, 0x00, 0x03, 0xDB, 0xFF, 0x4D, 0xFF, 0xA8, 0x58, 0xAC, 0xE2, 0xFF, 0x00, 0x75, 0xEC, 
0xF5, 0x91, 0x86, 0xFF, 0x00, 0x00, 0x00, 0x00, 0x00, 0x8B, 0xF5, 0x00, 0x00, 0x00, 0x00, 0x00, 
0xC6, 0xC6, 0x6A, 0x96, 0x5E, 0x58, 0xAA, 0xFF, 0x58, 0x41, 0xC9, 0xF5, 0xFB, 0xD5, 0x61, 0x00, 
0x00, 0x00, 0xF0, 0x6A, 0x15, 0x34, 0xD8, 0x00, 0x00, 0x00, 0x00, 0x78, 0xFF, 0xFF, 0xFB, 0x62, 
0x00, 0x00, 0x00, 0x00, 0x00, 0x1D, 0x3D, 0x17, 0x00, 0x00, 0x00, 0x00, 0x00, 0x00, 0x00, 0x00, 
0x00, 0x00, 0x00, 0x00, 0x00, 0x00, 0x43, 0xBA, 0xF2, 0xFA, 0xDE, 0x94, 0x14, 0x00, 0x65, 0xFE, 
0xB9, 0x61, 0x57, 0x89, 0xCF, 0x09, 0x24, 0xF9, 0x97, 0x00, 0x00, 0x00, 0x00, 0x00, 0x00, 0x8D, 
0xF5, 0x0F, 0x00, 0x00, 0x00, 0x00, 0x00, 0x00, 0xCF, 0xB7, 0x00, 0x00, 0x00, 0x00, 0x00, 0x00, 
0x00, 0xF3, 0x91, 0x00, 0x00, 0x08, 0x18, 0x18, 0x18, 0x0C, 0xFE, 0x86, 0x00, 0x00, 0x58, 0xFF, 
0xFF, 0xFF, 0x84, 0xF3, 0x91, 0x00, 0x00, 0x19, 0x48, 0x48, 0xFF, 0x84, 0xD1, 0xB8, 0x00, 0x00, 
0x00, 0x00, 0x00, 0xFF, 0x84, 0x92, 0xF5, 0x0F, 0x00, 0x00, 0x00, 0x00, 0xFF, 0x84, 0x2B, 0xFD, 
0x94, 0x00, 0x00, 0x00, 0x00, 0xFF, 0x84, 0x00, 0x7F, 0xFF, 0xB0, 0x5F, 0x54, 0x77, 0xFF, 0x84, 
0x00, 0x00, 0x5D, 0xCE, 0xFA, 0xF9, 0xE0, 0xAE, 0x3F, 0x00, 0xF0, 0x99, 0x16, 0x3E, 0xE5, 0x00, 
0x00, 0x78, 0xFF, 0xFF, 0xFB, 0x62, 0x00, 0x00, 0x00, 0x1D, 0x3D, 0x17, 0x00, 0x00, 0x00, 0x00, 
0x00, 0x00, 0x00, 0x00, 0x00, 0x00, 0x6C, 0xE9, 0xF5, 0x95, 0x62, 0xFF, 0x44, 0xFF, 0xAC, 0x56, 
0xAE, 0xE3, 0xFF, 0xAE, 0xE6, 0x06, 0x00, 0x05, 0xE1, 0xFF, 0xE4, 0xA3, 0x00, 0x00, 0x00, 0x9F, 
0xFF, 0xFC, 0x89, 0x00, 0x00, 0x00, 0x88, 0xFF, 0xFD, 0x88, 0x00, 0x00, 0x00, 0x86, 0xFF, 0xE8, 
0x9E, 0x00, 0x00, 0x00, 0x98, 0xFF, 0xB3, 0xDE, 0x03, 0x00, 0x02, 0xD8, 0xFF, 0x4D, 0xFF, 0xA5, 
0x54, 0xA8, 0xE4, 0xFF, 0x00, 0x75, 0xEC, 0xF3, 0x8E, 0x86, 0xFF, 0x00, 0x00, 0x00, 0x00, 0x00, 
0x8B, 0xF5, 0x00, 0x00, 0x00, 0x00, 0x01, 0xC8, 0xC6, 0x86, 0x8E, 0x5B, 0x5A, 0xAE, 0xFF, 0x55, 
0x58, 0xD0, 0xF8, 0xFA, 0xD2, 0x5B, 0x00, 0x00, 0x00, 0x00, 0x00, 0xDA, 0x5E, 0x00, 0x00, 0x00, 
0x00, 0x00, 0x00, 0x00, 0xE2, 0x67, 0x00, 0x00, 0x00, 0x00, 0x00, 0x00, 0x00, 0x08, 0x00, 0x00, 
0x00, 0x00, 0x00, 0x00, 0x00, 0x00, 0x00, 0x00, 0x00, 0x00, 0x00, 0x00, 0x00, 0x3F, 0xB9, 0xF0, 
0xFC, 0xDE, 0x98, 0x19, 0x00, 0x61, 0xFE, 0xC1, 0x64, 0x56, 0x80, 0xD4, 0x14, 0x21, 0xF8, 0xA1, 
0x01, 0x00, 0x00, 0x00, 0x00, 0x00, 0x8B, 0xF7, 0x11, 0x00, 0x00, 0x00, 0x00, 0x00, 0x00, 0xCF, 
0xB8, 0x00, 0x00, 0x00, 0x00, 0x00, 0x00, 0x00, 0xF3, 0x91, 0x00, 0x00, 0x04, 0x10, 0x10, 0x10, 
0x08, 0xFE, 0x86, 0x00, 0x00, 0x3C, 0xFF, 0xFF, 0xFF, 0x84, 0xF3, 0x91, 0x00, 0x00, 0x0F, 0x40, 
0x40, 0xFF, 0x84, 0xD1, 0xB8, 0x00, 0x00, 0x00, 0x00, 0x00, 0xFF, 0x84, 0x92, 0xF5, 0x0F, 0x00, 
0x00, 0x00, 0x00, 0xFF, 0x84, 0x2B, 0xFD, 0x94, 0x00, 0x00, 0x00, 0x00, 0xFF, 0x84, 0x00, 0x7F, 
0xFF, 0xB0, 0x5F, 0x54, 0x77, 0xFF, 0x84, 0x00, 0x00, 0x5D, 0xCE, 0xFA, 0xF9, 0xE0, 0xAE, 0x3F, 
0x00, 0x00, 0x00, 0xDA, 0x60, 0x00, 0x00, 0x00, 0x00, 0x00, 0xE4, 0x6A, 0x00, 0x00, 0x00, 0x00, 
0x00, 0x0A, 0x01, 0x00, 0x00, 0x00, 0x00, 0x00, 0x00, 0x00, 0x00, 0x00, 0x00, 0x6C, 0xE9, 0xF5, 
0x92, 0x5B, 0xFF, 0x44, 0xFF, 0xAC, 0x56, 0xAE, 0xE1, 0xFF, 0xAE, 0xE6, 0x06, 0x00, 0x05, 0xE1, 
0xFF, 0xE4, 0xA3, 0x00, 0x00, 0x00, 0x9F, 0xFF, 0xFC, 0x89, 0x00, 0x00, 0x00, 0x88, 0xFF, 0xFD, 
0x88, 0x00, 0x00, 0x00, 0x86, 0xFF, 0xE8, 0x9E, 0x00, 0x00, 0x00, 0x99, 0xFF, 0xB3, 0xDE, 0x03, 
0x00, 0x03, 0xDB, 0xFF, 0x4D, 0xFF, 0xA8, 0x58, 0xAC, 0xE2, 0xFF, 0x00, 0x75, 0xEC, 0xF5, 0x91, 
0x86, 0xFF, 0x00, 0x00, 0x00, 0x00, 0x00, 0x8B, 0xF5, 0x00, 0x00, 0x00, 0x00, 0x00, 0xC6, 0xC6, 
0x6A, 0x96, 0x5E, 0x58, 0xAA, 0xFF, 0x58, 0x41, 0xC9, 0xF5, 0xFB, 0xD5, 0x61, 0x00, 0x00, 0x00, 
0x3F, 0xB9, 0xF0, 0xFC, 0xDE, 0x98, 0x19, 0x00, 0x61, 0xFE, 0xC1, 0x64, 0x56, 0x80, 0xD4, 0x14, 
0x21, 0xF8, 0xA1, 0x01, 0x00, 0x00, 0x00, 0x00, 0x00, 0x8B, 0xF7, 0x11, 0x00, 0x00, 0x00, 0x00, 
0x00, 0x00, 0xCF, 0xB8, 0x00, 0x00, 0x00, 0x00, 0x00, 0x00, 0x00, 0xF3, 0x91, 0x00, 0x00, 0x02, 
0x10, 0x10, 0x10, 0x08, 0xFE, 0x86, 0x00, 0x00, 0x18, 0xFF, 0xFF, 0xFF, 0x84, 0xF3, 0x91, 0x00, 
0x00, 0x06, 0x40, 0x40, 0xFF, 0x84, 0xD1, 0xB8, 0x00, 0x00, 0x00, 0x00, 0x00, 0xFF, 0x84, 0x92, 
0xF5, 0x0F, 0x00, 0x00, 0x00, 0x00, 0xFF, 0x84, 0x2B, 0xFD, 0x94, 0x00, 0x00, 0x00, 0x00, 0xFF, 
0x84, 0x00, 0x7F, 0xFF, 0xB0, 0x5F, 0x54, 0x77, 0xFF, 0x84, 0x00, 0x00, 0x5D, 0xCE, 0xFA, 0xF9, 
0xE0, 0xAE, 0x3F, 0x00, 0x00, 0x00, 0x00, 0x00, 0x00, 0x00, 0x00, 0x00, 0x00, 0x00, 0x00, 0x00, 
0xBC, 0xB5, 0x00, 0x00, 0x00, 0x00, 0x00, 0x00, 0x05, 0xF6, 0x60, 0x00, 0x00, 0x00, 0x00, 0x00, 
0x00, 0x3A, 0xD8, 0x05, 0x00, 0x00, 0x00, 0x00, 0x00, 0x00, 0x7D, 0xA5, 0x00, 0x00, 0x00, 0x00, 
0x14, 0xF4, 0x58, 0x00, 0x00, 0x00, 0x00, 0x64, 0xEC, 0x1E, 0x00, 0x00, 0x00, 0x00, 0x00, 0x00, 
0x00, 0x00, 0x00, 0x00, 0x6C, 0xE9, 0xF5, 0x95, 0x5C, 0xFF, 0x44, 0xFF, 0xAC, 0x56, 0xAE, 0xE1, 
0xFF, 0xAE, 0xE6, 0x06, 0x00, 0x05, 0xE1, 0xFF, 0xE4, 0xA3, 0x00, 0x00, 0x00, 0x9F, 0xFF, 0xFC, 
0x89, 0x00, 0x00, 0x00, 0x88, 0xFF, 0xFD, 0x88, 0x00, 0x00, 0x00, 0x86, 0xFF, 0xE8, 0x9E, 0x00, 
0x00, 0x00, 0x99, 0xFF, 0xB3, 0xDE, 0x03, 0x00, 0x03, 0xDB, 0xFF, 0x4D, 0xFF, 0xA8, 0x58, 0xAC, 
0xE2, 0xFF, 0x00, 0x75, 0xEC, 0xF5, 0x91, 0x86, 0xFF, 0x00, 0x00, 0x00, 0x00, 0x00, 0x8B, 0xF5, 
0x00, 0x00, 0x00, 0x00, 0x00, 0xC6, 0xC6, 0x6A, 0x96, 0x5E, 0x58, 0xAA, 0xFF, 0x58, 0x41, 0xC9, 
0xF5, 0xFB, 0xD5, 0x61, 0x00, 0x00, 0x00, 0x0B, 0x80, 0x4F, 0x00, 0x00, 0x00, 0x00, 0x00, 0x81, 
0xF2, 0xF1, 0x18, 0x00, 0x00, 0x00, 0x2E, 0xEA, 0x2C, 0x94, 0xAF, 0x00, 0x00, 0x00, 0x54, 0x37, 
0x00, 0x02, 0x6E, 0x19, 0x00, 0x00, 0x00, 0x00, 0x00, 0x00, 0x00, 0x00, 0x00, 0xFF, 0x84, 0x00, 
0x00, 0x00, 0x00, 0xFF, 0x84, 0xFF, 0x84, 0x00, 0x00, 0x00, 0x00, 0xFF, 0x84, 0xFF, 0x84, 0x00, 
0x00, 0x00, 0x00, 0xFF, 0x84, 0xFF, 0x84, 0x00, 0x00, 0x00, 0x00, 0xFF, 0x84, 0xFF, 0x84, 0x00, 
0x00, 0x00, 0x00, 0xFF, 0x84, 0xFF, 0x92, 0x1C, 0x1C, 0x1C, 0x1C, 0xFF, 0x84, 0xFF, 0xFF, 0xFF, 
0xFF, 0xFF, 0xFF, 0xFF, 0x84, 0xFF, 0xA9, 0x4C, 0x4C, 0x4C, 0x4C, 0xFF, 0x84, 0xFF, 0x84, 0x00, 
0x00, 0x00, 0x00, 0xFF, 0x84, 0xFF, 0x84, 0x00, 0x00, 0x00, 0x00, 0xFF, 0x84, 0xFF, 0x84, 0x00, 
0x00, 0x00, 0x00, 0xFF, 0x84, 0xFF, 0x84, 0x00, 0x00, 0x00, 0x00, 0xFF, 0x84, 0xFF, 0x84, 0x00, 
0x00, 0x00, 0x00, 0xFF, 0x84, 0x00, 0x41, 0xFF, 0xC1, 0x00, 0x00, 0x00, 0x00, 0x00, 0x06, 0xD5, 
0x9A, 0xE7, 0x60, 0x00, 0x00, 0x00, 0x00, 0x83, 0xA2, 0x01, 0x30, 0xDF, 0x21, 0x00, 0x00, 0x00, 
0x00, 0x00, 0x00, 0x00, 0x00, 0x00, 0x00, 0x00, 0x00, 0x00, 0x00, 0xFF, 0x84, 0x00, 0x00, 0x00, 
0x00, 0x00, 0x00, 0x00, 0xFF, 0x84, 0x00, 0x00, 0x00, 0x00, 0x00, 0x00, 0x00, 0xFF, 0x84, 0x00, 
0x00, 0x00, 0x00, 0x00, 0x00, 0x00, 0xFF, 0x84, 0x00, 0x00, 0x00, 0x00, 0x00, 0x00, 0x00, 0xFF, 
0x84, 0x99, 0xF5, 0xEC, 0x75, 0x00, 0x00, 0x00, 0xFF, 0xE4, 0xA5, 0x56, 0xB4, 0xFF, 0x32, 0x00, 
0x00, 0xFF, 0xD9, 0x02, 0x00, 0x1F, 0xFF, 0x73, 0x00, 0x00, 0xFF, 0x9B, 0x00, 0x00, 0x02, 0xFF, 
0x83, 0x00, 0x00, 0xFF, 0x87, 0x00, 0x00, 0x00, 0xFF, 0x84, 0x00, 0x00, 0xFF, 0x84, 0x00, 0x00, 
0x00, 0xFF, 0x84, 0x00, 0x00, 0xFF, 0x84, 0x00, 0x00, 0x00, 0xFF, 0x84, 0x00, 0x00, 0xFF, 0x84, 
0x00, 0x00, 0x00, 0xFF, 0x84, 0x00, 0x00, 0xFF, 0x84, 0x00, 0x00, 0x00, 0xFF, 0x84, 0x00, 0x00, 
0xFF, 0x84, 0x00, 0x00, 0x00, 0xFF, 0x84, 0x00, 0x84, 0xFF, 0x00, 0x00, 0x00, 0x00, 0x84, 0xFF, 
0x00, 0x10, 0x8C, 0xFF, 0x10, 0x10, 0x10, 0x10, 0x8C, 0xFF, 0x10, 0xFF, 0xFF, 0xFF, 0xFF, 0xFF, 
0xFF, 0xFF, 0xFF, 0xFF, 0xFF, 0x40, 0xA3, 0xFF, 0x40, 0x40, 0x40, 0x40, 0xA3, 0xFF, 0x40, 0x00, 
0x84, 0xFF, 0x00, 0x00, 0x00, 0x00, 0x84, 0xFF, 0x00, 0x00, 0x84, 0xFF, 0x10, 0x10, 0x10, 0x10, 
0x8C, 0xFF, 0x00, 0x00, 0x84, 0xFF, 0xFF, 0xFF, 0xFF, 0xFF, 0xFF, 0xFF, 0x00, 0x00, 0x84, 0xFF, 
0x40, 0x40, 0x40, 0x40, 0xA3, 0xFF, 0x00, 0x00, 0x84, 0xFF, 0x00, 0x00, 0x00, 0x00, 0x84, 0xFF, 
0x00, 0x00, 0x84, 0xFF, 0x00, 0x00, 0x00, 0x00, 0x84, 0xFF, 0x00, 0x00, 0x84, 0xFF, 0x00, 0x00, 
0x00, 0x00, 0x84, 0xFF, 0x00, 0x00, 0x84, 0xFF, 0x00, 0x00, 0x00, 0x00, 0x84, 0xFF, 0x00, 0x00, 
0x84, 0xFF, 0x00, 0x00, 0x00, 0x00, 0x84, 0xFF, 0x00, 0x00, 0xFF, 0x84, 0x00, 0x00, 0x00, 0x00, 
0x00, 0x10, 0xFF, 0x8C, 0x10, 0x10, 0x00, 0x00, 0x00, 0xFF, 0xFF, 0xFF, 0xFF, 0xFF, 0x00, 0x00, 
0x00, 0x40, 0xFF, 0xA3, 0x40, 0x40, 0x00, 0x00, 0x00, 0x00, 0xFF, 0x87, 0x9D, 0xF5, 0xEB, 0x72, 
0x00, 0x00, 0xFF, 0xE4, 0xA6, 0x57, 0xBA, 0xFF, 0x31, 0x00, 0xFF, 0xDB, 0x02, 0x00, 0x24, 0xFF, 
0x72, 0x00, 0xFF, 0x9D, 0x00, 0x00, 0x03, 0xFF, 0x83, 0x00, 0xFF, 0x87, 0x00, 0x00, 0x00, 0xFF, 
0x84, 0x00, 0xFF, 0x84, 0x00, 0x00, 0x00, 0xFF, 0x84, 0x00, 0xFF, 0x84, 0x00, 0x00, 0x00, 0xFF, 
0x84, 0x00, 0xFF, 0x84, 0x00, 0x00, 0x00, 0xFF, 0x84, 0x00, 0xFF, 0x84, 0x00, 0x00, 0x00, 0xFF, 
0x84, 0x00, 0xFF, 0x84, 0x00, 0x00, 0x00, 0xFF, 0x84, 0x00, 0x05, 0x02, 0x00, 0x02, 0x0C, 0x37, 
0xF5, 0xDE, 0x4F, 0x5D, 0xB0, 0xA1, 0x91, 0x7E, 0xF5, 0xFF, 0x53, 0x2F, 0x0D, 0x00, 0x15, 0x2C, 
0x00, 0x00, 0x00, 0x00, 0x00, 0x00, 0x00, 0x00, 0xF9, 0xFF, 0xFF, 0xFC, 0x00, 0x00, 0x07, 0x99, 
0xFF, 0x12, 0x00, 0x00, 0x00, 0x84, 0xFF, 0x00, 0x00, 0x00, 0x00, 0x84, 0xFF, 0x00, 0x00, 0x00, 
0x00, 0x84, 0xFF, 0x00, 0x00, 0x00, 0x00, 0x84, 0xFF, 0x00, 0x00, 0x00, 0x00, 0x84, 0xFF, 0x00, 
0x00, 0x00, 0x00, 0x84, 0xFF, 0x00, 0x00, 0x00, 0x00, 0x84, 0xFF, 0x00, 0x00, 0x00, 0x00, 0x84, 
0xFF, 0x00, 0x00, 0x00, 0x00, 0x84, 0xFF, 0x00, 0x00, 0x00, 0x07, 0x99, 0xFF, 0x12, 0x00, 0x00, 
0xF9, 0xFF, 0xFF, 0xFC, 0x00, 0x63, 0xF6, 0xB7, 0x32, 0x98, 0x74, 0xDE, 0x6E, 0xAE, 0xFF, 0xF6, 
0x22, 0x3B, 0x00, 0x00, 0x25, 0x1D, 0x00, 0x00, 0x00, 0xFF, 0x84, 0x00, 0x00, 0x00, 0x00, 0xFF, 
0x84, 0x00, 0x00, 0x00, 0x00, 0xFF, 0x84, 0x00, 0x00, 0x00, 0x00, 0xFF, 0x84, 0x00, 0x00, 0x00, 
0x00, 0xFF, 0x84, 0x00, 0x00, 0x00, 0x00, 0xFF, 0x84, 0x00, 0x00, 0x00, 0x00, 0xFF, 0x84, 0x00, 
0x00, 0x00, 0x00, 0xFF, 0x84, 0x00, 0x00, 0x00, 0x00, 0xFF, 0x84, 0x00, 0x00, 0x00, 0x00, 0xFF, 
0x84, 0x00, 0x00, 0x10, 0x10, 0x10, 0x10, 0xFF, 0xFF, 0xFF, 0xFF, 0x40, 0x40, 0x40, 0x40, 0x00, 
0x00, 0x00, 0x00, 0xF9, 0xFF, 0xFF, 0xFC, 0x07, 0x99, 0xFF, 0x12, 0x00, 0x84, 0xFF, 0x00, 0x00, 
0x84, 0xFF, 0x00, 0x00, 0x84, 0xFF, 0x00, 0x00, 0x84, 0xFF, 0x00, 0x00, 0x84, 0xFF, 0x00, 0x00, 
0x84, 0xFF, 0x00, 0x00, 0x84, 0xFF, 0x00, 0x00, 0x84, 0xFF, 0x00, 0x00, 0x84, 0xFF, 0x00, 0x07, 
0x99, 0xFF, 0x12, 0xF9, 0xFF, 0xFF, 0xFC, 0x10, 0x10, 0x10, 0x10, 0x10, 0xFF, 0xFF, 0xFF, 0xFF, 
0xFF, 0x40, 0x40, 0x40, 0x40, 0x40, 0x00, 0x84, 0xFF, 0x00, 0x00, 0x00, 0x84, 0xFF, 0x00, 0x00, 
0x00, 0x84, 0xFF, 0x00, 0x00, 0x00, 0x84, 0xFF, 0x00, 0x00, 0x00, 0x84, 0xFF, 0x00, 0x00, 0x00, 
0x84, 0xFF, 0x00, 0x00, 0x00, 0x84, 0xFF, 0x00, 0x00, 0x00, 0x84, 0xFF, 0x00, 0x00, 0x00, 0x84, 
0xFF, 0x00, 0x00, 0x00, 0x84, 0xFF, 0x00, 0x00, 0xDC, 0x2D, 0x20, 0xC3, 0xED, 0x78, 0xFF, 0xFF, 
0xFB, 0x62, 0x00, 0x1D, 0x3D, 0x17, 0x00, 0x00, 0x00, 0x00, 0x00, 0x00, 0xF9, 0xFF, 0xFF, 0xFC, 
0x00, 0x07, 0x99, 0xFF, 0x12, 0x00, 0x00, 0x84, 0xFF, 0x00, 0x00, 0x00, 0x84, 0xFF, 0x00, 0x00, 
0x00, 0x84, 0xFF, 0x00, 0x00, 0x00, 0x84, 0xFF, 0x00, 0x00, 0x00, 0x84, 0xFF, 0x00, 0x00, 0x00, 
0x84, 0xFF, 0x00, 0x00, 0x00, 0x84, 0xFF, 0x00, 0x00, 0x00, 0x84, 0xFF, 0x00, 0x00, 0x00, 0x84, 
0xFF, 0x00, 0x00, 0x07, 0x99, 0xFF, 0x12, 0x00, 0xF9, 0xFF, 0xFF, 0xFC, 0x00, 0xEB, 0x01, 0x00, 
0x4C, 0xF7, 0xCB, 0x6D, 0x1C, 0xBA, 0xBF, 0x46, 0xF6, 0xFF, 0xEF, 0x33, 0x00, 0x15, 0x3B, 0x0F, 
0x00, 0x00, 0x84, 0xFF, 0x00, 0x00, 0x00, 0x84, 0xFF, 0x00, 0x00, 0x00, 0x84, 0xFF, 0x00, 0x00, 
0x00, 0x84, 0xFF, 0x00, 0x00, 0x00, 0x84, 0xFF, 0x00, 0x00, 0x00, 0x84, 0xFF, 0x00, 0x00, 0x00, 
0x84, 0xFF, 0x00, 0x00, 0x00, 0x84, 0xFF, 0x00, 0x00, 0x00, 0x84, 0xFF, 0x00, 0x00, 0x00, 0x84, 
0xFF, 0x00, 0x00, 0xFC, 0xFF, 0xFF, 0xF9, 0x12, 0xFF, 0x99, 0x07, 0x00, 0xFF, 0x84, 0x00, 0x00, 
0xFF, 0x84, 0x00, 0x00, 0xFF, 0x84, 0x00, 0x00, 0xFF, 0x84, 0x00, 0x00, 0xFF, 0x84, 0x00, 0x00, 
0xFF, 0x84, 0x00, 0x00, 0xFF, 0x84, 0x00, 0x00, 0xFF, 0x84, 0x00, 0x00, 0xFF, 0x84, 0x00, 0x12, 
0xFF, 0x99, 0x07, 0xFC, 0xFF, 0xFF, 0xF9, 0x00, 0x3E, 0xE9, 0x22, 0x00, 0xD1, 0x97, 0x00, 0x00, 
0xF8, 0xC6, 0x50, 0x00, 0x81, 0xF5, 0xD3, 0x00, 0xDA, 0x60, 0x00, 0xE2, 0x6A, 0x00, 0x0A, 0x01, 
0x00, 0x00, 0x00, 0x00, 0xFF, 0x84, 0x00, 0xFF, 0x84, 0x00, 0xFF, 0x84, 0x00, 0xFF, 0x84, 0x00, 
0xFF, 0x84, 0x00, 0xFF, 0x84, 0x00, 0xFF, 0x84, 0x00, 0xFF, 0x84, 0x00, 0xFF, 0x84, 0x00, 0xFF, 
0x84, 0x2F, 0xDB, 0x18, 0xCA, 0x95, 0x00, 0xF8, 0xC4, 0x3C, 0x88, 0xF7, 0x9C, 0x00, 0x5F, 0xD9, 
0x00, 0x00, 0x65, 0xE2, 0x00, 0x00, 0x00, 0x08, 0x00, 0x00, 0x00, 0x00, 0x00, 0xF9, 0xFF, 0xFF, 
0xFC, 0x07, 0x99, 0xFF, 0x12, 0x00, 0x84, 0xFF, 0x00, 0x00, 0x84, 0xFF, 0x00, 0x00, 0x84, 0xFF, 
0x00, 0x00, 0x84, 0xFF, 0x00, 0x00, 0x84, 0xFF, 0x00, 0x00, 0x84, 0xFF, 0x00, 0x00, 0x84, 0xFF, 
0x00, 0x00, 0x84, 0xFF, 0x00, 0x00, 0x84, 0xFF, 0x00, 0x07, 0x99, 0xFF, 0x12, 0xF9, 0xFF, 0xFF, 
0xFC, 0xFF, 0x84, 0xFF, 0x84, 0xFF, 0x84, 0xFF, 0x84, 0xFF, 0x84, 0xFF, 0x84, 0xFF, 0x84, 0xFF, 
0x84, 0xFF, 0x84, 0xFF, 0x84, 0xF9, 0xFF, 0xFF, 0xFC, 0x00, 0x00, 0xFF, 0x84, 0x07, 0x99, 0xFF, 
0x12, 0x00, 0x00, 0xFF, 0x84, 0x00, 0x84, 0xFF, 0x00, 0x00, 0x00, 0xFF, 0x84, 0x00, 0x84, 0xFF, 
0x00, 0x00, 0x00, 0xFF, 0x84, 0x00, 0x84, 0xFF, 0x00, 0x00, 0x00, 0xFF, 0x84, 0x00, 0x84, 0xFF, 
0x00, 0x00, 0x00, 0xFF, 0x84, 0x00, 0x84, 0xFF, 0x00, 0x00, 0x00, 0xFF, 0x84, 0x00, 0x84, 0xFF, 
0x00, 0x00, 0x00, 0xFF, 0x84, 0x00, 0x84, 0xFF, 0x00, 0x00, 0x00, 0xFF, 0x84, 0x00, 0x84, 0xFF, 
0x00, 0x00, 0x00, 0xFF, 0x84, 0x00, 0x84, 0xFF, 0x00, 0x00, 0x00, 0xFF, 0x84, 0x07, 0x99, 0xFF, 
0x12, 0x00, 0x00, 0xFF, 0x84, 0xF9, 0xFF, 0xFF, 0xFC, 0x00, 0x00, 0xFF, 0x84, 0x00, 0x00, 0x00, 
0x00, 0x00, 0x0E, 0xFF, 0x79, 0x00, 0x00, 0x00, 0x13, 0x17, 0x7B, 0xFF, 0x47, 0x00, 0x00, 0x00, 
0x6C, 0xFF, 0xFF, 0xB0, 0x02, 0x00, 0x00, 0x00, 0x0E, 0x3C, 0x2B, 0x00, 0x00, 0xDA, 0x60, 0x00, 
0x00, 0xDA, 0x60, 0xE2, 0x6A, 0x00, 0x00, 0xE4, 0x6A, 0x0A, 0x01, 0x00, 0x00, 0x0B, 0x01, 0x00, 
0x00, 0x00, 0x00, 0x00, 0x00, 0xFF, 0x84, 0x00, 0x00, 0xFF, 0x84, 0xFF, 0x84, 0x00, 0x00, 0xFF, 
0x84, 0xFF, 0x84, 0x00, 0x00, 0xFF, 0x84, 0xFF, 0x84, 0x00, 0x00, 0xFF, 0x84, 0xFF, 0x84, 0x00, 
0x00, 0xFF, 0x84, 0xFF, 0x84, 0x00, 0x00, 0xFF, 0x84, 0xFF, 0x84, 0x00, 0x00, 0xFF, 0x84, 0xFF, 
0x84, 0x00, 0x00, 0xFF, 0x84, 0xFF, 0x84, 0x00, 0x00, 0xFF, 0x84, 0xFF, 0x84, 0x00, 0x00, 0xFF, 
0x84, 0x00, 0x00, 0x00, 0x00, 0xFF, 0x84, 0x00, 0x00, 0x00, 0x07, 0xFF, 0x80, 0x00, 0x00, 0x40, 
0x82, 0xFF, 0x57, 0x00, 0x00, 0x9B, 0xFB, 0xAF, 0x06, 0x00, 0x00, 0x53, 0xFF, 0xC4, 0x03, 0x00, 
0x00, 0x2D, 0xEA, 0x56, 0xBE, 0x83, 0x00, 0x00, 0x62, 0x35, 0x00, 0x07, 0x73, 0x11, 0x00, 0x00, 
0x00, 0x00, 0x00, 0x00, 0x00, 0x00, 0x00, 0x00, 0xFF, 0x84, 0x00, 0x00, 0x00, 0x00, 0x00, 0xFF, 
0x84, 0x00, 0x00, 0x00, 0x00, 0x00, 0xFF, 0x84, 0x00, 0x00, 0x00, 0x00, 0x00, 0xFF, 0x84, 0x00, 
0x00, 0x00, 0x00, 0x00, 0xFF, 0x84, 0x00, 0x00, 0x00, 0x00, 0x00, 0xFF, 0x84, 0x00, 0x00, 0x00, 
0x00, 0x00, 0xFF, 0x84, 0x00, 0x00, 0x00, 0x00, 0x00, 0xFF, 0x84, 0x00, 0x00, 0x00, 0x00, 0x00, 
0xFF, 0x84, 0x00, 0x00, 0x00, 0x00, 0x00, 0xFF, 0x84, 0x00, 0x00, 0x00, 0x00, 0x00, 0xFF, 0x84, 
0x00, 0x00, 0x00, 0x00, 0x00, 0xFF, 0x84, 0x00, 0x00, 0x00, 0x00, 0x00, 0xFF, 0x84, 0x00, 0x00, 
0x00, 0x00, 0x0E, 0xFF, 0x79, 0x00, 0x00, 0x17, 0x16, 0x7D, 0xFF, 0x45, 0x00, 0x00, 0x80, 0xFF, 
0xFF, 0xAC, 0x01, 0x00, 0x00, 0x10, 0x3C, 0x28, 0x00, 0x00, 0x00, 0x00, 0x00, 0x43, 0xFF, 0xC1, 
0x01, 0x00, 0x05, 0xD3, 0x84, 0xDD, 0x66, 0x00, 0x57, 0x7F, 0x00, 0x20, 0xB4, 0x14, 0x00, 0x00, 
0x00, 0x00, 0x00, 0x00, 0x00, 0x00, 0xFF, 0x84, 0x00, 0x00, 0x00, 0x00, 0xFF, 0x84, 0x00, 0x00, 
0x00, 0x00, 0xFF, 0x84, 0x00, 0x00, 0x00, 0x00, 0xFF, 0x84, 0x00, 0x00, 0x00, 0x00, 0xFF, 0x84, 
0x00, 0x00, 0x00, 0x00, 0xFF, 0x84, 0x00, 0x00, 0x00, 0x00, 0xFF, 0x84, 0x00, 0x00, 0x00, 0x00, 
0xFF, 0x84, 0x00, 0x00, 0x00, 0x00, 0xFF, 0x84, 0x00, 0x00, 0x00, 0x00, 0xFF, 0x84, 0x00, 0x00, 
0x00, 0x00, 0xFF, 0x84, 0x00, 0x00, 0x00, 0x04, 0xFF, 0x80, 0x00, 0x00, 0x32, 0x7E, 0xFF, 0x57, 
0x00, 0x00, 0x72, 0xFB, 0xB4, 0x06, 0x00, 0x00, 0xFF, 0x84, 0x00, 0x00, 0x05, 0xD4, 0xD3, 0x05, 
0xFF, 0x84, 0x00, 0x00, 0x75, 0xFE, 0x3A, 0x00, 0xFF, 0x84, 0x00, 0x1D, 0xF3, 0x98, 0x00, 0x00, 
0xFF, 0x84, 0x00, 0xAB, 0xE8, 0x10, 0x00, 0x00, 0xFF, 0x84, 0x45, 0xFF, 0x57, 0x00, 0x00, 0x00, 
0xFF, 0x8C, 0xDC, 0xC0, 0x00, 0x00, 0x00, 0x00, 0xFF, 0xEE, 0xFF, 0xEA, 0x0C, 0x00, 0x00, 0x00, 
0xFF, 0xE4, 0x54, 0xFF, 0x7A, 0x00, 0x00, 0x00, 0xFF, 0x84, 0x00, 0xB7, 0xEE, 0x0F, 0x00, 0x00, 
0xFF, 0x84, 0x00, 0x36, 0xFF, 0x82, 0x00, 0x00, 0xFF, 0x84, 0x00, 0x00, 0xB3, 0xF2, 0x14, 0x00, 
0xFF, 0x84, 0x00, 0x00, 0x32, 0xFF, 0x8A, 0x00, 0xFF, 0x84, 0x00, 0x00, 0x00, 0xB0, 0xF6, 0x19, 
0x00, 0x00, 0x00, 0x00, 0x00, 0x00, 0x00, 0x00, 0x00, 0x00, 0x3B, 0xF0, 0x3A, 0x00, 0x00, 0x00, 
0x00, 0x00, 0x6E, 0xDD, 0x03, 0x00, 0x00, 0x00, 0x00, 0x00, 0xAA, 0x62, 0x00, 0x00, 0x00, 0x00, 
0xFF, 0x84, 0x00, 0x00, 0x00, 0x00, 0x00, 0xFF, 0x84, 0x00, 0x00, 0x00, 0x00, 0x00, 0xFF, 0x84, 
0x00, 0x00, 0x00, 0x00, 0x00, 0xFF, 0x84, 0x00, 0x00, 0x00, 0x00, 0x00, 0xFF, 0x84, 0x00, 0x01, 
0xBB, 0xDD, 0x0C, 0xFF, 0x84, 0x00, 0x61, 0xFE, 0x3D, 0x00, 0xFF, 0x84, 0x18, 0xED, 0x8E, 0x00, 
0x00, 0xFF, 0x84, 0xAB, 0xD8, 0x08, 0x00, 0x00, 0xFF, 0xBF, 0xFF, 0xCA, 0x00, 0x00, 0x00, 0xFF, 
0xF9, 0x8A, 0xFF, 0x45, 0x00, 0x00, 0xFF, 0x8E, 0x02, 0xDA, 0xBF, 0x00, 0x00, 0xFF, 0x84, 0x00, 
0x66, 0xFF, 0x3A, 0x00, 0xFF, 0x84, 0x00, 0x08, 0xEA, 0xB4, 0x00, 0xFF, 0x84, 0x00, 0x00, 0x7C, 
0xFF, 0x30, 0x00, 0x00, 0x00, 0x00, 0x00, 0x00, 0x00, 0x00, 0x00, 0xAA, 0xBB, 0x00, 0x00, 0x00, 
0x00, 0x00, 0xE5, 0x68, 0x00, 0x00, 0x00, 0x00, 0x22, 0xE1, 0x09, 0x00, 0x00, 0x00, 0xFF, 0x84, 
0x00, 0x03, 0xCD, 0xD2, 0x06, 0xFF, 0x84, 0x00, 0x6C, 0xFC, 0x34, 0x00, 0xFF, 0x84, 0x18, 0xF1, 
0x8B, 0x00, 0x00, 0xFF, 0x84, 0xA8, 0xDA, 0x08, 0x00, 0x00, 0xFF, 0xBF, 0xFF, 0xC6, 0x00, 0x00, 
0x00, 0xFF, 0xFB, 0x97, 0xFF, 0x40, 0x00, 0x00, 0xFF, 0x92, 0x03, 0xDE, 0xB8, 0x00, 0x00, 0xFF, 
0x84, 0x00, 0x6B, 0xFF, 0x33, 0x00, 0xFF, 0x84, 0x00, 0x0B, 0xED, 0xAB, 0x00, 0xFF, 0x84, 0x00, 
0x00, 0x83, 0xFD, 0x26, 0x00, 0x00, 0x5E, 0x80, 0x10, 0x00, 0x00, 0x00, 0x1F, 0xFA, 0x9B, 0x00, 
0x00, 0x00, 0x00, 0xA9, 0xC0, 0x07, 0x00, 0x00, 0x00, 0x0D, 0x7C, 0x0E, 0x00, 0x00, 0x00, 0x00, 
0x00, 0x00, 0x00, 0x00, 0x00, 0x00, 0x00, 0x00, 0xFF, 0x84, 0x00, 0x00, 0x00, 0x00, 0x00, 0xFF, 
0x84, 0x00, 0x00, 0x00, 0x00, 0x00, 0xFF, 0x84, 0x00, 0x00, 0x00, 0x00, 0x00, 0xFF, 0x84, 0x00, 
0x00, 0x00, 0x00, 0x00, 0xFF, 0x84, 0x00, 0x00, 0x00, 0x00, 0x00, 0xFF, 0x84, 0x00, 0x00, 0x00, 
0x00, 0x00, 0xFF, 0x84, 0x00, 0x00, 0x00, 0x00, 0x00, 0xFF, 0x84, 0x00, 0x00, 0x00, 0x00, 0x00, 
0xFF, 0x84, 0x00, 0x00, 0x00, 0x00, 0x00, 0xFF, 0x84, 0x00, 0x00, 0x00, 0x00, 0x00, 0xFF, 0x84, 
0x00, 0x00, 0x00, 0x00, 0x00, 0xFF, 0xB6, 0x68, 0x68, 0x68, 0x32, 0x00, 0xFF, 0xFF, 0xFF, 0xFF, 
0xFF, 0x7C, 0x00, 0x01, 0xD0, 0xEB, 0x14, 0x00, 0x5A, 0xFB, 0x42, 0x00, 0x0D, 0xE4, 0x59, 0x00, 
0x00, 0x00, 0x00, 0x00, 0x00, 0x00, 0x00, 0xFF, 0x84, 0x00, 0x00, 0x00, 0xFF, 0x84, 0x00, 0x00, 
0x00, 0xFF, 0x84, 0x00, 0x00, 0x00, 0xFF, 0x84, 0x00, 0x00, 0x00, 0xFF, 0x84, 0x00, 0x00, 0x00, 
0xFF, 0x84, 0x00, 0x00, 0x00, 0xFF, 0x84, 0x00, 0x00, 0x00, 0xFF, 0x84, 0x00, 0x00, 0x00, 0xFF, 
0x84, 0x00, 0x00, 0x00, 0xFF, 0x84, 0x00, 0x00, 0x00, 0xFF, 0x84, 0x00, 0x00, 0x00, 0xFF, 0x84, 
0x00, 0x00, 0x00, 0xFF, 0x84, 0x00, 0x00, 0x00, 0xFF, 0x84, 0x00, 0x00, 0xFF, 0x84, 0x00, 0x00, 
0x00, 0x00, 0xFF, 0x84, 0x00, 0x00, 0x00, 0x00, 0xFF, 0x84, 0x00, 0x00, 0x00, 0x00, 0xFF, 0x84, 
0x00, 0x00, 0x00, 0x00, 0xFF, 0x84, 0x00, 0x00, 0x00, 0x00, 0xFF, 0x84, 0x00, 0x00, 0x00, 0x00, 
0xFF, 0x84, 0x00, 0x00, 0x00, 0x00, 0xFF, 0x84, 0x00, 0x00, 0x00, 0x00, 0xFF, 0x84, 0x00, 0x00, 
0x00, 0x00, 0xFF, 0x84, 0x00, 0x00, 0x00, 0x00, 0xFF, 0x84, 0x00, 0x00, 0x00, 0x00, 0xFF, 0xB6, 
0x68, 0x68, 0x68, 0x32, 0xFF, 0xFF, 0xFF, 0xFF, 0xFF, 0x7C, 0x00, 0x00, 0x00, 0x00, 0x00, 0x00, 
0x00, 0x00, 0xDA, 0x8B, 0x00, 0x00, 0x00, 0x18, 0xFF, 0x37, 0x00, 0x00, 0x00, 0x56, 0xB9, 0x00, 
0x00, 0x00, 0x00, 0xFF, 0x84, 0x00, 0xFF, 0x84, 0x00, 0xFF, 0x84, 0x00, 0xFF, 0x84, 0x00, 0xFF, 
0x84, 0x00, 0xFF, 0x84, 0x00, 0xFF, 0x84, 0x00, 0xFF, 0x84, 0x00, 0xFF, 0x84, 0x00, 0xFF, 0x84, 
0x00, 0xFF, 0x84, 0x00, 0xFF, 0x84, 0x00, 0xFF, 0x84, 0x00, 0xFF, 0x84, 0x00, 0x00, 0x00, 0x00, 
0xE1, 0x88, 0x20, 0xFF, 0x32, 0x5E, 0xB3, 0x00, 0xFF, 0x84, 0x00, 0x00, 0xC5, 0xB8, 0xFF, 0x84, 
0x00, 0x00, 0xEB, 0x5E, 0xFF, 0x84, 0x00, 0x15, 0xD8, 0x08, 0xFF, 0x84, 0x00, 0x00, 0x00, 0x00, 
0xFF, 0x84, 0x00, 0x00, 0x00, 0x00, 0xFF, 0x84, 0x00, 0x00, 0x00, 0x00, 0xFF, 0x84, 0x00, 0x00, 
0x00, 0x00, 0xFF, 0x84, 0x00, 0x00, 0x00, 0x00, 0xFF, 0x84, 0x00, 0x00, 0x00, 0x00, 0xFF, 0x84, 
0x00, 0x00, 0x00, 0x00, 0xFF, 0x84, 0x00, 0x00, 0x00, 0x00, 0xFF, 0xB6, 0x68, 0x68, 0x68, 0x32, 
0xFF, 0xFF, 0xFF, 0xFF, 0xFF, 0x7C, 0xFF, 0x84, 0x80, 0xF6, 0x07, 0xFF, 0x84, 0xA5, 0xA4, 0x00, 
0xFF, 0x84, 0xC4, 0x31, 0x00, 0xFF, 0x84, 0x00, 0x00, 0x00, 0xFF, 0x84, 0x00, 0x00, 0x00, 0xFF, 
0x84, 0x00, 0x00, 0x00, 0xFF, 0x84, 0x00, 0x00, 0x00, 0xFF, 0x84, 0x00, 0x00, 0x00, 0xFF, 0x84, 
0x00, 0x00, 0x00, 0xFF, 0x84, 0x00, 0x00, 0x00, 0xFF, 0x84, 0x00, 0x00, 0x00, 0xFF, 0x84, 0x00, 
0x00, 0x00, 0xFF, 0x84, 0x00, 0x00, 0x00, 0xFF, 0x84, 0x00, 0x00, 0x00, 0xFF, 0x84, 0x00, 0x00, 
0x00, 0x00, 0xFF, 0x84, 0x00, 0x00, 0x00, 0x00, 0xFF, 0x84, 0x00, 0x00, 0x00, 0x00, 0xFF, 0x84, 
0x00, 0x00, 0x00, 0x00, 0xFF, 0x84, 0x00, 0x00, 0x00, 0x00, 0xFF, 0x84, 0x00, 0x5F, 0xDA, 0x00, 
0xFF, 0x84, 0x00, 0x69, 0xE6, 0x00, 0xFF, 0x84, 0x00, 0x01, 0x0B, 0x00, 0xFF, 0x84, 0x00, 0x00, 
0x00, 0x00, 0xFF, 0x84, 0x00, 0x00, 0x00, 0x00, 0xFF, 0x84, 0x00, 0x00, 0x00, 0x00, 0xFF, 0xB6, 
0x68, 0x68, 0x68, 0x22, 0xFF, 0xFF, 0xFF, 0xFF, 0xFF, 0x54, 0xFF, 0x84, 0x00, 0x00, 0xFF, 0x84, 
0x00, 0x00, 0xFF, 0x84, 0x00, 0x00, 0xFF, 0x84, 0x00, 0x00, 0xFF, 0x84, 0x00, 0x00, 0xFF, 0x84, 
0x00, 0x08, 0xFF, 0x84, 0x6B, 0xE3, 0xFF, 0x84, 0x5D, 0xD7, 0xFF, 0x84, 0x00, 0x00, 0xFF, 0x84, 
0x00, 0x00, 0xFF, 0x84, 0x00, 0x00, 0xFF, 0x84, 0x00, 0x00, 0xFF, 0x84, 0x00, 0x00, 0xFF, 0x84, 
0x00, 0x00, 0x00, 0x00, 0xFF, 0x84, 0x00, 0x00, 0x00, 0x00, 0x00, 0x00, 0xFF, 0x84, 0x00, 0x00, 
0x00, 0x00, 0x00, 0x00, 0xFF, 0x84, 0x00, 0x00, 0x00, 0x00, 0x00, 0x00, 0xFF, 0x84, 0x00, 0x00, 
0x00, 0x00, 0x00, 0x00, 0xFF, 0x84, 0x00, 0x16, 0x00, 0x00, 0x00, 0x00, 0xFF, 0x94, 0xA0, 0xE8, 
0x08, 0x00, 0x00, 0x00, 0xFF, 0xFF, 0xD4, 0x34, 0x00, 0x00, 0x0E, 0x9B, 0xFF, 0xAF, 0x07, 0x00, 
0x00, 0x00, 0x32, 0xD6, 0xFF, 0x84, 0x00, 0x00, 0x00, 0x00, 0x00, 0x02, 0xFF, 0x84, 0x00, 0x00, 
0x00, 0x00, 0x00, 0x00, 0xFF, 0x84, 0x00, 0x00, 0x00, 0x00, 0x00, 0x00, 0xFF, 0xB6, 0x68, 0x68, 
0x68, 0x34, 0x00, 0x00, 0xFF, 0xFF, 0xFF, 0xFF, 0xFF, 0x80, 0x00, 0x00, 0xFF, 0x84, 0x00, 0x00, 
0x00, 0x00, 0xFF, 0x84, 0x00, 0x00, 0x00, 0x00, 0xFF, 0x84, 0x00, 0x00, 0x00, 0x00, 0xFF, 0x84, 
0x00, 0x00, 0x00, 0x00, 0xFF, 0x84, 0x00, 0x00, 0x00, 0x00, 0xFF, 0xA1, 0x8E, 0x01, 0x00, 0x00, 
0xFF, 0xFF, 0xBB, 0x0C, 0x08, 0x9A, 0xFF, 0xAB, 0x03, 0x00, 0x60, 0xDF, 0xFF, 0x84, 0x00, 0x00, 
0x02, 0x10, 0xFF, 0x84, 0x00, 0x00, 0x00, 0x00, 0xFF, 0x84, 0x00, 0x00, 0x00, 0x00, 0xFF, 0x84, 
0x00, 0x00, 0x00, 0x00, 0xFF, 0x84, 0x00, 0x00, 0x00, 0x00, 0xFF, 0x84, 0x00, 0x00, 0x00, 0x00, 
0x00, 0x00, 0x3F, 0x80, 0x1E, 0x00, 0x00, 0x00, 0x00, 0x02, 0xD6, 0xBE, 0x02, 0x00, 0x00, 0x00, 
0x00, 0x5F, 0xE3, 0x17, 0x00, 0x00, 0x00, 0x00, 0x00, 0x65, 0x29, 0x00, 0x00, 0x00, 0x00, 0x00, 
0x00, 0x00, 0x00, 0x00, 0x00, 0x00, 0xFF, 0xFF, 0x28, 0x00, 0x00, 0x00, 0x84, 0xFF, 0xFF, 0xFF, 
0x93, 0x00, 0x00, 0x00, 0x84, 0xFF, 0xFF, 0xDC, 0xF2, 0x0D, 0x00, 0x00, 0x84, 0xFF, 0xFF, 0x8C, 
0xEA, 0x6B, 0x00, 0x00, 0x84, 0xFF, 0xFF, 0x84, 0x86, 0xD7, 0x01, 0x00, 0x84, 0xFF, 0xFF, 0x84, 
0x1D, 0xFC, 0x45, 0x00, 0x84, 0xFF, 0xFF, 0x84, 0x00, 0xAC, 0xB2, 0x00, 0x84, 0xFF, 0xFF, 0x84, 
0x00, 0x40, 0xFD, 0x21, 0x84, 0xFF, 0xFF, 0x84, 0x00, 0x00, 0xD4, 0x8A, 0x84, 0xFF, 0xFF, 0x84, 
0x00, 0x00, 0x67, 0xEE, 0x8E, 0xFF, 0xFF, 0x84, 0x00, 0x00, 0x0B, 0xF0, 0xE3, 0xFF, 0xFF, 0x84, 
0x00, 0x00, 0x00, 0x8F, 0xFF, 0xFF, 0xFF, 0x84, 0x00, 0x00, 0x00, 0x24, 0xFE, 0xFF, 0x00, 0x00, 
0x00, 0x3D, 0xFF, 0x9A, 0x00, 0x00, 0x00, 0x03, 0xCB, 0xC4, 0x08, 0x00, 0x00, 0x00, 0x63, 0xC0, 
0x0F, 0x00, 0x00, 0x00, 0x00, 0x00, 0x00, 0x00, 0x00, 0x00, 0xFF, 0x49, 0x98, 0xF5, 0xEA, 0x72, 
0x00, 0xFF, 0xDB, 0xA5, 0x57, 0xB8, 0xFF, 0x31, 0xFF, 0xD8, 0x02, 0x00, 0x23, 0xFF, 0x72, 0xFF, 
0x9C, 0x00, 0x00, 0x02, 0xFF, 0x83, 0xFF, 0x88, 0x00, 0x00, 0x00, 0xFF, 0x84, 0xFF, 0x84, 0x00, 
0x00, 0x00, 0xFF, 0x84, 0xFF, 0x84, 0x00, 0x00, 0x00, 0xFF, 0x84, 0xFF, 0x84, 0x00, 0x00, 0x00, 
0xFF, 0x84, 0xFF, 0x84, 0x00, 0x00, 0x00, 0xFF, 0x84, 0xFF, 0x84, 0x00, 0x00, 0x00, 0xFF, 0x84, 
0xFF, 0xFF, 0x28, 0x00, 0x00, 0x00, 0x84, 0xFF, 0xFF, 0xFF, 0x93, 0x00, 0x00, 0x00, 0x84, 0xFF, 
0xFF, 0xDC, 0xF2, 0x0D, 0x00, 0x00, 0x84, 0xFF, 0xFF, 0x8C, 0xEA, 0x6B, 0x00, 0x00, 0x84, 0xFF, 
0xFF, 0x84, 0x86, 0xD7, 0x01, 0x00, 0x84, 0xFF, 0xFF, 0x84, 0x1D, 0xFC, 0x45, 0x00, 0x84, 0xFF, 
0xFF, 0x84, 0x00, 0xAC, 0xB2, 0x00, 0x84, 0xFF, 0xFF, 0x84, 0x00, 0x40, 0xFD, 0x21, 0x84, 0xFF, 
0xFF, 0x84, 0x00, 0x00, 0xD4, 0x8A, 0x84, 0xFF, 0xFF, 0x84, 0x00, 0x00, 0x67, 0xEE, 0x8E, 0xFF, 
0xFF, 0x84, 0x00, 0x00, 0x0B, 0xF0, 0xE3, 0xFF, 0xFF, 0x84, 0x00, 0x00, 0x00, 0x8F, 0xFF, 0xFF, 
0xFF, 0x84, 0x00, 0x00, 0x00, 0x24, 0xFE, 0xFF, 0x00, 0x00, 0x00, 0x00, 0x00, 0x00, 0x00, 0x00, 
0x00, 0x00, 0x00, 0x9B, 0xB2, 0x00, 0x00, 0x00, 0x00, 0x00, 0x00, 0xD1, 0x66, 0x00, 0x00, 0x00, 
0x00, 0x00, 0x0F, 0xE4, 0x0A, 0x00, 0x00, 0x00, 0xFF, 0x49, 0x98, 0xF5, 0xEA, 0x72, 0x00, 0xFF, 
0xDB, 0xA5, 0x57, 0xB8, 0xFF, 0x31, 0xFF, 0xD8, 0x02, 0x00, 0x23, 0xFF, 0x72, 0xFF, 0x9C, 0x00, 
0x00, 0x02, 0xFF, 0x83, 0xFF, 0x88, 0x00, 0x00, 0x00, 0xFF, 0x84, 0xFF, 0x84, 0x00, 0x00, 0x00, 
0xFF, 0x84, 0xFF, 0x84, 0x00, 0x00, 0x00, 0xFF, 0x84, 0xFF, 0x84, 0x00, 0x00, 0x00, 0xFF, 0x84, 
0xFF, 0x84, 0x00, 0x00, 0x00, 0xFF, 0x84, 0xFF, 0x84, 0x00, 0x00, 0x00, 0xFF, 0x84, 0x00, 0x00, 
0x00, 0x00, 0x00, 0x00, 0x00, 0x00, 0x00, 0x6D, 0xEE, 0x16, 0x00, 0x00, 0x00, 0x00, 0xA6, 0xB3, 
0x00, 0x00, 0x00, 0x00, 0x00, 0xE4, 0x33, 0x00, 0x00, 0x00, 0x00, 0x22, 0x5F, 0x00, 0x00, 0x61, 
0x22, 0x00, 0x00, 0x03, 0xCD, 0x62, 0x69, 0xCD, 0x04, 0x00, 0x00, 0x00, 0x37, 0xF8, 0xF9, 0x34, 
0x00, 0x00, 0x00, 0x00, 0x00, 0x68, 0x67, 0x00, 0x00, 0x00, 0x00, 0x00, 0x00, 0x00, 0x00, 0x00, 
0x00, 0x00, 0xFF, 0xFF, 0x28, 0x00, 0x00, 0x00, 0x84, 0xFF, 0xFF, 0xFF, 0x93, 0x00, 0x00, 0x00, 
0x84, 0xFF, 0xFF, 0xDC, 0xF2, 0x0D, 0x00, 0x00, 0x84, 0xFF, 0xFF, 0x8C, 0xEA, 0x6B, 0x00, 0x00, 
0x84, 0xFF, 0xFF, 0x84, 0x86, 0xD7, 0x01, 0x00, 0x84, 0xFF, 0xFF, 0x84, 0x1D, 0xFC, 0x45, 0x00, 
0x84, 0xFF, 0xFF, 0x84, 0x00, 0xAC, 0xB2, 0x00, 0x84, 0xFF, 0xFF, 0x84, 0x00, 0x40, 0xFD, 0x21, 
0x84, 0xFF, 0xFF, 0x84, 0x00, 0x00, 0xD4, 0x8A, 0x84, 0xFF, 0xFF, 0x84, 0x00, 0x00, 0x67, 0xEE, 
0x8E, 0xFF, 0xFF, 0x84, 0x00, 0x00, 0x0B, 0xF0, 0xE3, 0xFF, 0xFF, 0x84, 0x00, 0x00, 0x00, 0x8F, 
0xFF, 0xFF, 0xFF, 0x84, 0x00, 0x00, 0x00, 0x24, 0xFE, 0xFF, 0x16, 0xDF, 0x42, 0x00, 0x8B, 0xAA, 
0x00, 0x00, 0x4C, 0xF2, 0x9C, 0xE4, 0x12, 0x00, 0x00, 0x00, 0xA2, 0xEC, 0x4F, 0x00, 0x00, 0x00, 
0x00, 0x00, 0x00, 0x00, 0x00, 0x00, 0xFF, 0x49, 0x98, 0xF5, 0xEA, 0x72, 0x00, 0xFF, 0xDB, 0xA5, 
0x57, 0xB8, 0xFF, 0x31, 0xFF, 0xD8, 0x02, 0x00, 0x23, 0xFF, 0x72, 0xFF, 0x9C, 0x00, 0x00, 0x02, 
0xFF, 0x83, 0xFF, 0x88, 0x00, 0x00, 0x00, 0xFF, 0x84, 0xFF, 0x84, 0x00, 0x00, 0x00, 0xFF, 0x84, 
0xFF, 0x84, 0x00, 0x00, 0x00, 0xFF, 0x84, 0xFF, 0x84, 0x00, 0x00, 0x00, 0xFF, 0x84, 0xFF, 0x84, 
0x00, 0x00, 0x00, 0xFF, 0x84, 0xFF, 0x84, 0x00, 0x00, 0x00, 0xFF, 0x84, 0x00, 0xE9, 0xC0, 0x00, 
0x00, 0x00, 0x00, 0x00, 0x00, 0x00, 0x13, 0xFF, 0x79, 0x00, 0x00, 0x00, 0x00, 0x00, 0x00, 0x00, 
0x47, 0xFE, 0x1F, 0x00, 0x00, 0x00, 0x00, 0x00, 0x00, 0x00, 0x84, 0xB6, 0x00, 0xFF, 0x5B, 0xAF, 
0xF8, 0xEA, 0x72, 0x00, 0x00, 0x00, 0x00, 0xFF, 0xF5, 0x59, 0x07, 0x7D, 0xFF, 0x31, 0x00, 0x00, 
0x00, 0xFF, 0xC2, 0x00, 0x00, 0x14, 0xFF, 0x72, 0x00, 0x00, 0x00, 0xFF, 0x93, 0x00, 0x00, 0x01, 
0xFF, 0x83, 0x00, 0x00, 0x00, 0xFF, 0x85, 0x00, 0x00, 0x00, 0xFF, 0x84, 0x00, 0x00, 0x00, 0xFF, 
0x84, 0x00, 0x00, 0x00, 0xFF, 0x84, 0x00, 0x00, 0x00, 0xFF, 0x84, 0x00, 0x00, 0x00, 0xFF, 0x84, 
0x00, 0x00, 0x00, 0xFF, 0x84, 0x00, 0x00, 0x00, 0xFF, 0x84, 0x00, 0x00, 0x00, 0xFF, 0x84, 0x00, 
0x00, 0x00, 0xFF, 0x84, 0x00, 0x00, 0x00, 0xFF, 0x84, 0x00, 0x00, 0x00, 0xFF, 0x84, 0xFF, 0xFF, 
0x2B, 0x00, 0x00, 0x00, 0x84, 0xFF, 0xFF, 0xFF, 0x9F, 0x00, 0x00, 0x00, 0x84, 0xFF, 0xFF, 0xD4, 
0xFA, 0x19, 0x00, 0x00, 0x84, 0xFF, 0xFF, 0x87, 0xDB, 0x87, 0x00, 0x00, 0x84, 0xFF, 0xFF, 0x84, 
0x69, 0xEF, 0x0C, 0x00, 0x84, 0xFF, 0xFF, 0x84, 0x09, 0xEA, 0x6F, 0x00, 0x84, 0xFF, 0xFF, 0x84, 
0x00, 0x7D, 0xDF, 0x04, 0x84, 0xFF, 0xFF, 0x84, 0x00, 0x13, 0xF5, 0x57, 0x84, 0xFF, 0xFF, 0x84, 
0x00, 0x00, 0x93, 0xCD, 0x83, 0xFF, 0xFF, 0x84, 0x00, 0x00, 0x21, 0xFC, 0xB9, 0xFF, 0xFF, 0x84, 
0x00, 0x00, 0x00, 0xA7, 0xFF, 0xFF, 0xFF, 0x84, 0x00, 0x00, 0x00, 0x33, 0xFF, 0xFF, 0xFF, 0x84, 
0x00, 0x00, 0x00, 0x00, 0xBD, 0xFF, 0x00, 0x00, 0x00, 0x00, 0x00, 0x00, 0x8E, 0xF4, 0x00, 0x00, 
0x00, 0x00, 0x1C, 0x22, 0xDB, 0xC0, 0x00, 0x00, 0x00, 0x00, 0xC0, 0xFF, 0xF3, 0x3C, 0x00, 0x00, 
0x00, 0x00, 0x1D, 0x3C, 0x0F, 0x00, 0xFF, 0x4A, 0x99, 0xF5, 0xEC, 0x75, 0x00, 0xFF, 0xE0, 0x9E, 
0x57, 0xBA, 0xFF, 0x31, 0xFF, 0xD3, 0x01, 0x00, 0x1F, 0xFF, 0x72, 0xFF, 0x98, 0x00, 0x00, 0x01, 
0xFF, 0x83, 0xFF, 0x86, 0x00, 0x00, 0x00, 0xFF, 0x84, 0xFF, 0x84, 0x00, 0x00, 0x00, 0xFF, 0x84, 
0xFF, 0x84, 0x00, 0x00, 0x00, 0xFF, 0x84, 0xFF, 0x84, 0x00, 0x00, 0x00, 0xFF, 0x84, 0xFF, 0x84, 
0x00, 0x00, 0x00, 0xFF, 0x84, 0xFF, 0x84, 0x00, 0x00, 0x00, 0xFF, 0x84, 0x00, 0x00, 0x00, 0x00, 
0x00, 0xFF, 0x84, 0x00, 0x00, 0x00, 0x00, 0x05, 0xFF, 0x7E, 0x00, 0x00, 0x00, 0x3D, 0x81, 0xFF, 
0x51, 0x00, 0x00, 0x00, 0x94, 0xFA, 0xA6, 0x03, 0x00, 0x00, 0x10, 0x10, 0x10, 0x10, 0x10, 0x00, 
0x00, 0x00, 0x00, 0xFF, 0xFF, 0xFF, 0xFF, 0xFF, 0x00, 0x00, 0x00, 0x00, 0x40, 0x40, 0x40, 0x40, 
0x40, 0x00, 0x00, 0x00, 0x00, 0x00, 0x00, 0x00, 0x00, 0x00, 0x00, 0x00, 0x00, 0x0A, 0x8B, 0xE4, 
0xFA, 0xE2, 0x83, 0x06, 0x00, 0x02, 0xBC, 0xF9, 0x88, 0x54, 0x81, 0xF6, 0xA8, 0x00, 0x54, 0xFF, 
0x61, 0x00, 0x00, 0x00, 0x58, 0xFF, 0x41, 0xAB, 0xE6, 0x02, 0x00, 0x00, 0x00, 0x01, 0xE3, 0x9E, 
0xDC, 0xAB, 0x00, 0x00, 0x00, 0x00, 0x00, 0xA9, 0xD5, 0xF7, 0x8E, 0x00, 0x00, 0x00, 0x00, 0x00, 
0x8E, 0xF5, 0xFE, 0x86, 0x00, 0x00, 0x00, 0x00, 0x00, 0x85, 0xFE, 0xF3, 0x8F, 0x00, 0x00, 0x00, 
0x00, 0x00, 0x8E, 0xF5, 0xD5, 0xAC, 0x00, 0x00, 0x00, 0x00, 0x00, 0xAB, 0xD7, 0xA3, 0xE8, 0x03, 
0x00, 0x00, 0x00, 0x01, 0xE4, 0x9F, 0x45, 0xFF, 0x65, 0x00, 0x00, 0x00, 0x5A, 0xFF, 0x40, 0x00, 
0xA9, 0xFA, 0x8A, 0x56, 0x84, 0xF8, 0xA4, 0x00, 0x00, 0x05, 0x81, 0xE2, 0xFE, 0xE1, 0x7F, 0x04, 
0x00, 0x00, 0x10, 0x10, 0x10, 0x10, 0x10, 0x00, 0x00, 0xFF, 0xFF, 0xFF, 0xFF, 0xFF, 0x00, 0x00, 
0x40, 0x40, 0x40, 0x40, 0x40, 0x00, 0x00, 0x00, 0x00, 0x00, 0x00, 0x00, 0x00, 0x00, 0x56, 0xD8, 
0xFA, 0xD6, 0x4C, 0x00, 0x3B, 0xFE, 0xAB, 0x58, 0xAD, 0xFB, 0x31, 0xAB, 0xE3, 0x04, 0x00, 0x06, 
0xE4, 0xA4, 0xE4, 0xA2, 0x00, 0x00, 0x00, 0xA2, 0xE2, 0xFC, 0x88, 0x00, 0x00, 0x00, 0x88, 0xFC, 
0xFA, 0x88, 0x00, 0x00, 0x00, 0x88, 0xFA, 0xDF, 0xA1, 0x00, 0x00, 0x00, 0xA2, 0xDE, 0xA4, 0xE3, 
0x05, 0x00, 0x06, 0xE4, 0xA0, 0x31, 0xFB, 0xAC, 0x58, 0xAD, 0xFA, 0x2D, 0x00, 0x4D, 0xD7, 0xFC, 
0xD6, 0x4B, 0x00, 0x00, 0x00, 0xF0, 0x56, 0x14, 0x5D, 0xED, 0x00, 0x00, 0x00, 0x00, 0x78, 0xFF, 
0xFF, 0xFB, 0x62, 0x00, 0x00, 0x00, 0x00, 0x00, 0x1D, 0x3D, 0x17, 0x00, 0x00, 0x00, 0x00, 0x00, 
0x00, 0x00, 0x00, 0x00, 0x00, 0x00, 0x00, 0x00, 0x0A, 0x8B, 0xE4, 0xFA, 0xE2, 0x83, 0x06, 0x00, 
0x02, 0xBC, 0xF9, 0x88, 0x54, 0x81, 0xF6, 0xA8, 0x00, 0x54, 0xFF, 0x61, 0x00, 0x00, 0x00, 0x58, 
0xFF, 0x41, 0xAB, 0xE6, 0x02, 0x00, 0x00, 0x00, 0x01, 0xE3, 0x9E, 0xDC, 0xAB, 0x00, 0x00, 0x00, 
0x00, 0x00, 0xA9, 0xD5, 0xF7, 0x8E, 0x00, 0x00, 0x00, 0x00, 0x00, 0x8E, 0xF5, 0xFE, 0x86, 0x00, 
0x00, 0x00, 0x00, 0x00, 0x85, 0xFE, 0xF3, 0x8F, 0x00, 0x00, 0x00, 0x00, 0x00, 0x8E, 0xF5, 0xD5, 
0xAC, 0x00, 0x00, 0x00, 0x00, 0x00, 0xAB, 0xD7, 0xA3, 0xE8, 0x03, 0x00, 0x00, 0x00, 0x01, 0xE4, 
0x9F, 0x45, 0xFF, 0x65, 0x00, 0x00, 0x00, 0x5A, 0xFF, 0x40, 0x00, 0xA9, 0xFA, 0x8A, 0x56, 0x84, 
0xF8, 0xA4, 0x00, 0x00, 0x05, 0x81, 0xE2, 0xFE, 0xE1, 0x7F, 0x04, 0x00, 0x00, 0xF9, 0x2C, 0x00, 
0x39, 0xF7, 0x00, 0x00, 0xCB, 0x9B, 0x1A, 0xA5, 0xBF, 0x00, 0x00, 0x46, 0xF6, 0xFF, 0xEF, 0x34, 
0x00, 0x00, 0x00, 0x15, 0x3B, 0x0F, 0x00, 0x00, 0x00, 0x56, 0xD8, 0xFA, 0xD6, 0x4C, 0x00, 0x3B, 
0xFE, 0xAB, 0x58, 0xAD, 0xFB, 0x31, 0xAB, 0xE3, 0x04, 0x00, 0x06, 0xE4, 0xA4, 0xE4, 0xA2, 0x00, 
0x00, 0x00, 0xA2, 0xE2, 0xFC, 0x88, 0x00, 0x00, 0x00, 0x88, 0xFC, 0xFA, 0x88, 0x00, 0x00, 0x00, 
0x88, 0xFA, 0xDF, 0xA1, 0x00, 0x00, 0x00, 0xA2, 0xDE, 0xA4, 0xE3, 0x05, 0x00, 0x06, 0xE4, 0xA0, 
0x31, 0xFB, 0xAC, 0x58, 0xAD, 0xFA, 0x2D, 0x00, 0x4D, 0xD7, 0xFC, 0xD6, 0x4B, 0x00, 0x00, 0x00, 
0x2E, 0xEC, 0x71, 0x59, 0xEC, 0x49, 0x00, 0x00, 0x00, 0xB4, 0xC1, 0x0A, 0xDB, 0x9C, 0x00, 0x00, 
0x00, 0x45, 0xC8, 0x0F, 0x72, 0xB0, 0x04, 0x00, 0x00, 0x00, 0x00, 0x00, 0x00, 0x00, 0x00, 0x00, 
0x00, 0x00, 0x00, 0x00, 0x00, 0x00, 0x00, 0x00, 0x00, 0x00, 0x00, 0x00, 0x0A, 0x8B, 0xE4, 0xFA, 
0xE2, 0x83, 0x06, 0x00, 0x02, 0xBC, 0xF9, 0x88, 0x54, 0x81, 0xF6, 0xA8, 0x00, 0x54, 0xFF, 0x61, 
0x00, 0x00, 0x00, 0x58, 0xFF, 0x41, 0xAB, 0xE6, 0x02, 0x00, 0x00, 0x00, 0x01, 0xE3, 0x9E, 0xDC, 
0xAB, 0x00, 0x00, 0x00, 0x00, 0x00, 0xA9, 0xD5, 0xF7, 0x8E, 0x00, 0x00, 0x00, 0x00, 0x00, 0x8E, 
0xF5, 0xFE, 0x86, 0x00, 0x00, 0x00, 0x00, 0x00, 0x85, 0xFE, 0xF3, 0x8F, 0x00, 0x00, 0x00, 0x00, 
0x00, 0x8E, 0xF5, 0xD5, 0xAC, 0x00, 0x00, 0x00, 0x00, 0x00, 0xAB, 0xD7, 0xA3, 0xE8, 0x03, 0x00, 
0x00, 0x00, 0x01, 0xE4, 0x9F, 0x45, 0xFF, 0x65, 0x00, 0x00, 0x00, 0x5A, 0xFF, 0x40, 0x00, 0xA9, 
0xFA, 0x8A, 0x56, 0x84, 0xF8, 0xA4, 0x00, 0x00, 0x05, 0x81, 0xE2, 0xFE, 0xE1, 0x7F, 0x04, 0x00, 
0x00, 0x2B, 0xFF, 0x70, 0x79, 0xF9, 0x26, 0x00, 0xAA, 0xB7, 0x10, 0xEC, 0x6A, 0x00, 0x2C, 0xBE, 
0x0D, 0x74, 0x8A, 0x00, 0x00, 0x00, 0x00, 0x00, 0x00, 0x00, 0x00, 0x00, 0x00, 0x56, 0xD8, 0xFA, 
0xD6, 0x4C, 0x00, 0x3B, 0xFE, 0xAB, 0x58, 0xAD, 0xFB, 0x31, 0xAB, 0xE3, 0x04, 0x00, 0x06, 0xE4, 
0xA4, 0xE4, 0xA2, 0x00, 0x00, 0x00, 0xA2, 0xE2, 0xFC, 0x88, 0x00, 0x00, 0x00, 0x88, 0xFC, 0xFA, 
0x88, 0x00, 0x00, 0x00, 0x88, 0xFA, 0xDF, 0xA1, 0x00, 0x00, 0x00, 0xA2, 0xDE, 0xA4, 0xE3, 0x05, 
0x00, 0x06, 0xE4, 0xA0, 0x31, 0xFB, 0xAC, 0x58, 0xAD, 0xFA, 0x2D, 0x00, 0x4D, 0xD7, 0xFC, 0xD6, 
0x4B, 0x00, 0x00, 0x05, 0x7B, 0xDD, 0xFD, 0xFF, 0xFF, 0xFF, 0xFF, 0xFF, 0xFF, 0x00, 0xA9, 0xFB, 
0x8E, 0x54, 0xAE, 0xFF, 0x50, 0x50, 0x50, 0x50, 0x46, 0xFF, 0x62, 0x00, 0x00, 0x84, 0xFF, 0x00, 
0x00, 0x00, 0x00, 0xA3, 0xE5, 0x02, 0x00, 0x00, 0x84, 0xFF, 0x00, 0x00, 0x00, 0x00, 0xD9, 0xAC, 
0x00, 0x00, 0x00, 0x84, 0xFF, 0x00, 0x00, 0x00, 0x00, 0xF6, 0x8F, 0x00, 0x00, 0x00, 0x84, 0xFF, 
0x10, 0x10, 0x10, 0x0C, 0xFE, 0x86, 0x00, 0x00, 0x00, 0x84, 0xFF, 0xFF, 0xFF, 0xFF, 0xBC, 0xF5, 
0x8E, 0x00, 0x00, 0x00, 0x84, 0xFF, 0x40, 0x40, 0x40, 0x2F, 0xD9, 0xAC, 0x00, 0x00, 0x00, 0x84, 
0xFF, 0x00, 0x00, 0x00, 0x00, 0xA3, 0xE6, 0x02, 0x00, 0x00, 0x84, 0xFF, 0x00, 0x00, 0x00, 0x00, 
0x4A, 0xFF, 0x65, 0x00, 0x00, 0x84, 0xFF, 0x00, 0x00, 0x00, 0x00, 0x00, 0xAC, 0xFB, 0x8F, 0x54, 
0xAB, 0xFF, 0x50, 0x50, 0x50, 0x50, 0x00, 0x06, 0x7E, 0xDE, 0xFD, 0xFF, 0xFF, 0xFF, 0xFF, 0xFF, 
0xFF, 0x00, 0x53, 0xD7, 0xFC, 0xD4, 0x41, 0x09, 0xA1, 0xF6, 0xEC, 0x7D, 0x00, 0x3B, 0xFD, 0xAC, 
0x58, 0xAC, 0xF4, 0xAC, 0xD7, 0x5D, 0x8B, 0xFF, 0x5E, 0xAB, 0xE2, 0x04, 0x00, 0x05, 0xE4, 0xFF, 
0x39, 0x00, 0x00, 0xC2, 0xC4, 0xE4, 0xA1, 0x00, 0x00, 0x00, 0xA2, 0xFF, 0x17, 0x10, 0x10, 0x93, 
0xF3, 0xFC, 0x88, 0x00, 0x00, 0x00, 0x88, 0xFF, 0xFF, 0xFF, 0xFF, 0xFF, 0xFF, 0xFB, 0x88, 0x00, 
0x00, 0x00, 0x88, 0xFF, 0x43, 0x40, 0x40, 0x40, 0x40, 0xE1, 0xA3, 0x00, 0x00, 0x00, 0x9F, 0xFF, 
0x1B, 0x00, 0x00, 0x00, 0x00, 0xA1, 0xE7, 0x06, 0x00, 0x03, 0xDE, 0xFF, 0x69, 0x00, 0x00, 0x00, 
0x00, 0x2E, 0xF9, 0xB1, 0x56, 0xA7, 0xF2, 0x9B, 0xF5, 0x79, 0x55, 0x81, 0x7E, 0x00, 0x48, 0xD3, 
0xFB, 0xD2, 0x3D, 0x04, 0x89, 0xEC, 0xFA, 0xD1, 0x50, 0x00, 0x00, 0x00, 0x2F, 0x80, 0x3E, 0x00, 
0x00, 0x00, 0x00, 0x00, 0xC1, 0xE3, 0x16, 0x00, 0x00, 0x00, 0x00, 0x57, 0xF0, 0x2F, 0x00, 0x00, 
0x00, 0x00, 0x00, 0x67, 0x34, 0x00, 0x00, 0x00, 0x00, 0x00, 0x00, 0x00, 0x00, 0x00, 0x00, 0x00, 
0x00, 0xFF, 0xFF, 0xFF, 0xF0, 0xB5, 0x31, 0x00, 0x00, 0xFF, 0xAB, 0x51, 0x6B, 0xDA, 0xF0, 0x18, 
0x00, 0xFF, 0x84, 0x00, 0x00, 0x2D, 0xFF, 0x69, 0x00, 0xFF, 0x84, 0x00, 0x00, 0x03, 0xFF, 0x80, 
0x00, 0xFF, 0x84, 0x00, 0x00, 0x26, 0xFF, 0x66, 0x00, 0xFF, 0x8C, 0x11, 0x2C, 0xBD, 0xF0, 0x16, 
0x00, 0xFF, 0xFF, 0xFF, 0xFF, 0xDD, 0x36, 0x00, 0x00, 0xFF, 0xA3, 0x40, 0xD0, 0xCE, 0x00, 0x00, 
0x00, 0xFF, 0x84, 0x00, 0x61, 0xFF, 0x3E, 0x00, 0x00, 0xFF, 0x84, 0x00, 0x08, 0xEC, 0xB2, 0x00, 
0x00, 0xFF, 0x84, 0x00, 0x00, 0x87, 0xFE, 0x24, 0x00, 0xFF, 0x84, 0x00, 0x00, 0x1E, 0xFD, 0x93, 
0x00, 0xFF, 0x84, 0x00, 0x00, 0x00, 0xAF, 0xF3, 0x0F, 0x00, 0x00, 0x5D, 0xFF, 0x74, 0x00, 0x09, 
0xE1, 0xA9, 0x01, 0x00, 0x76, 0xAE, 0x06, 0x00, 0x00, 0x00, 0x00, 0x00, 0x00, 0xFF, 0x42, 0x9A, 
0xF9, 0x60, 0xFF, 0xC5, 0xBF, 0x58, 0x1F, 0xFF, 0xF0, 0x0F, 0x00, 0x00, 0xFF, 0xA7, 0x00, 0x00, 
0x00, 0xFF, 0x87, 0x00, 0x00, 0x00, 0xFF, 0x84, 0x00, 0x00, 0x00, 0xFF, 0x84, 0x00, 0x00, 0x00, 
0xFF, 0x84, 0x00, 0x00, 0x00, 0xFF, 0x84, 0x00, 0x00, 0x00, 0xFF, 0x84, 0x00, 0x00, 0x00, 0xFF, 
0xFF, 0xFF, 0xF0, 0xB5, 0x31, 0x00, 0x00, 0xFF, 0xAB, 0x51, 0x6B, 0xDA, 0xF0, 0x18, 0x00, 0xFF, 
0x84, 0x00, 0x00, 0x2D, 0xFF, 0x69, 0x00, 0xFF, 0x84, 0x00, 0x00, 0x03, 0xFF, 0x80, 0x00, 0xFF, 
0x84, 0x00, 0x00, 0x26, 0xFF, 0x66, 0x00, 0xFF, 0x8C, 0x11, 0x2C, 0xBD, 0xF0, 0x16, 0x00, 0xFF, 
0xFF, 0xFF, 0xFF, 0xDD, 0x36, 0x00, 0x00, 0xFF, 0xA3, 0x40, 0xD0, 0xCE, 0x00, 0x00, 0x00, 0xFF, 
0x84, 0x00, 0x61, 0xFF, 0x3E, 0x00, 0x00, 0xFF, 0x84, 0x00, 0x08, 0xEC, 0xB2, 0x00, 0x00, 0xFF, 
0x84, 0x00, 0x00, 0x87, 0xFE, 0x24, 0x00, 0xFF, 0x84, 0x00, 0x00, 0x1E, 0xFD, 0x93, 0x00, 0xFF, 
0x84, 0x00, 0x00, 0x00, 0xAF, 0xF3, 0x0F, 0x00, 0x00, 0x00, 0x00, 0x00, 0x00, 0x00, 0x00, 0x00, 
0x00, 0x62, 0xEF, 0x1C, 0x00, 0x00, 0x00, 0x00, 0x00, 0x9A, 0xBD, 0x00, 0x00, 0x00, 0x00, 0x00, 
0x00, 0xD8, 0x3E, 0x00, 0x00, 0x00, 0x00, 0x00, 0xFF, 0x42, 0x9A, 0xF9, 0x60, 0x00, 0xFF, 0xC5, 
0xBF, 0x58, 0x1F, 0x00, 0xFF, 0xF0, 0x0F, 0x00, 0x00, 0x00, 0xFF, 0xA7, 0x00, 0x00, 0x00, 0x00, 
0xFF, 0x87, 0x00, 0x00, 0x00, 0x00, 0xFF, 0x84, 0x00, 0x00, 0x00, 0x00, 0xFF, 0x84, 0x00, 0x00, 
0x00, 0x00, 0xFF, 0x84, 0x00, 0x00, 0x00, 0x00, 0xFF, 0x84, 0x00, 0x00, 0x00, 0x00, 0xFF, 0x84, 
0x00, 0x00, 0x00, 0x00, 0x00, 0x00, 0x00, 0x00, 0x00, 0x00, 0xD7, 0x90, 0x00, 0x00, 0x00, 0x16, 
0xFF, 0x3C, 0x00, 0x00, 0x00, 0x52, 0xBB, 0x00, 0x00, 0x00, 0x00, 0x30, 0x5A, 0x00, 0x00, 0x46, 
0x42, 0x00, 0x00, 0x09, 0xD8, 0x67, 0x4A, 0xE7, 0x17, 0x00, 0x00, 0x00, 0x3D, 0xFB, 0xF6, 0x5A, 
0x00, 0x00, 0x00, 0x00, 0x00, 0x68, 0x76, 0x01, 0x00, 0x00, 0x00, 0x00, 0x00, 0x00, 0x00, 0x00, 
0x00, 0x00, 0x00, 0xFF, 0xFF, 0xFF, 0xF0, 0xB5, 0x31, 0x00, 0x00, 0xFF, 0xAB, 0x51, 0x6B, 0xDA, 
0xF0, 0x18, 0x00, 0xFF, 0x84, 0x00, 0x00, 0x2D, 0xFF, 0x69, 0x00, 0xFF, 0x84, 0x00, 0x00, 0x03, 
0xFF, 0x80, 0x00, 0xFF, 0x84, 0x00, 0x00, 0x26, 0xFF, 0x66, 0x00, 0xFF, 0x8C, 0x11, 0x2C, 0xBD, 
0xF0, 0x16, 0x00, 0xFF, 0xFF, 0xFF, 0xFF, 0xDD, 0x36, 0x00, 0x00, 0xFF, 0xA3, 0x40, 0xD0, 0xCE, 
0x00, 0x00, 0x00, 0xFF, 0x84, 0x00, 0x61, 0xFF, 0x3E, 0x00, 0x00, 0xFF, 0x84, 0x00, 0x08, 0xEC, 
0xB2, 0x00, 0x00, 0xFF, 0x84, 0x00, 0x00, 0x87, 0xFE, 0x24, 0x00, 0xFF, 0x84, 0x00, 0x00, 0x1E, 
0xFD, 0x93, 0x00, 0xFF, 0x84, 0x00, 0x00, 0x00, 0xAF, 0xF3, 0x0F, 0x1D, 0xE1, 0x32, 0x04, 0xAF, 
0x7E, 0x00, 0x5F, 0xE9, 0xA9, 0xCA, 0x04, 0x00, 0x00, 0xB5, 0xEB, 0x2E, 0x00, 0x00, 0x00, 0x00, 
0x00, 0x00, 0x00, 0x00, 0xFF, 0x42, 0x9A, 0xF9, 0x60, 0x00, 0xFF, 0xC5, 0xBF, 0x58, 0x1F, 0x00, 
0xFF, 0xF0, 0x0F, 0x00, 0x00, 0x00, 0xFF, 0xA7, 0x00, 0x00, 0x00, 0x00, 0xFF, 0x87, 0x00, 0x00, 
0x00, 0x00, 0xFF, 0x84, 0x00, 0x00, 0x00, 0x00, 0xFF, 0x84, 0x00, 0x00, 0x00, 0x00, 0xFF, 0x84, 
0x00, 0x00, 0x00, 0x00, 0xFF, 0x84, 0x00, 0x00, 0x00, 0x00, 0xFF, 0x84, 0x00, 0x00, 0x00, 0x00, 
0x00, 0x00, 0x09, 0x7F, 0x6E, 0x00, 0x00, 0x00, 0x00, 0x78, 0xFF, 0x54, 0x00, 0x00, 0x00, 0x20, 
0xF4, 0x71, 0x00, 0x00, 0x00, 0x00, 0x48, 0x5A, 0x00, 0x00, 0x00, 0x00, 0x00, 0x00, 0x00, 0x00, 
0x00, 0x00, 0x01, 0x72, 0xDE, 0xFD, 0xEC, 0xB4, 0x27, 0x7A, 0xFF, 0x8E, 0x56, 0x70, 0xBD, 0x13, 
0xE7, 0xAA, 0x00, 0x00, 0x00, 0x00, 0x00, 0xFC, 0x8D, 0x00, 0x00, 0x00, 0x00, 0x00, 0xD6, 0xDC, 
0x10, 0x00, 0x00, 0x00, 0x00, 0x55, 0xFF, 0xE1, 0x5B, 0x04, 0x00, 0x00, 0x00, 0x4E, 0xE1, 0xFF, 
0xD6, 0x2F, 0x00, 0x00, 0x00, 0x06, 0x6A, 0xF2, 0xEB, 0x14, 0x00, 0x00, 0x00, 0x00, 0x47, 0xFF, 
0x69, 0x00, 0x00, 0x00, 0x00, 0x07, 0xFF, 0x80, 0x00, 0x00, 0x00, 0x00, 0x37, 0xFF, 0x5A, 0xCF, 
0x7D, 0x56, 0x67, 0xE2, 0xDA, 0x09, 0xA6, 0xE6, 0xFB, 0xF2, 0xAA, 0x1C, 0x00, 0x00, 0x00, 0x00, 
0xB6, 0xFA, 0x30, 0x00, 0x00, 0x47, 0xFF, 0x5D, 0x00, 0x00, 0x04, 0xCB, 0x67, 0x00, 0x00, 0x00, 
0x00, 0x00, 0x00, 0x00, 0x00, 0x1F, 0xB4, 0xF4, 0xF4, 0xBE, 0x2B, 0xC5, 0xE8, 0x63, 0x61, 0xAD, 
0x17, 0xFC, 0x8D, 0x00, 0x00, 0x00, 0x00, 0xD5, 0xE0, 0x25, 0x00, 0x00, 0x00, 0x37, 0xEA, 0xF8, 
0x86, 0x0A, 0x00, 0x00, 0x14, 0x96, 0xFD, 0xD2, 0x0D, 0x00, 0x00, 0x00, 0x50, 0xFF, 0x6B, 0x01, 
0x00, 0x00, 0x0B, 0xFF, 0x7D, 0xCB, 0x71, 0x55, 0xA9, 0xFF, 0x3F, 0xA9, 0xEC, 0xFE, 0xDF, 0x68, 
0x00, 0x00, 0x00, 0x48, 0x80, 0x21, 0x00, 0x00, 0x00, 0x13, 0xEB, 0xF1, 0xAF, 0x00, 0x00, 0x00, 
0xA6, 0xA2, 0x1A, 0xDB, 0x5A, 0x00, 0x12, 0x6F, 0x03, 0x00, 0x19, 0x70, 0x00, 0x00, 0x00, 0x00, 
0x00, 0x00, 0x00, 0x00, 0x01, 0x72, 0xDE, 0xFD, 0xEC, 0xB4, 0x27, 0x7A, 0xFF, 0x8E, 0x56, 0x70, 
0xBD, 0x13, 0xE7, 0xAA, 0x00, 0x00, 0x00, 0x00, 0x00, 0xFC, 0x8D, 0x00, 0x00, 0x00, 0x00, 0x00, 
0xD6, 0xDC, 0x10, 0x00, 0x00, 0x00, 0x00, 0x55, 0xFF, 0xE1, 0x5B, 0x04, 0x00, 0x00, 0x00, 0x4E, 
0xE1, 0xFF, 0xD6, 0x2F, 0x00, 0x00, 0x00, 0x06, 0x6A, 0xF2, 0xEB, 0x14, 0x00, 0x00, 0x00, 0x00, 
0x47, 0xFF, 0x69, 0x00, 0x00, 0x00, 0x00, 0x07, 0xFF, 0x80, 0x00, 0x00, 0x00, 0x00, 0x37, 0xFF, 
0x5A, 0xCF, 0x7D, 0x56, 0x67, 0xE2, 0xDA, 0x09, 0xA6, 0xE6, 0xFB, 0xF2, 0xAA, 0x1C, 0x00, 0x00, 
0x31, 0xFD, 0xDC, 0x07, 0x00, 0x05, 0xCE, 0x9F, 0xD3, 0x85, 0x00, 0x77, 0xA2, 0x03, 0x1A, 0xCC, 
0x32, 0x00, 0x00, 0x00, 0x00, 0x00, 0x00, 0x1F, 0xB4, 0xF4, 0xF4, 0xBE, 0x2B, 0xC5, 0xE8, 0x63, 
0x61, 0xAD, 0x17, 0xFC, 0x8D, 0x00, 0x00, 0x00, 0x00, 0xD5, 0xE0, 0x25, 0x00, 0x00, 0x00, 0x37, 
0xEA, 0xF8, 0x86, 0x0A, 0x00, 0x00, 0x14, 0x96, 0xFD, 0xD2, 0x0D, 0x00, 0x00, 0x00, 0x50, 0xFF, 
0x6B, 0x01, 0x00, 0x00, 0x0B, 0xFF, 0x7D, 0xCB, 0x71, 0x55, 0xA9, 0xFF, 0x3F, 0xA9, 0xEC, 0xFE, 
0xDF, 0x68, 0x00, 0x01, 0x72, 0xDE, 0xFD, 0xEC, 0xB4, 0x27, 0x7A, 0xFF, 0x8E, 0x56, 0x70, 0xBD, 
0x13, 0xE7, 0xAA, 0x00, 0x00, 0x00, 0x00, 0x00, 0xFC, 0x8D, 0x00, 0x00, 0x00, 0x00, 0x00, 0xD6, 
0xDC, 0x10, 0x00, 0x00, 0x00, 0x00, 0x55, 0xFF, 0xE1, 0x5B, 0x04, 0x00, 0x00, 0x00, 0x4E, 0xE1, 
0xFF, 0xD6, 0x2F, 0x00, 0x00, 0x00, 0x06, 0x6A, 0xF2, 0xEB, 0x14, 0x00, 0x00, 0x00, 0x00, 0x47, 
0xFF, 0x69, 0x00, 0x00, 0x00, 0x00, 0x07, 0xFF, 0x80, 0x00, 0x00, 0x00, 0x00, 0x37, 0xFF, 0x5A, 
0xCF, 0x7D, 0x56, 0x67, 0xE2, 0xDA, 0x09, 0xA6, 0xE6, 0xFC, 0xF9, 0xAA, 0x1C, 0x00, 0x00, 0x00, 
0xB6, 0x8F, 0x08, 0x00, 0x00, 0x00, 0x00, 0x2E, 0xC2, 0xC8, 0x00, 0x00, 0x00, 0x37, 0x56, 0xCE, 
0xF1, 0x00, 0x00, 0x00, 0x8C, 0xFE, 0xE1, 0x5A, 0x00, 0x00, 0x1F, 0xB4, 0xF4, 0xF4, 0xBE, 0x2E, 
0xC5, 0xE8, 0x65, 0x5E, 0xAB, 0x1F, 0xFC, 0x8D, 0x00, 0x00, 0x00, 0x00, 0xD5, 0xE0, 0x25, 0x00, 
0x00, 0x00, 0x37, 0xEA, 0xF8, 0x86, 0x0A, 0x00, 0x00, 0x14, 0x96, 0xFD, 0xD2, 0x0D, 0x00, 0x00, 
0x00, 0x50, 0xFF, 0x6B, 0x01, 0x00, 0x00, 0x0B, 0xFF, 0x7D, 0xCB, 0x71, 0x55, 0xA9, 0xFF, 0x3F, 
0xA9, 0xEC, 0xFF, 0xE2, 0x68, 0x00, 0x00, 0x0F, 0xE4, 0x2D, 0x00, 0x00, 0x00, 0x06, 0x53, 0xFE, 
0x4D, 0x00, 0x00, 0x47, 0x74, 0xFF, 0x78, 0x00, 0x00, 0xC4, 0xF9, 0xBD, 0x16, 0x00, 0x12, 0x70, 
0x03, 0x00, 0x1B, 0x71, 0x00, 0x00, 0xA6, 0xA2, 0x1D, 0xDE, 0x61, 0x00, 0x00, 0x13, 0xEB, 0xF1, 
0xB1, 0x00, 0x00, 0x00, 0x00, 0x49, 0x80, 0x21, 0x00, 0x00, 0x00, 0x00, 0x00, 0x00, 0x00, 0x00, 
0x00, 0x01, 0x72, 0xDE, 0xFD, 0xEC, 0xB4, 0x27, 0x7A, 0xFF, 0x8E, 0x56, 0x70, 0xBD, 0x13, 0xE7, 
0xAA, 0x00, 0x00, 0x00, 0x00, 0x00, 0xFC, 0x8D, 0x00, 0x00, 0x00, 0x00, 0x00, 0xD6, 0xDC, 0x10, 
0x00, 0x00, 0x00, 0x00, 0x55, 0xFF, 0xE1, 0x5B, 0x04, 0x00, 0x00, 0x00, 0x4E, 0xE1, 0xFF, 0xD6, 
0x2F, 0x00, 0x00, 0x00, 0x06, 0x6A, 0xF2, 0xEB, 0x14, 0x00, 0x00, 0x00, 0x00, 0x47, 0xFF, 0x69, 
0x00, 0x00, 0x00, 0x00, 0x07, 0xFF, 0x80, 0x00, 0x00, 0x00, 0x00, 0x37, 0xFF, 0x5A, 0xCF, 0x7D, 
0x56, 0x67, 0xE2, 0xDA, 0x09, 0xA6, 0xE6, 0xFB, 0xF2, 0xAA, 0x1C, 0x00, 0x7C, 0xBA, 0x07, 0x23, 
0xDF, 0x38, 0x02, 0xC3, 0xB1, 0xDE, 0x7F, 0x00, 0x00, 0x28, 0xE9, 0xC7, 0x04, 0x00, 0x00, 0x00, 
0x00, 0x00, 0x00, 0x00, 0x1F, 0xB4, 0xF4, 0xF4, 0xBE, 0x2B, 0xC5, 0xE8, 0x63, 0x61, 0xAD, 0x17, 
0xFC, 0x8D, 0x00, 0x00, 0x00, 0x00, 0xD5, 0xE0, 0x25, 0x00, 0x00, 0x00, 0x37, 0xEA, 0xF8, 0x86, 
0x0A, 0x00, 0x00, 0x14, 0x96, 0xFD, 0xD2, 0x0D, 0x00, 0x00, 0x00, 0x50, 0xFF, 0x6B, 0x01, 0x00, 
0x00, 0x0B, 0xFF, 0x7D, 0xCB, 0x71, 0x55, 0xA9, 0xFF, 0x3F, 0xA9, 0xEC, 0xFE, 0xDF, 0x68, 0x00, 
0xFF, 0xFF, 0xFF, 0xFF, 0xFF, 0xFF, 0xFF, 0x50, 0x50, 0x50, 0xFF, 0xAB, 0x50, 0x50, 0x00, 0x00, 
0x00, 0xFF, 0x84, 0x00, 0x00, 0x00, 0x00, 0x00, 0xFF, 0x84, 0x00, 0x00, 0x00, 0x00, 0x00, 0xFF, 
0x84, 0x00, 0x00, 0x00, 0x00, 0x00, 0xFF, 0x84, 0x00, 0x00, 0x00, 0x00, 0x00, 0xFF, 0x84, 0x00, 
0x00, 0x00, 0x00, 0x00, 0xFF, 0x84, 0x00, 0x00, 0x00, 0x00, 0x00, 0xFF, 0x84, 0x00, 0x00, 0x00, 
0x00, 0x00, 0xFF, 0x84, 0x00, 0x00, 0x00, 0x00, 0x00, 0xFF, 0x84, 0x00, 0x00, 0x00, 0x00, 0x00, 
0xFF, 0x84, 0x00, 0x00, 0x00, 0x00, 0x00, 0xFF, 0x84, 0x00, 0x00, 0x00, 0x00, 0x13, 0x96, 0x00, 
0x00, 0x00, 0x00, 0x00, 0x1D, 0xD4, 0xAB, 0x00, 0x00, 0x00, 0x00, 0x05, 0xA2, 0xF5, 0x00, 0x00, 
0x00, 0x00, 0xE7, 0xEF, 0x72, 0x00, 0x00, 0x00, 0x45, 0x42, 0x00, 0x00, 0x00, 0xAA, 0x84, 0x00, 
0x00, 0x00, 0xDB, 0x84, 0x00, 0x00, 0xC6, 0xFF, 0xFF, 0xFF, 0x84, 0x50, 0xFF, 0xAB, 0x50, 0x29, 
0x00, 0xFF, 0x84, 0x00, 0x00, 0x00, 0xFF, 0x84, 0x00, 0x00, 0x00, 0xFF, 0x84, 0x00, 0x00, 0x00, 
0xFF, 0x84, 0x00, 0x00, 0x00, 0xFF, 0x84, 0x00, 0x00, 0x00, 0xFD, 0x8C, 0x00, 0x00, 0x00, 0xD9, 
0xE2, 0x5E, 0x3B, 0x00, 0x4D, 0xF3, 0xF6, 0x69, 0x00, 0x0C, 0xE1, 0x2C, 0x00, 0x00, 0x07, 0x54, 
0xFE, 0x4E, 0x00, 0x58, 0x77, 0xFF, 0x77, 0x00, 0xF2, 0xF7, 0xB8, 0x14, 0x00, 0x64, 0x30, 0x00, 
0x08, 0x74, 0x02, 0x00, 0x43, 0xE8, 0x27, 0xAB, 0x89, 0x00, 0x00, 0x00, 0x91, 0xF3, 0xE7, 0x0C, 
0x00, 0x00, 0x00, 0x0F, 0x80, 0x4A, 0x00, 0x00, 0x00, 0x00, 0x00, 0x00, 0x00, 0x00, 0x00, 0xFF, 
0xFF, 0xFF, 0xFF, 0xFF, 0xFF, 0xFF, 0x50, 0x50, 0x50, 0xFF, 0xAB, 0x50, 0x50, 0x00, 0x00, 0x00, 
0xFF, 0x84, 0x00, 0x00, 0x00, 0x00, 0x00, 0xFF, 0x84, 0x00, 0x00, 0x00, 0x00, 0x00, 0xFF, 0x84, 
0x00, 0x00, 0x00, 0x00, 0x00, 0xFF, 0x84, 0x00, 0x00, 0x00, 0x00, 0x00, 0xFF, 0x84, 0x00, 0x00, 
0x00, 0x00, 0x00, 0xFF, 0x84, 0x00, 0x00, 0x00, 0x00, 0x00, 0xFF, 0x84, 0x00, 0x00, 0x00, 0x00, 
0x00, 0xFF, 0x84, 0x00, 0x00, 0x00, 0x00, 0x00, 0xFF, 0x84, 0x00, 0x00, 0x00, 0x00, 0x00, 0xFF, 
0x84, 0x00, 0x00, 0x00, 0x00, 0x00, 0xFF, 0x84, 0x00, 0x00, 0x00, 0x00, 0x00, 0x00, 0x00, 0x79, 
0xFA, 0x0C, 0x00, 0x12, 0x13, 0x00, 0x00, 0x9F, 0xAA, 0x00, 0x00, 0x9F, 0x84, 0x00, 0x00, 0xB9, 
0x38, 0x00, 0x00, 0xD4, 0x84, 0x00, 0x00, 0x00, 0x00, 0x00, 0xBE, 0xFF, 0xFF, 0xFF, 0xFF, 0x00, 
0x00, 0x00, 0x50, 0xFF, 0xAB, 0x50, 0x50, 0x00, 0x00, 0x00, 0x00, 0xFF, 0x84, 0x00, 0x00, 0x00, 
0x00, 0x00, 0x00, 0xFF, 0x84, 0x00, 0x00, 0x00, 0x00, 0x00, 0x00, 0xFF, 0x84, 0x00, 0x00, 0x00, 
0x00, 0x00, 0x00, 0xFF, 0x84, 0x00, 0x00, 0x00, 0x00, 0x00, 0x00, 0xFF, 0x84, 0x00, 0x00, 0x00, 
0x00, 0x00, 0x00, 0xFD, 0x8E, 0x00, 0x00, 0x00, 0x00, 0x00, 0x00, 0xD3, 0xE8, 0x62, 0x6B, 0x00, 
0x00, 0x00, 0x00, 0x3D, 0xDC, 0xFC, 0xDA, 0x00, 0x00, 0x00, 0xFF, 0xFF, 0xFF, 0xFF, 0xFF, 0xFF, 
0xFF, 0x50, 0x50, 0x50, 0xFF, 0xAB, 0x50, 0x50, 0x00, 0x00, 0x00, 0xFF, 0x84, 0x00, 0x00, 0x00, 
0x00, 0x00, 0xFF, 0x84, 0x00, 0x00, 0x00, 0x00, 0x00, 0xFF, 0x84, 0x00, 0x00, 0x00, 0x10, 0x10, 
0xFF, 0x8C, 0x10, 0x00, 0x00, 0xFF, 0xFF, 0xFF, 0xFF, 0xFF, 0x00, 0x00, 0x40, 0x40, 0xFF, 0xA3, 
0x40, 0x00, 0x00, 0x00, 0x00, 0xFF, 0x84, 0x00, 0x00, 0x00, 0x00, 0x00, 0xFF, 0x84, 0x00, 0x00, 
0x00, 0x00, 0x00, 0xFF, 0x84, 0x00, 0x00, 0x00, 0x00, 0x00, 0xFF, 0x84, 0x00, 0x00, 0x00, 0x00, 
0x00, 0xFF, 0x84, 0x00, 0x00, 0x00, 0x99, 0x84, 0x00, 0x00, 0x00, 0xD2, 0x84, 0x00, 0x00, 0xBA, 
0xFF, 0xFF, 0xFF, 0xFF, 0x50, 0xFF, 0xAB, 0x50, 0x50, 0x00, 0xFF, 0x84, 0x00, 0x00, 0x00, 0xFF, 
0x84, 0x00, 0x00, 0xE8, 0xFF, 0xFF, 0xFC, 0xE4, 0x29, 0xFF, 0x9A, 0x2C, 0x28, 0x00, 0xFF, 0x84, 
0x00, 0x00, 0x00, 0xFD, 0x8E, 0x00, 0x00, 0x00, 0xD3, 0xE8, 0x5E, 0x64, 0x00, 0x3D, 0xDC, 0xFC, 
0xDA, 0x00, 0x00, 0x08, 0x00, 0x00, 0x06, 0x08, 0x00, 0x00, 0x6A, 0xFE, 0xC1, 0x32, 0x98, 0x70, 
0x00, 0x00, 0xDD, 0x61, 0xA2, 0xFF, 0xF3, 0x1F, 0x00, 0x00, 0x3A, 0x00, 0x00, 0x25, 0x1D, 0x00, 
0x00, 0x00, 0x00, 0x00, 0x00, 0x00, 0x00, 0x00, 0x00, 0xFF, 0x84, 0x00, 0x00, 0x00, 0x00, 0xFF, 
0x84, 0xFF, 0x84, 0x00, 0x00, 0x00, 0x00, 0xFF, 0x84, 0xFF, 0x84, 0x00, 0x00, 0x00, 0x00, 0xFF, 
0x84, 0xFF, 0x84, 0x00, 0x00, 0x00, 0x00, 0xFF, 0x84, 0xFF, 0x84, 0x00, 0x00, 0x00, 0x00, 0xFF, 
0x84, 0xFF, 0x84, 0x00, 0x00, 0x00, 0x00, 0xFF, 0x84, 0xFF, 0x84, 0x00, 0x00, 0x00, 0x00, 0xFF, 
0x84, 0xFF, 0x84, 0x00, 0x00, 0x00, 0x00, 0xFF, 0x84, 0xFF, 0x84, 0x00, 0x00, 0x00, 0x00, 0xFF, 
0x83, 0xF3, 0x92, 0x00, 0x00, 0x00, 0x0E, 0xFF, 0x77, 0xC1, 0xD7, 0x03, 0x00, 0x00, 0x52, 0xFF, 
0x45, 0x4F, 0xFF, 0xB3, 0x58, 0x6E, 0xEA, 0xCF, 0x03, 0x00, 0x5B, 0xD5, 0xFD, 0xF0, 0xA5, 0x18, 
0x00, 0x0F, 0xD2, 0xEB, 0x75, 0x23, 0xEE, 0x0E, 0x66, 0xC1, 0x6F, 0xE5, 0xFF, 0xB0, 0x00, 0x21, 
0x1B, 0x00, 0x08, 0x37, 0x06, 0x00, 0xFF, 0x84, 0x00, 0x00, 0x00, 0xFF, 0x84, 0xFF, 0x84, 0x00, 
0x00, 0x00, 0xFF, 0x84, 0xFF, 0x84, 0x00, 0x00, 0x00, 0xFF, 0x84, 0xFF, 0x84, 0x00, 0x00, 0x00, 
0xFF, 0x84, 0xFF, 0x84, 0x00, 0x00, 0x00, 0xFF, 0x84, 0xFF, 0x84, 0x00, 0x00, 0x02, 0xFF, 0x84, 
0xFF, 0x87, 0x00, 0x00, 0x16, 0xFF, 0x84, 0xEB, 0xAB, 0x00, 0x00, 0x53, 0xFF, 0x84, 0xA7, 0xFA, 
0x6F, 0x65, 0xD6, 0xEF, 0x84, 0x1A, 0xC0, 0xFB, 0xD9, 0x43, 0xC2, 0x84, 0x00, 0x10, 0x10, 0x10, 
0x10, 0x10, 0x00, 0x00, 0x00, 0xFF, 0xFF, 0xFF, 0xFF, 0xFF, 0x00, 0x00, 0x00, 0x40, 0x40, 0x40, 
0x40, 0x40, 0x00, 0x00, 0x00, 0x00, 0x00, 0x00, 0x00, 0x00, 0x00, 0x00, 0xFF, 0x84, 0x00, 0x00, 
0x00, 0x00, 0xFF, 0x84, 0xFF, 0x84, 0x00, 0x00, 0x00, 0x00, 0xFF, 0x84, 0xFF, 0x84, 0x00, 0x00, 
0x00, 0x00, 0xFF, 0x84, 0xFF, 0x84, 0x00, 0x00, 0x00, 0x00, 0xFF, 0x84, 0xFF, 0x84, 0x00, 0x00, 
0x00, 0x00, 0xFF, 0x84, 0xFF, 0x84, 0x00, 0x00, 0x00, 0x00, 0xFF, 0x84, 0xFF, 0x84, 0x00, 0x00, 
0x00, 0x00, 0xFF, 0x84, 0xFF, 0x84, 0x00, 0x00, 0x00, 0x00, 0xFF, 0x84, 0xFF, 0x84, 0x00, 0x00, 
0x00, 0x00, 0xFF, 0x83, 0xF3, 0x92, 0x00, 0x00, 0x00, 0x0E, 0xFF, 0x77, 0xC1, 0xD7, 0x03, 0x00, 
0x00, 0x52, 0xFF, 0x45, 0x4F, 0xFF, 0xB3, 0x58, 0x6E, 0xEA, 0xCF, 0x03, 0x00, 0x5B, 0xD5, 0xFD, 
0xF0, 0xA5, 0x18, 0x00, 0x00, 0x10, 0x10, 0x10, 0x10, 0x10, 0x00, 0x00, 0xFF, 0xFF, 0xFF, 0xFF, 
0xFF, 0x00, 0x00, 0x40, 0x40, 0x40, 0x40, 0x40, 0x00, 0xFF, 0x84, 0x00, 0x00, 0x00, 0xFF, 0x84, 
0xFF, 0x84, 0x00, 0x00, 0x00, 0xFF, 0x84, 0xFF, 0x84, 0x00, 0x00, 0x00, 0xFF, 0x84, 0xFF, 0x84, 
0x00, 0x00, 0x00, 0xFF, 0x84, 0xFF, 0x84, 0x00, 0x00, 0x00, 0xFF, 0x84, 0xFF, 0x84, 0x00, 0x00, 
0x02, 0xFF, 0x84, 0xFF, 0x87, 0x00, 0x00, 0x16, 0xFF, 0x84, 0xEB, 0xAB, 0x00, 0x00, 0x53, 0xFF, 
0x84, 0xA7, 0xFA, 0x6F, 0x65, 0xDD, 0xE4, 0x84, 0x19, 0xBD, 0xFB, 0xDF, 0x4E, 0x95, 0x84, 0x00, 
0xF0, 0xA6, 0x19, 0x3C, 0xE6, 0x00, 0x00, 0x00, 0x78, 0xFF, 0xFF, 0xFB, 0x62, 0x00, 0x00, 0x00, 
0x00, 0x1D, 0x3D, 0x17, 0x00, 0x00, 0x00, 0x00, 0x00, 0x00, 0x00, 0x00, 0x00, 0x00, 0x00, 0xFF, 
0x84, 0x00, 0x00, 0x00, 0x00, 0xFF, 0x84, 0xFF, 0x84, 0x00, 0x00, 0x00, 0x00, 0xFF, 0x84, 0xFF, 
0x84, 0x00, 0x00, 0x00, 0x00, 0xFF, 0x84, 0xFF, 0x84, 0x00, 0x00, 0x00, 0x00, 0xFF, 0x84, 0xFF, 
0x84, 0x00, 0x00, 0x00, 0x00, 0xFF, 0x84, 0xFF, 0x84, 0x00, 0x00, 0x00, 0x00, 0xFF, 0x84, 0xFF, 
0x84, 0x00, 0x00, 0x00, 0x00, 0xFF, 0x84, 0xFF, 0x84, 0x00, 0x00, 0x00, 0x00, 0xFF, 0x84, 0xFF, 
0x84, 0x00, 0x00, 0x00, 0x00, 0xFF, 0x83, 0xF3, 0x92, 0x00, 0x00, 0x00, 0x0E, 0xFF, 0x77, 0xC1, 
0xD7, 0x03, 0x00, 0x00, 0x52, 0xFF, 0x45, 0x4F, 0xFF, 0xB3, 0x58, 0x6E, 0xEA, 0xCF, 0x03, 0x00, 
0x5B, 0xD5, 0xFD, 0xF0, 0xA5, 0x18, 0x00, 0x00, 0xEB, 0x01, 0x00, 0x62, 0xF7, 0x00, 0x00, 0xCB, 
0x6B, 0x1E, 0xC7, 0xBF, 0x00, 0x00, 0x46, 0xF6, 0xFF, 0xEF, 0x34, 0x00, 0x00, 0x00, 0x15, 0x3B, 
0x0F, 0x00, 0x00, 0xFF, 0x84, 0x00, 0x00, 0x00, 0xFF, 0x84, 0xFF, 0x84, 0x00, 0x00, 0x00, 0xFF, 
0x84, 0xFF, 0x84, 0x00, 0x00, 0x00, 0xFF, 0x84, 0xFF, 0x84, 0x00, 0x00, 0x00, 0xFF, 0x84, 0xFF, 
0x84, 0x00, 0x00, 0x00, 0xFF, 0x84, 0xFF, 0x84, 0x00, 0x00, 0x02, 0xFF, 0x84, 0xFF, 0x86, 0x00, 
0x00, 0x11, 0xFF, 0x84, 0xEB, 0xA2, 0x00, 0x00, 0x47, 0xFF, 0x84, 0xA7, 0xF3, 0x49, 0x3E, 0xCF, 
0xEF, 0x84, 0x19, 0xBD, 0xFB, 0xE0, 0x5A, 0xA2, 0x84, 0x00, 0x00, 0x00, 0x0B, 0x03, 0x00, 0x00, 
0x00, 0x00, 0x1C, 0xCD, 0xFF, 0xF4, 0x75, 0x00, 0x00, 0x00, 0x74, 0xFF, 0x6E, 0xC5, 0xF7, 0x00, 
0x00, 0x00, 0x2F, 0xF0, 0xFF, 0xFF, 0x9D, 0x00, 0x00, 0x00, 0x00, 0x0D, 0x3C, 0x28, 0x00, 0x00, 
0x00, 0x00, 0x00, 0x00, 0x00, 0x00, 0x00, 0x00, 0x00, 0xFF, 0x84, 0x00, 0x00, 0x00, 0x00, 0xFF, 
0x84, 0xFF, 0x84, 0x00, 0x00, 0x00, 0x00, 0xFF, 0x84, 0xFF, 0x84, 0x00, 0x00, 0x00, 0x00, 0xFF, 
0x84, 0xFF, 0x84, 0x00, 0x00, 0x00, 0x00, 0xFF, 0x84, 0xFF, 0x84, 0x00, 0x00, 0x00, 0x00, 0xFF, 
0x84, 0xFF, 0x84, 0x00, 0x00, 0x00, 0x00, 0xFF, 0x84, 0xFF, 0x84, 0x00, 0x00, 0x00, 0x00, 0xFF, 
0x84, 0xFF, 0x84, 0x00, 0x00, 0x00, 0x00, 0xFF, 0x84, 0xFF, 0x84, 0x00, 0x00, 0x00, 0x00, 0xFF, 
0x83, 0xF3, 0x92, 0x00, 0x00, 0x00, 0x0E, 0xFF, 0x77, 0xC1, 0xD7, 0x03, 0x00, 0x00, 0x52, 0xFF, 
0x45, 0x4F, 0xFF, 0xB3, 0x58, 0x6E, 0xEA, 0xCF, 0x03, 0x00, 0x5B, 0xD5, 0xFD, 0xF0, 0xA5, 0x18, 
0x00, 0x00, 0x00, 0x02, 0x08, 0x00, 0x00, 0x00, 0x00, 0x55, 0xEF, 0xFF, 0xB8, 0x0C, 0x00, 0x00, 
0xE9, 0xC4, 0x64, 0xFF, 0x6C, 0x00, 0x00, 0xF3, 0xAB, 0x33, 0xFF, 0x76, 0x00, 0x00, 0x7C, 0xFF, 
0xFF, 0xE1, 0x1A, 0x00, 0x00, 0x00, 0x22, 0x37, 0x08, 0x00, 0x00, 0xFF, 0x84, 0x00, 0x00, 0x00, 
0xFF, 0x84, 0xFF, 0x84, 0x00, 0x00, 0x00, 0xFF, 0x84, 0xFF, 0x84, 0x00, 0x00, 0x00, 0xFF, 0x84, 
0xFF, 0x84, 0x00, 0x00, 0x00, 0xFF, 0x84, 0xFF, 0x84, 0x00, 0x00, 0x00, 0xFF, 0x84, 0xFF, 0x84, 
0x00, 0x00, 0x02, 0xFF, 0x84, 0xFF, 0x87, 0x00, 0x00, 0x16, 0xFF, 0x84, 0xEA, 0xAB, 0x00, 0x00, 
0x53, 0xFF, 0x84, 0xA2, 0xFA, 0x6F, 0x65, 0xE3, 0xDE, 0x84, 0x17, 0xBA, 0xFA, 0xE3, 0x5E, 0x83, 
0x84, 0x00, 0x03, 0xDD, 0xB6, 0x34, 0xFF, 0x5F, 0x00, 0x00, 0x60, 0xE9, 0x1B, 0xB3, 0xAC, 0x00, 
0x00, 0x03, 0xC7, 0x35, 0x33, 0xC1, 0x0A, 0x00, 0x00, 0x00, 0x00, 0x00, 0x00, 0x00, 0x00, 0x00, 
0x00, 0xFF, 0x84, 0x00, 0x00, 0x00, 0x00, 0xFF, 0x84, 0xFF, 0x84, 0x00, 0x00, 0x00, 0x00, 0xFF, 
0x84, 0xFF, 0x84, 0x00, 0x00, 0x00, 0x00, 0xFF, 0x84, 0xFF, 0x84, 0x00, 0x00, 0x00, 0x00, 0xFF, 
0x84, 0xFF, 0x84, 0x00, 0x00, 0x00, 0x00, 0xFF, 0x84, 0xFF, 0x84, 0x00, 0x00, 0x00, 0x00, 0xFF, 
0x84, 0xFF, 0x84, 0x00, 0x00, 0x00, 0x00, 0xFF, 0x84, 0xFF, 0x84, 0x00, 0x00, 0x00, 0x00, 0xFF, 
0x84, 0xFF, 0x84, 0x00, 0x00, 0x00, 0x00, 0xFF, 0x83, 0xF3, 0x92, 0x00, 0x00, 0x00, 0x0E, 0xFF, 
0x77, 0xC1, 0xD7, 0x03, 0x00, 0x00, 0x52, 0xFF, 0x45, 0x4F, 0xFF, 0xB3, 0x58, 0x6E, 0xEA, 0xCF, 
0x03, 0x00, 0x5B, 0xD5, 0xFD, 0xF0, 0xA5, 0x18, 0x00, 0x00, 0x65, 0xFF, 0x3E, 0xA5, 0xEA, 0x11, 
0x07, 0xE1, 0x84, 0x2B, 0xF9, 0x45, 0x00, 0x66, 0x96, 0x01, 0xA2, 0x60, 0x00, 0x00, 0x00, 0x00, 
0x00, 0x00, 0x00, 0x00, 0x00, 0xFF, 0x84, 0x00, 0x00, 0x00, 0xFF, 0x84, 0xFF, 0x84, 0x00, 0x00, 
0x00, 0xFF, 0x84, 0xFF, 0x84, 0x00, 0x00, 0x00, 0xFF, 0x84, 0xFF, 0x84, 0x00, 0x00, 0x00, 0xFF, 
0x84, 0xFF, 0x84, 0x00, 0x00, 0x00, 0xFF, 0x84, 0xFF, 0x84, 0x00, 0x00, 0x02, 0xFF, 0x84, 0xFF, 
0x87, 0x00, 0x00, 0x16, 0xFF, 0x84, 0xEB, 0xAB, 0x00, 0x00, 0x53, 0xFF, 0x84, 0xA7, 0xFA, 0x6F, 
0x65, 0xD6, 0xEF, 0x84, 0x1A, 0xC0, 0xFB, 0xD9, 0x43, 0xC2, 0x84, 0xFF, 0x84, 0x00, 0x00, 0x00, 
0x00, 0xFF, 0x84, 0xFF, 0x84, 0x00, 0x00, 0x00, 0x00, 0xFF, 0x84, 0xFF, 0x84, 0x00, 0x00, 0x00, 
0x00, 0xFF, 0x84, 0xFF, 0x84, 0x00, 0x00, 0x00, 0x00, 0xFF, 0x84, 0xFF, 0x84, 0x00, 0x00, 0x00, 
0x00, 0xFF, 0x84, 0xFF, 0x84, 0x00, 0x00, 0x00, 0x00, 0xFF, 0x84, 0xFF, 0x84, 0x00, 0x00, 0x00, 
0x00, 0xFF, 0x84, 0xFF, 0x84, 0x00, 0x00, 0x00, 0x00, 0xFF, 0x84, 0xFF, 0x84, 0x00, 0x00, 0x00, 
0x00, 0xFF, 0x83, 0xF3, 0x92, 0x00, 0x00, 0x00, 0x0E, 0xFF, 0x77, 0xC1, 0xD7, 0x03, 0x00, 0x00, 
0x52, 0xFF, 0x45, 0x4F, 0xFF, 0xB3, 0x58, 0x6E, 0xEA, 0xCF, 0x03, 0x00, 0x5B, 0xD5, 0xFD, 0xFA, 
0xF4, 0x2B, 0x00, 0x00, 0x00, 0x00, 0x05, 0xC8, 0x6C, 0x00, 0x00, 0x00, 0x00, 0x00, 0x5C, 0xFF, 
0x0C, 0x00, 0x00, 0x00, 0x00, 0x00, 0x7B, 0xFF, 0x6D, 0x1B, 0x00, 0x00, 0x00, 0x00, 0x25, 0xDC, 
0xF8, 0x3F, 0x00, 0xFF, 0x84, 0x00, 0x00, 0x00, 0xFF, 0x84, 0xFF, 0x84, 0x00, 0x00, 0x00, 0xFF, 
0x84, 0xFF, 0x84, 0x00, 0x00, 0x00, 0xFF, 0x84, 0xFF, 0x84, 0x00, 0x00, 0x00, 0xFF, 0x84, 0xFF, 
0x84, 0x00, 0x00, 0x00, 0xFF, 0x84, 0xFF, 0x84, 0x00, 0x00, 0x02, 0xFF, 0x84, 0xFF, 0x87, 0x00, 
0x00, 0x16, 0xFF, 0x84, 0xEB, 0xAB, 0x00, 0x00, 0x53, 0xFF, 0x84, 0xA7, 0xFA, 0x6F, 0x65, 0xDB, 
0xE7, 0x84, 0x19, 0xBD, 0xFB, 0xDE, 0x4E, 0xA0, 0x84, 0x00, 0x00, 0x00, 0x00, 0x32, 0xE0, 0x1D, 
0x00, 0x00, 0x00, 0x00, 0xCB, 0x95, 0x00, 0x00, 0x00, 0x00, 0x00, 0xF8, 0xC4, 0x44, 0x00, 0x00, 
0x00, 0x00, 0x82, 0xF6, 0xB0, 0x00, 0x00, 0x00, 0x00, 0x00, 0x0C, 0x80, 0x50, 0x00, 0x00, 0x00, 
0x00, 0x00, 0x00, 0x00, 0x00, 0x00, 0x00, 0x00, 0x85, 0xF2, 0xF2, 0x1B, 0x00, 0x00, 0x00, 0x00, 
0x00, 0x00, 0x00, 0x00, 0x00, 0x2D, 0xEB, 0x2C, 0x94, 0xB1, 0x00, 0x00, 0x00, 0x00, 0x00, 0x00, 
0x00, 0x00, 0x00, 0x54, 0x37, 0x00, 0x02, 0x6E, 0x19, 0x00, 0x00, 0x00, 0x00, 0x00, 0x00, 0x00, 
0x00, 0x00, 0x00, 0x00, 0x00, 0x00, 0x00, 0x00, 0x00, 0x00, 0x00, 0xC9, 0xC5, 0x00, 0x00, 0x00, 
0x14, 0xFF, 0xA3, 0x00, 0x00, 0x00, 0x3A, 0xFF, 0x5D, 0x92, 0xF6, 0x03, 0x00, 0x00, 0x4A, 0xFF, 
0xD9, 0x00, 0x00, 0x00, 0x6D, 0xFF, 0x27, 0x5D, 0xFF, 0x2C, 0x00, 0x00, 0x80, 0xE1, 0xFF, 0x11, 
0x00, 0x00, 0xA1, 0xF0, 0x01, 0x27, 0xFF, 0x5F, 0x00, 0x00, 0xB6, 0x98, 0xFE, 0x45, 0x00, 0x00, 
0xD4, 0xBC, 0x00, 0x01, 0xEF, 0x93, 0x00, 0x01, 0xEC, 0x62, 0xD5, 0x7C, 0x00, 0x0A, 0xFD, 0x84, 
0x00, 0x00, 0xBC, 0xC6, 0x00, 0x23, 0xFF, 0x2E, 0x9E, 0xB2, 0x00, 0x3A, 0xFF, 0x50, 0x00, 0x00, 
0x84, 0xF7, 0x03, 0x59, 0xF4, 0x03, 0x68, 0xE8, 0x00, 0x6E, 0xFF, 0x1A, 0x00, 0x00, 0x4E, 0xFF, 
0x2D, 0x90, 0xC1, 0x00, 0x31, 0xFF, 0x1F, 0xA1, 0xE4, 0x00, 0x00, 0x00, 0x18, 0xFF, 0x5E, 0xC4, 
0x8C, 0x00, 0x05, 0xF7, 0x54, 0xD5, 0xAF, 0x00, 0x00, 0x00, 0x00, 0xE2, 0x8D, 0xF3, 0x56, 0x00, 
0x00, 0xC4, 0x89, 0xFC, 0x77, 0x00, 0x00, 0x00, 0x00, 0xAC, 0xD2, 0xFF, 0x1F, 0x00, 0x00, 0x90, 
0xD4, 0xFF, 0x43, 0x00, 0x00, 0x00, 0x00, 0x75, 0xFF, 0xE9, 0x00, 0x00, 0x00, 0x59, 0xFF, 0xFE, 
0x0F, 0x00, 0x00, 0x00, 0x00, 0x3F, 0xFF, 0xB3, 0x00, 0x00, 0x00, 0x24, 0xFF, 0xD7, 0x00, 0x00, 
0x00, 0x00, 0x00, 0x00, 0x00, 0x4A, 0xFF, 0xBD, 0x00, 0x00, 0x00, 0x00, 0x00, 0x00, 0x00, 0x00, 
0x0F, 0xE2, 0x7F, 0xDF, 0x62, 0x00, 0x00, 0x00, 0x00, 0x00, 0x00, 0x00, 0x77, 0x73, 0x00, 0x22, 
0xB3, 0x11, 0x00, 0x00, 0x00, 0x00, 0x00, 0x00, 0x00, 0x00, 0x00, 0x00, 0x00, 0x00, 0x00, 0x00, 
0x00, 0xBC, 0xC6, 0x00, 0x00, 0x34, 0xFF, 0xB3, 0x00, 0x00, 0x46, 0xFF, 0x30, 0x84, 0xF7, 0x03, 
0x00, 0x6D, 0xFB, 0xE9, 0x00, 0x00, 0x7C, 0xF4, 0x03, 0x4E, 0xFF, 0x2F, 0x00, 0xA4, 0xB9, 0xFF, 
0x1F, 0x00, 0xAF, 0xC0, 0x00, 0x17, 0xFF, 0x62, 0x00, 0xDC, 0x6B, 0xF1, 0x56, 0x00, 0xE3, 0x89, 
0x00, 0x00, 0xDE, 0x96, 0x14, 0xFF, 0x36, 0xBF, 0x8C, 0x17, 0xFF, 0x50, 0x00, 0x00, 0xA6, 0xC8, 
0x4A, 0xF9, 0x06, 0x8C, 0xC2, 0x4B, 0xFF, 0x18, 0x00, 0x00, 0x6E, 0xF3, 0x79, 0xC9, 0x00, 0x58, 
0xF1, 0x7E, 0xE0, 0x00, 0x00, 0x00, 0x37, 0xFF, 0xBD, 0x91, 0x00, 0x25, 0xFF, 0xC1, 0xA8, 0x00, 
0x00, 0x00, 0x07, 0xF9, 0xFA, 0x5A, 0x00, 0x01, 0xF1, 0xFB, 0x70, 0x00, 0x00, 0x00, 0x00, 0xC9, 
0xFF, 0x24, 0x00, 0x00, 0xBE, 0xFF, 0x37, 0x00, 0x00, 0x00, 0x00, 0x00, 0x0D, 0x80, 0x4B, 0x00, 
0x00, 0x00, 0x00, 0x00, 0x00, 0x85, 0xF2, 0xED, 0x14, 0x00, 0x00, 0x00, 0x00, 0x30, 0xEA, 0x28, 
0x9C, 0xA7, 0x00, 0x00, 0x00, 0x00, 0x54, 0x35, 0x00, 0x04, 0x72, 0x15, 0x00, 0x00, 0x00, 0x00, 
0x00, 0x00, 0x00, 0x00, 0x00, 0x00, 0x03, 0xE4, 0xBA, 0x00, 0x00, 0x00, 0x2E, 0xFF, 0x6A, 0x00, 
0x84, 0xFD, 0x18, 0x00, 0x00, 0x8A, 0xF6, 0x10, 0x00, 0x22, 0xFF, 0x71, 0x00, 0x02, 0xE4, 0xA3, 
0x00, 0x00, 0x00, 0xBE, 0xCB, 0x00, 0x42, 0xFF, 0x3F, 0x00, 0x00, 0x00, 0x5B, 0xFF, 0x27, 0x9E, 
0xDA, 0x01, 0x00, 0x00, 0x00, 0x08, 0xF0, 0x8B, 0xF2, 0x77, 0x00, 0x00, 0x00, 0x00, 0x00, 0x94, 
0xFC, 0xFB, 0x18, 0x00, 0x00, 0x00, 0x00, 0x00, 0x32, 0xFF, 0xB0, 0x00, 0x00, 0x00, 0x00, 0x00, 
0x00, 0x00, 0xFF, 0x84, 0x00, 0x00, 0x00, 0x00, 0x00, 0x00, 0x00, 0xFF, 0x84, 0x00, 0x00, 0x00, 
0x00, 0x00, 0x00, 0x00, 0xFF, 0x84, 0x00, 0x00, 0x00, 0x00, 0x00, 0x00, 0x00, 0xFF, 0x84, 0x00, 
0x00, 0x00, 0x00, 0x00, 0x00, 0x00, 0xFF, 0x84, 0x00, 0x00, 0x00, 0x00, 0x00, 0x00, 0xB0, 0xFF, 
0x59, 0x00, 0x00, 0x00, 0x00, 0x55, 0xE5, 0x7A, 0xE8, 0x16, 0x00, 0x00, 0x0C, 0xB3, 0x2B, 0x00, 
0x66, 0x81, 0x00, 0x00, 0x00, 0x00, 0x00, 0x00, 0x00, 0x00, 0x00, 0x12, 0xFD, 0x85, 0x00, 0x00, 
0x00, 0xCD, 0xC0, 0x00, 0xC3, 0xC8, 0x00, 0x00, 0x12, 0xFE, 0x79, 0x00, 0x77, 0xFD, 0x0F, 0x00, 
0x52, 0xFF, 0x30, 0x00, 0x2C, 0xFF, 0x4E, 0x00, 0x94, 0xE7, 0x01, 0x00, 0x00, 0xE0, 0x91, 0x00, 
0xD7, 0xA2, 0x00, 0x00, 0x00, 0x95, 0xD5, 0x19, 0xFF, 0x59, 0x00, 0x00, 0x00, 0x49, 0xFF, 0x6F, 
0xFE, 0x14, 0x00, 0x00, 0x00, 0x09, 0xF5, 0xD7, 0xCB, 0x00, 0x00, 0x00, 0x00, 0x00, 0xB3, 0xFF, 
0x82, 0x00, 0x00, 0x00, 0x00, 0x00, 0x70, 0xFF, 0x3A, 0x00, 0x00, 0x00, 0x00, 0x00, 0x94, 0xEF, 
0x03, 0x00, 0x00, 0x00, 0x00, 0x03, 0xE2, 0xA5, 0x00, 0x00, 0x00, 0x00, 0x59, 0x9C, 0xFF, 0x3A, 
0x00, 0x00, 0x00, 0x00, 0xF2, 0xEF, 0x71, 0x00, 0x00, 0x00, 0x00, 0x00, 0x00, 0x06, 0x01, 0x00, 
0x06, 0x00, 0x00, 0x00, 0x00, 0x00, 0xEB, 0x6E, 0x00, 0xE9, 0x6C, 0x00, 0x00, 0x00, 0x00, 0x2B, 
0x0D, 0x00, 0x2B, 0x0D, 0x00, 0x00, 0x00, 0x00, 0x00, 0x00, 0x00, 0x00, 0x00, 0x00, 0x00, 0x6A, 
0xFF, 0x36, 0x00, 0x00, 0x00, 0xAE, 0xE7, 0x04, 0x10, 0xF6, 0x92, 0x00, 0x00, 0x11, 0xF9, 0x86, 
0x00, 0x00, 0xA2, 0xEA, 0x04, 0x00, 0x66, 0xFF, 0x25, 0x00, 0x00, 0x3E, 0xFF, 0x4A, 0x00, 0xC2, 
0xC0, 0x00, 0x00, 0x00, 0x01, 0xD9, 0xA6, 0x1F, 0xFF, 0x5D, 0x00, 0x00, 0x00, 0x00, 0x76, 0xF6, 
0x87, 0xF0, 0x0A, 0x00, 0x00, 0x00, 0x00, 0x18, 0xFB, 0xFC, 0x97, 0x00, 0x00, 0x00, 0x00, 0x00, 
0x00, 0xAD, 0xFF, 0x34, 0x00, 0x00, 0x00, 0x00, 0x00, 0x00, 0x7C, 0xFF, 0x08, 0x00, 0x00, 0x00, 
0x00, 0x00, 0x00, 0x7C, 0xFF, 0x08, 0x00, 0x00, 0x00, 0x00, 0x00, 0x00, 0x7C, 0xFF, 0x08, 0x00, 
0x00, 0x00, 0x00, 0x00, 0x00, 0x7C, 0xFF, 0x08, 0x00, 0x00, 0x00, 0x00, 0x00, 0x00, 0x7C, 0xFF, 
0x08, 0x00, 0x00, 0x00, 0x00, 0x00, 0x00, 0x39, 0x80, 0x2A, 0x00, 0x00, 0x01, 0xCF, 0xCF, 0x07, 
0x00, 0x00, 0x5A, 0xE9, 0x20, 0x00, 0x00, 0x00, 0x64, 0x2C, 0x00, 0x00, 0x00, 0x00, 0x00, 0x00, 
0x00, 0x00, 0xFF, 0xFF, 0xFF, 0xFF, 0xFF, 0xFF, 0x50, 0x50, 0x50, 0x50, 0xDB, 0xD8, 0x00, 0x00, 
0x00, 0x23, 0xFE, 0x70, 0x00, 0x00, 0x00, 0x8C, 0xF5, 0x10, 0x00, 0x00, 0x08, 0xEC, 0x9B, 0x00, 
0x00, 0x00, 0x5F, 0xFF, 0x31, 0x00, 0x00, 0x00, 0xC7, 0xC7, 0x00, 0x00, 0x00, 0x32, 0xFF, 0x5C, 
0x00, 0x00, 0x00, 0x9C, 0xEB, 0x08, 0x00, 0x00, 0x10, 0xF5, 0x87, 0x00, 0x00, 0x00, 0x6F, 0xFE, 
0x21, 0x00, 0x00, 0x00, 0xD7, 0xD7, 0x50, 0x50, 0x50, 0x50, 0xFF, 0xFF, 0xFF, 0xFF, 0xFF, 0xFF, 
0x00, 0x00, 0x11, 0xF0, 0xC8, 0x01, 0x00, 0x00, 0x94, 0xDF, 0x1A, 0x00, 0x00, 0x20, 0xBD, 0x20, 
0x00, 0x00, 0x00, 0x00, 0x00, 0x00, 0x00, 0x00, 0xFF, 0xFF, 0xFF, 0xFF, 0xFF, 0x00, 0x50, 0x50, 
0x50, 0xD8, 0xD9, 0x00, 0x00, 0x00, 0x27, 0xFF, 0x67, 0x00, 0x00, 0x00, 0x98, 0xED, 0x09, 0x00, 
0x00, 0x13, 0xF6, 0x84, 0x00, 0x00, 0x00, 0x7A, 0xFA, 0x19, 0x00, 0x00, 0x06, 0xE5, 0xA1, 0x00, 
0x00, 0x00, 0x5E, 0xFF, 0x30, 0x00, 0x00, 0x00, 0xCE, 0xDE, 0x50, 0x50, 0x50, 0x00, 0xFF, 0xFF, 
0xFF, 0xFF, 0xFF, 0x00, 0x00, 0x00, 0x5F, 0xDA, 0x00, 0x00, 0x00, 0x00, 0x65, 0xE4, 0x00, 0x00, 
0x00, 0x00, 0x00, 0x08, 0x00, 0x00, 0x00, 0x00, 0x00, 0x00, 0x00, 0x00, 0xFF, 0xFF, 0xFF, 0xFF, 
0xFF, 0xFF, 0x50, 0x50, 0x50, 0x50, 0xC8, 0xDA, 0x00, 0x00, 0x00, 0x12, 0xF6, 0x76, 0x00, 0x00, 
0x00, 0x74, 0xFB, 0x16, 0x00, 0x00, 0x03, 0xDF, 0xAC, 0x00, 0x00, 0x00, 0x4D, 0xFF, 0x46, 0x00, 
0x00, 0x00, 0xBA, 0xDF, 0x02, 0x00, 0x00, 0x28, 0xFF, 0x7B, 0x00, 0x00, 0x00, 0x93, 0xFC, 0x1B, 
0x00, 0x00, 0x0D, 0xF2, 0xB2, 0x00, 0x00, 0x00, 0x6A, 0xFF, 0x4D, 0x00, 0x00, 0x00, 0xD7, 0xF7, 
0x53, 0x50, 0x50, 0x50, 0xFF, 0xFF, 0xFF, 0xFF, 0xFF, 0xFF, 0x00, 0x00, 0xDA, 0x60, 0x00, 0x00, 
0x00, 0xE4, 0x6A, 0x00, 0x00, 0x00, 0x0A, 0x01, 0x00, 0x00, 0x00, 0x00, 0x00, 0x00, 0xFF, 0xFF, 
0xFF, 0xFF, 0xFF, 0x50, 0x50, 0x50, 0xCB, 0xDB, 0x00, 0x00, 0x1B, 0xFB, 0x72, 0x00, 0x00, 0x89, 
0xF6, 0x11, 0x00, 0x0D, 0xF1, 0x9F, 0x00, 0x00, 0x72, 0xFF, 0x34, 0x00, 0x04, 0xE1, 0xCC, 0x00, 
0x00, 0x5B, 0xFF, 0x61, 0x00, 0x00, 0xCE, 0xFD, 0x5A, 0x50, 0x50, 0xFF, 0xFF, 0xFF, 0xFF, 0xFF, 
0x22, 0x63, 0x00, 0x00, 0x56, 0x2F, 0x03, 0xC9, 0x6C, 0x5B, 0xDB, 0x0A, 0x00, 0x33, 0xF9, 0xF8, 
0x42, 0x00, 0x00, 0x00, 0x64, 0x6D, 0x00, 0x00, 0x00, 0x00, 0x00, 0x00, 0x00, 0x00, 0xFF, 0xFF, 
0xFF, 0xFF, 0xFF, 0xFF, 0x50, 0x50, 0x50, 0x50, 0xDB, 0xD8, 0x00, 0x00, 0x00, 0x23, 0xFE, 0x70, 
0x00, 0x00, 0x00, 0x8C, 0xF5, 0x10, 0x00, 0x00, 0x08, 0xEC, 0x9B, 0x00, 0x00, 0x00, 0x5F, 0xFF, 
0x31, 0x00, 0x00, 0x00, 0xC7, 0xC7, 0x00, 0x00, 0x00, 0x32, 0xFF, 0x5C, 0x00, 0x00, 0x00, 0x9C, 
0xEB, 0x08, 0x00, 0x00, 0x10, 0xF5, 0x87, 0x00, 0x00, 0x00, 0x6F, 0xFE, 0x21, 0x00, 0x00, 0x00, 
0xD7, 0xD7, 0x50, 0x50, 0x50, 0x50, 0xFF, 0xFF, 0xFF, 0xFF, 0xFF, 0xFF, 0x9D, 0x90, 0x00, 0x5C, 
0xCB, 0x05, 0x0B, 0xDC, 0xA9, 0xF3, 0x27, 0x00, 0x00, 0x46, 0xCC, 0x6D, 0x00, 0x00, 0x00, 0x00, 
0x00, 0x00, 0x00, 0x00, 0xFF, 0xFF, 0xFF, 0xFF, 0xFF, 0x00, 0x50, 0x50, 0x50, 0xD8, 0xD9, 0x00, 
0x00, 0x00, 0x27, 0xFF, 0x67, 0x00, 0x00, 0x00, 0x98, 0xED, 0x09, 0x00, 0x00, 0x13, 0xF6, 0x84, 
0x00, 0x00, 0x00, 0x7A, 0xFA, 0x19, 0x00, 0x00, 0x06, 0xE5, 0xA1, 0x00, 0x00, 0x00, 0x5E, 0xFF, 
0x30, 0x00, 0x00, 0x00, 0xCE, 0xDE, 0x50, 0x50, 0x50, 0x00, 0xFF, 0xFF, 0xFF, 0xFF, 0xFF, 0x00, 
0x2A, 0xD3, 0xFC, 0xBC, 0xB5, 0xEA, 0x5D, 0x4A, 0xF0, 0x96, 0x00, 0x00, 0xFF, 0x85, 0x00, 0x00, 
0xFF, 0x84, 0x00, 0x00, 0xFF, 0x84, 0x00, 0x00, 0xFF, 0x84, 0x00, 0x00, 0xFF, 0x84, 0x00, 0x00, 
0xFF, 0x84, 0x00, 0x00, 0xFF, 0x84, 0x00, 0x00, 0xFF, 0x84, 0x00, 0x00, 0xFF, 0x84, 0x00, 0x00, 
0xFF, 0x84, 0x00, 0x00, 0xFF, 0x84, 0x00, 0x00, 0x00, 0xFF, 0x84, 0x00, 0x00, 0x00, 0x00, 0x00, 
0x10, 0xFF, 0x8C, 0x10, 0x10, 0x00, 0x00, 0x00, 0xFF, 0xFF, 0xFF, 0xFF, 0xFF, 0x00, 0x00, 0x00, 
0x40, 0xFF, 0xA3, 0x40, 0x40, 0x00, 0x00, 0x00, 0x00, 0xFF, 0x89, 0x97, 0xF5, 0xE9, 0x71, 0x00, 
0x00, 0xFF, 0xE9, 0xA8, 0x58, 0xAB, 0xFF, 0x4E, 0x00, 0xFF, 0xDA, 0x02, 0x00, 0x04, 0xE2, 0xB3, 
0x00, 0xFF, 0x9D, 0x00, 0x00, 0x00, 0xA2, 0xE7, 0x00, 0xFF, 0x87, 0x00, 0x00, 0x00, 0x88, 0xFC, 
0x00, 0xFF, 0x88, 0x00, 0x00, 0x00, 0x88, 0xFC, 0x00, 0xFF, 0x9D, 0x00, 0x00, 0x00, 0xA2, 0xE6, 
0x00, 0xFF, 0xDD, 0x03, 0x00, 0x04, 0xE3, 0xB1, 0x00, 0xFF, 0xE0, 0xAB, 0x57, 0xAA, 0xFF, 0x4B, 
0x00, 0xFF, 0x4A, 0x97, 0xF5, 0xEB, 0x72, 0x00, 0x3E, 0xDA, 0xFF, 0xFF, 0xFF, 0xFF, 0xF3, 0xBC, 
0x39, 0x00, 0xD4, 0xD2, 0xAC, 0xFF, 0x50, 0x51, 0x6F, 0xE0, 0xF5, 0x20, 0xFB, 0x89, 0x84, 0xFF, 
0x00, 0x00, 0x00, 0x32, 0xFF, 0x6F, 0xA6, 0x69, 0x84, 0xFF, 0x00, 0x00, 0x00, 0x05, 0xFF, 0x80, 
0x00, 0x00, 0x84, 0xFF, 0x00, 0x00, 0x00, 0x23, 0xFF, 0x62, 0x00, 0x00, 0x84, 0xFF, 0x10, 0x11, 
0x2C, 0xB8, 0xE7, 0x11, 0x00, 0x00, 0x84, 0xFF, 0xFF, 0xFF, 0xFF, 0xEC, 0x36, 0x00, 0x00, 0x00, 
0x84, 0xFF, 0x40, 0x41, 0x5B, 0xD7, 0xE7, 0x13, 0x00, 0x00, 0x84, 0xFF, 0x00, 0x00, 0x00, 0x2B, 
0xFF, 0x69, 0x00, 0x00, 0x84, 0xFF, 0x00, 0x00, 0x00, 0x04, 0xFF, 0x82, 0x00, 0x00, 0x84, 0xFF, 
0x00, 0x00, 0x00, 0x33, 0xFF, 0x64, 0x00, 0x00, 0x84, 0xFF, 0x50, 0x50, 0x66, 0xDA, 0xE9, 0x11, 
0x00, 0x00, 0x84, 0xFF, 0xFF, 0xFF, 0xF7, 0xB9, 0x2A, 0x00, 0xFF, 0xFF, 0xFF, 0xFF, 0xFF, 0xDC, 
0x00, 0xFF, 0xAB, 0x50, 0x50, 0x50, 0x45, 0x00, 0xFF, 0x84, 0x00, 0x00, 0x00, 0x00, 0x00, 0xFF, 
0x84, 0x00, 0x00, 0x00, 0x00, 0x00, 0xFF, 0x8C, 0x0F, 0x04, 0x00, 0x00, 0x00, 0xFF, 0xFF, 0xFF, 
0xFB, 0xBD, 0x2B, 0x00, 0xFF, 0xA3, 0x41, 0x60, 0xDE, 0xE8, 0x0D, 0xFF, 0x84, 0x00, 0x00, 0x3E, 
0xFF, 0x5A, 0xFF, 0x84, 0x00, 0x00, 0x07, 0xFF, 0x7F, 0xFF, 0x84, 0x00, 0x00, 0x0C, 0xFF, 0x7A, 
0xFF, 0x84, 0x00, 0x00, 0x4B, 0xFF, 0x4E, 0xFF, 0xAB, 0x51, 0x70, 0xEA, 0xD7, 0x05, 0xFF, 0xFF, 
0xFF, 0xF0, 0xA8, 0x1B, 0x00, 0xFF, 0xFF, 0xFF, 0xFF, 0xFF, 0xFF, 0x1C, 0xFF, 0xAB, 0x50, 0x50, 
0x50, 0x50, 0x09, 0xFF, 0x84, 0x00, 0x00, 0x00, 0x00, 0x00, 0xFF, 0x84, 0x00, 0x00, 0x00, 0x00, 
0x00, 0xFF, 0x87, 0x91, 0xF5, 0xEB, 0x75, 0x00, 0xFF, 0xE7, 0xA7, 0x58, 0xA8, 0xFF, 0x4F, 0xFF, 
0xD9, 0x02, 0x00, 0x03, 0xDF, 0xB3, 0xFF, 0x9D, 0x00, 0x00, 0x00, 0x9F, 0xE7, 0xFF, 0x87, 0x00, 
0x00, 0x00, 0x88, 0xFC, 0xFF, 0x88, 0x00, 0x00, 0x00, 0x89, 0xFC, 0xFF, 0xA1, 0x00, 0x00, 0x00, 
0xA2, 0xE6, 0xFF, 0xE3, 0x05, 0x00, 0x04, 0xE3, 0xB3, 0xFF, 0xE2, 0xB1, 0x59, 0xA8, 0xFF, 0x4D, 
0xFF, 0x51, 0x95, 0xF5, 0xEC, 0x75, 0x00, 0xFF, 0x84, 0x00, 0x00, 0x00, 0x00, 0x00, 0xFF, 0x84, 
0x00, 0x00, 0x00, 0x00, 0x00, 0xFF, 0x84, 0x00, 0x00, 0x00, 0x00, 0x00, 0xFF, 0x84, 0x00, 0x00, 
0x00, 0x00, 0x00, 0xFF, 0x8C, 0x10, 0x0A, 0x00, 0x00, 0x00, 0xFF, 0xFF, 0xFF, 0xFF, 0xE1, 0x6C, 
0x00, 0xFF, 0xA3, 0x40, 0x4D, 0xA1, 0xFF, 0x68, 0xFF, 0x84, 0x00, 0x00, 0x00, 0xC3, 0xD3, 0xFF, 
0x84, 0x00, 0x00, 0x00, 0x8B, 0xFB, 0xFC, 0x8F, 0x00, 0x00, 0x00, 0x90, 0xF5, 0xDA, 0xC6, 0x00, 
0x00, 0x00, 0xC8, 0xC9, 0x7C, 0xFF, 0x9A, 0x56, 0x9E, 0xFF, 0x5F, 0x03, 0x84, 0xE5, 0xFE, 0xE1, 
0x74, 0x00, 0xFF, 0x84, 0x00, 0x00, 0x00, 0x00, 0x00, 0xFF, 0x84, 0x00, 0x00, 0x00, 0x00, 0x00, 
0xFF, 0x84, 0x00, 0x00, 0x00, 0x00, 0x00, 0xFF, 0x84, 0x00, 0x00, 0x00, 0x00, 0x00, 0xFF, 0x87, 
0x9F, 0xF8, 0xD6, 0x30, 0x00, 0xFF, 0xE2, 0x97, 0x5F, 0xE3, 0xDB, 0x03, 0xFF, 0xD6, 0x01, 0x00, 
0x58, 0xFF, 0x3B, 0xFF, 0x9B, 0x00, 0x00, 0x1A, 0xFF, 0x6C, 0xFF, 0x88, 0x00, 0x00, 0x04, 0xFF, 
0x80, 0xFC, 0x88, 0x00, 0x00, 0x04, 0xFF, 0x80, 0xE7, 0x9D, 0x00, 0x00, 0x1B, 0xFF, 0x65, 0xB2, 
0xD9, 0x01, 0x00, 0x5A, 0xFF, 0x29, 0x49, 0xFF, 0x9B, 0x60, 0xE3, 0xB5, 0x00, 0x00, 0x6C, 0xE7, 
0xF8, 0xAC, 0x12, 0x00, 0x71, 0xD7, 0xFA, 0xF5, 0xB9, 0x31, 0x00, 0x00, 0x6F, 0x91, 0x58, 0x68, 
0xD8, 0xF6, 0x32, 0x00, 0x00, 0x00, 0x00, 0x00, 0x13, 0xE4, 0xC6, 0x00, 0x00, 0x00, 0x00, 0x00, 
0x00, 0x77, 0xFF, 0x24, 0x00, 0x00, 0x00, 0x00, 0x00, 0x31, 0xFF, 0x5D, 0x00, 0x00, 0x00, 0x00, 
0x00, 0x0E, 0xFF, 0x7A, 0x00, 0x00, 0x00, 0x00, 0x00, 0x02, 0xFF, 0x82, 0x00, 0x00, 0x00, 0x00, 
0x00, 0x0D, 0xFF, 0x76, 0x00, 0x00, 0x00, 0x00, 0x00, 0x33, 0xFF, 0x53, 0x00, 0x00, 0x00, 0x00, 
0x00, 0x7E, 0xFD, 0x18, 0x00, 0x00, 0x00, 0x00, 0x1E, 0xEE, 0xAE, 0x00, 0x5A, 0x7A, 0x54, 0x71, 
0xE4, 0xE9, 0x1E, 0x00, 0x4F, 0xD7, 0xFB, 0xF1, 0xAC, 0x21, 0x00, 0x00, 0x00, 0x00, 0x00, 0x00, 
0x00, 0x00, 0x00, 0x06, 0x04, 0x00, 0x00, 0x00, 0x00, 0x00, 0x00, 0x5A, 0xF6, 0xE7, 0x00, 0x00, 
0x00, 0x00, 0x00, 0x00, 0xDF, 0xC3, 0x51, 0x00, 0x00, 0x00, 0x00, 0x00, 0x00, 0xFF, 0x85, 0x00, 
0x00, 0x00, 0x64, 0xD5, 0xFC, 0xEC, 0xFF, 0x7B, 0x00, 0x00, 0x83, 0xFF, 0xA3, 0x58, 0x68, 0xB9, 
0x1D, 0x00, 0x2C, 0xFE, 0x8F, 0x00, 0x00, 0x00, 0x00, 0x00, 0x00, 0x92, 0xF8, 0x11, 0x00, 0x00, 
0x00, 0x00, 0x00, 0x00, 0xD1, 0xBD, 0x00, 0x00, 0x00, 0x00, 0x00, 0x00, 0x00, 0xF4, 0x94, 0x00, 
0x00, 0x00, 0x00, 0x00, 0x00, 0x00, 0xFE, 0x86, 0x00, 0x00, 0x00, 0x00, 0x00, 0x00, 0x00, 0xF5, 
0x91, 0x00, 0x00, 0x00, 0x00, 0x00, 0x00, 0x00, 0xD5, 0xB7, 0x00, 0x00, 0x00, 0x00, 0x00, 0x00, 
0x00, 0x99, 0xF4, 0x0D, 0x00, 0x00, 0x00, 0x00, 0x00, 0x00, 0x36, 0xFF, 0x8E, 0x00, 0x00, 0x00, 
0x00, 0x00, 0x00, 0x00, 0x8F, 0xFF, 0xA9, 0x59, 0x5E, 0x95, 0x19, 0x00, 0x00, 0x01, 0x6C, 0xD7, 
0xFD, 0xF2, 0xBC, 0x11, 0x00, 0x00, 0x00, 0x00, 0x00, 0x63, 0xEE, 0xEE, 0x00, 0x00, 0x00, 0x00, 
0xEB, 0xC8, 0x5F, 0x00, 0x00, 0x00, 0x00, 0xFF, 0x85, 0x00, 0x00, 0x00, 0x00, 0x00, 0xFF, 0x84, 
0x00, 0x00, 0x5E, 0xE1, 0xFB, 0xFF, 0x73, 0x00, 0x40, 0xFE, 0xAF, 0x57, 0x86, 0x16, 0x00, 0xAB, 
0xE4, 0x05, 0x00, 0x00, 0x00, 0x00, 0xE3, 0xA3, 0x00, 0x00, 0x00, 0x00, 0x00, 0xFC, 0x88, 0x00, 
0x00, 0x00, 0x00, 0x00, 0xFC, 0x88, 0x00, 0x00, 0x00, 0x00, 0x00, 0xE7, 0xA4, 0x00, 0x00, 0x00, 
0x00, 0x00, 0xAD, 0xE8, 0x08, 0x00, 0x00, 0x00, 0x00, 0x3E, 0xFE, 0xB6, 0x56, 0x6E, 0x5A, 0x00, 
0x00, 0x58, 0xD8, 0xFC, 0xDE, 0x50, 0x00, 0x00, 0xFF, 0xFF, 0xFF, 0xF2, 0xB6, 0x31, 0x00, 0x00, 
0x00, 0xFF, 0xAB, 0x50, 0x68, 0xD4, 0xF7, 0x38, 0x00, 0x00, 0xFF, 0x84, 0x00, 0x00, 0x0E, 0xDC, 
0xCE, 0x00, 0x00, 0xFF, 0x84, 0x00, 0x00, 0x00, 0x68, 0xFF, 0x2C, 0x00, 0xFF, 0x84, 0x00, 0x00, 
0x00, 0x27, 0xFF, 0x61, 0x10, 0xFF, 0x8C, 0x10, 0x10, 0x00, 0x0A, 0xFF, 0x7B, 0xFF, 0xFF, 0xFF, 
0xFF, 0xFF, 0x00, 0x01, 0xFF, 0x81, 0x40, 0xFF, 0xA3, 0x40, 0x40, 0x00, 0x0B, 0xFF, 0x76, 0x00, 
0xFF, 0x84, 0x00, 0x00, 0x00, 0x2C, 0xFF, 0x58, 0x00, 0xFF, 0x84, 0x00, 0x00, 0x00, 0x70, 0xFF, 
0x1E, 0x00, 0xFF, 0x84, 0x00, 0x00, 0x12, 0xE2, 0xBC, 0x00, 0x00, 0xFF, 0xAB, 0x51, 0x6E, 0xDB, 
0xEF, 0x29, 0x00, 0x00, 0xFF, 0xFF, 0xFF, 0xEC, 0xAA, 0x24, 0x00, 0x00, 0x45, 0xDF, 0xFF, 0xFF, 
0xFF, 0xFF, 0xEC, 0xA8, 0x25, 0x00, 0x00, 0xD8, 0xCF, 0xAC, 0xFF, 0x50, 0x53, 0x78, 0xE4, 0xF0, 
0x2B, 0x00, 0xF9, 0x89, 0x84, 0xFF, 0x00, 0x00, 0x00, 0x18, 0xE6, 0xC4, 0x00, 0x6C, 0x48, 0x84, 
0xFF, 0x00, 0x00, 0x00, 0x00, 0x71, 0xFF, 0x26, 0x00, 0x00, 0x84, 0xFF, 0x00, 0x00, 0x00, 0x00, 
0x2A, 0xFF, 0x5F, 0x00, 0x00, 0x84, 0xFF, 0x00, 0x00, 0x00, 0x00, 0x0A, 0xFF, 0x7B, 0x00, 0x00, 
0x84, 0xFF, 0x00, 0x00, 0x00, 0x00, 0x01, 0xFF, 0x81, 0x00, 0x00, 0x84, 0xFF, 0x00, 0x00, 0x00, 
0x00, 0x0E, 0xFF, 0x76, 0x00, 0x00, 0x84, 0xFF, 0x00, 0x00, 0x00, 0x00, 0x33, 0xFF, 0x55, 0x00, 
0x00, 0x84, 0xFF, 0x00, 0x00, 0x00, 0x00, 0x7C, 0xFE, 0x18, 0x00, 0x00, 0x84, 0xFF, 0x00, 0x00, 
0x00, 0x20, 0xEC, 0xAE, 0x00, 0x00, 0x00, 0x84, 0xFF, 0x50, 0x54, 0x80, 0xEB, 0xE2, 0x1C, 0x00, 
0x00, 0x00, 0x84, 0xFF, 0xFF, 0xFD, 0xE3, 0x95, 0x17, 0x00, 0x00, 0x58, 0xFF, 0xFF, 0xFF, 0xFF, 
0xFF, 0x84, 0x1C, 0x50, 0x50, 0x50, 0x50, 0xFF, 0x84, 0x00, 0x00, 0x00, 0x00, 0x00, 0xFF, 0x84, 
0x00, 0x00, 0x00, 0x00, 0x00, 0xFF, 0x84, 0x00, 0x00, 0x00, 0x0A, 0x10, 0xFF, 0x84, 0x00, 0x69, 
0xDF, 0xFF, 0xFF, 0xFF, 0x84, 0x62, 0xFF, 0x9C, 0x4A, 0x40, 0xFF, 0x84, 0xCF, 0xC4, 0x00, 0x00, 
0x00, 0xFF, 0x84, 0xF9, 0x8B, 0x00, 0x00, 0x00, 0xFF, 0x84, 0xF6, 0x8F, 0x00, 0x00, 0x00, 0xFF, 
0x84, 0xCA, 0xD0, 0x02, 0x00, 0x00, 0xFF, 0x84, 0x56, 0xFF, 0xB3, 0x59, 0x50, 0xFF, 0x84, 0x00, 
0x5F, 0xD5, 0xFC, 0xFF, 0xFF, 0x84, 0x20, 0xFF, 0xFF, 0xFF, 0xFF, 0xFF, 0xFF, 0x0A, 0x50, 0x50, 
0x50, 0x50, 0xAB, 0xFF, 0x00, 0x00, 0x00, 0x00, 0x00, 0x84, 0xFF, 0x00, 0x00, 0x00, 0x00, 0x00, 
0x84, 0xFF, 0x00, 0x72, 0xEB, 0xF3, 0x92, 0x85, 0xFF, 0x4B, 0xFF, 0xA9, 0x58, 0xAC, 0xE9, 0xFF, 
0xB2, 0xE3, 0x04, 0x00, 0x03, 0xDE, 0xFF, 0xE6, 0xA2, 0x00, 0x00, 0x00, 0x9E, 0xFF, 0xFC, 0x88, 
0x00, 0x00, 0x00, 0x88, 0xFF, 0xFC, 0x88, 0x00, 0x00, 0x00, 0x86, 0xFF, 0xE6, 0xA2, 0x00, 0x00, 
0x00, 0x99, 0xFF, 0xB2, 0xE3, 0x04, 0x00, 0x02, 0xD8, 0xFF, 0x4B, 0xFF, 0xAA, 0x58, 0xA8, 0xDF, 
0xFF, 0x00, 0x71, 0xE9, 0xF5, 0x93, 0x4E, 0xFF, 0x00, 0x5B, 0xDA, 0xFC, 0xDD, 0x63, 0x00, 0x49, 
0xFF, 0xA9, 0x57, 0xAB, 0xFF, 0x54, 0xBD, 0xD6, 0x02, 0x00, 0x03, 0xD8, 0xC6, 0xF3, 0x95, 0x00, 
0x00, 0x00, 0x94, 0xF6, 0xFD, 0x87, 0x00, 0x00, 0x00, 0x8B, 0xF9, 0xE0, 0xAC, 0x00, 0x00, 0x00, 
0xBE, 0xCE, 0x8E, 0xF8, 0x22, 0x00, 0x3F, 0xFF, 0x64, 0x11, 0xDD, 0xD0, 0x6C, 0xF1, 0x9A, 0x01, 
0x00, 0x20, 0xDA, 0xFF, 0x84, 0x00, 0x00, 0x00, 0x00, 0x12, 0xBF, 0xF7, 0x39, 0x00, 0x00, 0x00, 
0x00, 0x0A, 0xD8, 0xCA, 0x00, 0x00, 0x00, 0x00, 0x00, 0x8E, 0xFA, 0x00, 0x62, 0xB4, 0x64, 0x5F, 
0xE6, 0xCC, 0x00, 0x48, 0xBF, 0xF4, 0xF8, 0xBB, 0x24, 0x00, 0xFC, 0xFF, 0xFF, 0xFF, 0xFF, 0x84, 
0x4F, 0x50, 0x50, 0x50, 0xFF, 0x84, 0x00, 0x00, 0x00, 0x00, 0xFF, 0x84, 0x00, 0x00, 0x00, 0x00, 
0xFF, 0x84, 0x00, 0x00, 0x00, 0x00, 0xFF, 0x84, 0x0C, 0x10, 0x10, 0x10, 0xFF, 0x84, 0xC0, 0xFF, 
0xFF, 0xFF, 0xFF, 0x84, 0x30, 0x40, 0x40, 0x40, 0xFF, 0x84, 0x00, 0x00, 0x00, 0x00, 0xFF, 0x84, 
0x00, 0x00, 0x00, 0x00, 0xFF, 0x84, 0x00, 0x00, 0x00, 0x00, 0xFF, 0x84, 0x4F, 0x50, 0x50, 0x50, 
0xFF, 0x84, 0xFC, 0xFF, 0xFF, 0xFF, 0xFF, 0x84, 0x25, 0xA9, 0xE5, 0xFD, 0xF2, 0xB6, 0x31, 0x00, 
0x00, 0x55, 0xBA, 0x76, 0x54, 0x69, 0xD0, 0xF6, 0x33, 0x00, 0x01, 0x00, 0x00, 0x00, 0x00, 0x09, 
0xD2, 0xC6, 0x00, 0x00, 0x00, 0x00, 0x00, 0x00, 0x00, 0x5C, 0xFF, 0x25, 0x00, 0x00, 0x00, 0x00, 
0x00, 0x00, 0x1C, 0xFF, 0x5D, 0x10, 0x10, 0x10, 0x10, 0x10, 0x10, 0x14, 0xFF, 0x7A, 0xFF, 0xFF, 
0xFF, 0xFF, 0xFF, 0xFF, 0xFF, 0xFF, 0x82, 0xF9, 0xA5, 0x40, 0x40, 0x40, 0x40, 0x42, 0xFF, 0x79, 
0xE2, 0x97, 0x00, 0x00, 0x00, 0x00, 0x19, 0xFF, 0x59, 0xB3, 0xC5, 0x00, 0x00, 0x00, 0x00, 0x53, 
0xFF, 0x1E, 0x63, 0xFE, 0x2F, 0x00, 0x00, 0x05, 0xC9, 0xBD, 0x00, 0x07, 0xD4, 0xE5, 0x6C, 0x5B, 
0xC1, 0xF5, 0x2D, 0x00, 0x00, 0x19, 0xAA, 0xF2, 0xF8, 0xBE, 0x31, 0x00, 0x00, 0x00, 0x43, 0xC8, 
0xF9, 0xF6, 0xBD, 0x3D, 0x2C, 0xFB, 0xC6, 0x5C, 0x60, 0xB4, 0xA0, 0x7B, 0xFF, 0x16, 0x00, 0x00, 
0x00, 0x02, 0x6E, 0xFF, 0x16, 0x00, 0x00, 0x00, 0x00, 0x17, 0xEA, 0xB8, 0x2F, 0x11, 0x08, 0x00, 
0x00, 0x2A, 0xD9, 0xFF, 0xFF, 0x80, 0x00, 0x2D, 0xE9, 0xBE, 0x58, 0x41, 0x20, 0x00, 0xBA, 0xD2, 
0x04, 0x00, 0x00, 0x00, 0x00, 0xF4, 0x8E, 0x00, 0x00, 0x00, 0x00, 0x00, 0xF9, 0x8E, 0x00, 0x00, 
0x00, 0x00, 0x00, 0xD0, 0xD4, 0x04, 0x00, 0x00, 0x00, 0x07, 0x5D, 0xFF, 0xBF, 0x61, 0x58, 0x87, 
0xE3, 0x00, 0x5C, 0xD0, 0xF9, 0xFA, 0xD8, 0x91, 0x00, 0x00, 0x00, 0x84, 0xFF, 0xFF, 0xFF, 0xFF, 
0x90, 0x00, 0x00, 0x00, 0x84, 0xFF, 0x50, 0x50, 0x50, 0x2D, 0x00, 0x00, 0x00, 0x84, 0xFF, 0x00, 
0x00, 0x00, 0x00, 0x00, 0x00, 0x00, 0x84, 0xFF, 0x00, 0x00, 0x00, 0x00, 0x00, 0x00, 0x00, 0x84, 
0xFF, 0x10, 0x10, 0x10, 0x05, 0x00, 0x00, 0x00, 0x84, 0xFF, 0xFF, 0xFF, 0xFF, 0x50, 0x00, 0x00, 
0x00, 0x84, 0xFF, 0x40, 0x40, 0x40, 0x14, 0x00, 0x00, 0x00, 0x84, 0xFF, 0x00, 0x00, 0x00, 0x00, 
0x00, 0x00, 0x00, 0x84, 0xFF, 0x00, 0x00, 0x00, 0x00, 0x00, 0x00, 0x00, 0x84, 0xFF, 0x00, 0x00, 
0x00, 0x00, 0x00, 0x00, 0x00, 0x84, 0xFF, 0x00, 0x00, 0x00, 0x00, 0x00, 0x00, 0x00, 0x84, 0xFF, 
0x00, 0x00, 0x00, 0x00, 0x00, 0x00, 0x00, 0x84, 0xFF, 0x00, 0x00, 0x00, 0x00, 0x4B, 0x12, 0x00, 
0x84, 0xFF, 0x00, 0x00, 0x00, 0x00, 0xFB, 0x8C, 0x00, 0x93, 0xEE, 0x00, 0x00, 0x00, 0x00, 0xD7, 
0xD7, 0x5D, 0xEA, 0xAA, 0x00, 0x00, 0x00, 0x00, 0x3A, 0xD9, 0xFB, 0xBB, 0x19, 0x00, 0x00, 0x00, 
0x00, 0x00, 0x00, 0x00, 0x39, 0xDE, 0xFA, 0x81, 0x00, 0x00, 0x00, 0xC4, 0xDF, 0x5B, 0x30, 0x00, 
0x00, 0x00, 0xF4, 0x91, 0x00, 0x00, 0x00, 0x00, 0x01, 0xFF, 0x84, 0x00, 0x00, 0x00, 0x00, 0xC5, 
0xFF, 0xFF, 0xFF, 0x00, 0x00, 0x00, 0x50, 0xFF, 0xAB, 0x50, 0x00, 0x00, 0x00, 0x00, 0xFF, 0x84, 
0x00, 0x00, 0x00, 0x00, 0x00, 0xFF, 0x84, 0x00, 0x00, 0x00, 0x00, 0x00, 0xFF, 0x84, 0x00, 0x00, 
0x00, 0x00, 0x00, 0xFF, 0x84, 0x00, 0x00, 0x00, 0x00, 0x00, 0xFF, 0x84, 0x00, 0x00, 0x00, 0x00, 
0x00, 0xFF, 0x84, 0x00, 0x00, 0x00, 0x00, 0x00, 0xFF, 0x84, 0x00, 0x00, 0x00, 0x00, 0x00, 0xFF, 
0x84, 0x00, 0x00, 0x04, 0x00, 0x00, 0xFF, 0x84, 0x00, 0x00, 0xF2, 0x75, 0x08, 0xFF, 0x7E, 0x00, 
0x00, 0xE4, 0xC9, 0x83, 0xFF, 0x4E, 0x00, 0x00, 0x52, 0xE8, 0xF8, 0x9C, 0x02, 0x00, 0x00, 0x00, 
0x00, 0x00, 0x00, 0x00, 0x00, 0x00, 0x00, 0x06, 0x04, 0x00, 0x00, 0x00, 0x00, 0x00, 0x00, 0x00, 
0x5C, 0xF8, 0xEA, 0x00, 0x00, 0x00, 0x00, 0x00, 0x00, 0x00, 0xE1, 0xC4, 0x53, 0x00, 0x00, 0x00, 
0x00, 0x00, 0x00, 0x00, 0xFF, 0x85, 0x00, 0x00, 0x00, 0x43, 0xBA, 0xF2, 0xFC, 0xD6, 0xFF, 0x81, 
0x00, 0x00, 0x65, 0xFE, 0xC5, 0x67, 0x56, 0x79, 0xD1, 0x2D, 0x00, 0x24, 0xF9, 0xA4, 0x02, 0x00, 
0x00, 0x00, 0x00, 0x00, 0x00, 0x8D, 0xF7, 0x13, 0x00, 0x00, 0x00, 0x00, 0x00, 0x00, 0x00, 0xCF, 
0xB8, 0x00, 0x00, 0x00, 0x00, 0x00, 0x00, 0x00, 0x00, 0xF3, 0x91, 0x00, 0x00, 0x02, 0x10, 0x10, 
0x10, 0x08, 0x00, 0xFE, 0x86, 0x00, 0x00, 0x18, 0xFF, 0xFF, 0xFF, 0x84, 0x00, 0xF3, 0x91, 0x00, 
0x00, 0x06, 0x40, 0x40, 0xFF, 0x84, 0x00, 0xD1, 0xB8, 0x00, 0x00, 0x00, 0x00, 0x00, 0xFF, 0x84, 
0x00, 0x92, 0xF5, 0x0F, 0x00, 0x00, 0x00, 0x00, 0xFF, 0x84, 0x00, 0x2B, 0xFD, 0x94, 0x00, 0x00, 
0x00, 0x00, 0xFF, 0x84, 0x00, 0x00, 0x7F, 0xFF, 0xB0, 0x5F, 0x55, 0x78, 0xFF, 0x84, 0x00, 0x00, 
0x00, 0x5D, 0xCE, 0xFA, 0xF9, 0xE0, 0xAE, 0x3F, 0x00, 0x1B, 0xFF, 0x82, 0x00, 0x00, 0x00, 0x00, 
0x86, 0xFE, 0x1A, 0x00, 0xCA, 0xD2, 0x00, 0x00, 0x00, 0x00, 0xD6, 0xC9, 0x00, 0x00, 0x7A, 0xFF, 
0x1F, 0x00, 0x00, 0x23, 0xFF, 0x7A, 0x00, 0x00, 0x2A, 0xFF, 0x6E, 0x00, 0x00, 0x72, 0xFF, 0x2A, 
0x00, 0x00, 0x00, 0xDA, 0xBA, 0x00, 0x00, 0xBE, 0xD9, 0x00, 0x00, 0x00, 0x00, 0x8B, 0xFA, 0x0F, 
0x12, 0xFC, 0x89, 0x00, 0x00, 0x00, 0x00, 0x3C, 0xFF, 0x55, 0x5A, 0xFF, 0x3A, 0x00, 0x00, 0x00, 
0x00, 0x03, 0xEB, 0x9C, 0xA4, 0xE8, 0x02, 0x00, 0x00, 0x00, 0x00, 0x00, 0x9E, 0xD7, 0xE1, 0x9A, 
0x00, 0x00, 0x00, 0x00, 0x00, 0x00, 0x4E, 0xFD, 0xFF, 0x49, 0x00, 0x00, 0x00, 0x00, 0x00, 0x00, 
0x0C, 0xFE, 0xFD, 0x09, 0x00, 0x00, 0x00, 0x00, 0x00, 0x00, 0x49, 0xFF, 0xFF, 0x44, 0x00, 0x00, 
0x00, 0x00, 0x00, 0x00, 0xA2, 0xD1, 0xD1, 0x9B, 0x00, 0x00, 0x00, 0x00, 0x00, 0x00, 0xE3, 0x9C, 
0x9D, 0xDD, 0x00, 0x00, 0x00, 0x00, 0x00, 0x00, 0xFC, 0x86, 0x86, 0xFC, 0x00, 0x00, 0x00, 0x00, 
0x00, 0x00, 0xE2, 0xC4, 0xC2, 0xE0, 0x00, 0x00, 0x00, 0x00, 0x00, 0x00, 0x58, 0xEE, 0xED, 0x55, 
0x00, 0x00, 0x00, 0xFF, 0x84, 0x00, 0x00, 0x00, 0x00, 0x00, 0x00, 0x00, 0x00, 0x00, 0x00, 0xFF, 
0x84, 0x00, 0x00, 0x00, 0x00, 0x00, 0x00, 0x00, 0x00, 0x00, 0x00, 0xFF, 0x84, 0x00, 0x00, 0x00, 
0x00, 0x00, 0x00, 0x00, 0x00, 0x00, 0x00, 0xFF, 0x84, 0x00, 0x00, 0x00, 0x00, 0x00, 0x00, 0x00, 
0x00, 0x00, 0x00, 0xFF, 0x84, 0x9C, 0xF5, 0xEC, 0x7C, 0x00, 0x00, 0x00, 0x00, 0xFF, 0x84, 0xFF, 
0xE6, 0xA6, 0x57, 0xB4, 0xFF, 0x38, 0x00, 0x00, 0x00, 0xFF, 0x84, 0xFF, 0xD9, 0x02, 0x00, 0x1F, 
0xFF, 0x76, 0x00, 0x00, 0x00, 0xFF, 0x84, 0xFF, 0x9B, 0x00, 0x00, 0x02, 0xFF, 0x83, 0x00, 0x00, 
0x00, 0xFF, 0x84, 0xFF, 0x87, 0x00, 0x00, 0x00, 0xFF, 0x84, 0x00, 0x00, 0x00, 0xFF, 0x84, 0xFF, 
0x84, 0x00, 0x00, 0x00, 0xFF, 0x84, 0x00, 0x00, 0x00, 0xFF, 0x84, 0xFF, 0x84, 0x00, 0x00, 0x00, 
0xFD, 0x89, 0x00, 0x00, 0x05, 0xFF, 0x81, 0xFF, 0x84, 0x00, 0x00, 0x00, 0xE5, 0xB2, 0x00, 0x00, 
0x2C, 0xFF, 0x64, 0xFF, 0x84, 0x00, 0x00, 0x00, 0x9B, 0xFD, 0x81, 0x5A, 0xC8, 0xF6, 0x1A, 0xFF, 
0x84, 0x00, 0x00, 0x00, 0x0F, 0xA5, 0xF0, 0xFA, 0xCE, 0x45, 0x00, 0xFF, 0x84, 0x00, 0x00, 0xFF, 
0x84, 0x00, 0x00, 0xFF, 0x84, 0x00, 0x00, 0xFF, 0x84, 0x00, 0x00, 0xFF, 0x84, 0x00, 0x00, 0xFF, 
0x84, 0x00, 0x00, 0xFF, 0x84, 0x00, 0x00, 0xFF, 0x84, 0x00, 0x00, 0xFF, 0x84, 0x00, 0x00, 0xFF, 
0x84, 0x00, 0x00, 0xFF, 0x89, 0x00, 0x00, 0xDE, 0xDF, 0x6F, 0x46, 0x55, 0xEC, 0xF6, 0x66, 0xFF, 
0xFF, 0xFF, 0xFF, 0x21, 0xFF, 0xA2, 0x13, 0x00, 0xFF, 0x84, 0x00, 0x00, 0xFF, 0x84, 0x00, 0x00, 
0xFF, 0x84, 0x00, 0x0C, 0xFF, 0x8A, 0x0C, 0xFF, 0xFF, 0xFF, 0xFF, 0x3C, 0xFF, 0xA1, 0x3C, 0x00, 
0xFF, 0x84, 0x00, 0x00, 0xFF, 0x84, 0x00, 0x00, 0xFF, 0x84, 0x00, 0x09, 0xFF, 0x91, 0x02, 0xF5, 
0xFF, 0xFF, 0xF1, 0xFF, 0x84, 0x00, 0x00, 0x04, 0xA8, 0xF9, 0x58, 0xFF, 0x84, 0x00, 0x00, 0x77, 
0xFC, 0x71, 0x22, 0xFF, 0x84, 0x00, 0x1B, 0xF3, 0x89, 0x00, 0x00, 0xFF, 0x84, 0x00, 0xA5, 0xE5, 
0x0D, 0x00, 0x00, 0xFF, 0x84, 0x3D, 0xFF, 0x59, 0x00, 0x00, 0x00, 0xFF, 0x88, 0xD2, 0xC8, 0x01, 
0x00, 0x00, 0x00, 0xFF, 0xE4, 0xFF, 0xEC, 0x0C, 0x00, 0x00, 0x00, 0xFF, 0xEC, 0x57, 0xFF, 0x7C, 
0x00, 0x00, 0x00, 0xFF, 0x86, 0x00, 0xB0, 0xF0, 0x10, 0x00, 0x00, 0xFF, 0x84, 0x00, 0x31, 0xFF, 
0x84, 0x00, 0x00, 0xFF, 0x84, 0x00, 0x00, 0xB0, 0xF2, 0x14, 0x00, 0xFF, 0x84, 0x00, 0x00, 0x31, 
0xFF, 0x8A, 0x00, 0xFF, 0x84, 0x00, 0x00, 0x00, 0xB0, 0xF6, 0x19, 0x50, 0xEB, 0xF1, 0x00, 0x00, 
0x00, 0x00, 0xDD, 0xCB, 0x5B, 0x00, 0x00, 0x00, 0x00, 0xFF, 0x86, 0x00, 0x00, 0x00, 0x00, 0x00, 
0xFF, 0x84, 0x00, 0x00, 0x00, 0x00, 0x00, 0xFF, 0x84, 0x00, 0x01, 0xBB, 0xDD, 0x0C, 0xFF, 0x84, 
0x00, 0x5F, 0xFE, 0x3D, 0x00, 0xFF, 0x84, 0x17, 0xED, 0x8E, 0x00, 0x00, 0xFF, 0x84, 0xAA, 0xD8, 
0x08, 0x00, 0x00, 0xFF, 0xBF, 0xFF, 0xCA, 0x00, 0x00, 0x00, 0xFF, 0xF9, 0x8A, 0xFF, 0x45, 0x00, 
0x00, 0xFF, 0x8E, 0x02, 0xDA, 0xBF, 0x00, 0x00, 0xFF, 0x84, 0x00, 0x66, 0xFF, 0x3A, 0x00, 0xFF, 
0x84, 0x00, 0x08, 0xEA, 0xB4, 0x00, 0xFF, 0x84, 0x00, 0x00, 0x7C, 0xFF, 0x30, 0x00, 0xFF, 0x84, 
0x00, 0x00, 0xFF, 0x84, 0x00, 0x00, 0xFF, 0x84, 0x00, 0x00, 0xFF, 0x84, 0x00, 0x00, 0xFF, 0x84, 
0x00, 0x10, 0xFF, 0x8C, 0x10, 0xFF, 0xFF, 0xFF, 0xFF, 0x40, 0xFF, 0xA3, 0x40, 0x00, 0xFF, 0x84, 
0x00, 0x00, 0xFF, 0x84, 0x00, 0x00, 0xFF, 0x84, 0x00, 0x00, 0xFF, 0x84, 0x00, 0x00, 0xFF, 0x84, 
0x00, 0x00, 0xFF, 0x84, 0x00, 0x00, 0xF5, 0xE6, 0x47, 0x00, 0x00, 0x00, 0x00, 0x00, 0x00, 0x58, 
0xC1, 0xE8, 0x5A, 0x52, 0x00, 0x00, 0x00, 0x00, 0x2A, 0xB0, 0xFF, 0xDB, 0x5C, 0x00, 0x00, 0x00, 
0x00, 0x51, 0x93, 0xEC, 0x92, 0x00, 0x00, 0x00, 0x00, 0x00, 0x00, 0x00, 0xC2, 0xD4, 0x00, 0x00, 
0x00, 0x00, 0x00, 0x00, 0x0D, 0xF9, 0xFF, 0x15, 0x00, 0x00, 0x00, 0x00, 0x00, 0x56, 0xEE, 0xF9, 
0x57, 0x00, 0x00, 0x00, 0x00, 0x00, 0xA6, 0xAD, 0xCA, 0x97, 0x00, 0x00, 0x00, 0x00, 0x06, 0xF1, 
0x63, 0x8D, 0xDB, 0x00, 0x00, 0x00, 0x00, 0x48, 0xFF, 0x1D, 0x4E, 0xFF, 0x1C, 0x00, 0x00, 0x00, 
0x9A, 0xD4, 0x00, 0x12, 0xFE, 0x5C, 0x00, 0x00, 0x02, 0xE8, 0x8C, 0x00, 0x00, 0xD0, 0xA0, 0x00, 
0x00, 0x3A, 0xFF, 0x44, 0x00, 0x00, 0x89, 0xF1, 0x5F, 0x03, 0x8C, 0xF5, 0x07, 0x00, 0x00, 0x1A, 
0xD3, 0xF6, 0x07, 0xFF, 0x84, 0x00, 0x00, 0x00, 0x84, 0xFF, 0x00, 0x00, 0x00, 0x08, 0xFF, 0x7C, 
0xFF, 0x84, 0x00, 0x00, 0x00, 0x84, 0xFF, 0x00, 0x00, 0x00, 0x08, 0xFF, 0x7C, 0xFF, 0x84, 0x00, 
0x00, 0x00, 0x84, 0xFF, 0x00, 0x00, 0x00, 0x08, 0xFF, 0x7C, 0xFF, 0x84, 0x00, 0x00, 0x00, 0x84, 
0xFF, 0x00, 0x00, 0x00, 0x08, 0xFF, 0x7C, 0xFF, 0x84, 0x00, 0x00, 0x00, 0x84, 0xFF, 0x00, 0x00, 
0x00, 0x08, 0xFF, 0x7C, 0xFF, 0x84, 0x00, 0x00, 0x00, 0x84, 0xFF, 0x00, 0x00, 0x00, 0x08, 0xFF, 
0x7C, 0xFF, 0x84, 0x00, 0x00, 0x00, 0x84, 0xFF, 0x00, 0x00, 0x00, 0x08, 0xFF, 0x7C, 0xFF, 0x84, 
0x00, 0x00, 0x00, 0x84, 0xFF, 0x00, 0x00, 0x00, 0x08, 0xFF, 0x7C, 0xFF, 0x84, 0x00, 0x00, 0x00, 
0x84, 0xFF, 0x00, 0x00, 0x00, 0x08, 0xFF, 0x7C, 0xFF, 0x86, 0x00, 0x00, 0x00, 0x93, 0xFF, 0x02, 
0x00, 0x00, 0x1A, 0xFF, 0x7C, 0xEF, 0xA8, 0x00, 0x00, 0x09, 0xE0, 0xFF, 0x23, 0x00, 0x00, 0x6F, 
0xFF, 0x7C, 0xB1, 0xFA, 0x77, 0x5C, 0xC5, 0xB6, 0xFF, 0xC2, 0x58, 0x7F, 0xDB, 0xF6, 0x7C, 0x20, 
0xC2, 0xFC, 0xE7, 0x7F, 0x03, 0x7B, 0xEC, 0xF8, 0xB7, 0x23, 0xCF, 0x7C, 0x00, 0x00, 0xFF, 0xFF, 
0x2B, 0x00, 0x00, 0x00, 0x84, 0xFF, 0x00, 0x00, 0xFF, 0xFF, 0x97, 0x00, 0x00, 0x00, 0x84, 0xFF, 
0x00, 0x00, 0xFF, 0xDE, 0xF4, 0x0F, 0x00, 0x00, 0x84, 0xFF, 0x00, 0x00, 0xFF, 0x8C, 0xEA, 0x71, 
0x00, 0x00, 0x84, 0xFF, 0x00, 0x00, 0xFF, 0x84, 0x85, 0xDB, 0x02, 0x00, 0x84, 0xFF, 0x00, 0x00, 
0xFF, 0x84, 0x1C, 0xFC, 0x48, 0x00, 0x84, 0xFF, 0x00, 0x00, 0xFF, 0x84, 0x00, 0xAA, 0xB5, 0x00, 
0x84, 0xFF, 0x00, 0x00, 0xFF, 0x84, 0x00, 0x3E, 0xFE, 0x24, 0x84, 0xFF, 0x00, 0x00, 0xFF, 0x84, 
0x00, 0x00, 0xD1, 0x8E, 0x84, 0xFF, 0x00, 0x00, 0xFF, 0x84, 0x00, 0x00, 0x65, 0xF0, 0x8F, 0xFF, 
0x00, 0x00, 0xFF, 0x84, 0x00, 0x00, 0x0A, 0xEF, 0xE6, 0xFF, 0x00, 0x00, 0xFF, 0x84, 0x00, 0x00, 
0x00, 0x8C, 0xFF, 0xFF, 0x00, 0x00, 0xFF, 0x84, 0x00, 0x00, 0x00, 0x21, 0xFD, 0xFF, 0x00, 0x07, 
0xFF, 0x83, 0x00, 0x00, 0x00, 0x00, 0x00, 0x00, 0x1E, 0x5F, 0xFF, 0x69, 0x00, 0x00, 0x00, 0x00, 
0x00, 0x00, 0xFF, 0xFF, 0xDD, 0x13, 0x00, 0x00, 0x00, 0x00, 0x00, 0x00, 0x2B, 0x37, 0x07, 0x00, 
0x00, 0x00, 0x00, 0x00, 0x00, 0x00, 0xFF, 0x49, 0x98, 0xF5, 0xEB, 0x73, 0x00, 0xFF, 0xDE, 0xA6, 
0x56, 0xB6, 0xFF, 0x35, 0xFF, 0xD9, 0x02, 0x00, 0x1F, 0xFF, 0x76, 0xFF, 0x9B, 0x00, 0x00, 0x02, 
0xFF, 0x84, 0xFF, 0x87, 0x00, 0x00, 0x00, 0xFF, 0x84, 0xFF, 0x84, 0x00, 0x00, 0x00, 0xFF, 0x84, 
0xFF, 0x84, 0x00, 0x00, 0x00, 0xFF, 0x84, 0xFF, 0x84, 0x00, 0x00, 0x00, 0xFF, 0x84, 0xFF, 0x84, 
0x00, 0x00, 0x00, 0xFF, 0x84, 0xFF, 0x84, 0x00, 0x00, 0x00, 0xFF, 0x84, 0x00, 0x00, 0x00, 0x00, 
0x00, 0xFF, 0x84, 0x00, 0x00, 0x00, 0x00, 0x00, 0xFF, 0x84, 0x00, 0x00, 0x00, 0x00, 0x00, 0xFF, 
0x84, 0x00, 0x00, 0x00, 0x00, 0x00, 0xFF, 0x84, 0x00, 0x0A, 0x8B, 0xE3, 0xFA, 0xE2, 0x82, 0x06, 
0x00, 0x02, 0xBC, 0xF8, 0x87, 0x54, 0x80, 0xF4, 0xA8, 0x00, 0x54, 0xFF, 0x58, 0x00, 0x00, 0x00, 
0x4C, 0xFF, 0x41, 0xAB, 0xDB, 0x01, 0x00, 0x00, 0x00, 0x00, 0xD4, 0x9E, 0xDC, 0xA0, 0x00, 0x00, 
0x00, 0x00, 0x00, 0x9D, 0xD5, 0xF7, 0x90, 0x10, 0x10, 0x10, 0x10, 0x10, 0x90, 0xF5, 0xFE, 0xFF, 
0xFF, 0xFF, 0xFF, 0xFF, 0xFF, 0xFF, 0xFE, 0xF3, 0xA5, 0x40, 0x40, 0x40, 0x40, 0x40, 0xA5, 0xF5, 
0xD5, 0x9A, 0x00, 0x00, 0x00, 0x00, 0x00, 0x9A, 0xD5, 0xA3, 0xD2, 0x00, 0x00, 0x00, 0x00, 0x00, 
0xD4, 0x9A, 0x45, 0xFF, 0x4B, 0x00, 0x00, 0x00, 0x4C, 0xFF, 0x3D, 0x00, 0xA9, 0xF6, 0x83, 0x55, 
0x81, 0xF4, 0xA2, 0x00, 0x00, 0x05, 0x81, 0xE3, 0xFE, 0xE0, 0x7E, 0x04, 0x00, 0x00, 0x00, 0x00, 
0x00, 0x00, 0x00, 0x00, 0x00, 0x1D, 0xFF, 0x66, 0x00, 0x09, 0x87, 0xE1, 0xFC, 0xE8, 0x93, 0x0D, 
0x3B, 0xFF, 0x3A, 0x01, 0xB9, 0xF9, 0x87, 0x54, 0x81, 0xF6, 0xC5, 0xB4, 0xD7, 0x02, 0x54, 0xFF, 
0x61, 0x00, 0x00, 0x00, 0x58, 0xFF, 0xD5, 0x26, 0x00, 0xAB, 0xE6, 0x02, 0x00, 0x00, 0x00, 0x01, 
0xE3, 0xAE, 0x00, 0x00, 0xDC, 0xAB, 0x00, 0x00, 0x00, 0x00, 0x00, 0xA9, 0xDF, 0x00, 0x00, 0xF7, 
0x8E, 0x00, 0x00, 0x00, 0x00, 0x00, 0x8E, 0xF7, 0x00, 0x00, 0xFE, 0x86, 0x00, 0x00, 0x00, 0x00, 
0x00, 0x85, 0xFD, 0x00, 0x00, 0xF3, 0x8F, 0x00, 0x00, 0x00, 0x00, 0x00, 0x8E, 0xF3, 0x00, 0x00, 
0xD5, 0xAC, 0x00, 0x00, 0x00, 0x00, 0x00, 0xAB, 0xD5, 0x00, 0x00, 0xA3, 0xE8, 0x03, 0x00, 0x00, 
0x00, 0x01, 0xE4, 0xA2, 0x00, 0x00, 0x45, 0xFF, 0x64, 0x00, 0x00, 0x00, 0x5A, 0xFF, 0x44, 0x00, 
0x00, 0x00, 0xA9, 0xFA, 0x87, 0x56, 0x84, 0xF8, 0xA7, 0x00, 0x00, 0x00, 0x00, 0x05, 0x7F, 0xE1, 
0xFE, 0xE1, 0x7F, 0x05, 0x00, 0x00, 0x00, 0x00, 0x00, 0x00, 0x00, 0x00, 0x00, 0x01, 0x80, 0x43, 
0x00, 0x00, 0x00, 0x00, 0x00, 0x00, 0x0F, 0xFF, 0x71, 0x00, 0x51, 0xD7, 0xFE, 0xD3, 0x46, 0x49, 
0xFF, 0x2A, 0x38, 0xFD, 0xAB, 0x58, 0xAC, 0xF9, 0xE7, 0x7C, 0x00, 0xA9, 0xE0, 0x04, 0x00, 0x05, 
0xE4, 0xB3, 0x00, 0x00, 0xE3, 0xA1, 0x00, 0x00, 0x00, 0xA2, 0xE7, 0x00, 0x00, 0xFD, 0x88, 0x00, 
0x00, 0x00, 0x88, 0xFC, 0x00, 0x00, 0xFB, 0x88, 0x00, 0x00, 0x00, 0x88, 0xF9, 0x00, 0x00, 0xE0, 
0xA3, 0x00, 0x00, 0x00, 0xA2, 0xDD, 0x00, 0x00, 0x9E, 0xE4, 0x06, 0x00, 0x05, 0xE3, 0xA0, 0x00, 
0x00, 0x2C, 0xF9, 0xB1, 0x58, 0xAC, 0xFA, 0x30, 0x00, 0x00, 0x00, 0x47, 0xD6, 0xFC, 0xD4, 0x4B, 
0x00, 0x00, 0x00, 0x00, 0x11, 0x9B, 0xEB, 0xFB, 0xCF, 0x4C, 0x00, 0x41, 0xCE, 0xFC, 0xDF, 0x5E, 
0x00, 0x04, 0xC9, 0xF2, 0x78, 0x59, 0xB0, 0xFE, 0x85, 0xE6, 0x72, 0x5B, 0xCE, 0xFD, 0x29, 0x5C, 
0xFF, 0x4C, 0x00, 0x00, 0x02, 0xC1, 0xFF, 0x31, 0x00, 0x00, 0x2A, 0xFF, 0x70, 0xAE, 0xDF, 0x00, 
0x00, 0x00, 0x00, 0x57, 0xFF, 0x2C, 0x00, 0x00, 0x03, 0xFF, 0x83, 0xDF, 0xA8, 0x00, 0x00, 0x00, 
0x00, 0x22, 0xFF, 0x5F, 0x00, 0x00, 0x00, 0xFF, 0x84, 0xF7, 0x8D, 0x00, 0x00, 0x00, 0x00, 0x09, 
0xFF, 0x79, 0x00, 0x00, 0x00, 0xFF, 0x84, 0xFE, 0x86, 0x00, 0x00, 0x00, 0x00, 0x02, 0xFF, 0x82, 
0x00, 0x00, 0x00, 0xFF, 0x84, 0xF4, 0x8E, 0x00, 0x00, 0x00, 0x00, 0x0A, 0xFF, 0x77, 0x00, 0x00, 
0x00, 0xFF, 0x84, 0xD8, 0xA9, 0x00, 0x00, 0x00, 0x00, 0x25, 0xFF, 0x5A, 0x00, 0x00, 0x00, 0xFF, 
0x84, 0xA6, 0xE2, 0x01, 0x00, 0x00, 0x00, 0x5C, 0xFF, 0x27, 0x00, 0x00, 0x00, 0xFF, 0x84, 0x50, 
0xFF, 0x51, 0x00, 0x00, 0x03, 0xC7, 0xCD, 0x00, 0x00, 0x00, 0x00, 0xFF, 0x84, 0x01, 0xBB, 0xF3, 
0x78, 0x59, 0xB3, 0xFB, 0x3E, 0x00, 0x00, 0x00, 0x00, 0xFF, 0x84, 0x00, 0x0B, 0x94, 0xEC, 0xFC, 
0xCB, 0x44, 0x00, 0x00, 0x00, 0x00, 0x00, 0xFF, 0x84, 0x00, 0x56, 0xD8, 0xFC, 0xD7, 0x50, 0x22, 
0xC3, 0xFB, 0xCB, 0x24, 0x3B, 0xFE, 0xAD, 0x58, 0xAE, 0xFC, 0xDC, 0x83, 0x65, 0xF4, 0xB5, 0xAB, 
0xE3, 0x05, 0x00, 0x06, 0xE4, 0xBC, 0x00, 0x00, 0x9F, 0xF2, 0xE4, 0xA2, 0x00, 0x00, 0x00, 0xA2, 
0xE7, 0x00, 0x00, 0x85, 0xFF, 0xFC, 0x88, 0x00, 0x00, 0x00, 0x88, 0xFC, 0x00, 0x00, 0x84, 0xFF, 
0xFA, 0x88, 0x00, 0x00, 0x00, 0x88, 0xF9, 0x00, 0x00, 0x84, 0xFF, 0xDE, 0xA2, 0x00, 0x00, 0x00, 
0xA2, 0xDF, 0x00, 0x00, 0x84, 0xFF, 0xA0, 0xE4, 0x06, 0x00, 0x06, 0xE4, 0xA1, 0x00, 0x00, 0x84, 
0xFF, 0x2E, 0xFA, 0xAF, 0x58, 0xAE, 0xFC, 0x31, 0x00, 0x00, 0x84, 0xFF, 0x00, 0x49, 0xD7, 0xFE, 
0xD7, 0x50, 0x00, 0x00, 0x00, 0x84, 0xFF, 0x00, 0x00, 0x00, 0x00, 0x00, 0x00, 0x00, 0x00, 0x00, 
0x84, 0xFF, 0x00, 0x00, 0x00, 0x00, 0x00, 0x00, 0x00, 0x00, 0x00, 0x84, 0xFF, 0x00, 0x00, 0x00, 
0x00, 0x00, 0x00, 0x00, 0x00, 0x00, 0x84, 0xFF, 0x00, 0x00, 0x00, 0x00, 0x00, 0x00, 0x00, 0x00, 
0x00, 0x84, 0xFF, 0x40, 0xDF, 0xFF, 0xFF, 0xFF, 0xFB, 0xD7, 0x6E, 0x01, 0xD4, 0xD3, 0xAC, 0xFF, 
0x50, 0x5C, 0xB0, 0xFF, 0x67, 0xFB, 0x89, 0x84, 0xFF, 0x00, 0x00, 0x01, 0xCD, 0xD1, 0x93, 0x5E, 
0x84, 0xFF, 0x00, 0x00, 0x00, 0x8F, 0xF9, 0x00, 0x00, 0x84, 0xFF, 0x00, 0x00, 0x00, 0x8B, 0xF6, 
0x00, 0x00, 0x84, 0xFF, 0x00, 0x00, 0x00, 0xBF, 0xD0, 0x00, 0x00, 0x84, 0xFF, 0x10, 0x20, 0x82, 
0xFF, 0x6D, 0x00, 0x00, 0x84, 0xFF, 0xFF, 0xFF, 0xFA, 0x8A, 0x02, 0x00, 0x00, 0x84, 0xFF, 0x40, 
0x39, 0x0F, 0x00, 0x00, 0x00, 0x00, 0x84, 0xFF, 0x00, 0x00, 0x00, 0x00, 0x00, 0x00, 0x00, 0x84, 
0xFF, 0x00, 0x00, 0x00, 0x00, 0x00, 0x00, 0x00, 0x84, 0xFF, 0x00, 0x00, 0x00, 0x00, 0x00, 0x00, 
0x00, 0x84, 0xFF, 0x00, 0x00, 0x00, 0x00, 0x00, 0x4F, 0xEA, 0xF2, 0x0A, 0x00, 0x00, 0x00, 0xDD, 
0xCD, 0x5C, 0x06, 0x00, 0x00, 0x00, 0xFF, 0x86, 0x00, 0x00, 0x00, 0x00, 0x00, 0xFF, 0x84, 0x00, 
0x00, 0x00, 0x00, 0x00, 0xFF, 0x83, 0x91, 0xF5, 0xEB, 0x74, 0x00, 0xFF, 0xE1, 0xA6, 0x58, 0xA8, 
0xFF, 0x4F, 0xFF, 0xD7, 0x02, 0x00, 0x04, 0xE1, 0xB4, 0xFF, 0x99, 0x00, 0x00, 0x00, 0xA2, 0xE7, 
0xFF, 0x85, 0x00, 0x00, 0x00, 0x88, 0xFC, 0xFF, 0x87, 0x00, 0x00, 0x00, 0x88, 0xFC, 0xFF, 0x9D, 
0x00, 0x00, 0x00, 0xA1, 0xE5, 0xFF, 0xDD, 0x03, 0x00, 0x04, 0xE0, 0xB1, 0xFF, 0xEA, 0xA9, 0x56, 
0xA7, 0xFF, 0x4A, 0xFF, 0x88, 0x91, 0xF2, 0xEC, 0x72, 0x00, 0xFF, 0x84, 0x00, 0x00, 0x00, 0x00, 
0x00, 0xFF, 0x84, 0x00, 0x00, 0x00, 0x00, 0x00, 0xFF, 0x84, 0x00, 0x00, 0x00, 0x00, 0x00, 0xFF, 
0x84, 0x00, 0x00, 0x00, 0x00, 0x00, 0xFF, 0x84, 0x00, 0x00, 0x00, 0x00, 0x00, 0x00, 0xFF, 0x8C, 
0x0F, 0x03, 0x00, 0x00, 0x00, 0x00, 0xFF, 0xFF, 0xFF, 0xFB, 0xC2, 0x39, 0x00, 0x00, 0xFF, 0xA3, 
0x41, 0x5C, 0xD3, 0xF4, 0x1B, 0x00, 0xFF, 0x84, 0x00, 0x00, 0x2A, 0xFF, 0x6B, 0x00, 0xFF, 0x84, 
0x00, 0x00, 0x03, 0xFF, 0x80, 0x00, 0xFF, 0x84, 0x00, 0x00, 0x27, 0xFF, 0x66, 0x00, 0xFF, 0x8C, 
0x11, 0x2F, 0xC0, 0xEE, 0x14, 0x00, 0xFF, 0xFF, 0xFF, 0xFF, 0xDD, 0x35, 0x00, 0x00, 0xFF, 0xA3, 
0x40, 0xD0, 0xCE, 0x00, 0x00, 0x00, 0xFF, 0x84, 0x00, 0x61, 0xFF, 0x3E, 0x00, 0x00, 0xFF, 0x84, 
0x00, 0x08, 0xEC, 0xB2, 0x00, 0x00, 0xFF, 0x84, 0x00, 0x00, 0x87, 0xFE, 0x24, 0x00, 0x00, 0x00, 
0x00, 0x00, 0x1E, 0xFD, 0x93, 0x00, 0x00, 0x00, 0x00, 0x00, 0x00, 0xAF, 0xF3, 0x0F, 0x5C, 0xCB, 
0xF5, 0xF9, 0xC1, 0x38, 0x00, 0x5D, 0x9C, 0x5E, 0x5D, 0xCE, 0xF4, 0x1E, 0x00, 0x00, 0x00, 0x00, 
0x1F, 0xFF, 0x6F, 0x00, 0x00, 0x00, 0x00, 0x0A, 0xFF, 0x7E, 0x00, 0x00, 0x00, 0x00, 0x6C, 0xFF, 
0x4F, 0x00, 0x00, 0x1E, 0x9F, 0xFF, 0xC8, 0x04, 0x00, 0x75, 0xF8, 0xFF, 0xA2, 0x0F, 0x00, 0x6C, 
0xFF, 0xC5, 0x32, 0x00, 0x00, 0x00, 0xDE, 0xCF, 0x05, 0x00, 0x00, 0x00, 0x00, 0xFE, 0x8A, 0x00, 
0x00, 0x00, 0x00, 0x00, 0xDE, 0xB3, 0x00, 0x00, 0x00, 0x00, 0x00, 0x72, 0xFF, 0x9E, 0x56, 0x65, 
0xA2, 0x7A, 0x01, 0x71, 0xDE, 0xFD, 0xEF, 0xC0, 0x44, 0x6A, 0xD6, 0xFC, 0xE7, 0x7E, 0x01, 0x68, 
0x83, 0x55, 0x9E, 0xFF, 0x50, 0x00, 0x00, 0x00, 0x09, 0xFF, 0x81, 0x00, 0x00, 0x01, 0x7A, 0xFF, 
0x53, 0x00, 0x32, 0xC5, 0xFF, 0x99, 0x01, 0x4E, 0xFA, 0xD5, 0x46, 0x00, 0x00, 0xE0, 0xC8, 0x08, 
0x00, 0x00, 0x00, 0xFB, 0x8D, 0x00, 0x00, 0x00, 0x00, 0xC4, 0xEB, 0x69, 0x58, 0x8B, 0x71, 0x23, 
0xBA, 0xF7, 0xF9, 0xCA, 0x44, 0xFF, 0xFF, 0xFF, 0xFF, 0xFF, 0xFF, 0xFF, 0xC9, 0xFF, 0xA4, 0x50, 
0x50, 0x50, 0x50, 0x27, 0xF6, 0xEC, 0x14, 0x00, 0x00, 0x00, 0x00, 0x6E, 0xFF, 0x9E, 0x00, 0x00, 
0x00, 0x00, 0x02, 0xBF, 0xFF, 0x3A, 0x00, 0x00, 0x00, 0x00, 0x20, 0xF2, 0xD2, 0x04, 0x00, 0x00, 
0x00, 0x01, 0xC7, 0xF5, 0x18, 0x00, 0x00, 0x00, 0x60, 0xFF, 0x76, 0x00, 0x00, 0x00, 0x12, 0xEA, 
0xD0, 0x04, 0x00, 0x00, 0x00, 0x9C, 0xFE, 0x38, 0x00, 0x00, 0x00, 0x3C, 0xFF, 0x94, 0x00, 0x00, 
0x00, 0x00, 0xD3, 0xFB, 0x5F, 0x50, 0x50, 0x50, 0x50, 0xFF, 0xFF, 0xFF, 0xFF, 0xFF, 0xFF, 0xFF, 
0x60, 0xF2, 0xEC, 0x55, 0x00, 0x00, 0xE9, 0xBC, 0xC3, 0xDD, 0x00, 0x00, 0xF6, 0xA5, 0x8D, 0xFE, 
0x00, 0x00, 0x95, 0xFF, 0xFF, 0xFF, 0x00, 0x00, 0x01, 0x31, 0xA3, 0xFF, 0x00, 0x00, 0x00, 0x00, 
0x84, 0xFF, 0x00, 0x00, 0x00, 0x00, 0x84, 0xFF, 0x00, 0x00, 0x00, 0x00, 0x84, 0xFF, 0x00, 0x00, 
0x00, 0x00, 0x84, 0xFF, 0x00, 0x00, 0x00, 0x00, 0x84, 0xFF, 0x00, 0x00, 0x00, 0x00, 0x84, 0xFF, 
0x00, 0x00, 0x00, 0x00, 0x84, 0xFF, 0x00, 0x00, 0x00, 0x00, 0x84, 0xFF, 0x00, 0x00, 0x00, 0x00, 
0x84, 0xFF, 0x00, 0x00, 0x00, 0x00, 0x84, 0xFF, 0x00, 0x00, 0x00, 0x00, 0x83, 0xFF, 0x04, 0x00, 
0x00, 0x00, 0x65, 0xFF, 0x7F, 0x64, 0x00, 0x00, 0x0D, 0xC0, 0xFC, 0xDE, 0x00, 0x45, 0x42, 0x00, 
0x00, 0x00, 0xAA, 0x84, 0x00, 0x00, 0x00, 0xDB, 0x84, 0x00, 0x00, 0xC6, 0xFF, 0xFF, 0xFF, 0x84, 
0x50, 0xFF, 0xAB, 0x50, 0x29, 0x00, 0xFF, 0x84, 0x00, 0x00, 0x00, 0xFF, 0x84, 0x00, 0x00, 0x00, 
0xFF, 0x84, 0x00, 0x00, 0x00, 0xFF, 0x84, 0x00, 0x00, 0x00, 0xFF, 0x84, 0x00, 0x00, 0x00, 0xFD, 
0x8C, 0x00, 0x00, 0x00, 0xDA, 0xDF, 0x5A, 0x39, 0x00, 0x56, 0xF2, 0xFF, 0x84, 0x00, 0x00, 0x00, 
0xFF, 0x84, 0x00, 0x00, 0x01, 0xFF, 0x83, 0x00, 0x28, 0x72, 0xFF, 0x64, 0x00, 0x5D, 0xFA, 0xBE, 
0x0B, 0x49, 0xE2, 0xFF, 0xFF, 0xFF, 0xFF, 0xFF, 0x80, 0xDB, 0xD6, 0x53, 0xAB, 0xFF, 0x50, 0x50, 
0x28, 0xF9, 0x8B, 0x00, 0x84, 0xFF, 0x00, 0x00, 0x00, 0x65, 0x46, 0x00, 0x84, 0xFF, 0x00, 0x00, 
0x00, 0x00, 0x00, 0x00, 0x84, 0xFF, 0x00, 0x00, 0x00, 0x00, 0x00, 0x00, 0x84, 0xFF, 0x00, 0x00, 
0x00, 0x00, 0x00, 0x00, 0x84, 0xFF, 0x00, 0x00, 0x00, 0x00, 0x00, 0x00, 0x84, 0xFF, 0x00, 0x00, 
0x00, 0x00, 0x00, 0x00, 0x84, 0xFF, 0x00, 0x00, 0x00, 0x00, 0x00, 0x00, 0x84, 0xFF, 0x00, 0x00, 
0x00, 0x00, 0x00, 0x00, 0x84, 0xFF, 0x00, 0x00, 0x00, 0x00, 0x00, 0x00, 0x84, 0xFF, 0x00, 0x00, 
0x00, 0x00, 0x00, 0x00, 0x84, 0xFF, 0x00, 0x00, 0x00, 0x00, 0x4F, 0xEA, 0xEF, 0x00, 0xDD, 0xCD, 
0x5B, 0x00, 0xFF, 0x86, 0x00, 0x00, 0xFF, 0x84, 0x00, 0xC2, 0xFF, 0xFF, 0xFF, 0x50, 0xFF, 0xAB, 
0x50, 0x00, 0xFF, 0x84, 0x00, 0x00, 0xFF, 0x84, 0x00, 0x00, 0xFF, 0x84, 0x00, 0x00, 0xFF, 0x84, 
0x00, 0x00, 0xFF, 0x84, 0x00, 0x00, 0xFD, 0x8A, 0x00, 0x00, 0xDE, 0xD6, 0x60, 0x00, 0x5E, 0xF4, 
0xE0, 0xFF, 0xFF, 0xFF, 0xFF, 0xFF, 0xFF, 0xFF, 0x50, 0x50, 0x50, 0xFF, 0xAB, 0x50, 0x50, 0x00, 
0x00, 0x00, 0xFF, 0x84, 0x00, 0x00, 0x00, 0x00, 0x00, 0xFF, 0x84, 0x00, 0x00, 0x00, 0x00, 0x00, 
0xFF, 0x84, 0x00, 0x00, 0x00, 0x00, 0x00, 0xFF, 0x84, 0x00, 0x00, 0x00, 0x00, 0x00, 0xFF, 0x84, 
0x00, 0x00, 0x00, 0x00, 0x00, 0xFF, 0x84, 0x00, 0x00, 0x00, 0x00, 0x00, 0xFF, 0x84, 0x00, 0x00, 
0x00, 0x00, 0x00, 0xFF, 0x84, 0x00, 0x00, 0x00, 0x00, 0x00, 0xFF, 0x84, 0x00, 0x00, 0x00, 0x00, 
0x00, 0xFF, 0x84, 0x00, 0x00, 0x00, 0x00, 0x00, 0xFF, 0x84, 0x00, 0x00, 0x00, 0x00, 0x00, 0xFD, 
0x88, 0x00, 0x00, 0x00, 0x00, 0x00, 0xDD, 0xC3, 0x1A, 0x0C, 0x00, 0x00, 0x00, 0x6B, 0xFF, 0xFF, 
0x3C, 0x00, 0x00, 0x00, 0x00, 0x22, 0x36, 0x05, 0x00, 0x00, 0x00, 0x00, 0x00, 0x00, 0x00, 0x00, 
0x06, 0xFF, 0x7F, 0xFF, 0x84, 0x00, 0x00, 0x00, 0x00, 0xFF, 0x84, 0x2E, 0xFF, 0x4E, 0xFF, 0x84, 
0x00, 0x00, 0x00, 0x00, 0xFF, 0xA9, 0xC0, 0xD7, 0x05, 0xFF, 0x84, 0x00, 0x00, 0x00, 0x00, 0xFF, 
0xEC, 0xA0, 0x1B, 0x00, 0xFF, 0x84, 0x00, 0x00, 0x00, 0x00, 0xFF, 0x84, 0x00, 0x00, 0x00, 0xFF, 
0x84, 0x00, 0x00, 0x00, 0x00, 0xFF, 0x84, 0x00, 0x00, 0x00, 0xFF, 0x84, 0x00, 0x00, 0x00, 0x00, 
0xFF, 0x84, 0x00, 0x00, 0x00, 0xFF, 0x84, 0x00, 0x00, 0x00, 0x00, 0xFF, 0x84, 0x00, 0x00, 0x00, 
0xFF, 0x84, 0x00, 0x00, 0x00, 0x00, 0xFF, 0x84, 0x00, 0x00, 0x00, 0xFD, 0x85, 0x00, 0x00, 0x00, 
0x01, 0xFF, 0x82, 0x00, 0x00, 0x00, 0xEA, 0x9B, 0x00, 0x00, 0x00, 0x15, 0xFF, 0x70, 0x00, 0x00, 
0x00, 0xB0, 0xE3, 0x08, 0x00, 0x00, 0x5D, 0xFF, 0x38, 0x00, 0x00, 0x00, 0x3C, 0xFD, 0xBF, 0x5A, 
0x6F, 0xEE, 0xC2, 0x01, 0x00, 0x00, 0x00, 0x00, 0x4E, 0xD0, 0xFC, 0xF0, 0xA1, 0x12, 0x00, 0x00, 
0x00, 0x00, 0x00, 0x00, 0x00, 0x00, 0x00, 0x00, 0x00, 0x41, 0x7F, 0x03, 0x00, 0x00, 0x00, 0x00, 
0x00, 0x00, 0x00, 0x8D, 0xF1, 0x00, 0xFF, 0x84, 0x00, 0x00, 0x00, 0xFF, 0x86, 0xCB, 0xAE, 0x00, 
0xFF, 0x84, 0x00, 0x00, 0x00, 0xFF, 0xF7, 0xED, 0x2C, 0x00, 0xFF, 0x84, 0x00, 0x00, 0x00, 0xFF, 
0xA4, 0x0E, 0x00, 0x00, 0xFF, 0x84, 0x00, 0x00, 0x00, 0xFF, 0x84, 0x00, 0x00, 0x00, 0xFF, 0x84, 
0x00, 0x00, 0x00, 0xFF, 0x84, 0x00, 0x00, 0x00, 0xFF, 0x84, 0x00, 0x00, 0x03, 0xFF, 0x84, 0x00, 
0x00, 0x00, 0xFF, 0x87, 0x00, 0x00, 0x17, 0xFF, 0x84, 0x00, 0x00, 0x00, 0xEB, 0xAB, 0x00, 0x00, 
0x58, 0xFF, 0x84, 0x00, 0x00, 0x00, 0xA7, 0xFA, 0x6F, 0x69, 0xD9, 0xEF, 0x84, 0x00, 0x00, 0x00, 
0x1A, 0xC0, 0xFB, 0xD9, 0x43, 0xC2, 0x84, 0x00, 0x00, 0x00, 0xFF, 0xFF, 0xFF, 0xFF, 0x00, 0x00, 
0xFF, 0xFF, 0xFF, 0xFF, 0x50, 0x52, 0xE1, 0xB5, 0x00, 0x00, 0xB3, 0xE4, 0x52, 0x50, 0x00, 0x6C, 
0xEF, 0x15, 0x00, 0x00, 0x14, 0xEF, 0x68, 0x00, 0x02, 0xE3, 0x8A, 0x00, 0x00, 0x00, 0x00, 0x8D, 
0xDB, 0x01, 0x33, 0xFF, 0x3F, 0x00, 0x00, 0x00, 0x00, 0x44, 0xFF, 0x2C, 0x64, 0xFF, 0x16, 0x00, 
0x00, 0x00, 0x00, 0x18, 0xFF, 0x60, 0x7C, 0xFF, 0x04, 0x00, 0x00, 0x00, 0x00, 0x07, 0xFF, 0x7B, 
0x81, 0xFF, 0x03, 0x00, 0x00, 0x00, 0x00, 0x04, 0xFF, 0x81, 0x6B, 0xFF, 0x1B, 0x00, 0x00, 0x00, 
0x00, 0x19, 0xFF, 0x6C, 0x37, 0xFF, 0x55, 0x00, 0x00, 0x00, 0x00, 0x52, 0xFF, 0x3C, 0x01, 0xD7, 
0xCA, 0x05, 0x00, 0x00, 0x04, 0xC6, 0xDF, 0x03, 0x00, 0x3D, 0xF9, 0xC0, 0x5F, 0x5F, 0xC3, 0xFC, 
0x49, 0x00, 0x00, 0x00, 0x38, 0xBE, 0xF5, 0xF7, 0xC2, 0x3F, 0x00, 0x00, 0xFF, 0x84, 0x00, 0x00, 
0xC5, 0xFB, 0xC8, 0x13, 0xFF, 0x84, 0x00, 0x00, 0x5A, 0x77, 0xFF, 0x6F, 0xFF, 0x84, 0x00, 0x00, 
0x00, 0x01, 0xFF, 0x84, 0xFF, 0x84, 0x00, 0x00, 0x00, 0x00, 0xFF, 0x84, 0xFF, 0x84, 0x00, 0x00, 
0x00, 0x00, 0xFF, 0x84, 0xFF, 0x84, 0x00, 0x00, 0x00, 0x00, 0xFF, 0x84, 0xFF, 0x84, 0x00, 0x00, 
0x00, 0x00, 0xFF, 0x84, 0xFF, 0x84, 0x00, 0x00, 0x00, 0x00, 0xFF, 0x84, 0xFF, 0x84, 0x00, 0x00, 
0x00, 0x00, 0xFF, 0x84, 0xF3, 0x92, 0x00, 0x00, 0x00, 0x0E, 0xFF, 0x77, 0xC1, 0xD7, 0x03, 0x00, 
0x00, 0x52, 0xFF, 0x46, 0x4F, 0xFF, 0xB3, 0x58, 0x6E, 0xEA, 0xD1, 0x04, 0x00, 0x5B, 0xD5, 0xFD, 
0xF0, 0xA8, 0x18, 0x00, 0x03, 0xE4, 0xBA, 0x00, 0x00, 0x00, 0x02, 0xA0, 0xFA, 0x7E, 0x00, 0x84, 
0xFD, 0x18, 0x00, 0x00, 0x62, 0xFF, 0x8C, 0x2E, 0x00, 0x22, 0xFF, 0x6F, 0x00, 0x00, 0xCC, 0xC9, 
0x00, 0x00, 0x00, 0x00, 0xC0, 0xCB, 0x00, 0x30, 0xFF, 0x5A, 0x00, 0x00, 0x00, 0x00, 0x5C, 0xFF, 
0x26, 0x92, 0xEA, 0x07, 0x00, 0x00, 0x00, 0x00, 0x0A, 0xF0, 0x88, 0xED, 0x87, 0x00, 0x00, 0x00, 
0x00, 0x00, 0x00, 0x98, 0xFA, 0xFE, 0x21, 0x00, 0x00, 0x00, 0x00, 0x00, 0x00, 0x34, 0xFF, 0xB5, 
0x00, 0x00, 0x00, 0x00, 0x00, 0x00, 0x00, 0x00, 0xFF, 0x84, 0x00, 0x00, 0x00, 0x00, 0x00, 0x00, 
0x00, 0x00, 0xFF, 0x84, 0x00, 0x00, 0x00, 0x00, 0x00, 0x00, 0x00, 0x00, 0xFF, 0x84, 0x00, 0x00, 
0x00, 0x00, 0x00, 0x00, 0x00, 0x00, 0xFF, 0x84, 0x00, 0x00, 0x00, 0x00, 0x00, 0x00, 0x00, 0x00, 
0xFF, 0x84, 0x00, 0x00, 0x00, 0x00, 0x12, 0xFC, 0x85, 0x00, 0x00, 0x00, 0x78, 0xFA, 0x76, 0x00, 
0xC2, 0xCA, 0x00, 0x00, 0x08, 0xF4, 0xB2, 0x2F, 0x00, 0x76, 0xFD, 0x0F, 0x00, 0x44, 0xFF, 0x31, 
0x00, 0x00, 0x2A, 0xFF, 0x50, 0x00, 0x84, 0xE7, 0x01, 0x00, 0x00, 0x00, 0xDE, 0x93, 0x00, 0xC6, 
0xA1, 0x00, 0x00, 0x00, 0x00, 0x92, 0xD6, 0x0C, 0xFB, 0x59, 0x00, 0x00, 0x00, 0x00, 0x46, 0xFF, 
0x60, 0xFE, 0x14, 0x00, 0x00, 0x00, 0x00, 0x07, 0xF3, 0xCD, 0xCB, 0x00, 0x00, 0x00, 0x00, 0x00, 
0x00, 0xAD, 0xFF, 0x82, 0x00, 0x00, 0x00, 0x00, 0x00, 0x00, 0x69, 0xFF, 0x3B, 0x00, 0x00, 0x00, 
0x00, 0x00, 0x00, 0x90, 0xF0, 0x04, 0x00, 0x00, 0x00, 0x00, 0x00, 0x03, 0xE0, 0xA9, 0x00, 0x00, 
0x00, 0x00, 0x00, 0x59, 0x99, 0xFF, 0x3E, 0x00, 0x00, 0x00, 0x00, 0x00, 0xF2, 0xEE, 0x74, 0x00, 
0x00, 0x00, 0x00, 0x00, 0xFF, 0xFF, 0xFF, 0xFF, 0xFF, 0xFF, 0x50, 0x50, 0x50, 0x50, 0xC8, 0xDE, 
0x00, 0x00, 0x00, 0x12, 0xF6, 0x82, 0x00, 0x00, 0x00, 0x74, 0xFF, 0x25, 0x00, 0x00, 0x02, 0xDF, 
0xC9, 0x00, 0x10, 0x10, 0x55, 0xFF, 0x78, 0x10, 0xFF, 0xFF, 0xFF, 0xFF, 0xFF, 0xFF, 0x40, 0x7E, 
0xFF, 0x88, 0x40, 0x40, 0x00, 0xAA, 0xE7, 0x09, 0x00, 0x00, 0x15, 0xFA, 0x71, 0x00, 0x00, 0x00, 
0x75, 0xE8, 0x0A, 0x00, 0x00, 0x00, 0xD9, 0xAD, 0x50, 0x50, 0x50, 0x50, 0xFF, 0xFF, 0xFF, 0xFF, 
0xFF, 0xFF, 0xFF, 0xFF, 0xFF, 0xFF, 0xFF, 0x50, 0x50, 0x50, 0xDB, 0xD4, 0x00, 0x00, 0x31, 0xFF, 
0x5C, 0x10, 0x10, 0xAD, 0xE3, 0x14, 0xFF, 0xFF, 0xFF, 0xFF, 0xFF, 0x40, 0xBB, 0xEB, 0x41, 0x40, 
0x0D, 0xF3, 0x8B, 0x00, 0x00, 0x68, 0xFF, 0x24, 0x00, 0x00, 0xD3, 0xDC, 0x50, 0x50, 0x50, 0xFF, 
0xFF, 0xFF, 0xFF, 0xFF, 0x00, 0xFF, 0xFF, 0xFF, 0xFF, 0xFF, 0xFF, 0x00, 0x00, 0x50, 0x50, 0x50, 
0x5D, 0xF5, 0xB5, 0x00, 0x00, 0x00, 0x00, 0x02, 0xB2, 0xDC, 0x10, 0x00, 0x00, 0x00, 0x00, 0x86, 
0xF5, 0x2E, 0x00, 0x00, 0x00, 0x00, 0x57, 0xFF, 0x5F, 0x00, 0x00, 0x00, 0x00, 0x00, 0xB4, 0xFF, 
0xFF, 0xC9, 0x2F, 0x00, 0x00, 0x00, 0x2D, 0x44, 0x73, 0xEE, 0xE7, 0x0D, 0x00, 0x00, 0x00, 0x00, 
0x00, 0x49, 0xFF, 0x5A, 0x00, 0x00, 0x00, 0x00, 0x00, 0x07, 0xFF, 0x7E, 0x00, 0x00, 0x00, 0x00, 
0x00, 0x0E, 0xFF, 0x77, 0x0E, 0x00, 0x00, 0x00, 0x00, 0x5A, 0xFF, 0x44, 0x7F, 0xB7, 0x68, 0x54, 
0x82, 0xF3, 0xC6, 0x02, 0x35, 0xB8, 0xEE, 0xFD, 0xE4, 0x92, 0x0F, 0x00, 0x00, 0xFF, 0xFF, 0xFF, 
0xFF, 0xFF, 0xFF, 0x00, 0xC1, 0xBE, 0x50, 0x50, 0x50, 0x50, 0x00, 0x23, 0xF4, 0x55, 0x00, 0x00, 
0x00, 0x00, 0x00, 0x6D, 0xF7, 0x36, 0x00, 0x00, 0x00, 0x00, 0x03, 0xC7, 0xE6, 0x1D, 0x00, 0x00, 
0x71, 0xE9, 0xFF, 0xFF, 0x74, 0x00, 0x60, 0xFF, 0xBF, 0x58, 0x41, 0x1D, 0x00, 0xD0, 0xD4, 0x04, 
0x00, 0x00, 0x00, 0x00, 0xFA, 0x8D, 0x00, 0x00, 0x00, 0x00, 0x00, 0xF6, 0x92, 0x00, 0x00, 0x00, 
0x00, 0x00, 0xC4, 0xD8, 0x05, 0x00, 0x00, 0x00, 0x0B, 0x4B, 0xFF, 0xC2, 0x61, 0x57, 0x89, 0xE6, 
0x00, 0x4E, 0xC8, 0xF7, 0xFA, 0xD9, 0x89, 0xFF, 0xFF, 0xFF, 0xFF, 0xFF, 0xFF, 0x00, 0xB4, 0xFF, 
0x87, 0x50, 0x50, 0x50, 0x00, 0x16, 0xE7, 0xD4, 0x06, 0x00, 0x00, 0x00, 0x00, 0x45, 0xFE, 0x7E, 
0x00, 0x00, 0x00, 0x00, 0x00, 0x89, 0xF9, 0x28, 0x00, 0x00, 0x00, 0x00, 0x39, 0xEF, 0xBF, 0x00, 
0x00, 0x0D, 0xBD, 0xFF, 0xEC, 0xCB, 0x00, 0x00, 0x90, 0xFD, 0x5B, 0x01, 0x00, 0x00, 0x00, 0xE4, 
0xB1, 0x00, 0x00, 0x00, 0x00, 0x00, 0xFD, 0x88, 0x00, 0x00, 0x00, 0x00, 0x00, 0xEF, 0x98, 0x00, 
0x00, 0x00, 0x00, 0x00, 0xAF, 0xE5, 0x0C, 0x00, 0x00, 0x00, 0x00, 0x30, 0xF7, 0xCB, 0x61, 0x58, 
0x8E, 0x6E, 0x00, 0x37, 0xC0, 0xF8, 0xFA, 0xD0, 0x47, 0xFF, 0xFF, 0xFF, 0xFF, 0xFF, 0xFF, 0x00, 
0x50, 0x50, 0x50, 0x78, 0xFF, 0xA3, 0x00, 0x00, 0x00, 0x1C, 0xE1, 0xBE, 0x06, 0x00, 0x00, 0x12, 
0xD5, 0xD4, 0x10, 0x00, 0x00, 0x00, 0x7A, 0xFF, 0xF3, 0xBC, 0x40, 0x00, 0x00, 0x11, 0x25, 0x40, 
0xB7, 0xFA, 0x29, 0x00, 0x00, 0x00, 0x00, 0x12, 0xFF, 0x76, 0x00, 0x00, 0x00, 0x00, 0x11, 0xFF, 
0x7A, 0x00, 0x00, 0x09, 0x1F, 0x9A, 0xFF, 0x3E, 0x3B, 0xD5, 0xFF, 0xFF, 0xFC, 0x85, 0x00, 0xD9, 
0xDE, 0x55, 0x3A, 0x13, 0x00, 0x00, 0xFC, 0x8D, 0x00, 0x00, 0x00, 0x01, 0x00, 0xC9, 0xEC, 0x6B, 
0x57, 0x8B, 0x9C, 0x00, 0x24, 0xBB, 0xF8, 0xF8, 0xCF, 0x62, 0x00, 0x26, 0xB8, 0xF7, 0xF1, 0x94, 
0x05, 0x00, 0x91, 0xEC, 0x6C, 0x73, 0xFC, 0x7E, 0x00, 0x03, 0x22, 0x00, 0x00, 0xAC, 0xDE, 0x00, 
0x00, 0x00, 0x00, 0x00, 0x88, 0xFC, 0x00, 0x00, 0x00, 0x00, 0x00, 0x94, 0xF2, 0x00, 0x00, 0x00, 
0x00, 0x00, 0xC1, 0xC5, 0x00, 0x00, 0x10, 0x10, 0x1D, 0xF9, 0x83, 0x10, 0x00, 0xFF, 0xFF, 0xFF, 
0xFF, 0xFF, 0xFF, 0x00, 0x40, 0x54, 0xFA, 0x90, 0x40, 0x40, 0x00, 0x00, 0xAE, 0xDF, 0x09, 0x00, 
0x00, 0x00, 0x5D, 0xFF, 0x52, 0x00, 0x00, 0x00, 0x1E, 0xF0, 0xBA, 0x00, 0x00, 0x00, 0x00, 0xBD, 
0xFF, 0x78, 0x50, 0x50, 0x50, 0x50, 0xFF, 0xFF, 0xFF, 0xFF, 0xFF, 0xFF, 0xFF, 0xFF, 0xFF, 0xFF, 
0xFF, 0xFF, 0xFF, 0x00, 0x50, 0xFF, 0xAB, 0x50, 0x50, 0x50, 0x00, 0x00, 0xFF, 0x84, 0x00, 0x00, 
0x00, 0x00, 0x00, 0xFF, 0x84, 0x00, 0x00, 0x00, 0x00, 0x00, 0xFF, 0x8C, 0x07, 0x00, 0x00, 0x00, 
0x00, 0xFF, 0xFF, 0xFE, 0xC0, 0x28, 0x00, 0x00, 0x40, 0x41, 0x67, 0xE6, 0xE2, 0x0B, 0x00, 0x00, 
0x00, 0x00, 0x42, 0xFF, 0x5A, 0x00, 0x00, 0x00, 0x00, 0x07, 0xFF, 0x81, 0x00, 0x00, 0x00, 0x00, 
0x12, 0xFF, 0x76, 0x01, 0x00, 0x00, 0x00, 0x68, 0xFF, 0x3B, 0xD0, 0x7A, 0x54, 0x81, 0xF7, 0xBA, 
0x00, 0xA0, 0xE8, 0xFD, 0xE8, 0x91, 0x0C, 0x00, 0xFF, 0xFF, 0xFF, 0xFF, 0xFF, 0x00, 0x50, 0xFF, 
0xAB, 0x50, 0x50, 0x00, 0x00, 0xFF, 0x84, 0x00, 0x00, 0x00, 0x00, 0xFF, 0x8B, 0x02, 0x00, 0x00, 
0x00, 0xFF, 0xFF, 0xF5, 0x87, 0x00, 0x00, 0x40, 0x4D, 0xB5, 0xFF, 0x49, 0x00, 0x00, 0x00, 0x11, 
0xFF, 0x7E, 0x00, 0x00, 0x00, 0x1B, 0xFF, 0x71, 0xA5, 0x5F, 0x5E, 0xC7, 0xF8, 0x20, 0xB6, 0xF2, 
0xFB, 0xCB, 0x41, 0x00, 0x00, 0x21, 0xFF, 0x00, 0x00, 0x00, 0x00, 0x64, 0xFF, 0x00, 0x00, 0x00, 
0xAA, 0xF3, 0xFF, 0xFF, 0xFF, 0x00, 0x50, 0xAB, 0xFF, 0x50, 0x50, 0x00, 0x00, 0x83, 0xFF, 0x01, 
0x00, 0x00, 0x00, 0x6B, 0xFF, 0x37, 0x00, 0x00, 0x00, 0x15, 0xE4, 0xE4, 0x2B, 0x00, 0x00, 0x00, 
0x1D, 0xD3, 0xE7, 0x13, 0x00, 0x00, 0x00, 0x2B, 0xFF, 0x6B, 0x00, 0x00, 0x00, 0x0D, 0xFF, 0x7E, 
0xBB, 0x70, 0x5D, 0xB2, 0xFF, 0x40, 0xB0, 0xED, 0xFE, 0xDE, 0x66, 0x00, 0xFF, 0x50, 0xA5, 0xF9, 
0xDA, 0x43, 0x00, 0xFF, 0xDD, 0x96, 0x5B, 0xDA, 0xF1, 0x11, 0xFF, 0xD1, 0x00, 0x00, 0x43, 0xFF, 
0x5B, 0xFF, 0x98, 0x00, 0x00, 0x0B, 0xFF, 0x7E, 0xFF, 0x86, 0x00, 0x00, 0x05, 0xFF, 0x7F, 0xFF, 
0x84, 0x00, 0x00, 0x27, 0xFF, 0x61, 0xFF, 0x84, 0x00, 0x00, 0x7D, 0xFE, 0x1E, 0xFF, 0x84, 0x00, 
0x2F, 0xF3, 0xA5, 0x00, 0xFF, 0xAD, 0x87, 0xF4, 0xD0, 0x11, 0x00, 0xFF, 0xFF, 0xDF, 0x82, 0x0B, 
0x00, 0x00, 0xFF, 0x84, 0x00, 0x00, 0x00, 0x00, 0x00, 0xFF, 0x84, 0x00, 0x00, 0x00, 0x00, 0x00, 
0xFF, 0x84, 0x00, 0x00, 0x00, 0x00, 0x00, 0xFF, 0x84, 0x00, 0x00, 0x00, 0x00, 0x00, 0xFF, 0x84, 
0xFF, 0x84, 0xFF, 0x84, 0xFF, 0x84, 0xFF, 0x84, 0xFF, 0x84, 0xFF, 0x84, 0xFF, 0x84, 0xFF, 0x84, 
0xFF, 0x84, 0xFF, 0x84, 0xFF, 0x84, 0xFF, 0x84, 0xFF, 0x84, 0xFF, 0x84, 0x00, 0x00, 0xFF, 0x84, 
0xFF, 0x84, 0x00, 0x00, 0xFF, 0x84, 0xFF, 0x84, 0x00, 0x00, 0xFF, 0x84, 0xFF, 0x84, 0x00, 0x00, 
0xFF, 0x84, 0xFF, 0x84, 0x00, 0x00, 0xFF, 0x84, 0xFF, 0x84, 0x00, 0x00, 0xFF, 0x84, 0xFF, 0x84, 
0x00, 0x00, 0xFF, 0x84, 0xFF, 0x84, 0x00, 0x00, 0xFF, 0x84, 0xFF, 0x84, 0x00, 0x00, 0xFF, 0x84, 
0xFF, 0x84, 0x00, 0x00, 0xFF, 0x84, 0xFF, 0x84, 0x00, 0x00, 0xFF, 0x84, 0xFF, 0x84, 0x00, 0x00, 
0xFF, 0x84, 0xFF, 0x84, 0x00, 0x00, 0xFF, 0x84, 0xFF, 0x84, 0x00, 0x00, 0xFF, 0x84, 0x00, 0x00, 
0xFF, 0x84, 0x00, 0x00, 0x00, 0x00, 0xFF, 0x84, 0x00, 0x00, 0x00, 0x00, 0xFF, 0x84, 0x00, 0x00, 
0x00, 0x00, 0xFF, 0x84, 0x00, 0x00, 0x10, 0x10, 0xFF, 0x8C, 0x10, 0x10, 0xFF, 0xFF, 0xFF, 0xFF, 
0xFF, 0xFF, 0x40, 0x40, 0xFF, 0xA3, 0x40, 0x40, 0x10, 0x10, 0xFF, 0x8C, 0x10, 0x10, 0xFF, 0xFF, 
0xFF, 0xFF, 0xFF, 0xFF, 0x40, 0x40, 0xFF, 0xA3, 0x40, 0x40, 0x00, 0x00, 0xFF, 0x84, 0x00, 0x00, 
0x00, 0x00, 0xFF, 0x84, 0x00, 0x00, 0x00, 0x00, 0xFF, 0x84, 0x00, 0x00, 0x00, 0x00, 0xFF, 0x84, 
0x00, 0x00, 0xFF, 0x84, 0xFF, 0x84, 0xFF, 0x84, 0xFF, 0x84, 0xFF, 0x84, 0xFF, 0x84, 0xFF, 0x84, 
0xFF, 0x84, 0xFF, 0x84, 0x00, 0x00, 0x15, 0x03, 0xEE, 0x71, 0xD9, 0x5F, 0x00, 0x00, 0x00, 0x00, 
0x00, 0x00, 0x00, 0x00, 0x00, 0x01, 0x76, 0x0D, 0x00, 0x30, 0x55, 0x00, 0x00, 0x00, 0x00, 0x00, 
0x00, 0x00, 0x00, 0x00, 0x00, 0x7D, 0xB6, 0x23, 0xE7, 0x34, 0x00, 0x00, 0x00, 0x00, 0x00, 0x00, 
0x00, 0x00, 0x00, 0x00, 0x06, 0xDB, 0xF3, 0x91, 0x00, 0x00, 0x00, 0x00, 0x00, 0x00, 0x00, 0x00, 
0x00, 0x00, 0x00, 0x00, 0x3E, 0x80, 0x15, 0x00, 0x00, 0x00, 0x00, 0x00, 0x00, 0x00, 0x00, 0x00, 
0x00, 0x00, 0x00, 0x00, 0x00, 0x00, 0x00, 0xFF, 0xFF, 0xFF, 0xF2, 0xB6, 0x31, 0x00, 0x00, 0x00, 
0xFF, 0xFF, 0xFF, 0xFF, 0xFF, 0xFF, 0xFF, 0xAB, 0x50, 0x67, 0xD4, 0xF7, 0x36, 0x00, 0x00, 0x50, 
0x50, 0x50, 0x50, 0xDB, 0xDB, 0xFF, 0x84, 0x00, 0x00, 0x0E, 0xDD, 0xCC, 0x00, 0x00, 0x00, 0x00, 
0x00, 0x23, 0xFE, 0x71, 0xFF, 0x84, 0x00, 0x00, 0x00, 0x6A, 0xFF, 0x2A, 0x00, 0x00, 0x00, 0x00, 
0x8C, 0xF6, 0x11, 0xFF, 0x84, 0x00, 0x00, 0x00, 0x28, 0xFF, 0x60, 0x00, 0x00, 0x00, 0x08, 0xEC, 
0x9C, 0x00, 0xFF, 0x84, 0x00, 0x00, 0x00, 0x0A, 0xFF, 0x7B, 0x00, 0x00, 0x00, 0x60, 0xFF, 0x32, 
0x00, 0xFF, 0x84, 0x00, 0x00, 0x00, 0x02, 0xFF, 0x81, 0x00, 0x00, 0x00, 0xC9, 0xC7, 0x00, 0x00, 
0xFF, 0x84, 0x00, 0x00, 0x00, 0x0B, 0xFF, 0x76, 0x00, 0x00, 0x33, 0xFF, 0x5E, 0x00, 0x00, 0xFF, 
0x84, 0x00, 0x00, 0x00, 0x2C, 0xFF, 0x58, 0x00, 0x00, 0x9C, 0xEB, 0x08, 0x00, 0x00, 0xFF, 0x84, 
0x00, 0x00, 0x00, 0x70, 0xFF, 0x1D, 0x00, 0x11, 0xF6, 0x87, 0x00, 0x00, 0x00, 0xFF, 0x84, 0x00, 
0x00, 0x10, 0xE0, 0xB9, 0x00, 0x00, 0x71, 0xFE, 0x21, 0x00, 0x00, 0x00, 0xFF, 0xAB, 0x51, 0x6E, 
0xDA, 0xEE, 0x25, 0x00, 0x00, 0xD9, 0xD7, 0x50, 0x50, 0x50, 0x50, 0xFF, 0xFF, 0xFF, 0xED, 0xAA, 
0x24, 0x00, 0x00, 0x00, 0xFF, 0xFF, 0xFF, 0xFF, 0xFF, 0xFF, 0x00, 0x00, 0x00, 0x00, 0x00, 0x00, 
0x00, 0x00, 0x00, 0x56, 0xCA, 0x0D, 0x21, 0xDC, 0x2E, 0xFF, 0xFF, 0xFF, 0xF2, 0xB6, 0x31, 0x00, 
0x00, 0x00, 0x00, 0xA7, 0xBA, 0xD9, 0x73, 0x00, 0xFF, 0xAB, 0x50, 0x67, 0xD4, 0xF7, 0x36, 0x00, 
0x00, 0x00, 0x15, 0xD1, 0xB7, 0x02, 0x00, 0xFF, 0x84, 0x00, 0x00, 0x0E, 0xDD, 0xCC, 0x00, 0x00, 
0x00, 0x00, 0x00, 0x00, 0x00, 0x00, 0xFF, 0x84, 0x00, 0x00, 0x00, 0x6A, 0xFF, 0x2A, 0x00, 0xFF, 
0xFF, 0xFF, 0xFF, 0xFF, 0x00, 0xFF, 0x84, 0x00, 0x00, 0x00, 0x28, 0xFF, 0x60, 0x00, 0x50, 0x50, 
0x50, 0xD8, 0xD9, 0x00, 0xFF, 0x84, 0x00, 0x00, 0x00, 0x0A, 0xFF, 0x7B, 0x00, 0x00, 0x00, 0x27, 
0xFE, 0x67, 0x00, 0xFF, 0x84, 0x00, 0x00, 0x00, 0x02, 0xFF, 0x81, 0x00, 0x00, 0x00, 0x96, 0xED, 
0x09, 0x00, 0xFF, 0x84, 0x00, 0x00, 0x00, 0x0B, 0xFF, 0x76, 0x00, 0x00, 0x11, 0xF5, 0x84, 0x00, 
0x00, 0xFF, 0x84, 0x00, 0x00, 0x00, 0x2C, 0xFF, 0x58, 0x00, 0x00, 0x75, 0xFA, 0x19, 0x00, 0x00, 
0xFF, 0x84, 0x00, 0x00, 0x00, 0x70, 0xFF, 0x1D, 0x00, 0x04, 0xE1, 0xA1, 0x00, 0x00, 0x00, 0xFF, 
0x84, 0x00, 0x00, 0x10, 0xE0, 0xB9, 0x00, 0x00, 0x56, 0xFF, 0x30, 0x00, 0x00, 0x00, 0xFF, 0xAB, 
0x51, 0x6E, 0xDA, 0xEE, 0x25, 0x00, 0x00, 0xC6, 0xDE, 0x50, 0x50, 0x50, 0x00, 0xFF, 0xFF, 0xFF, 
0xED, 0xAA, 0x24, 0x00, 0x00, 0x00, 0xFF, 0xFF, 0xFF, 0xFF, 0xFF, 0x00, 0x00, 0x00, 0x00, 0x00, 
0x00, 0x84, 0xFF, 0x00, 0x00, 0x52, 0xC3, 0x0A, 0x2D, 0xDA, 0x1C, 0x00, 0x00, 0x00, 0x00, 0x00, 
0x84, 0xFF, 0x00, 0x00, 0x00, 0xAC, 0xBB, 0xE7, 0x60, 0x00, 0x00, 0x00, 0x00, 0x00, 0x00, 0x84, 
0xFF, 0x00, 0x00, 0x00, 0x1C, 0xE0, 0xB6, 0x01, 0x00, 0x00, 0x00, 0x00, 0x00, 0x00, 0x84, 0xFF, 
0x00, 0x00, 0x00, 0x00, 0x00, 0x00, 0x00, 0x00, 0x00, 0x6F, 0xEB, 0xF3, 0x93, 0x85, 0xFF, 0x00, 
0x00, 0xFF, 0xFF, 0xFF, 0xFF, 0xFF, 0x00, 0x48, 0xFF, 0xAA, 0x58, 0xAC, 0xE9, 0xFF, 0x00, 0x00, 
0x50, 0x50, 0x50, 0xDA, 0xE1, 0x00, 0xB2, 0xE3, 0x05, 0x00, 0x03, 0xDE, 0xFF, 0x00, 0x00, 0x00, 
0x00, 0x2B, 0xFF, 0x73, 0x00, 0xE7, 0xA2, 0x00, 0x00, 0x00, 0x9E, 0xFF, 0x00, 0x00, 0x00, 0x00, 
0x9E, 0xF1, 0x0E, 0x00, 0xFD, 0x88, 0x00, 0x00, 0x00, 0x88, 0xFF, 0x00, 0x00, 0x00, 0x19, 0xF9, 
0x8D, 0x00, 0x00, 0xFD, 0x88, 0x00, 0x00, 0x00, 0x86, 0xFF, 0x00, 0x00, 0x00, 0x86, 0xFB, 0x1E, 
0x00, 0x00, 0xE7, 0xA2, 0x00, 0x00, 0x00, 0x99, 0xFF, 0x00, 0x00, 0x0B, 0xEE, 0xA5, 0x00, 0x00, 
0x00, 0xB3, 0xE3, 0x04, 0x00, 0x02, 0xD8, 0xFF, 0x00, 0x00, 0x6D, 0xFF, 0x32, 0x00, 0x00, 0x00, 
0x4D, 0xFF, 0xAA, 0x58, 0xA7, 0xDF, 0xFF, 0x00, 0x00, 0xDE, 0xDF, 0x50, 0x50, 0x50, 0x00, 0x00, 
0x72, 0xEB, 0xF5, 0x93, 0x4E, 0xFF, 0x00, 0x00, 0xFF, 0xFF, 0xFF, 0xFF, 0xFF, 0x00, 0xFF, 0x84, 
0x00, 0x00, 0x00, 0x00, 0x00, 0xFF, 0x84, 0xFF, 0x84, 0x00, 0x00, 0x00, 0x00, 0x00, 0xFF, 0x84, 
0xFF, 0x84, 0x00, 0x00, 0x00, 0x00, 0x00, 0xFF, 0x84, 0xFF, 0x84, 0x00, 0x00, 0x00, 0x00, 0x00, 
0xFF, 0x84, 0xFF, 0x84, 0x00, 0x00, 0x00, 0x00, 0x00, 0xFF, 0x84, 0xFF, 0x84, 0x00, 0x00, 0x00, 
0x00, 0x00, 0xFF, 0x84, 0xFF, 0x84, 0x00, 0x00, 0x00, 0x00, 0x00, 0xFF, 0x84, 0xFF, 0x84, 0x00, 
0x00, 0x00, 0x00, 0x00, 0xFF, 0x84, 0xFF, 0x84, 0x00, 0x00, 0x00, 0x00, 0x00, 0xFF, 0x84, 0xFF, 
0x84, 0x00, 0x00, 0x00, 0x00, 0x00, 0xFF, 0x84, 0xFF, 0x84, 0x00, 0x00, 0x00, 0x00, 0x00, 0xFF, 
0x84, 0xFF, 0xB6, 0x68, 0x68, 0x68, 0x2A, 0x00, 0xFF, 0x84, 0xFF, 0xFF, 0xFF, 0xFF, 0xFF, 0x68, 
0x00, 0xFF, 0x84, 0x00, 0x00, 0x00, 0x00, 0x00, 0x00, 0x0E, 0xFF, 0x79, 0x00, 0x00, 0x00, 0x00, 
0x0D, 0x19, 0x74, 0xFF, 0x49, 0x00, 0x00, 0x00, 0x00, 0x40, 0xFF, 0xFF, 0xB8, 0x03, 0x00, 0x00, 
0x00, 0x00, 0x06, 0x36, 0x2E, 0x01, 0x00, 0x00, 0x00, 0x00, 0x00, 0x00, 0x00, 0x00, 0xDA, 0x60, 
0xFF, 0x84, 0x00, 0x00, 0x00, 0x00, 0x00, 0xE4, 0x6A, 0xFF, 0x84, 0x00, 0x00, 0x00, 0x00, 0x00, 
0x0A, 0x01, 0xFF, 0x84, 0x00, 0x00, 0x00, 0x00, 0x00, 0x00, 0x00, 0xFF, 0x84, 0x00, 0x00, 0x00, 
0x00, 0x00, 0xFF, 0x84, 0xFF, 0x84, 0x00, 0x00, 0x00, 0x00, 0x00, 0xFF, 0x84, 0xFF, 0x84, 0x00, 
0x00, 0x00, 0x00, 0x00, 0xFF, 0x84, 0xFF, 0x84, 0x00, 0x00, 0x00, 0x00, 0x00, 0xFF, 0x84, 0xFF, 
0x84, 0x00, 0x00, 0x00, 0x00, 0x00, 0xFF, 0x84, 0xFF, 0x84, 0x00, 0x00, 0x00, 0x00, 0x00, 0xFF, 
0x84, 0xFF, 0x84, 0x00, 0x00, 0x00, 0x00, 0x00, 0xFF, 0x84, 0xFF, 0x84, 0x00, 0x00, 0x00, 0x00, 
0x00, 0xFF, 0x84, 0xFF, 0xB6, 0x68, 0x68, 0x68, 0x31, 0x00, 0xFF, 0x84, 0xFF, 0xFF, 0xFF, 0xFF, 
0xFF, 0x78, 0x00, 0xFF, 0x84, 0x00, 0x00, 0x00, 0x00, 0x00, 0x00, 0x00, 0xFF, 0x84, 0x00, 0x00, 
0x00, 0x00, 0x00, 0x00, 0x07, 0xFF, 0x80, 0x00, 0x00, 0x00, 0x00, 0x00, 0x3E, 0x82, 0xFF, 0x57, 
0x00, 0x00, 0x00, 0x00, 0x00, 0x97, 0xFA, 0xAF, 0x06, 0xFF, 0x84, 0x00, 0x00, 0xDA, 0x5E, 0xFF, 
0x84, 0x00, 0x00, 0xE4, 0x69, 0xFF, 0x84, 0x00, 0x00, 0x0B, 0x01, 0xFF, 0x84, 0x00, 0x00, 0x00, 
0x00, 0xFF, 0x84, 0x00, 0x00, 0xFF, 0x84, 0xFF, 0x84, 0x00, 0x00, 0xFF, 0x84, 0xFF, 0x84, 0x00, 
0x00, 0xFF, 0x84, 0xFF, 0x84, 0x00, 0x00, 0xFF, 0x84, 0xFF, 0x84, 0x00, 0x00, 0xFF, 0x84, 0xFF, 
0x84, 0x00, 0x00, 0xFF, 0x84, 0xFF, 0x84, 0x00, 0x00, 0xFF, 0x84, 0xFF, 0x84, 0x00, 0x00, 0xFF, 
0x84, 0xFF, 0x84, 0x00, 0x00, 0xFF, 0x84, 0xFF, 0x84, 0x00, 0x00, 0xFF, 0x84, 0x00, 0x00, 0x00, 
0x00, 0xFF, 0x84, 0x00, 0x00, 0x00, 0x07, 0xFF, 0x7F, 0x00, 0x00, 0x44, 0x82, 0xFF, 0x55, 0x00, 
0x00, 0xA6, 0xFB, 0xAB, 0x05, 0xFF, 0xFF, 0x28, 0x00, 0x00, 0x00, 0x84, 0xFF, 0x00, 0x00, 0x00, 
0xFF, 0x84, 0xFF, 0xFF, 0x93, 0x00, 0x00, 0x00, 0x84, 0xFF, 0x00, 0x00, 0x00, 0xFF, 0x84, 0xFF, 
0xDC, 0xF2, 0x0D, 0x00, 0x00, 0x84, 0xFF, 0x00, 0x00, 0x00, 0xFF, 0x84, 0xFF, 0x8C, 0xEA, 0x6B, 
0x00, 0x00, 0x84, 0xFF, 0x00, 0x00, 0x00, 0xFF, 0x84, 0xFF, 0x84, 0x86, 0xD7, 0x01, 0x00, 0x84, 
0xFF, 0x00, 0x00, 0x00, 0xFF, 0x84, 0xFF, 0x84, 0x1D, 0xFC, 0x45, 0x00, 0x84, 0xFF, 0x00, 0x00, 
0x00, 0xFF, 0x84, 0xFF, 0x84, 0x00, 0xAC, 0xB2, 0x00, 0x84, 0xFF, 0x00, 0x00, 0x00, 0xFF, 0x84, 
0xFF, 0x84, 0x00, 0x40, 0xFD, 0x21, 0x84, 0xFF, 0x00, 0x00, 0x00, 0xFF, 0x84, 0xFF, 0x84, 0x00, 
0x00, 0xD4, 0x8A, 0x84, 0xFF, 0x00, 0x00, 0x00, 0xFF, 0x84, 0xFF, 0x84, 0x00, 0x00, 0x67, 0xEE, 
0x8E, 0xFF, 0x00, 0x00, 0x00, 0xFF, 0x84, 0xFF, 0x84, 0x00, 0x00, 0x0B, 0xF0, 0xE3, 0xFF, 0x00, 
0x00, 0x00, 0xFF, 0x84, 0xFF, 0x84, 0x00, 0x00, 0x00, 0x8F, 0xFF, 0xFF, 0x00, 0x00, 0x00, 0xFF, 
0x84, 0xFF, 0x84, 0x00, 0x00, 0x00, 0x24, 0xFE, 0xFF, 0x00, 0x00, 0x00, 0xFF, 0x84, 0x00, 0x00, 
0x00, 0x00, 0x00, 0x00, 0x00, 0x00, 0x00, 0x00, 0x0F, 0xFF, 0x77, 0x00, 0x00, 0x00, 0x00, 0x00, 
0x00, 0x00, 0x00, 0x19, 0x16, 0x80, 0xFF, 0x42, 0x00, 0x00, 0x00, 0x00, 0x00, 0x00, 0x00, 0x00, 
0x98, 0xFF, 0xFF, 0xA4, 0x01, 0x00, 0x00, 0x00, 0x00, 0x00, 0x00, 0x00, 0x00, 0x16, 0x3C, 0x25, 
0x00, 0x00, 0x00, 0x00, 0x00, 0x00, 0x00, 0x00, 0x00, 0x00, 0x00, 0x00, 0x5F, 0xDA, 0xFF, 0xFF, 
0x28, 0x00, 0x00, 0x00, 0x84, 0xFF, 0x00, 0x00, 0x69, 0xE6, 0xFF, 0xFF, 0x93, 0x00, 0x00, 0x00, 
0x84, 0xFF, 0x00, 0x00, 0x01, 0x0B, 0xFF, 0xDC, 0xF2, 0x0D, 0x00, 0x00, 0x84, 0xFF, 0x00, 0x00, 
0x00, 0x00, 0xFF, 0x8C, 0xEA, 0x6B, 0x00, 0x00, 0x84, 0xFF, 0x00, 0x00, 0x84, 0xFF, 0xFF, 0x84, 
0x86, 0xD7, 0x01, 0x00, 0x84, 0xFF, 0x00, 0x00, 0x84, 0xFF, 0xFF, 0x84, 0x1D, 0xFC, 0x45, 0x00, 
0x84, 0xFF, 0x00, 0x00, 0x84, 0xFF, 0xFF, 0x84, 0x00, 0xAC, 0xB2, 0x00, 0x84, 0xFF, 0x00, 0x00, 
0x84, 0xFF, 0xFF, 0x84, 0x00, 0x40, 0xFD, 0x21, 0x84, 0xFF, 0x00, 0x00, 0x84, 0xFF, 0xFF, 0x84, 
0x00, 0x00, 0xD4, 0x8A, 0x84, 0xFF, 0x00, 0x00, 0x84, 0xFF, 0xFF, 0x84, 0x00, 0x00, 0x67, 0xEE, 
0x8E, 0xFF, 0x00, 0x00, 0x84, 0xFF, 0xFF, 0x84, 0x00, 0x00, 0x0B, 0xF0, 0xE3, 0xFF, 0x00, 0x00, 
0x84, 0xFF, 0xFF, 0x84, 0x00, 0x00, 0x00, 0x8F, 0xFF, 0xFF, 0x00, 0x00, 0x84, 0xFF, 0xFF, 0x84, 
0x00, 0x00, 0x00, 0x24, 0xFE, 0xFF, 0x00, 0x00, 0x84, 0xFF, 0x00, 0x00, 0x00, 0x00, 0x00, 0x00, 
0x00, 0x00, 0x00, 0x00, 0x84, 0xFF, 0x00, 0x00, 0x00, 0x00, 0x00, 0x00, 0x00, 0x00, 0x00, 0x00, 
0x89, 0xFC, 0x00, 0x00, 0x00, 0x00, 0x00, 0x00, 0x00, 0x00, 0x0E, 0x58, 0xD8, 0xD3, 0x00, 0x00, 
0x00, 0x00, 0x00, 0x00, 0x00, 0x00, 0x1B, 0xF5, 0xE8, 0x48, 0x00, 0x00, 0x00, 0x00, 0x00, 0x00, 
0x00, 0x00, 0x00, 0xDA, 0x60, 0x00, 0x00, 0x00, 0x00, 0x00, 0x00, 0x00, 0x00, 0x00, 0xE2, 0x6A, 
0x00, 0x00, 0x00, 0x00, 0x00, 0x00, 0x00, 0x00, 0x00, 0x0A, 0x01, 0x00, 0x00, 0x00, 0x00, 0x00, 
0x00, 0x00, 0x00, 0x00, 0x00, 0x00, 0xFF, 0x49, 0x98, 0xF5, 0xEA, 0x72, 0x00, 0x00, 0x00, 0xFF, 
0x84, 0xFF, 0xDB, 0xA5, 0x57, 0xB8, 0xFF, 0x31, 0x00, 0x00, 0xFF, 0x84, 0xFF, 0xD8, 0x02, 0x00, 
0x23, 0xFF, 0x72, 0x00, 0x00, 0xFF, 0x84, 0xFF, 0x9C, 0x00, 0x00, 0x02, 0xFF, 0x83, 0x00, 0x00, 
0xFF, 0x84, 0xFF, 0x88, 0x00, 0x00, 0x00, 0xFF, 0x84, 0x00, 0x00, 0xFF, 0x84, 0xFF, 0x84, 0x00, 
0x00, 0x00, 0xFF, 0x84, 0x00, 0x00, 0xFF, 0x84, 0xFF, 0x84, 0x00, 0x00, 0x00, 0xFF, 0x84, 0x00, 
0x00, 0xFF, 0x84, 0xFF, 0x84, 0x00, 0x00, 0x00, 0xFF, 0x84, 0x00, 0x00, 0xFF, 0x84, 0xFF, 0x84, 
0x00, 0x00, 0x00, 0xFF, 0x84, 0x00, 0x00, 0xFF, 0x84, 0xFF, 0x84, 0x00, 0x00, 0x00, 0xFF, 0x84, 
0x00, 0x00, 0xFF, 0x84, 0x00, 0x00, 0x00, 0x00, 0x00, 0x00, 0x00, 0x00, 0x00, 0xFF, 0x84, 0x00, 
0x00, 0x00, 0x00, 0x00, 0x00, 0x00, 0x00, 0x07, 0xFF, 0x7F, 0x00, 0x00, 0x00, 0x00, 0x00, 0x00, 
0x00, 0x45, 0x82, 0xFF, 0x55, 0x00, 0x00, 0x00, 0x00, 0x00, 0x00, 0x00, 0xAB, 0xFB, 0xAB, 0x05, 
0x00, 0x0D, 0x77, 0x07, 0x00, 0x2A, 0x62, 0x00, 0x00, 0x00, 0x00, 0x9B, 0xAA, 0x23, 0xE7, 0x45, 
0x00, 0x00, 0x00, 0x00, 0x0F, 0xE7, 0xF3, 0x9A, 0x00, 0x00, 0x00, 0x00, 0x00, 0x00, 0x45, 0x80, 
0x18, 0x00, 0x00, 0x00, 0x00, 0x00, 0x00, 0x00, 0x00, 0x00, 0x00, 0x00, 0x00, 0x00, 0x00, 0x00, 
0x9C, 0xFF, 0x63, 0x00, 0x00, 0x00, 0x00, 0x00, 0x00, 0xE1, 0xF7, 0xA9, 0x00, 0x00, 0x00, 0x00, 
0x00, 0x26, 0xFF, 0xAA, 0xED, 0x02, 0x00, 0x00, 0x00, 0x00, 0x6B, 0xFB, 0x4A, 0xFF, 0x35, 0x00, 
0x00, 0x00, 0x00, 0xB1, 0xCA, 0x0A, 0xFA, 0x7B, 0x00, 0x00, 0x00, 0x04, 0xF1, 0x8C, 0x00, 0xC6, 
0xC2, 0x00, 0x00, 0x00, 0x3D, 0xFF, 0x50, 0x00, 0x89, 0xFA, 0x0D, 0x00, 0x00, 0x82, 0xFF, 0x34, 
0x20, 0x66, 0xFF, 0x4E, 0x00, 0x00, 0xC6, 0xFF, 0xFF, 0xFF, 0xFF, 0xFF, 0x94, 0x00, 0x10, 0xFD, 
0xB2, 0x50, 0x50, 0x50, 0xD6, 0xDA, 0x00, 0x52, 0xFF, 0x54, 0x00, 0x00, 0x00, 0x86, 0xFF, 0x21, 
0x97, 0xFD, 0x11, 0x00, 0x00, 0x00, 0x3D, 0xFF, 0x67, 0xDE, 0xC6, 0x00, 0x00, 0x00, 0x00, 0x04, 
0xF0, 0xAD, 0x0B, 0xD8, 0x42, 0x05, 0xB6, 0x72, 0x00, 0x46, 0xEE, 0xAC, 0xC0, 0x02, 0x00, 0x00, 
0xA4, 0xE6, 0x26, 0x00, 0x00, 0x00, 0x00, 0x00, 0x00, 0x00, 0x0E, 0x96, 0xE7, 0xFB, 0xC8, 0x22, 
0x06, 0xB1, 0x67, 0x64, 0xF2, 0xB1, 0x00, 0x00, 0x00, 0x00, 0x99, 0xEF, 0x00, 0x00, 0x03, 0x0F, 
0x8D, 0xFF, 0x14, 0xAD, 0xF9, 0xFF, 0xFF, 0xFF, 0xAB, 0xF8, 0x74, 0x43, 0xA3, 0xFF, 0xF3, 0x9C, 
0x00, 0x00, 0x8B, 0xFF, 0xF7, 0x8F, 0x00, 0x00, 0xC1, 0xFF, 0xBD, 0xE9, 0x5E, 0x92, 0xD6, 0xFF, 
0x2A, 0xD7, 0xF7, 0x9E, 0x40, 0xFF, 0x47, 0x4E, 0x00, 0x00, 0x55, 0x27, 0x18, 0xE5, 0x60, 0x51, 
0xD8, 0x07, 0x00, 0x46, 0xFC, 0xF5, 0x4C, 0x00, 0x00, 0x00, 0x64, 0x76, 0x00, 0x00, 0x00, 0x00, 
0x00, 0x00, 0x00, 0x00, 0x00, 0xF9, 0xFF, 0xFF, 0xFC, 0x00, 0x00, 0x07, 0x99, 0xFF, 0x12, 0x00, 
0x00, 0x00, 0x84, 0xFF, 0x00, 0x00, 0x00, 0x00, 0x84, 0xFF, 0x00, 0x00, 0x00, 0x00, 0x84, 0xFF, 
0x00, 0x00, 0x00, 0x00, 0x84, 0xFF, 0x00, 0x00, 0x00, 0x00, 0x84, 0xFF, 0x00, 0x00, 0x00, 0x00, 
0x84, 0xFF, 0x00, 0x00, 0x00, 0x00, 0x84, 0xFF, 0x00, 0x00, 0x00, 0x00, 0x84, 0xFF, 0x00, 0x00, 
0x00, 0x00, 0x84, 0xFF, 0x00, 0x00, 0x00, 0x07, 0x99, 0xFF, 0x12, 0x00, 0x00, 0xF9, 0xFF, 0xFF, 
0xFC, 0x00, 0xA9, 0x88, 0x00, 0x5B, 0xCE, 0x06, 0x10, 0xE3, 0xA9, 0xF4, 0x2A, 0x00, 0x00, 0x4E, 
0xCC, 0x6F, 0x00, 0x00, 0x00, 0x00, 0x00, 0x00, 0x00, 0x00, 0x00, 0x00, 0xFF, 0x84, 0x00, 0x00, 
0x00, 0x00, 0xFF, 0x84, 0x00, 0x00, 0x00, 0x00, 0xFF, 0x84, 0x00, 0x00, 0x00, 0x00, 0xFF, 0x84, 
0x00, 0x00, 0x00, 0x00, 0xFF, 0x84, 0x00, 0x00, 0x00, 0x00, 0xFF, 0x84, 0x00, 0x00, 0x00, 0x00, 
0xFF, 0x84, 0x00, 0x00, 0x00, 0x00, 0xFF, 0x84, 0x00, 0x00, 0x00, 0x00, 0xFF, 0x84, 0x00, 0x00, 
0x00, 0x00, 0xFF, 0x84, 0x00, 0x00, 0x00, 0x09, 0x7A, 0x0F, 0x00, 0x0E, 0x7B, 0x0B, 0x00, 0x00, 
0x00, 0x89, 0xC6, 0x15, 0xC7, 0x90, 0x00, 0x00, 0x00, 0x00, 0x07, 0xD6, 0xF2, 0xD5, 0x08, 0x00, 
0x00, 0x00, 0x00, 0x00, 0x35, 0x80, 0x34, 0x00, 0x00, 0x00, 0x00, 0x00, 0x00, 0x00, 0x00, 0x00, 
0x00, 0x00, 0x00, 0x00, 0x0A, 0x8B, 0xE4, 0xFA, 0xE2, 0x83, 0x06, 0x00, 0x02, 0xBC, 0xF9, 0x88, 
0x54, 0x81, 0xF6, 0xA8, 0x00, 0x54, 0xFF, 0x61, 0x00, 0x00, 0x00, 0x58, 0xFF, 0x41, 0xAB, 0xE6, 
0x02, 0x00, 0x00, 0x00, 0x01, 0xE3, 0x9E, 0xDC, 0xAB, 0x00, 0x00, 0x00, 0x00, 0x00, 0xA9, 0xD5, 
0xF7, 0x8E, 0x00, 0x00, 0x00, 0x00, 0x00, 0x8E, 0xF5, 0xFE, 0x86, 0x00, 0x00, 0x00, 0x00, 0x00, 
0x85, 0xFE, 0xF3, 0x8F, 0x00, 0x00, 0x00, 0x00, 0x00, 0x8E, 0xF5, 0xD5, 0xAC, 0x00, 0x00, 0x00, 
0x00, 0x00, 0xAB, 0xD7, 0xA3, 0xE8, 0x03, 0x00, 0x00, 0x00, 0x01, 0xE4, 0x9F, 0x45, 0xFF, 0x65, 
0x00, 0x00, 0x00, 0x5A, 0xFF, 0x40, 0x00, 0xA9, 0xFA, 0x8A, 0x56, 0x84, 0xF8, 0xA4, 0x00, 0x00, 
0x05, 0x81, 0xE2, 0xFE, 0xE1, 0x7F, 0x04, 0x00, 0x04, 0xCF, 0x5E, 0x00, 0x7A, 0xB8, 0x00, 0x00, 
0x2C, 0xF5, 0x97, 0xED, 0x19, 0x00, 0x00, 0x00, 0x83, 0xEC, 0x60, 0x00, 0x00, 0x00, 0x00, 0x00, 
0x00, 0x00, 0x00, 0x00, 0x00, 0x56, 0xD8, 0xFA, 0xD6, 0x4C, 0x00, 0x3B, 0xFE, 0xAB, 0x58, 0xAD, 
0xFB, 0x31, 0xAB, 0xE3, 0x04, 0x00, 0x06, 0xE4, 0xA4, 0xE4, 0xA2, 0x00, 0x00, 0x00, 0xA2, 0xE2, 
0xFC, 0x88, 0x00, 0x00, 0x00, 0x88, 0xFC, 0xFA, 0x88, 0x00, 0x00, 0x00, 0x88, 0xFA, 0xDF, 0xA1, 
0x00, 0x00, 0x00, 0xA2, 0xDE, 0xA4, 0xE3, 0x05, 0x00, 0x06, 0xE4, 0xA0, 0x31, 0xFB, 0xAC, 0x58, 
0xAD, 0xFA, 0x2D, 0x00, 0x4D, 0xD7, 0xFC, 0xD6, 0x4B, 0x00, 0x00, 0x58, 0x33, 0x00, 0x04, 0x72, 
0x14, 0x00, 0x00, 0x34, 0xE9, 0x28, 0xA1, 0xAA, 0x00, 0x00, 0x00, 0x00, 0x89, 0xF2, 0xED, 0x15, 
0x00, 0x00, 0x00, 0x00, 0x10, 0x80, 0x4B, 0x00, 0x00, 0x00, 0x00, 0x00, 0x00, 0x00, 0x00, 0x00, 
0x00, 0x00, 0xFF, 0x84, 0x00, 0x00, 0x00, 0x00, 0xFF, 0x84, 0xFF, 0x84, 0x00, 0x00, 0x00, 0x00, 
0xFF, 0x84, 0xFF, 0x84, 0x00, 0x00, 0x00, 0x00, 0xFF, 0x84, 0xFF, 0x84, 0x00, 0x00, 0x00, 0x00, 
0xFF, 0x84, 0xFF, 0x84, 0x00, 0x00, 0x00, 0x00, 0xFF, 0x84, 0xFF, 0x84, 0x00, 0x00, 0x00, 0x00, 
0xFF, 0x84, 0xFF, 0x84, 0x00, 0x00, 0x00, 0x00, 0xFF, 0x84, 0xFF, 0x84, 0x00, 0x00, 0x00, 0x00, 
0xFF, 0x84, 0xFF, 0x84, 0x00, 0x00, 0x00, 0x00, 0xFF, 0x83, 0xF3, 0x92, 0x00, 0x00, 0x00, 0x0E, 
0xFF, 0x77, 0xC1, 0xD7, 0x03, 0x00, 0x00, 0x52, 0xFF, 0x45, 0x4F, 0xFF, 0xB3, 0x58, 0x6E, 0xEA, 
0xCF, 0x03, 0x00, 0x5B, 0xD5, 0xFD, 0xF0, 0xA5, 0x18, 0x00, 0x20, 0xDE, 0x37, 0x05, 0xA7, 0x8B, 
0x00, 0x00, 0x53, 0xEE, 0xB5, 0xC9, 0x05, 0x00, 0x00, 0x00, 0x96, 0xCC, 0x2A, 0x00, 0x00, 0x00, 
0x00, 0x00, 0x00, 0x00, 0x00, 0x00, 0xFF, 0x84, 0x00, 0x00, 0x00, 0xFF, 0x84, 0xFF, 0x84, 0x00, 
0x00, 0x00, 0xFF, 0x84, 0xFF, 0x84, 0x00, 0x00, 0x00, 0xFF, 0x84, 0xFF, 0x84, 0x00, 0x00, 0x00, 
0xFF, 0x84, 0xFF, 0x84, 0x00, 0x00, 0x00, 0xFF, 0x84, 0xFF, 0x84, 0x00, 0x00, 0x02, 0xFF, 0x84, 
0xFF, 0x87, 0x00, 0x00, 0x16, 0xFF, 0x84, 0xEB, 0xAB, 0x00, 0x00, 0x53, 0xFF, 0x84, 0xA7, 0xFA, 
0x6F, 0x65, 0xD6, 0xEF, 0x84, 0x1A, 0xC0, 0xFB, 0xD9, 0x43, 0xC2, 0x84, 0x00, 0x00, 0x10, 0x10, 
0x10, 0x10, 0x00, 0x00, 0x00, 0x00, 0xFF, 0xFF, 0xFF, 0xFF, 0x00, 0x00, 0x00, 0x00, 0x46, 0x41, 
0x41, 0x46, 0x00, 0x00, 0x00, 0x00, 0xE9, 0x6E, 0x6E, 0xE8, 0x00, 0x00, 0x00, 0x00, 0x2A, 0x0D, 
0x0D, 0x29, 0x00, 0x00, 0x00, 0x00, 0x00, 0x00, 0x00, 0x00, 0x00, 0x00, 0xFF, 0x84, 0x00, 0x00, 
0x00, 0x00, 0xFF, 0x84, 0xFF, 0x84, 0x00, 0x00, 0x00, 0x00, 0xFF, 0x84, 0xFF, 0x84, 0x00, 0x00, 
0x00, 0x00, 0xFF, 0x84, 0xFF, 0x84, 0x00, 0x00, 0x00, 0x00, 0xFF, 0x84, 0xFF, 0x84, 0x00, 0x00, 
0x00, 0x00, 0xFF, 0x84, 0xFF, 0x84, 0x00, 0x00, 0x00, 0x00, 0xFF, 0x84, 0xFF, 0x84, 0x00, 0x00, 
0x00, 0x00, 0xFF, 0x84, 0xFF, 0x84, 0x00, 0x00, 0x00, 0x00, 0xFF, 0x84, 0xFF, 0x84, 0x00, 0x00, 
0x00, 0x00, 0xFF, 0x83, 0xF3, 0x92, 0x00, 0x00, 0x00, 0x0E, 0xFF, 0x77, 0xC1, 0xD7, 0x03, 0x00, 
0x00, 0x52, 0xFF, 0x45, 0x4F, 0xFF, 0xB3, 0x58, 0x6E, 0xEA, 0xCF, 0x03, 0x00, 0x5B, 0xD5, 0xFD, 
0xF0, 0xA5, 0x18, 0x00, 0x00, 0x10, 0x10, 0x10, 0x10, 0x08, 0x00, 0x00, 0xFF, 0xFF, 0xFF, 0xFF, 
0x84, 0x00, 0x00, 0x40, 0x40, 0x40, 0x40, 0x21, 0x00, 0x00, 0xE3, 0x68, 0x00, 0xE3, 0x68, 0x00, 
0x00, 0x3A, 0x12, 0x00, 0x38, 0x12, 0x00, 0x00, 0x00, 0x00, 0x00, 0x00, 0x00, 0x00, 0xFF, 0x84, 
0x00, 0x00, 0x00, 0xFF, 0x84, 0xFF, 0x84, 0x00, 0x00, 0x00, 0xFF, 0x84, 0xFF, 0x84, 0x00, 0x00, 
0x00, 0xFF, 0x84, 0xFF, 0x84, 0x00, 0x00, 0x00, 0xFF, 0x84, 0xFF, 0x84, 0x00, 0x00, 0x00, 0xFF, 
0x84, 0xFF, 0x84, 0x00, 0x00, 0x02, 0xFF, 0x84, 0xFF, 0x87, 0x00, 0x00, 0x16, 0xFF, 0x84, 0xEB, 
0xAB, 0x00, 0x00, 0x53, 0xFF, 0x84, 0xA7, 0xFA, 0x6F, 0x65, 0xD2, 0xF4, 0x84, 0x1A, 0xC0, 0xFB, 
0xD7, 0x41, 0xD7, 0x84, 0x00, 0x00, 0x00, 0x00, 0x5D, 0x7A, 0x00, 0x00, 0x00, 0x00, 0x00, 0x04, 
0xEE, 0x87, 0x00, 0x00, 0x00, 0x00, 0x00, 0x48, 0xD2, 0x07, 0x00, 0x00, 0x00, 0x00, 0x00, 0x48, 
0x26, 0x00, 0x00, 0x00, 0x00, 0x00, 0xDB, 0x62, 0x62, 0xDA, 0x00, 0x00, 0x00, 0x00, 0xA0, 0x44, 
0x44, 0x9E, 0x00, 0x00, 0x00, 0x00, 0x00, 0x00, 0x00, 0x00, 0x00, 0x00, 0xFF, 0x84, 0x00, 0x00, 
0x00, 0x00, 0xFF, 0x84, 0xFF, 0x84, 0x00, 0x00, 0x00, 0x00, 0xFF, 0x84, 0xFF, 0x84, 0x00, 0x00, 
0x00, 0x00, 0xFF, 0x84, 0xFF, 0x84, 0x00, 0x00, 0x00, 0x00, 0xFF, 0x84, 0xFF, 0x84, 0x00, 0x00, 
0x00, 0x00, 0xFF, 0x84, 0xFF, 0x84, 0x00, 0x00, 0x00, 0x00, 0xFF, 0x84, 0xFF, 0x84, 0x00, 0x00, 
0x00, 0x00, 0xFF, 0x84, 0xFF, 0x84, 0x00, 0x00, 0x00, 0x00, 0xFF, 0x84, 0xFF, 0x84, 0x00, 0x00, 
0x00, 0x00, 0xFF, 0x83, 0xF3, 0x92, 0x00, 0x00, 0x00, 0x0E, 0xFF, 0x77, 0xC1, 0xD7, 0x03, 0x00, 
0x00, 0x52, 0xFF, 0x45, 0x4F, 0xFF, 0xB3, 0x58, 0x6E, 0xEA, 0xCF, 0x03, 0x00, 0x5B, 0xD5, 0xFD, 
0xF0, 0xA5, 0x18, 0x00, 0x00, 0x00, 0x00, 0x75, 0xFC, 0x3E, 0x00, 0x00, 0x00, 0x17, 0xEE, 0x64, 
0x00, 0x00, 0x00, 0x00, 0x40, 0x56, 0x00, 0x00, 0x00, 0x00, 0xE1, 0x67, 0x00, 0xE2, 0x67, 0x00, 
0x00, 0x38, 0x15, 0x00, 0x38, 0x14, 0x00, 0x00, 0x00, 0x00, 0x00, 0x00, 0x00, 0x00, 0xFF, 0x84, 
0x00, 0x00, 0x00, 0xFF, 0x84, 0xFF, 0x84, 0x00, 0x00, 0x00, 0xFF, 0x84, 0xFF, 0x84, 0x00, 0x00, 
0x00, 0xFF, 0x84, 0xFF, 0x84, 0x00, 0x00, 0x00, 0xFF, 0x84, 0xFF, 0x84, 0x00, 0x00, 0x00, 0xFF, 
0x84, 0xFF, 0x84, 0x00, 0x00, 0x02, 0xFF, 0x84, 0xFF, 0x87, 0x00, 0x00, 0x16, 0xFF, 0x84, 0xEB, 
0xAB, 0x00, 0x00, 0x53, 0xFF, 0x84, 0xA7, 0xFA, 0x6F, 0x65, 0xD2, 0xF4, 0x84, 0x1A, 0xC0, 0xFB, 
0xD7, 0x41, 0xD2, 0x84, 0x00, 0x2F, 0x60, 0x00, 0x00, 0x56, 0x18, 0x00, 0x00, 0x07, 0xCF, 0x67, 
0x5F, 0xAE, 0x00, 0x00, 0x00, 0x00, 0x2D, 0xF3, 0xEB, 0x1A, 0x00, 0x00, 0x00, 0x00, 0x00, 0x59, 
0x50, 0x00, 0x00, 0x00, 0x00, 0x00, 0xDE, 0x64, 0x65, 0xDE, 0x00, 0x00, 0x00, 0x00, 0xA0, 0x44, 
0x45, 0xA0, 0x00, 0x00, 0x00, 0x00, 0x00, 0x00, 0x00, 0x00, 0x00, 0x00, 0xFF, 0x84, 0x00, 0x00, 
0x00, 0x00, 0xFF, 0x84, 0xFF, 0x84, 0x00, 0x00, 0x00, 0x00, 0xFF, 0x84, 0xFF, 0x84, 0x00, 0x00, 
0x00, 0x00, 0xFF, 0x84, 0xFF, 0x84, 0x00, 0x00, 0x00, 0x00, 0xFF, 0x84, 0xFF, 0x84, 0x00, 0x00, 
0x00, 0x00, 0xFF, 0x84, 0xFF, 0x84, 0x00, 0x00, 0x00, 0x00, 0xFF, 0x84, 0xFF, 0x84, 0x00, 0x00, 
0x00, 0x00, 0xFF, 0x84, 0xFF, 0x84, 0x00, 0x00, 0x00, 0x00, 0xFF, 0x84, 0xFF, 0x84, 0x00, 0x00, 
0x00, 0x00, 0xFF, 0x83, 0xF3, 0x92, 0x00, 0x00, 0x00, 0x0E, 0xFF, 0x77, 0xC1, 0xD7, 0x03, 0x00, 
0x00, 0x52, 0xFF, 0x45, 0x4F, 0xFF, 0xB3, 0x58, 0x6E, 0xEA, 0xCF, 0x03, 0x00, 0x5B, 0xD5, 0xFD, 
0xF0, 0xA5, 0x18, 0x00, 0x0F, 0xD4, 0x4F, 0x04, 0x8C, 0x80, 0x00, 0x00, 0x35, 0xF6, 0xC6, 0xB5, 
0x02, 0x00, 0x00, 0x00, 0x57, 0x80, 0x17, 0x00, 0x00, 0x00, 0xE2, 0x67, 0x00, 0xE2, 0x67, 0x00, 
0x00, 0x39, 0x12, 0x00, 0x39, 0x14, 0x00, 0x00, 0x00, 0x00, 0x00, 0x00, 0x00, 0x00, 0xFF, 0x84, 
0x00, 0x00, 0x00, 0xFF, 0x84, 0xFF, 0x84, 0x00, 0x00, 0x00, 0xFF, 0x84, 0xFF, 0x84, 0x00, 0x00, 
0x00, 0xFF, 0x84, 0xFF, 0x84, 0x00, 0x00, 0x00, 0xFF, 0x84, 0xFF, 0x84, 0x00, 0x00, 0x00, 0xFF, 
0x84, 0xFF, 0x84, 0x00, 0x00, 0x02, 0xFF, 0x84, 0xFF, 0x87, 0x00, 0x00, 0x16, 0xFF, 0x84, 0xEB, 
0xAB, 0x00, 0x00, 0x53, 0xFF, 0x84, 0xA7, 0xFA, 0x6F, 0x65, 0xD2, 0xF4, 0x84, 0x1A, 0xC0, 0xFB, 
0xD7, 0x41, 0xD2, 0x84, 0x00, 0x00, 0x72, 0x5D, 0x00, 0x00, 0x00, 0x00, 0x00, 0x00, 0x7F, 0xEE, 
0x04, 0x00, 0x00, 0x00, 0x00, 0x00, 0x06, 0xD3, 0x49, 0x00, 0x00, 0x00, 0x00, 0x00, 0x00, 0x28, 
0x46, 0x00, 0x00, 0x00, 0x00, 0x00, 0xDA, 0x62, 0x62, 0xDA, 0x00, 0x00, 0x00, 0x00, 0xA1, 0x44, 
0x44, 0x9E, 0x00, 0x00, 0x00, 0x00, 0x00, 0x00, 0x00, 0x00, 0x00, 0x00, 0xFF, 0x84, 0x00, 0x00, 
0x00, 0x00, 0xFF, 0x84, 0xFF, 0x84, 0x00, 0x00, 0x00, 0x00, 0xFF, 0x84, 0xFF, 0x84, 0x00, 0x00, 
0x00, 0x00, 0xFF, 0x84, 0xFF, 0x84, 0x00, 0x00, 0x00, 0x00, 0xFF, 0x84, 0xFF, 0x84, 0x00, 0x00, 
0x00, 0x00, 0xFF, 0x84, 0xFF, 0x84, 0x00, 0x00, 0x00, 0x00, 0xFF, 0x84, 0xFF, 0x84, 0x00, 0x00, 
0x00, 0x00, 0xFF, 0x84, 0xFF, 0x84, 0x00, 0x00, 0x00, 0x00, 0xFF, 0x84, 0xFF, 0x84, 0x00, 0x00, 
0x00, 0x00, 0xFF, 0x83, 0xF3, 0x92, 0x00, 0x00, 0x00, 0x0E, 0xFF, 0x77, 0xC1, 0xD7, 0x03, 0x00, 
0x00, 0x52, 0xFF, 0x45, 0x4F, 0xFF, 0xB3, 0x58, 0x6E, 0xEA, 0xCF, 0x03, 0x00, 0x5B, 0xD5, 0xFD, 
0xF0, 0xA5, 0x18, 0x00, 0x00, 0xA2, 0xEE, 0x11, 0x00, 0x00, 0x00, 0x00, 0x0A, 0xCA, 0x94, 0x00, 
0x00, 0x00, 0x00, 0x00, 0x13, 0x7D, 0x09, 0x00, 0x00, 0x00, 0xE1, 0x67, 0x00, 0xE0, 0x67, 0x00, 
0x00, 0x38, 0x15, 0x00, 0x38, 0x14, 0x00, 0x00, 0x00, 0x00, 0x00, 0x00, 0x00, 0x00, 0xFF, 0x84, 
0x00, 0x00, 0x00, 0xFF, 0x84, 0xFF, 0x84, 0x00, 0x00, 0x00, 0xFF, 0x84, 0xFF, 0x84, 0x00, 0x00, 
0x00, 0xFF, 0x84, 0xFF, 0x84, 0x00, 0x00, 0x00, 0xFF, 0x84, 0xFF, 0x84, 0x00, 0x00, 0x00, 0xFF, 
0x84, 0xFF, 0x84, 0x00, 0x00, 0x02, 0xFF, 0x84, 0xFF, 0x87, 0x00, 0x00, 0x16, 0xFF, 0x84, 0xEB, 
0xAB, 0x00, 0x00, 0x53, 0xFF, 0x84, 0xA7, 0xFA, 0x6F, 0x65, 0xD2, 0xF4, 0x84, 0x1A, 0xC0, 0xFB, 
0xD7, 0x41, 0xD2, 0x84, 0x52, 0xD0, 0xFA, 0xEF, 0x9A, 0x0B, 0x00, 0x83, 0x82, 0x56, 0x7E, 0xF8, 
0xAC, 0x00, 0x00, 0x00, 0x00, 0x00, 0x74, 0xFF, 0x29, 0x00, 0x00, 0x00, 0x00, 0x22, 0xFF, 0x65, 
0x10, 0x10, 0x10, 0x10, 0x15, 0xFF, 0x80, 0xFF, 0xFF, 0xFF, 0xFF, 0xFF, 0xFF, 0x7F, 0xF6, 0xA9, 
0x40, 0x40, 0x44, 0xFF, 0x65, 0xC9, 0xBA, 0x00, 0x00, 0x35, 0xFF, 0x2B, 0x5F, 0xFF, 0x85, 0x5C, 
0xD6, 0xBA, 0x00, 0x00, 0x77, 0xE9, 0xF8, 0xAF, 0x14, 0x00, 0x00, 0x00, 0x00, 0x10, 0x10, 0x10, 
0x10, 0x08, 0x00, 0x00, 0x00, 0x00, 0x00, 0xFF, 0xFF, 0xFF, 0xFF, 0x84, 0x00, 0x00, 0x00, 0x00, 
0x00, 0x46, 0x41, 0x40, 0x46, 0x22, 0x00, 0x00, 0x00, 0x00, 0x00, 0xE9, 0x6E, 0x00, 0xE9, 0x6E, 
0x00, 0x00, 0x00, 0x00, 0x00, 0x2A, 0x0D, 0x00, 0x29, 0x0D, 0x00, 0x00, 0x00, 0x00, 0x00, 0x00, 
0x00, 0x00, 0x00, 0x00, 0x00, 0x00, 0x00, 0x00, 0x00, 0x01, 0xE9, 0xFF, 0x23, 0x00, 0x00, 0x00, 
0x00, 0x00, 0x00, 0x2F, 0xFF, 0xF7, 0x69, 0x00, 0x00, 0x00, 0x00, 0x00, 0x00, 0x75, 0xEC, 0xBF, 
0xAE, 0x00, 0x00, 0x00, 0x00, 0x00, 0x00, 0xBA, 0xB9, 0x8A, 0xF0, 0x03, 0x00, 0x00, 0x00, 0x00, 
0x08, 0xF6, 0x7D, 0x4C, 0xFF, 0x3A, 0x00, 0x00, 0x00, 0x00, 0x43, 0xFF, 0x40, 0x0F, 0xFD, 0x7E, 
0x00, 0x00, 0x00, 0x00, 0x87, 0xFA, 0x0A, 0x00, 0xCF, 0xC4, 0x00, 0x00, 0x00, 0x00, 0xCD, 0xD0, 
0x20, 0x20, 0xA2, 0xFC, 0x0F, 0x00, 0x00, 0x14, 0xFE, 0xFF, 0xFF, 0xFF, 0xFF, 0xFF, 0x4F, 0x00, 
0x00, 0x57, 0xFF, 0x81, 0x50, 0x50, 0x58, 0xFF, 0x95, 0x00, 0x00, 0x9C, 0xFC, 0x10, 0x00, 0x00, 
0x00, 0xCE, 0xDA, 0x00, 0x00, 0xE1, 0xC6, 0x00, 0x00, 0x00, 0x00, 0x85, 0xFF, 0x1F, 0x25, 0xFF, 
0x7F, 0x00, 0x00, 0x00, 0x00, 0x3C, 0xFF, 0x64, 0x00, 0x08, 0x10, 0x10, 0x10, 0x10, 0x00, 0x84, 
0xFF, 0xFF, 0xFF, 0xFF, 0x00, 0x21, 0x40, 0x40, 0x40, 0x40, 0x00, 0x68, 0xE3, 0x00, 0x68, 0xE3, 
0x00, 0x14, 0x37, 0x00, 0x12, 0x37, 0x00, 0x00, 0x00, 0x00, 0x00, 0x00, 0x05, 0x8B, 0xE2, 0xFC, 
0xC8, 0x23, 0x00, 0xA1, 0x6F, 0x62, 0xF0, 0xB3, 0x00, 0x00, 0x00, 0x00, 0x98, 0xF0, 0x00, 0x00, 
0x03, 0x0F, 0x8D, 0xFF, 0x14, 0xAD, 0xF9, 0xFF, 0xFF, 0xFF, 0xAB, 0xF8, 0x74, 0x43, 0xA3, 0xFF, 
0xF3, 0x9C, 0x00, 0x00, 0x8B, 0xFF, 0xF7, 0x8F, 0x00, 0x00, 0xC1, 0xFF, 0xBD, 0xE9, 0x5E, 0x92, 
0xD4, 0xFF, 0x2A, 0xD6, 0xF7, 0xA2, 0x2B, 0xFF, 0x00, 0x00, 0x00, 0x10, 0x10, 0x10, 0x10, 0x10, 
0x00, 0x00, 0x00, 0x00, 0x00, 0xFF, 0xFF, 0xFF, 0xFF, 0xFF, 0x00, 0x00, 0x00, 0x00, 0x00, 0x40, 
0x40, 0x40, 0x40, 0x40, 0x00, 0x00, 0x00, 0x00, 0x00, 0x00, 0x5F, 0xD7, 0x00, 0x00, 0x00, 0x00, 
0x00, 0x00, 0x00, 0x00, 0x59, 0xCD, 0x00, 0x00, 0x00, 0x00, 0x00, 0x00, 0x00, 0x00, 0x00, 0x00, 
0x00, 0x00, 0x00, 0x00, 0x00, 0x00, 0x00, 0x00, 0xD2, 0xFD, 0x15, 0x00, 0x00, 0x00, 0x00, 0x00, 
0x00, 0x18, 0xFF, 0xF7, 0x64, 0x00, 0x00, 0x00, 0x00, 0x00, 0x00, 0x5C, 0xF4, 0xB6, 0xB2, 0x00, 
0x00, 0x00, 0x00, 0x00, 0x00, 0x9F, 0xC4, 0x7F, 0xF7, 0x0B, 0x00, 0x00, 0x00, 0x00, 0x00, 0xE3, 
0x8C, 0x40, 0xFF, 0x52, 0x00, 0x00, 0x00, 0x00, 0x29, 0xFF, 0x53, 0x08, 0xF8, 0xA2, 0x00, 0x00, 
0x00, 0x00, 0x6C, 0xFF, 0x1A, 0x00, 0xBE, 0xEE, 0x04, 0x00, 0x00, 0x00, 0xB1, 0xE9, 0x20, 0x20, 
0x90, 0xFF, 0x42, 0x00, 0x00, 0x04, 0xF1, 0xFF, 0xFF, 0xFF, 0xFF, 0xFF, 0x92, 0x00, 0x00, 0x3A, 
0xFF, 0x95, 0x50, 0x50, 0x50, 0xDF, 0xE1, 0x00, 0x00, 0x7E, 0xFF, 0x2A, 0x00, 0x00, 0x00, 0x86, 
0xFF, 0x32, 0x00, 0xC2, 0xE4, 0x00, 0x00, 0x00, 0x00, 0x2E, 0xFF, 0x82, 0x0C, 0xFA, 0x9E, 0x00, 
0x00, 0x00, 0x00, 0x00, 0xD4, 0xD2, 0x00, 0x10, 0x10, 0x10, 0x10, 0x10, 0x00, 0xFF, 0xFF, 0xFF, 
0xFF, 0xFF, 0x00, 0x40, 0x40, 0x40, 0x40, 0x40, 0x00, 0x00, 0x00, 0xD6, 0x5F, 0x00, 0x00, 0x00, 
0x00, 0xD0, 0x5A, 0x00, 0x00, 0x00, 0x00, 0x00, 0x00, 0x00, 0x1F, 0xA7, 0xEC, 0xF9, 0xC1, 0x1F, 
0x2D, 0xA7, 0x5F, 0x69, 0xF2, 0xAF, 0x00, 0x00, 0x00, 0x00, 0x95, 0xEE, 0x00, 0x00, 0x03, 0x0F, 
0x85, 0xFF, 0x13, 0xAB, 0xF8, 0xFF, 0xFF, 0xFF, 0xAA, 0xF9, 0x76, 0x43, 0x9D, 0xFF, 0xF3, 0x9C, 
0x00, 0x00, 0x83, 0xFF, 0xF7, 0x8F, 0x00, 0x00, 0xBA, 0xFF, 0xBD, 0xEA, 0x5F, 0x8E, 0xD2, 0xFF, 
0x2A, 0xD6, 0xF8, 0xA8, 0x25, 0xFF, 0x00, 0x00, 0x00, 0x00, 0x00, 0x10, 0x10, 0x10, 0x10, 0x10, 
0x00, 0x00, 0x00, 0x00, 0x00, 0x00, 0x00, 0xFF, 0xFF, 0xFF, 0xFF, 0xFF, 0x00, 0x00, 0x00, 0x00, 
0x00, 0x00, 0x00, 0x40, 0x40, 0x40, 0x40, 0x40, 0x00, 0x00, 0x00, 0x00, 0x00, 0x00, 0x00, 0x00, 
0x00, 0x00, 0x00, 0x00, 0x00, 0x00, 0x00, 0x00, 0x00, 0x00, 0x1C, 0xFF, 0xFF, 0xFF, 0xFF, 0xFF, 
0xFF, 0xFF, 0x00, 0x00, 0x00, 0x00, 0x70, 0xEF, 0xAB, 0xFF, 0x50, 0x50, 0x50, 0x50, 0x00, 0x00, 
0x00, 0x00, 0xC6, 0xA9, 0x84, 0xFF, 0x00, 0x00, 0x00, 0x00, 0x00, 0x00, 0x00, 0x1D, 0xFF, 0x60, 
0x84, 0xFF, 0x00, 0x00, 0x00, 0x00, 0x00, 0x00, 0x00, 0x71, 0xFF, 0x18, 0x84, 0xFF, 0x00, 0x00, 
0x00, 0x00, 0x00, 0x00, 0x00, 0xC7, 0xCE, 0x00, 0x84, 0xFF, 0x10, 0x10, 0x10, 0x0D, 0x00, 0x00, 
0x1D, 0xFF, 0x85, 0x00, 0x84, 0xFF, 0xFF, 0xFF, 0xFF, 0xC8, 0x00, 0x00, 0x71, 0xFF, 0x4B, 0x10, 
0x8C, 0xFF, 0x40, 0x40, 0x40, 0x32, 0x00, 0x00, 0xC7, 0xFF, 0xFF, 0xFF, 0xFF, 0xFF, 0x00, 0x00, 
0x00, 0x00, 0x00, 0x1E, 0xFF, 0xA8, 0x40, 0x40, 0xA3, 0xFF, 0x00, 0x00, 0x00, 0x00, 0x00, 0x73, 
0xFF, 0x3E, 0x00, 0x00, 0x84, 0xFF, 0x00, 0x00, 0x00, 0x00, 0x00, 0xC8, 0xE3, 0x02, 0x00, 0x00, 
0x84, 0xFF, 0x50, 0x50, 0x50, 0x50, 0x1E, 0xFF, 0x8C, 0x00, 0x00, 0x00, 0x84, 0xFF, 0xFF, 0xFF, 
0xFF, 0xFF, 0x00, 0x00, 0x00, 0x10, 0x10, 0x10, 0x10, 0x10, 0x00, 0x00, 0x00, 0x00, 0x00, 0x00, 
0xFF, 0xFF, 0xFF, 0xFF, 0xFF, 0x00, 0x00, 0x00, 0x00, 0x00, 0x00, 0x40, 0x40, 0x40, 0x40, 0x40, 
0x00, 0x00, 0x00, 0x00, 0x00, 0x00, 0x00, 0x00, 0x00, 0x00, 0x00, 0x00, 0x00, 0x00, 0x13, 0x9C, 
0xEB, 0xF8, 0xA9, 0x11, 0xA1, 0xF6, 0xEB, 0x78, 0x00, 0x0D, 0xB2, 0x64, 0x69, 0xF4, 0xE2, 0xD7, 
0x5D, 0x8D, 0xFF, 0x5B, 0x00, 0x00, 0x00, 0x00, 0x9D, 0xFF, 0x3A, 0x00, 0x00, 0xC3, 0xC4, 0x00, 
0x00, 0x04, 0x0F, 0x8D, 0xFF, 0x17, 0x10, 0x10, 0x93, 0xF3, 0x12, 0xAB, 0xFA, 0xFF, 0xFF, 0xFF, 
0xFF, 0xFF, 0xFF, 0xFF, 0xFF, 0xAA, 0xF8, 0x72, 0x43, 0xA3, 0xFF, 0x43, 0x40, 0x40, 0x40, 0x40, 
0xF4, 0x9B, 0x00, 0x00, 0x8B, 0xFF, 0x1A, 0x00, 0x00, 0x00, 0x00, 0xF8, 0x8F, 0x00, 0x00, 0xC4, 
0xFF, 0x66, 0x00, 0x00, 0x00, 0x00, 0xBD, 0xE9, 0x5E, 0x90, 0xCC, 0xA0, 0xF1, 0x74, 0x57, 0x82, 
0x7E, 0x28, 0xD3, 0xFA, 0xBE, 0x1D, 0x09, 0x91, 0xED, 0xFA, 0xD0, 0x4F, 0x00, 0x00, 0x3F, 0xB9, 
0xF0, 0xFC, 0xDE, 0x98, 0x19, 0x00, 0x61, 0xFE, 0xBD, 0x63, 0x57, 0x83, 0xD9, 0x15, 0x21, 0xF8, 
0x9A, 0x01, 0x00, 0x00, 0x00, 0x01, 0x00, 0x89, 0xF5, 0x0F, 0x00, 0x00, 0x00, 0x00, 0x00, 0x00, 
0xCE, 0xB7, 0x00, 0x00, 0x00, 0x00, 0x00, 0x00, 0x00, 0xF2, 0x90, 0x00, 0x00, 0x01, 0x10, 0x10, 
0x10, 0x08, 0xFE, 0x86, 0x00, 0x00, 0x10, 0xFF, 0xFF, 0xFF, 0x84, 0xF3, 0x91, 0x00, 0x00, 0x04, 
0x40, 0x40, 0xFF, 0x84, 0xD1, 0xB7, 0x00, 0x00, 0x00, 0x10, 0x10, 0xFF, 0x8C, 0x92, 0xF5, 0x0E, 
0x00, 0x00, 0xFF, 0xFF, 0xFF, 0xFF, 0x2D, 0xFE, 0x94, 0x00, 0x00, 0x40, 0x40, 0xFF, 0xA3, 0x00, 
0x81, 0xFF, 0xB0, 0x5F, 0x54, 0x71, 0xFF, 0x84, 0x00, 0x00, 0x5D, 0xCD, 0xF9, 0xF9, 0xDF, 0xAB, 
0x3A, 0x00, 0x6C, 0xE9, 0xF5, 0x93, 0x5B, 0xFF, 0x00, 0x44, 0xFF, 0xAD, 0x56, 0xAE, 0xDF, 0xFF, 
0x00, 0xAE, 0xE7, 0x06, 0x00, 0x05, 0xE3, 0xFF, 0x00, 0xE5, 0xA4, 0x00, 0x00, 0x00, 0xA2, 0xFF, 
0x00, 0xFC, 0x89, 0x00, 0x00, 0x00, 0x88, 0xFF, 0x00, 0xFC, 0x88, 0x00, 0x00, 0x00, 0x86, 0xFF, 
0x00, 0xE7, 0xA1, 0x00, 0x00, 0x00, 0x99, 0xFF, 0x00, 0xB3, 0xE2, 0x04, 0x00, 0x03, 0xDB, 0xFF, 
0x00, 0x4D, 0xFF, 0xAA, 0x58, 0xAD, 0xE3, 0xFF, 0x00, 0x00, 0x73, 0xEB, 0xF5, 0x91, 0x86, 0xFF, 
0x00, 0x00, 0x00, 0x00, 0xF4, 0xF4, 0xFA, 0xFF, 0xF4, 0x00, 0x00, 0x00, 0x24, 0x24, 0xCA, 0xD7, 
0x24, 0x71, 0x9D, 0x5F, 0x57, 0xA0, 0xFF, 0x67, 0x00, 0x3F, 0xC5, 0xF4, 0xFA, 0xD6, 0x69, 0x00, 
0x00, 0x00, 0x00, 0x47, 0x4A, 0x00, 0x00, 0x51, 0x3C, 0x00, 0x00, 0x00, 0x1C, 0xE9, 0x4E, 0x61, 
0xE2, 0x12, 0x00, 0x00, 0x00, 0x00, 0x60, 0xF6, 0xFC, 0x47, 0x00, 0x00, 0x00, 0x00, 0x00, 0x01, 
0x77, 0x6D, 0x00, 0x00, 0x00, 0x00, 0x00, 0x00, 0x00, 0x00, 0x00, 0x00, 0x00, 0x00, 0x00, 0x00, 
0x3F, 0xB9, 0xF0, 0xFC, 0xDE, 0x98, 0x19, 0x00, 0x61, 0xFE, 0xC1, 0x64, 0x56, 0x80, 0xD4, 0x14, 
0x21, 0xF8, 0xA1, 0x01, 0x00, 0x00, 0x00, 0x00, 0x00, 0x8B, 0xF7, 0x11, 0x00, 0x00, 0x00, 0x00, 
0x00, 0x00, 0xCF, 0xB8, 0x00, 0x00, 0x00, 0x00, 0x00, 0x00, 0x00, 0xF3, 0x91, 0x00, 0x00, 0x02, 
0x18, 0x18, 0x18, 0x0C, 0xFE, 0x86, 0x00, 0x00, 0x18, 0xFF, 0xFF, 0xFF, 0x84, 0xF3, 0x91, 0x00, 
0x00, 0x07, 0x48, 0x48, 0xFF, 0x84, 0xD1, 0xB8, 0x00, 0x00, 0x00, 0x00, 0x00, 0xFF, 0x84, 0x92, 
0xF5, 0x0F, 0x00, 0x00, 0x00, 0x00, 0xFF, 0x84, 0x2B, 0xFD, 0x94, 0x00, 0x00, 0x00, 0x00, 0xFF, 
0x84, 0x00, 0x7F, 0xFF, 0xB0, 0x5F, 0x54, 0x77, 0xFF, 0x84, 0x00, 0x00, 0x5D, 0xCE, 0xFA, 0xF9, 
0xE0, 0xAE, 0x3F, 0x00, 0xA1, 0x93, 0x00, 0x3A, 0xE0, 0x1D, 0x00, 0x0E, 0xE2, 0x9D, 0xF1, 0x54, 
0x00, 0x00, 0x00, 0x4E, 0xEC, 0xA6, 0x00, 0x00, 0x00, 0x00, 0x00, 0x00, 0x00, 0x00, 0x00, 0x00, 
0x6C, 0xE9, 0xF5, 0x95, 0x5C, 0xFF, 0x44, 0xFF, 0xAC, 0x56, 0xAE, 0xE1, 0xFF, 0xAE, 0xE6, 0x06, 
0x00, 0x05, 0xE1, 0xFF, 0xE4, 0xA3, 0x00, 0x00, 0x00, 0x9F, 0xFF, 0xFC, 0x89, 0x00, 0x00, 0x00, 
0x88, 0xFF, 0xFD, 0x88, 0x00, 0x00, 0x00, 0x86, 0xFF, 0xE8, 0x9E, 0x00, 0x00, 0x00, 0x99, 0xFF, 
0xB3, 0xDE, 0x03, 0x00, 0x03, 0xDB, 0xFF, 0x4D, 0xFF, 0xA8, 0x58, 0xAC, 0xE2, 0xFF, 0x00, 0x75, 
0xEC, 0xF5, 0x91, 0x86, 0xFF, 0x00, 0x00, 0x00, 0x00, 0x00, 0x8B, 0xF5, 0x00, 0x00, 0x00, 0x00, 
0x00, 0xC6, 0xC6, 0x6A, 0x96, 0x5E, 0x58, 0xAA, 0xFF, 0x58, 0x41, 0xC9, 0xF5, 0xFB, 0xD5, 0x61, 
0x00, 0x0A, 0x78, 0x09, 0x00, 0x26, 0x65, 0x00, 0x00, 0x00, 0x93, 0xB1, 0x21, 0xE4, 0x4C, 0x00, 
0x00, 0x00, 0x0D, 0xE4, 0xF3, 0xA1, 0x00, 0x00, 0x00, 0x00, 0x00, 0x42, 0x80, 0x19, 0x00, 0x00, 
0x00, 0x00, 0x00, 0x00, 0x00, 0x00, 0x00, 0x00, 0x00, 0xFF, 0x84, 0x00, 0x00, 0x05, 0xD4, 0xD3, 
0x05, 0xFF, 0x84, 0x00, 0x00, 0x75, 0xFE, 0x3A, 0x00, 0xFF, 0x84, 0x00, 0x1D, 0xF3, 0x98, 0x00, 
0x00, 0xFF, 0x84, 0x00, 0xAB, 0xE8, 0x10, 0x00, 0x00, 0xFF, 0x84, 0x45, 0xFF, 0x57, 0x00, 0x00, 
0x00, 0xFF, 0x8C, 0xDC, 0xC0, 0x00, 0x00, 0x00, 0x00, 0xFF, 0xEE, 0xFF, 0xEA, 0x0C, 0x00, 0x00, 
0x00, 0xFF, 0xE4, 0x54, 0xFF, 0x7A, 0x00, 0x00, 0x00, 0xFF, 0x84, 0x00, 0xB7, 0xEE, 0x0F, 0x00, 
0x00, 0xFF, 0x84, 0x00, 0x36, 0xFF, 0x82, 0x00, 0x00, 0xFF, 0x84, 0x00, 0x00, 0xB3, 0xF2, 0x14, 
0x00, 0xFF, 0x84, 0x00, 0x00, 0x32, 0xFF, 0x8A, 0x00, 0xFF, 0x84, 0x00, 0x00, 0x00, 0xB0, 0xF6, 
0x19, 0xAA, 0x83, 0x00, 0x47, 0xD8, 0x0B, 0x00, 0x00, 0x00, 0x14, 0xEC, 0x8F, 0xF5, 0x41, 0x00, 
0x00, 0x00, 0x00, 0x00, 0x67, 0xFF, 0xA3, 0x00, 0x00, 0x00, 0x00, 0x00, 0x00, 0x00, 0x00, 0x00, 
0x00, 0x00, 0x00, 0x00, 0x00, 0x00, 0x00, 0xFF, 0x84, 0x00, 0x00, 0x00, 0x00, 0x00, 0x00, 0x00, 
0xFF, 0x84, 0x00, 0x00, 0x00, 0x00, 0x00, 0x00, 0x00, 0xFF, 0x84, 0x00, 0x00, 0x00, 0x00, 0x00, 
0x00, 0x00, 0xFF, 0x84, 0x00, 0x00, 0x00, 0x00, 0x00, 0x00, 0x00, 0xFF, 0x84, 0x00, 0x01, 0xBB, 
0xDD, 0x0C, 0x00, 0x00, 0xFF, 0x84, 0x00, 0x61, 0xFE, 0x3D, 0x00, 0x00, 0x00, 0xFF, 0x84, 0x18, 
0xED, 0x8E, 0x00, 0x00, 0x00, 0x00, 0xFF, 0x84, 0xAB, 0xD8, 0x08, 0x00, 0x00, 0x00, 0x00, 0xFF, 
0xBF, 0xFF, 0xCA, 0x00, 0x00, 0x00, 0x00, 0x00, 0xFF, 0xF9, 0x8A, 0xFF, 0x45, 0x00, 0x00, 0x00, 
0x00, 0xFF, 0x8E, 0x02, 0xDA, 0xBF, 0x00, 0x00, 0x00, 0x00, 0xFF, 0x84, 0x00, 0x66, 0xFF, 0x3A, 
0x00, 0x00, 0x00, 0xFF, 0x84, 0x00, 0x08, 0xEA, 0xB4, 0x00, 0x00, 0x00, 0xFF, 0x84, 0x00, 0x00, 
0x7C, 0xFF, 0x30, 0x00, 0x0A, 0x8B, 0xE4, 0xFA, 0xE2, 0x83, 0x06, 0x00, 0x02, 0xBC, 0xF9, 0x88, 
0x54, 0x81, 0xF6, 0xA8, 0x00, 0x54, 0xFF, 0x61, 0x00, 0x00, 0x00, 0x58, 0xFF, 0x41, 0xAB, 0xE6, 
0x02, 0x00, 0x00, 0x00, 0x01, 0xE3, 0x9E, 0xDC, 0xAB, 0x00, 0x00, 0x00, 0x00, 0x00, 0xA9, 0xD5, 
0xF7, 0x8E, 0x00, 0x00, 0x00, 0x00, 0x00, 0x8E, 0xF5, 0xFE, 0x86, 0x00, 0x00, 0x00, 0x00, 0x00, 
0x85, 0xFE, 0xF3, 0x8F, 0x00, 0x00, 0x00, 0x00, 0x00, 0x8E, 0xF5, 0xD5, 0xAC, 0x00, 0x00, 0x00, 
0x00, 0x00, 0xAB, 0xD7, 0xA3, 0xE8, 0x03, 0x00, 0x00, 0x00, 0x01, 0xE4, 0x9F, 0x45, 0xFF, 0x65, 
0x00, 0x00, 0x00, 0x5A, 0xFF, 0x40, 0x00, 0xA9, 0xFA, 0x8A, 0x56, 0x84, 0xF8, 0xA4, 0x00, 0x00, 
0x05, 0x81, 0xE2, 0xFF, 0xED, 0x7F, 0x04, 0x00, 0x00, 0x00, 0x00, 0x3E, 0xE6, 0x1F, 0x00, 0x00, 
0x00, 0x00, 0x00, 0x00, 0xD4, 0x92, 0x00, 0x00, 0x00, 0x00, 0x00, 0x00, 0x00, 0xF6, 0xC8, 0x58, 
0x00, 0x00, 0x00, 0x00, 0x00, 0x00, 0x7C, 0xF3, 0xEC, 0x00, 0x00, 0x00, 0x00, 0x56, 0xD8, 0xFA, 
0xD6, 0x4C, 0x00, 0x3B, 0xFE, 0xAB, 0x58, 0xAD, 0xFB, 0x31, 0xAB, 0xE3, 0x04, 0x00, 0x06, 0xE4, 
0xA4, 0xE4, 0xA2, 0x00, 0x00, 0x00, 0xA2, 0xE2, 0xFC, 0x88, 0x00, 0x00, 0x00, 0x88, 0xFC, 0xFA, 
0x88, 0x00, 0x00, 0x00, 0x88, 0xFA, 0xDF, 0xA1, 0x00, 0x00, 0x00, 0xA2, 0xDE, 0xA4, 0xE3, 0x05, 
0x00, 0x06, 0xE4, 0xA0, 0x31, 0xFB, 0xAC, 0x58, 0xAD, 0xFA, 0x2D, 0x00, 0x4D, 0xD7, 0xFF, 0xE1, 
0x4B, 0x00, 0x00, 0x00, 0x41, 0xE3, 0x15, 0x00, 0x00, 0x00, 0x00, 0xD4, 0x94, 0x00, 0x00, 0x00, 
0x00, 0x00, 0xF6, 0xC8, 0x4C, 0x00, 0x00, 0x00, 0x00, 0x7E, 0xF5, 0xC8, 0x00, 0x00, 0x00, 0x00, 
0x10, 0x10, 0x10, 0x10, 0x10, 0x00, 0x00, 0x00, 0x00, 0xFF, 0xFF, 0xFF, 0xFF, 0xFF, 0x00, 0x00, 
0x00, 0x00, 0x40, 0x40, 0x40, 0x40, 0x40, 0x00, 0x00, 0x00, 0x00, 0x00, 0x00, 0x00, 0x00, 0x00, 
0x00, 0x00, 0x00, 0x0A, 0x8B, 0xE4, 0xFA, 0xE2, 0x83, 0x06, 0x00, 0x02, 0xBC, 0xF9, 0x88, 0x54, 
0x81, 0xF6, 0xA8, 0x00, 0x54, 0xFF, 0x61, 0x00, 0x00, 0x00, 0x58, 0xFF, 0x41, 0xAB, 0xE6, 0x02, 
0x00, 0x00, 0x00, 0x01, 0xE3, 0x9E, 0xDC, 0xAB, 0x00, 0x00, 0x00, 0x00, 0x00, 0xA9, 0xD5, 0xF7, 
0x8E, 0x00, 0x00, 0x00, 0x00, 0x00, 0x8E, 0xF5, 0xFE, 0x86, 0x00, 0x00, 0x00, 0x00, 0x00, 0x85, 
0xFE, 0xF3, 0x8F, 0x00, 0x00, 0x00, 0x00, 0x00, 0x8E, 0xF5, 0xD5, 0xAC, 0x00, 0x00, 0x00, 0x00, 
0x00, 0xAB, 0xD7, 0xA3, 0xE8, 0x03, 0x00, 0x00, 0x00, 0x01, 0xE4, 0x9F, 0x45, 0xFF, 0x65, 0x00, 
0x00, 0x00, 0x5A, 0xFF, 0x40, 0x00, 0xA9, 0xFA, 0x8A, 0x56, 0x84, 0xF8, 0xA4, 0x00, 0x00, 0x05, 
0x81, 0xE2, 0xFF, 0xF1, 0x7F, 0x04, 0x00, 0x00, 0x00, 0x00, 0x3E, 0xE7, 0x26, 0x00, 0x00, 0x00, 
0x00, 0x00, 0x00, 0xD3, 0x93, 0x00, 0x00, 0x00, 0x00, 0x00, 0x00, 0x00, 0xF5, 0xCB, 0x57, 0x0A, 
0x00, 0x00, 0x00, 0x00, 0x00, 0x77, 0xF1, 0xF1, 0x14, 0x00, 0x00, 0x00, 0x10, 0x10, 0x10, 0x10, 
0x10, 0x00, 0x00, 0xFF, 0xFF, 0xFF, 0xFF, 0xFF, 0x00, 0x00, 0x40, 0x40, 0x40, 0x40, 0x40, 0x00, 
0x00, 0x56, 0xD8, 0xFA, 0xD6, 0x4C, 0x00, 0x3B, 0xFE, 0xAB, 0x58, 0xAD, 0xFB, 0x31, 0xAB, 0xE3, 
0x04, 0x00, 0x06, 0xE4, 0xA4, 0xE4, 0xA2, 0x00, 0x00, 0x00, 0xA2, 0xE2, 0xFC, 0x88, 0x00, 0x00, 
0x00, 0x88, 0xFC, 0xFA, 0x88, 0x00, 0x00, 0x00, 0x88, 0xFA, 0xDF, 0xA1, 0x00, 0x00, 0x00, 0xA2, 
0xDE, 0xA4, 0xE3, 0x05, 0x00, 0x06, 0xE4, 0xA0, 0x31, 0xFB, 0xAC, 0x58, 0xAD, 0xFA, 0x2D, 0x00, 
0x4D, 0xD7, 0xFF, 0xE1, 0x4B, 0x00, 0x00, 0x00, 0x44, 0xE3, 0x15, 0x00, 0x00, 0x00, 0x00, 0xD6, 
0x94, 0x00, 0x00, 0x00, 0x00, 0x00, 0xF6, 0xC8, 0x4D, 0x00, 0x00, 0x00, 0x00, 0x7C, 0xF5, 0xCB, 
0x00, 0x00, 0x00, 0x38, 0x54, 0x00, 0x00, 0x50, 0x33, 0x00, 0x00, 0x0F, 0xE0, 0x5A, 0x5A, 0xDD, 
0x0C, 0x00, 0x00, 0x00, 0x4E, 0xF9, 0xF9, 0x46, 0x00, 0x00, 0x00, 0x00, 0x00, 0x70, 0x6D, 0x00, 
0x00, 0x00, 0x00, 0x00, 0x00, 0x00, 0x00, 0x00, 0x00, 0x00, 0x00, 0xFF, 0xFF, 0xFF, 0xFF, 0xFF, 
0xFF, 0x00, 0x00, 0x50, 0x50, 0x50, 0x5D, 0xF5, 0xB5, 0x00, 0x00, 0x00, 0x00, 0x02, 0xB2, 0xDC, 
0x10, 0x00, 0x00, 0x00, 0x00, 0x86, 0xF5, 0x2E, 0x00, 0x00, 0x00, 0x00, 0x57, 0xFF, 0x5F, 0x00, 
0x00, 0x00, 0x00, 0x00, 0xB4, 0xFF, 0xFF, 0xC9, 0x2F, 0x00, 0x00, 0x00, 0x2D, 0x44, 0x73, 0xEE, 
0xE7, 0x0D, 0x00, 0x00, 0x00, 0x00, 0x00, 0x49, 0xFF, 0x5A, 0x00, 0x00, 0x00, 0x00, 0x00, 0x07, 
0xFF, 0x7E, 0x00, 0x00, 0x00, 0x00, 0x00, 0x0E, 0xFF, 0x77, 0x0E, 0x00, 0x00, 0x00, 0x00, 0x5A, 
0xFF, 0x44, 0x7F, 0xB7, 0x68, 0x54, 0x82, 0xF3, 0xC6, 0x02, 0x35, 0xB8, 0xEE, 0xFD, 0xE4, 0x92, 
0x0F, 0x00, 0x00, 0x77, 0xB4, 0x06, 0x37, 0xEA, 0x3E, 0x00, 0x01, 0xBD, 0xB6, 0xEF, 0x6A, 0x00, 
0x00, 0x00, 0x24, 0xCC, 0x9C, 0x00, 0x00, 0x00, 0x00, 0x00, 0x00, 0x00, 0x00, 0x00, 0x00, 0xFF, 
0xFF, 0xFF, 0xFF, 0xFF, 0xFF, 0x00, 0x50, 0x50, 0x50, 0x82, 0xFF, 0xB4, 0x00, 0x00, 0x00, 0x05, 
0xD0, 0xE7, 0x16, 0x00, 0x00, 0x00, 0x79, 0xFE, 0x44, 0x00, 0x00, 0x00, 0x27, 0xF8, 0x89, 0x00, 
0x00, 0x00, 0x00, 0xBF, 0xEF, 0x39, 0x01, 0x00, 0x00, 0x00, 0xCB, 0xEC, 0xFF, 0xBD, 0x0D, 0x00, 
0x00, 0x00, 0x01, 0x57, 0xFC, 0x93, 0x00, 0x00, 0x00, 0x00, 0x00, 0xAD, 0xE5, 0x00, 0x00, 0x00, 
0x00, 0x00, 0x88, 0xFD, 0x00, 0x00, 0x00, 0x00, 0x00, 0x9A, 0xEC, 0x00, 0x00, 0x00, 0x00, 0x0C, 
0xE7, 0xAB, 0x6E, 0x91, 0x59, 0x61, 0xCB, 0xF6, 0x2C, 0x47, 0xCF, 0xF9, 0xF5, 0xBB, 0x33, 0x00, 
0x7E, 0x9D, 0x01, 0x57, 0xD0, 0x08, 0x05, 0xD3, 0xAB, 0xF3, 0x2C, 0x00, 0x00, 0x43, 0xCC, 0x70, 
0x00, 0x00, 0x00, 0x00, 0x00, 0x00, 0x00, 0x00, 0x00, 0x00, 0xFF, 0x84, 0x00, 0x00, 0x00, 0x00, 
0xFF, 0x84, 0x00, 0x00, 0x00, 0x00, 0xFF, 0x84, 0x00, 0x00, 0x00, 0x00, 0xFF, 0x84, 0x00, 0x00, 
0x00, 0x00, 0xFF, 0x84, 0x00, 0x00, 0x00, 0x00, 0xFF, 0x84, 0x00, 0x00, 0x00, 0x00, 0xFF, 0x84, 
0x00, 0x00, 0x00, 0x00, 0xFF, 0x84, 0x00, 0x00, 0x00, 0x00, 0xFF, 0x84, 0x00, 0x00, 0x00, 0x00, 
0xFF, 0x84, 0x00, 0x00, 0x00, 0x00, 0xFF, 0x84, 0x00, 0x00, 0x00, 0x04, 0xFF, 0x80, 0x00, 0x00, 
0x32, 0x7E, 0xFF, 0x57, 0x00, 0x00, 0x72, 0xFB, 0xB4, 0x06, 0x00, 0x00, 0xFF, 0xFF, 0xFF, 0xF2, 
0xB6, 0x31, 0x00, 0x00, 0x00, 0xFF, 0xFF, 0xFF, 0xFF, 0xFF, 0xFF, 0xFF, 0xAB, 0x50, 0x67, 0xD4, 
0xF7, 0x36, 0x00, 0x00, 0x50, 0x50, 0x50, 0x50, 0xDB, 0xDB, 0xFF, 0x84, 0x00, 0x00, 0x0E, 0xDD, 
0xCC, 0x00, 0x00, 0x00, 0x00, 0x00, 0x23, 0xFE, 0x71, 0xFF, 0x84, 0x00, 0x00, 0x00, 0x6A, 0xFF, 
0x2A, 0x00, 0x00, 0x00, 0x00, 0x8C, 0xF6, 0x11, 0xFF, 0x84, 0x00, 0x00, 0x00, 0x28, 0xFF, 0x60, 
0x00, 0x00, 0x00, 0x08, 0xEC, 0x9C, 0x00, 0xFF, 0x84, 0x00, 0x00, 0x00, 0x0A, 0xFF, 0x7B, 0x00, 
0x00, 0x00, 0x60, 0xFF, 0x32, 0x00, 0xFF, 0x84, 0x00, 0x00, 0x00, 0x02, 0xFF, 0x81, 0x00, 0x00, 
0x00, 0xC9, 0xC7, 0x00, 0x00, 0xFF, 0x84, 0x00, 0x00, 0x00, 0x0B, 0xFF, 0x76, 0x00, 0x00, 0x33, 
0xFF, 0x5E, 0x00, 0x00, 0xFF, 0x84, 0x00, 0x00, 0x00, 0x2C, 0xFF, 0x58, 0x00, 0x00, 0x9C, 0xEB, 
0x08, 0x00, 0x00, 0xFF, 0x84, 0x00, 0x00, 0x00, 0x70, 0xFF, 0x1D, 0x00, 0x11, 0xF6, 0x87, 0x00, 
0x00, 0x00, 0xFF, 0x84, 0x00, 0x00, 0x10, 0xE0, 0xB9, 0x00, 0x00, 0x71, 0xFE, 0x21, 0x00, 0x00, 
0x00, 0xFF, 0xAB, 0x51, 0x6E, 0xDA, 0xEE, 0x25, 0x00, 0x00, 0xD9, 0xD7, 0x50, 0x50, 0x50, 0x50, 
0xFF, 0xFF, 0xFF, 0xED, 0xAA, 0x24, 0x00, 0x00, 0x00, 0xFF, 0xFF, 0xFF, 0xFF, 0xFF, 0xFF, 0xFF, 
0xFF, 0xFF, 0xF2, 0xB6, 0x31, 0x00, 0x00, 0x00, 0x00, 0x00, 0x00, 0x00, 0x00, 0xFF, 0xAB, 0x50, 
0x67, 0xD4, 0xF7, 0x36, 0x00, 0x00, 0x00, 0x00, 0x00, 0x00, 0x00, 0xFF, 0x84, 0x00, 0x00, 0x0E, 
0xDD, 0xCC, 0x00, 0x00, 0x00, 0x00, 0x00, 0x00, 0x00, 0xFF, 0x84, 0x00, 0x00, 0x00, 0x6A, 0xFF, 
0x2A, 0x00, 0xFF, 0xFF, 0xFF, 0xFF, 0xFF, 0xFF, 0x84, 0x00, 0x00, 0x00, 0x28, 0xFF, 0x60, 0x00, 
0x50, 0x50, 0x50, 0xD8, 0xD9, 0xFF, 0x84, 0x00, 0x00, 0x00, 0x0A, 0xFF, 0x7B, 0x00, 0x00, 0x00, 
0x27, 0xFE, 0x67, 0xFF, 0x84, 0x00, 0x00, 0x00, 0x02, 0xFF, 0x81, 0x00, 0x00, 0x00, 0x96, 0xED, 
0x09, 0xFF, 0x84, 0x00, 0x00, 0x00, 0x0B, 0xFF, 0x76, 0x00, 0x00, 0x11, 0xF5, 0x84, 0x00, 0xFF, 
0x84, 0x00, 0x00, 0x00, 0x2C, 0xFF, 0x58, 0x00, 0x00, 0x75, 0xFA, 0x19, 0x00, 0xFF, 0x84, 0x00, 
0x00, 0x00, 0x70, 0xFF, 0x1D, 0x00, 0x04, 0xE1, 0xA1, 0x00, 0x00, 0xFF, 0x84, 0x00, 0x00, 0x10, 
0xE0, 0xB9, 0x00, 0x00, 0x56, 0xFF, 0x30, 0x00, 0x00, 0xFF, 0xAB, 0x51, 0x6E, 0xDA, 0xEE, 0x25, 
0x00, 0x00, 0xC6, 0xDE, 0x50, 0x50, 0x50, 0xFF, 0xFF, 0xFF, 0xED, 0xAA, 0x24, 0x00, 0x00, 0x00, 
0xFF, 0xFF, 0xFF, 0xFF, 0xFF, 0x00, 0x00, 0x00, 0x00, 0x00, 0x84, 0xFF, 0x00, 0x00, 0x00, 0x00, 
0x00, 0x00, 0x00, 0x00, 0x00, 0x00, 0x00, 0x00, 0x84, 0xFF, 0x00, 0x00, 0x00, 0x00, 0x00, 0x00, 
0x00, 0x00, 0x00, 0x00, 0x00, 0x00, 0x84, 0xFF, 0x00, 0x00, 0x00, 0x00, 0x00, 0x00, 0x00, 0x00, 
0x00, 0x00, 0x00, 0x00, 0x84, 0xFF, 0x00, 0x00, 0x00, 0x00, 0x00, 0x00, 0x00, 0x00, 0x6F, 0xEB, 
0xF3, 0x93, 0x85, 0xFF, 0x00, 0x00, 0xFF, 0xFF, 0xFF, 0xFF, 0xFF, 0x48, 0xFF, 0xAA, 0x58, 0xAC, 
0xE9, 0xFF, 0x00, 0x00, 0x50, 0x50, 0x50, 0xDA, 0xE1, 0xB2, 0xE3, 0x05, 0x00, 0x03, 0xDE, 0xFF, 
0x00, 0x00, 0x00, 0x00, 0x2B, 0xFF, 0x73, 0xE7, 0xA2, 0x00, 0x00, 0x00, 0x9E, 0xFF, 0x00, 0x00, 
0x00, 0x00, 0x9E, 0xF1, 0x0E, 0xFD, 0x88, 0x00, 0x00, 0x00, 0x88, 0xFF, 0x00, 0x00, 0x00, 0x19, 
0xF9, 0x8D, 0x00, 0xFD, 0x88, 0x00, 0x00, 0x00, 0x86, 0xFF, 0x00, 0x00, 0x00, 0x86, 0xFB, 0x1E, 
0x00, 0xE7, 0xA2, 0x00, 0x00, 0x00, 0x99, 0xFF, 0x00, 0x00, 0x0B, 0xEE, 0xA5, 0x00, 0x00, 0xB3, 
0xE3, 0x04, 0x00, 0x02, 0xD8, 0xFF, 0x00, 0x00, 0x6D, 0xFF, 0x32, 0x00, 0x00, 0x4D, 0xFF, 0xAA, 
0x58, 0xA7, 0xDF, 0xFF, 0x00, 0x00, 0xDE, 0xDF, 0x50, 0x50, 0x50, 0x00, 0x72, 0xEB, 0xF5, 0x93, 
0x4E, 0xFF, 0x00, 0x00, 0xFF, 0xFF, 0xFF, 0xFF, 0xFF, 0x00, 0x00, 0x00, 0x00, 0x00, 0x43, 0x80, 
0x31, 0x00, 0x00, 0x00, 0x00, 0x00, 0x09, 0xE1, 0xCF, 0x0A, 0x00, 0x00, 0x00, 0x00, 0x00, 0x81, 
0xE1, 0x1C, 0x00, 0x00, 0x00, 0x00, 0x00, 0x02, 0x7B, 0x21, 0x00, 0x00, 0x00, 0x00, 0x00, 0x00, 
0x00, 0x00, 0x00, 0x00, 0x00, 0x00, 0x00, 0x00, 0x3F, 0xB9, 0xF0, 0xFC, 0xDE, 0x98, 0x19, 0x00, 
0x61, 0xFE, 0xC1, 0x64, 0x56, 0x80, 0xD4, 0x14, 0x21, 0xF8, 0xA1, 0x01, 0x00, 0x00, 0x00, 0x00, 
0x00, 0x8B, 0xF7, 0x11, 0x00, 0x00, 0x00, 0x00, 0x00, 0x00, 0xCF, 0xB8, 0x00, 0x00, 0x00, 0x00, 
0x00, 0x00, 0x00, 0xF3, 0x91, 0x00, 0x00, 0x02, 0x10, 0x10, 0x10, 0x08, 0xFE, 0x86, 0x00, 0x00, 
0x18, 0xFF, 0xFF, 0xFF, 0x84, 0xF3, 0x91, 0x00, 0x00, 0x06, 0x40, 0x40, 0xFF, 0x84, 0xD1, 0xB8, 
0x00, 0x00, 0x00, 0x00, 0x00, 0xFF, 0x84, 0x92, 0xF5, 0x0F, 0x00, 0x00, 0x00, 0x00, 0xFF, 0x84, 
0x2B, 0xFD, 0x94, 0x00, 0x00, 0x00, 0x00, 0xFF, 0x84, 0x00, 0x7F, 0xFF, 0xB0, 0x5F, 0x54, 0x77, 
0xFF, 0x84, 0x00, 0x00, 0x5D, 0xCE, 0xFA, 0xF9, 0xE0, 0xAE, 0x3F, 0x00, 0x00, 0x00, 0x03, 0xD5, 
0xF0, 0x1D, 0x00, 0x00, 0x00, 0x6A, 0xF8, 0x41, 0x00, 0x00, 0x00, 0x15, 0xD9, 0x48, 0x00, 0x00, 
0x00, 0x00, 0x00, 0x00, 0x00, 0x00, 0x00, 0x00, 0x6C, 0xE9, 0xF5, 0x95, 0x5C, 0xFF, 0x44, 0xFF, 
0xAC, 0x56, 0xAE, 0xE1, 0xFF, 0xAE, 0xE6, 0x06, 0x00, 0x05, 0xE1, 0xFF, 0xE4, 0xA3, 0x00, 0x00, 
0x00, 0x9F, 0xFF, 0xFC, 0x89, 0x00, 0x00, 0x00, 0x88, 0xFF, 0xFD, 0x88, 0x00, 0x00, 0x00, 0x86, 
0xFF, 0xE8, 0x9E, 0x00, 0x00, 0x00, 0x99, 0xFF, 0xB3, 0xDE, 0x03, 0x00, 0x03, 0xDB, 0xFF, 0x4D, 
0xFF, 0xA8, 0x58, 0xAC, 0xE2, 0xFF, 0x00, 0x75, 0xEC, 0xF5, 0x91, 0x86, 0xFF, 0x00, 0x00, 0x00, 
0x00, 0x00, 0x8B, 0xF5, 0x00, 0x00, 0x00, 0x00, 0x00, 0xC6, 0xC6, 0x6A, 0x96, 0x5E, 0x58, 0xAA, 
0xFF, 0x58, 0x41, 0xC9, 0xF5, 0xFB, 0xD5, 0x61, 0x00, 0xFF, 0x84, 0x00, 0x00, 0x00, 0x84, 0xFF, 
0x00, 0x00, 0x00, 0x00, 0x00, 0xFF, 0x84, 0x00, 0x00, 0x00, 0x84, 0xFF, 0x00, 0x00, 0x00, 0x00, 
0x00, 0xFF, 0x84, 0x00, 0x00, 0x00, 0x84, 0xFF, 0x00, 0x00, 0x00, 0x00, 0x00, 0xFF, 0x84, 0x00, 
0x00, 0x00, 0x84, 0xFF, 0x00, 0x00, 0x00, 0x84, 0xFF, 0xFF, 0x8C, 0x10, 0x10, 0x10, 0x8C, 0xFF, 
0x00, 0x00, 0x00, 0x84, 0xFF, 0xFF, 0xFF, 0xFF, 0xFF, 0xFF, 0xFF, 0xFF, 0x00, 0x00, 0x00, 0x84, 
0xFF, 0xFF, 0xA3, 0x40, 0x40, 0x40, 0xA3, 0xFF, 0x00, 0x00, 0x00, 0x84, 0xFF, 0xFF, 0x84, 0x00, 
0x00, 0x00, 0x84, 0xFF, 0x00, 0x00, 0x00, 0x84, 0xFF, 0xFF, 0x84, 0x00, 0x00, 0x00, 0x84, 0xFF, 
0x00, 0x00, 0x00, 0x84, 0xFF, 0xFF, 0x84, 0x00, 0x00, 0x00, 0x81, 0xFF, 0x01, 0x00, 0x00, 0x85, 
0xFF, 0xFF, 0x84, 0x00, 0x00, 0x00, 0x64, 0xFF, 0x24, 0x00, 0x00, 0xA9, 0xE8, 0xFF, 0x84, 0x00, 
0x00, 0x00, 0x17, 0xF5, 0xC5, 0x58, 0x81, 0xFC, 0x94, 0xFF, 0x84, 0x00, 0x00, 0x00, 0x00, 0x44, 
0xD1, 0xFD, 0xEF, 0x9C, 0x0B, 0xFF, 0x4C, 0x69, 0xE2, 0xFC, 0xD3, 0x51, 0x00, 0xFF, 0xCD, 0xD3, 
0x64, 0x5D, 0xC8, 0xFD, 0x3D, 0xFF, 0xEB, 0x11, 0x00, 0x00, 0x0B, 0xE8, 0xB0, 0xFF, 0x9C, 0x00, 
0x00, 0x00, 0x00, 0x9D, 0xEB, 0xFF, 0x85, 0x00, 0x00, 0x00, 0x00, 0x86, 0xFD, 0xFF, 0x84, 0x00, 
0x00, 0x00, 0x00, 0x91, 0xF5, 0xFF, 0x84, 0x00, 0x00, 0x00, 0x00, 0xBE, 0xD0, 0xFF, 0x84, 0x00, 
0x00, 0x00, 0x17, 0xFB, 0x88, 0xFF, 0x84, 0x00, 0x00, 0x00, 0x96, 0xFA, 0x21, 0xFF, 0x84, 0x00, 
0x00, 0x5A, 0xFF, 0x7B, 0x00, 0xFF, 0x84, 0x07, 0x80, 0xFD, 0x9C, 0x01, 0x00, 0xFF, 0xD3, 0xE6, 
0xF3, 0x6D, 0x01, 0x00, 0x00, 0xFF, 0xE1, 0x7E, 0x15, 0x00, 0x00, 0x00, 0x00, 0xFF, 0x84, 0x00, 
0x00, 0x00, 0x00, 0x00, 0x00, 0xFF, 0x84, 0x00, 0x00, 0x00, 0x00, 0x00, 0x00, 0xFF, 0x84, 0x00, 
0x00, 0x00, 0x00, 0x00, 0x00, 0xFF, 0x84, 0x00, 0x00, 0x00, 0x00, 0x00, 0x00, 0x00, 0x0B, 0x7F, 
0x4F, 0x00, 0x00, 0x00, 0x00, 0x00, 0x00, 0x98, 0xEE, 0x0F, 0x00, 0x00, 0x00, 0x00, 0x00, 0x08, 
0xCA, 0x86, 0x00, 0x00, 0x00, 0x00, 0x00, 0x00, 0x16, 0x78, 0x00, 0x00, 0x00, 0x00, 0x00, 0x00, 
0x00, 0x00, 0x00, 0x00, 0x00, 0xFF, 0xFF, 0x28, 0x00, 0x00, 0x00, 0x84, 0xFF, 0xFF, 0xFF, 0x93, 
0x00, 0x00, 0x00, 0x84, 0xFF, 0xFF, 0xDC, 0xF2, 0x0D, 0x00, 0x00, 0x84, 0xFF, 0xFF, 0x8C, 0xEA, 
0x6B, 0x00, 0x00, 0x84, 0xFF, 0xFF, 0x84, 0x86, 0xD7, 0x01, 0x00, 0x84, 0xFF, 0xFF, 0x84, 0x1D, 
0xFC, 0x45, 0x00, 0x84, 0xFF, 0xFF, 0x84, 0x00, 0xAC, 0xB2, 0x00, 0x84, 0xFF, 0xFF, 0x84, 0x00, 
0x40, 0xFD, 0x21, 0x84, 0xFF, 0xFF, 0x84, 0x00, 0x00, 0xD4, 0x8A, 0x84, 0xFF, 0xFF, 0x84, 0x00, 
0x00, 0x67, 0xEE, 0x8E, 0xFF, 0xFF, 0x84, 0x00, 0x00, 0x0B, 0xF0, 0xE3, 0xFF, 0xFF, 0x84, 0x00, 
0x00, 0x00, 0x8F, 0xFF, 0xFF, 0xFF, 0x84, 0x00, 0x00, 0x00, 0x24, 0xFE, 0xFF, 0x01, 0xC8, 0xF7, 
0x19, 0x00, 0x00, 0x00, 0x00, 0x19, 0xDF, 0xA3, 0x00, 0x00, 0x00, 0x00, 0x00, 0x23, 0xD7, 0x3D, 
0x00, 0x00, 0x00, 0x00, 0x00, 0x00, 0x00, 0x00, 0x00, 0xFF, 0x49, 0x98, 0xF5, 0xEA, 0x72, 0x00, 
0xFF, 0xDB, 0xA5, 0x57, 0xB8, 0xFF, 0x31, 0xFF, 0xD8, 0x02, 0x00, 0x23, 0xFF, 0x72, 0xFF, 0x9C, 
0x00, 0x00, 0x02, 0xFF, 0x83, 0xFF, 0x88, 0x00, 0x00, 0x00, 0xFF, 0x84, 0xFF, 0x84, 0x00, 0x00, 
0x00, 0xFF, 0x84, 0xFF, 0x84, 0x00, 0x00, 0x00, 0xFF, 0x84, 0xFF, 0x84, 0x00, 0x00, 0x00, 0xFF, 
0x84, 0xFF, 0x84, 0x00, 0x00, 0x00, 0xFF, 0x84, 0xFF, 0x84, 0x00, 0x00, 0x00, 0xFF, 0x84, 0x00, 
0x00, 0x00, 0x00, 0x00, 0x60, 0x80, 0x3A, 0x00, 0x00, 0x00, 0x00, 0x00, 0x00, 0x07, 0xF1, 0xBE, 
0x0A, 0x00, 0x00, 0x00, 0x00, 0x00, 0x00, 0x55, 0xAF, 0x08, 0x00, 0x00, 0x00, 0x00, 0x00, 0x00, 
0x6D, 0xF7, 0xF8, 0x6E, 0x00, 0x00, 0x00, 0x00, 0x00, 0x00, 0xF4, 0xBC, 0xBA, 0xF4, 0x00, 0x00, 
0x00, 0x00, 0x00, 0x00, 0xDC, 0x91, 0x92, 0xDA, 0x00, 0x00, 0x00, 0x00, 0x00, 0x00, 0x54, 0xFC, 
0xFC, 0x54, 0x00, 0x00, 0x00, 0x00, 0x00, 0x00, 0x84, 0xF4, 0xF4, 0x85, 0x00, 0x00, 0x00, 0x00, 
0x00, 0x00, 0xCE, 0xC2, 0xC0, 0xD0, 0x00, 0x00, 0x00, 0x00, 0x00, 0x18, 0xFF, 0x84, 0x83, 0xFF, 
0x1A, 0x00, 0x00, 0x00, 0x00, 0x60, 0xFF, 0x44, 0x3F, 0xFF, 0x64, 0x00, 0x00, 0x00, 0x00, 0xA9, 
0xFA, 0x0A, 0x06, 0xF5, 0xAE, 0x00, 0x00, 0x00, 0x03, 0xEF, 0xCE, 0x1C, 0x1C, 0xC2, 0xF3, 0x06, 
0x00, 0x00, 0x3C, 0xFF, 0xFF, 0xFF, 0xFF, 0xFF, 0xFF, 0x43, 0x00, 0x00, 0x84, 0xFC, 0x51, 0x4C, 
0x4C, 0x4E, 0xF8, 0x8C, 0x00, 0x00, 0xCD, 0xC9, 0x00, 0x00, 0x00, 0x00, 0xBD, 0xD7, 0x00, 0x17, 
0xFF, 0x87, 0x00, 0x00, 0x00, 0x00, 0x78, 0xFF, 0x21, 0x60, 0xFF, 0x44, 0x00, 0x00, 0x00, 0x00, 
0x33, 0xFF, 0x6B, 0x00, 0x00, 0x00, 0x21, 0x80, 0x65, 0x00, 0x00, 0x00, 0x7F, 0xF2, 0x36, 0x00, 
0x00, 0x00, 0xCB, 0x3A, 0x00, 0x00, 0x12, 0xCB, 0xFF, 0xCD, 0x16, 0x00, 0x6D, 0xFF, 0x71, 0xFF, 
0x76, 0x00, 0x66, 0xFF, 0x25, 0xFF, 0x6C, 0x00, 0x0B, 0xB0, 0xEC, 0xB2, 0x0C, 0x00, 0x00, 0x00, 
0x00, 0x00, 0x00, 0x0E, 0x96, 0xE7, 0xFB, 0xC8, 0x22, 0x06, 0xB1, 0x67, 0x64, 0xF2, 0xB1, 0x00, 
0x00, 0x00, 0x00, 0x99, 0xEF, 0x00, 0x00, 0x03, 0x0F, 0x8D, 0xFF, 0x14, 0xAD, 0xF9, 0xFF, 0xFF, 
0xFF, 0xAB, 0xF8, 0x74, 0x43, 0xA3, 0xFF, 0xF3, 0x9C, 0x00, 0x00, 0x8B, 0xFF, 0xF7, 0x8F, 0x00, 
0x00, 0xC2, 0xFF, 0xBD, 0xE9, 0x5E, 0x8F, 0xD1, 0xFF, 0x2A, 0xD6, 0xF8, 0xA8, 0x1A, 0xFE, 0x00, 
0x00, 0x00, 0x00, 0x00, 0x00, 0x00, 0x62, 0x80, 0x10, 0x00, 0x00, 0x00, 0x00, 0x00, 0x00, 0x00, 
0x00, 0x27, 0xFC, 0x98, 0x00, 0x00, 0x00, 0x00, 0x00, 0x00, 0x00, 0x00, 0x00, 0xB3, 0xBA, 0x06, 
0x00, 0x00, 0x00, 0x00, 0x00, 0x00, 0x00, 0x00, 0x13, 0x79, 0x0A, 0x00, 0x00, 0x00, 0x00, 0x00, 
0x00, 0x00, 0x00, 0x00, 0x00, 0x00, 0x00, 0x00, 0x00, 0x00, 0x00, 0x00, 0x00, 0x00, 0x00, 0xAB, 
0xFF, 0xFF, 0xFF, 0xFF, 0xFF, 0xFF, 0x80, 0x00, 0x00, 0x00, 0x0B, 0xF5, 0x96, 0xFF, 0xAB, 0x50, 
0x50, 0x50, 0x28, 0x00, 0x00, 0x00, 0x55, 0xFF, 0x27, 0xFF, 0x84, 0x00, 0x00, 0x00, 0x00, 0x00, 
0x00, 0x00, 0xAC, 0xDA, 0x00, 0xFF, 0x84, 0x00, 0x00, 0x00, 0x00, 0x00, 0x00, 0x0B, 0xF6, 0x90, 
0x00, 0xFF, 0x84, 0x00, 0x00, 0x00, 0x00, 0x00, 0x00, 0x57, 0xFF, 0x44, 0x00, 0xFF, 0x8C, 0x10, 
0x10, 0x10, 0x04, 0x00, 0x00, 0xAC, 0xF3, 0x06, 0x00, 0xFF, 0xFF, 0xFF, 0xFF, 0xFF, 0x38, 0x00, 
0x0B, 0xF6, 0xB5, 0x10, 0x10, 0xFF, 0xA3, 0x40, 0x40, 0x40, 0x0E, 0x00, 0x57, 0xFF, 0xFF, 0xFF, 
0xFF, 0xFF, 0x84, 0x00, 0x00, 0x00, 0x00, 0x00, 0xAD, 0xF7, 0x44, 0x40, 0x40, 0xFF, 0x84, 0x00, 
0x00, 0x00, 0x00, 0x0C, 0xF7, 0xAE, 0x00, 0x00, 0x00, 0xFF, 0x84, 0x00, 0x00, 0x00, 0x00, 0x58, 
0xFF, 0x54, 0x00, 0x00, 0x00, 0xFF, 0xAB, 0x50, 0x50, 0x50, 0x28, 0xAD, 0xF3, 0x09, 0x00, 0x00, 
0x00, 0xFF, 0xFF, 0xFF, 0xFF, 0xFF, 0x80, 0x00, 0x00, 0x00, 0x00, 0x00, 0x19, 0xF7, 0xCA, 0x01, 
0x00, 0x00, 0x00, 0x00, 0x00, 0x00, 0x00, 0x9F, 0xE0, 0x1A, 0x00, 0x00, 0x00, 0x00, 0x00, 0x00, 
0x00, 0x34, 0xD1, 0x22, 0x00, 0x00, 0x00, 0x00, 0x00, 0x00, 0x00, 0x00, 0x00, 0x00, 0x00, 0x00, 
0x00, 0x00, 0x00, 0x13, 0x9C, 0xEB, 0xF8, 0xA9, 0x11, 0xA1, 0xF6, 0xEB, 0x78, 0x00, 0x0D, 0xB2, 
0x64, 0x69, 0xF4, 0xE2, 0xD7, 0x5D, 0x8D, 0xFF, 0x5B, 0x00, 0x00, 0x00, 0x00, 0x9D, 0xFF, 0x3A, 
0x00, 0x00, 0xC3, 0xC4, 0x00, 0x00, 0x04, 0x0F, 0x8D, 0xFF, 0x17, 0x10, 0x10, 0x93, 0xF3, 0x12, 
0xAB, 0xFA, 0xFF, 0xFF, 0xFF, 0xFF, 0xFF, 0xFF, 0xFF, 0xFF, 0xAA, 0xF8, 0x72, 0x43, 0xA3, 0xFF, 
0x43, 0x40, 0x40, 0x40, 0x40, 0xF4, 0x9B, 0x00, 0x00, 0x8B, 0xFF, 0x1A, 0x00, 0x00, 0x00, 0x00, 
0xF8, 0x8F, 0x00, 0x00, 0xC4, 0xFF, 0x66, 0x00, 0x00, 0x00, 0x00, 0xBD, 0xE9, 0x5E, 0x90, 0xCC, 
0xA0, 0xF1, 0x74, 0x57, 0x82, 0x7E, 0x28, 0xD3, 0xFA, 0xBE, 0x1D, 0x09, 0x91, 0xED, 0xFA, 0xD0, 
0x4F, 0x00, 0x00, 0x00, 0x00, 0x15, 0xF3, 0xD9, 0x07, 0x00, 0x00, 0x00, 0x00, 0x00, 0x97, 0xED, 
0x27, 0x00, 0x00, 0x00, 0x00, 0x00, 0x39, 0xEB, 0x32, 0x00, 0x00, 0x00, 0x00, 0x00, 0x00, 0x00, 
0x00, 0x00, 0x00, 0x00, 0x00, 0x00, 0x00, 0x00, 0x00, 0x00, 0x00, 0x00, 0x2B, 0x29, 0x00, 0x08, 
0x84, 0xE1, 0xFC, 0xE4, 0x88, 0xB9, 0x80, 0x01, 0xB5, 0xF9, 0x87, 0x56, 0x87, 0xFA, 0xFC, 0x12, 
0x4D, 0xFF, 0x61, 0x00, 0x00, 0x02, 0xD5, 0xFF, 0x53, 0xA7, 0xE7, 0x02, 0x00, 0x00, 0x62, 0xDC, 
0xEB, 0xAB, 0xDB, 0xAB, 0x00, 0x00, 0x0C, 0xE6, 0x52, 0xAE, 0xDB, 0xF6, 0x8E, 0x00, 0x00, 0x85, 
0xC1, 0x00, 0x8F, 0xF6, 0xFF, 0x86, 0x00, 0x1F, 0xF5, 0x30, 0x00, 0x86, 0xFE, 0xF6, 0x8F, 0x00, 
0xA7, 0x9E, 0x00, 0x00, 0x8E, 0xF5, 0xDB, 0xB0, 0x3A, 0xF3, 0x1A, 0x00, 0x00, 0xAB, 0xD8, 0xAB, 
0xEB, 0xCA, 0x7C, 0x00, 0x00, 0x02, 0xE6, 0x9F, 0x53, 0xFF, 0xE3, 0x09, 0x00, 0x00, 0x5D, 0xFF, 
0x42, 0x09, 0xF6, 0xFB, 0x88, 0x56, 0x86, 0xF8, 0xA8, 0x00, 0x6E, 0xC7, 0x89, 0xE4, 0xFD, 0xE0, 
0x7E, 0x05, 0x00, 0x37, 0x33, 0x00, 0x00, 0x00, 0x00, 0x00, 0x00, 0x00, 0x00, 0x00, 0x00, 0x1D, 
0xFB, 0xBA, 0x00, 0x00, 0x00, 0x00, 0x9E, 0xE0, 0x16, 0x00, 0x00, 0x00, 0x37, 0xE6, 0x29, 0x00, 
0x00, 0x00, 0x00, 0x00, 0x00, 0x00, 0x00, 0x00, 0x00, 0x00, 0x00, 0x00, 0x00, 0x23, 0x50, 0x00, 
0x56, 0xDB, 0xFC, 0xC8, 0xB9, 0x91, 0x3B, 0xFE, 0xAB, 0x58, 0xB5, 0xFF, 0x3C, 0xAC, 0xE3, 0x05, 
0x00, 0xAA, 0xFF, 0x9B, 0xE7, 0xA2, 0x00, 0x36, 0xE0, 0xAB, 0xDE, 0xFD, 0x88, 0x00, 0xBF, 0x61, 
0x88, 0xFA, 0xF9, 0x89, 0x49, 0xD5, 0x03, 0x88, 0xFC, 0xDA, 0xA5, 0xD1, 0x4F, 0x00, 0xA3, 0xE1, 
0x97, 0xFC, 0xC4, 0x00, 0x06, 0xE4, 0xA6, 0x2F, 0xFF, 0xBC, 0x58, 0xAD, 0xFC, 0x34, 0x78, 0xCA, 
0xD0, 0xFA, 0xD7, 0x4F, 0x00, 0x7C, 0x37, 0x00, 0x00, 0x00, 0x00, 0x00, 0x1F, 0xF5, 0x86, 0x5F, 
0xFF, 0x33, 0x00, 0x00, 0x00, 0x00, 0x5F, 0xF0, 0x12, 0xAD, 0xB1, 0x00, 0x00, 0x00, 0x00, 0x00, 
0x82, 0x7E, 0x0A, 0xBD, 0x33, 0x00, 0x00, 0x00, 0x00, 0x00, 0x00, 0x00, 0x00, 0x00, 0x00, 0x00, 
0x00, 0x00, 0x00, 0x9C, 0xFF, 0x63, 0x00, 0x00, 0x00, 0x00, 0x00, 0x00, 0xE1, 0xF7, 0xA9, 0x00, 
0x00, 0x00, 0x00, 0x00, 0x26, 0xFF, 0xAA, 0xED, 0x02, 0x00, 0x00, 0x00, 0x00, 0x6B, 0xFB, 0x4A, 
0xFF, 0x35, 0x00, 0x00, 0x00, 0x00, 0xB1, 0xCA, 0x0A, 0xFA, 0x7B, 0x00, 0x00, 0x00, 0x04, 0xF1, 
0x8C, 0x00, 0xC6, 0xC2, 0x00, 0x00, 0x00, 0x3D, 0xFF, 0x50, 0x00, 0x89, 0xFA, 0x0D, 0x00, 0x00, 
0x82, 0xFF, 0x34, 0x20, 0x66, 0xFF, 0x4E, 0x00, 0x00, 0xC6, 0xFF, 0xFF, 0xFF, 0xFF, 0xFF, 0x94, 
0x00, 0x10, 0xFD, 0xB2, 0x50, 0x50, 0x50, 0xD6, 0xDA, 0x00, 0x52, 0xFF, 0x54, 0x00, 0x00, 0x00, 
0x86, 0xFF, 0x21, 0x97, 0xFD, 0x11, 0x00, 0x00, 0x00, 0x3D, 0xFF, 0x67, 0xDE, 0xC6, 0x00, 0x00, 
0x00, 0x00, 0x04, 0xF0, 0xAD, 0x19, 0xF2, 0x86, 0x6C, 0xFA, 0x1B, 0x00, 0x00, 0x59, 0xF0, 0x13, 
0xC1, 0x90, 0x00, 0x00, 0x00, 0x81, 0x73, 0x15, 0xC9, 0x17, 0x00, 0x00, 0x00, 0x00, 0x00, 0x00, 
0x00, 0x00, 0x0E, 0x96, 0xE7, 0xFB, 0xC8, 0x22, 0x00, 0x06, 0xB1, 0x67, 0x64, 0xF2, 0xB1, 0x00, 
0x00, 0x00, 0x00, 0x00, 0x99, 0xEF, 0x00, 0x00, 0x00, 0x03, 0x0F, 0x8D, 0xFF, 0x00, 0x14, 0xAD, 
0xF9, 0xFF, 0xFF, 0xFF, 0x00, 0xAB, 0xF8, 0x74, 0x43, 0xA3, 0xFF, 0x00, 0xF3, 0x9C, 0x00, 0x00, 
0x8B, 0xFF, 0x00, 0xF7, 0x8F, 0x00, 0x00, 0xC1, 0xFF, 0x00, 0xBD, 0xE9, 0x5E, 0x92, 0xD6, 0xFF, 
0x00, 0x2A, 0xD7, 0xF7, 0x9E, 0x40, 0xFF, 0x00, 0x00, 0x00, 0x00, 0x00, 0x0C, 0x01, 0x00, 0x00, 
0x00, 0x00, 0x00, 0x00, 0x00, 0x2E, 0xD9, 0xFF, 0xE3, 0x3E, 0x00, 0x00, 0x00, 0x00, 0x00, 0x00, 
0xC9, 0xA2, 0x47, 0x99, 0xD3, 0x00, 0x00, 0x00, 0x00, 0x00, 0x00, 0xA0, 0x12, 0x00, 0x0C, 0xA1, 
0x00, 0x00, 0x00, 0x00, 0x00, 0x00, 0x00, 0x00, 0x00, 0x00, 0x00, 0x00, 0x00, 0x00, 0x00, 0x00, 
0x00, 0x00, 0x94, 0xFF, 0x98, 0x00, 0x00, 0x00, 0x00, 0x00, 0x00, 0x00, 0x00, 0xDD, 0xF8, 0xE0, 
0x00, 0x00, 0x00, 0x00, 0x00, 0x00, 0x00, 0x23, 0xFF, 0xA3, 0xFF, 0x2A, 0x00, 0x00, 0x00, 0x00, 
0x00, 0x00, 0x6C, 0xFF, 0x33, 0xFF, 0x72, 0x00, 0x00, 0x00, 0x00, 0x00, 0x00, 0xB4, 0xDC, 0x00, 
0xD7, 0xBA, 0x00, 0x00, 0x00, 0x00, 0x00, 0x07, 0xF5, 0x9A, 0x00, 0x94, 0xF8, 0x0B, 0x00, 0x00, 
0x00, 0x00, 0x44, 0xFF, 0x57, 0x00, 0x50, 0xFF, 0x4C, 0x00, 0x00, 0x00, 0x00, 0x8C, 0xFF, 0x35, 
0x20, 0x30, 0xFF, 0x94, 0x00, 0x00, 0x00, 0x00, 0xD4, 0xFF, 0xFF, 0xFF, 0xFF, 0xFF, 0xDE, 0x00, 
0x00, 0x00, 0x1D, 0xFF, 0xAC, 0x50, 0x50, 0x50, 0xA6, 0xFF, 0x27, 0x00, 0x00, 0x63, 0xFF, 0x47, 
0x00, 0x00, 0x00, 0x3D, 0xFF, 0x6E, 0x00, 0x00, 0xAC, 0xF5, 0x07, 0x00, 0x00, 0x00, 0x03, 0xED, 
0xB7, 0x00, 0x04, 0xF0, 0xB1, 0x00, 0x00, 0x00, 0x00, 0x00, 0xA3, 0xF7, 0x09, 0x00, 0x23, 0xC7, 
0xFC, 0xD3, 0x32, 0x00, 0xBF, 0xA5, 0x59, 0xD8, 0xC9, 0x00, 0xBB, 0x13, 0x00, 0x55, 0xBC, 0x00, 
0x00, 0x00, 0x00, 0x00, 0x00, 0x15, 0x9F, 0xEA, 0xFA, 0xC4, 0x20, 0x0F, 0xB2, 0x64, 0x67, 0xF3, 
0xB0, 0x00, 0x00, 0x00, 0x00, 0x9A, 0xEF, 0x00, 0x00, 0x03, 0x0F, 0x8D, 0xFF, 0x14, 0xAD, 0xF9, 
0xFF, 0xFF, 0xFF, 0xAB, 0xF8, 0x74, 0x43, 0xA3, 0xFF, 0xF3, 0x9C, 0x00, 0x00, 0x8B, 0xFF, 0xF7, 
0x8F, 0x00, 0x00, 0xC1, 0xFF, 0xBD, 0xE9, 0x5E, 0x92, 0xD1, 0xFF, 0x2A, 0xD6, 0xF8, 0xA6, 0x21, 
0xFF, 0xA5, 0xE9, 0x16, 0xEB, 0x9A, 0x00, 0x00, 0x12, 0xE1, 0x69, 0x4B, 0xF7, 0x1F, 0x00, 0x00, 
0x2C, 0xCA, 0x06, 0x67, 0x91, 0x00, 0x00, 0x00, 0x00, 0x00, 0x00, 0x00, 0x00, 0x00, 0xFF, 0xFF, 
0xFF, 0xFF, 0xFF, 0x80, 0x00, 0xFF, 0xAB, 0x50, 0x50, 0x50, 0x28, 0x00, 0xFF, 0x84, 0x00, 0x00, 
0x00, 0x00, 0x00, 0xFF, 0x84, 0x00, 0x00, 0x00, 0x00, 0x00, 0xFF, 0x84, 0x00, 0x00, 0x00, 0x00, 
0x00, 0xFF, 0x8C, 0x10, 0x10, 0x10, 0x04, 0x00, 0xFF, 0xFF, 0xFF, 0xFF, 0xFF, 0x40, 0x00, 0xFF, 
0xA3, 0x40, 0x40, 0x40, 0x10, 0x00, 0xFF, 0x84, 0x00, 0x00, 0x00, 0x00, 0x00, 0xFF, 0x84, 0x00, 
0x00, 0x00, 0x00, 0x00, 0xFF, 0x84, 0x00, 0x00, 0x00, 0x00, 0x00, 0xFF, 0xAB, 0x50, 0x50, 0x50, 
0x28, 0x00, 0xFF, 0xFF, 0xFF, 0xFF, 0xFF, 0x80, 0x35, 0xFD, 0x69, 0x7F, 0xF8, 0x19, 0x00, 0x00, 
0x00, 0x7C, 0xDE, 0x0C, 0xC9, 0x92, 0x00, 0x00, 0x00, 0x01, 0x9A, 0x5E, 0x16, 0xCA, 0x19, 0x00, 
0x00, 0x00, 0x00, 0x00, 0x00, 0x00, 0x00, 0x00, 0x00, 0x00, 0x5B, 0xDE, 0xFB, 0xC2, 0x25, 0x00, 
0x00, 0x3C, 0xFE, 0x8E, 0x5C, 0xD9, 0xDA, 0x04, 0x00, 0xAB, 0xBF, 0x00, 0x00, 0x41, 0xFF, 0x48, 
0x00, 0xE3, 0x93, 0x10, 0x10, 0x18, 0xFF, 0x77, 0x00, 0xFC, 0xFF, 0xFF, 0xFF, 0xFF, 0xFF, 0x84, 
0x00, 0xFC, 0xA6, 0x40, 0x40, 0x40, 0x40, 0x21, 0x00, 0xE1, 0xA1, 0x00, 0x00, 0x00, 0x00, 0x00, 
0x00, 0xA4, 0xE8, 0x0A, 0x00, 0x00, 0x00, 0x00, 0x00, 0x2F, 0xF9, 0xC1, 0x5B, 0x62, 0xAF, 0x1E, 
0x00, 0x00, 0x45, 0xCF, 0xFC, 0xEC, 0xA9, 0x0D, 0x00, 0x00, 0x0C, 0x01, 0x00, 0x00, 0x2E, 0xD8, 
0xFF, 0xE4, 0x3E, 0x00, 0xC9, 0xD6, 0x4D, 0x80, 0xD3, 0x00, 0x9D, 0x4A, 0x00, 0x01, 0x98, 0x00, 
0x00, 0x00, 0x00, 0x00, 0x00, 0x00, 0xFF, 0xFF, 0xFF, 0xFF, 0xFF, 0x6C, 0xFF, 0xAB, 0x50, 0x50, 
0x50, 0x22, 0xFF, 0x84, 0x00, 0x00, 0x00, 0x00, 0xFF, 0x84, 0x00, 0x00, 0x00, 0x00, 0xFF, 0x84, 
0x00, 0x00, 0x00, 0x00, 0xFF, 0x8C, 0x10, 0x10, 0x10, 0x03, 0xFF, 0xFF, 0xFF, 0xFF, 0xFF, 0x2C, 
0xFF, 0xA3, 0x40, 0x40, 0x40, 0x0B, 0xFF, 0x84, 0x00, 0x00, 0x00, 0x00, 0xFF, 0x84, 0x00, 0x00, 
0x00, 0x00, 0xFF, 0x84, 0x00, 0x00, 0x00, 0x00, 0xFF, 0xAB, 0x50, 0x50, 0x50, 0x22, 0xFF, 0xFF, 
0xFF, 0xFF, 0xFF, 0x6C, 0x00, 0x23, 0xC7, 0xFC, 0xD3, 0x32, 0x00, 0x00, 0xBF, 0x95, 0x5B, 0xDE, 
0xC9, 0x00, 0x00, 0xB6, 0x04, 0x00, 0x5B, 0xBC, 0x00, 0x00, 0x00, 0x00, 0x00, 0x00, 0x00, 0x00, 
0x00, 0x5B, 0xDE, 0xFB, 0xC2, 0x25, 0x00, 0x3C, 0xFE, 0x8E, 0x5C, 0xD9, 0xDA, 0x04, 0xAB, 0xBF, 
0x00, 0x00, 0x41, 0xFF, 0x48, 0xE3, 0x93, 0x10, 0x10, 0x18, 0xFF, 0x77, 0xFC, 0xFF, 0xFF, 0xFF, 
0xFF, 0xFF, 0x84, 0xFC, 0xA6, 0x40, 0x40, 0x40, 0x40, 0x21, 0xE1, 0xA1, 0x00, 0x00, 0x00, 0x00, 
0x00, 0xA1, 0xE9, 0x0B, 0x00, 0x00, 0x00, 0x00, 0x2B, 0xF7, 0xC5, 0x5D, 0x5E, 0x9F, 0x46, 0x00, 
0x3E, 0xC9, 0xFA, 0xF2, 0xB8, 0x22, 0x76, 0xFE, 0x2E, 0x8E, 0xF4, 0x0C, 0x02, 0xB6, 0xBF, 0x0D, 
0xD7, 0x6A, 0x00, 0x0C, 0xC0, 0x58, 0x23, 0xB9, 0x00, 0x00, 0x00, 0x00, 0x00, 0x00, 0x00, 0x00, 
0xF9, 0xFF, 0xFF, 0xFC, 0x00, 0x00, 0x07, 0x99, 0xFF, 0x12, 0x00, 0x00, 0x00, 0x84, 0xFF, 0x00, 
0x00, 0x00, 0x00, 0x84, 0xFF, 0x00, 0x00, 0x00, 0x00, 0x84, 0xFF, 0x00, 0x00, 0x00, 0x00, 0x84, 
0xFF, 0x00, 0x00, 0x00, 0x00, 0x84, 0xFF, 0x00, 0x00, 0x00, 0x00, 0x84, 0xFF, 0x00, 0x00, 0x00, 
0x00, 0x84, 0xFF, 0x00, 0x00, 0x00, 0x00, 0x84, 0xFF, 0x00, 0x00, 0x00, 0x00, 0x84, 0xFF, 0x00, 
0x00, 0x00, 0x07, 0x99, 0xFF, 0x12, 0x00, 0x00, 0xF9, 0xFF, 0xFF, 0xFC, 0xB8, 0xDE, 0x16, 0xF0, 
0x91, 0x00, 0x1C, 0xE9, 0x5C, 0x52, 0xF5, 0x1B, 0x00, 0x36, 0xC2, 0x01, 0x6D, 0x89, 0x00, 0x00, 
0x00, 0x00, 0x00, 0x00, 0x00, 0x00, 0x00, 0xFF, 0x84, 0x00, 0x00, 0x00, 0x00, 0xFF, 0x84, 0x00, 
0x00, 0x00, 0x00, 0xFF, 0x84, 0x00, 0x00, 0x00, 0x00, 0xFF, 0x84, 0x00, 0x00, 0x00, 0x00, 0xFF, 
0x84, 0x00, 0x00, 0x00, 0x00, 0xFF, 0x84, 0x00, 0x00, 0x00, 0x00, 0xFF, 0x84, 0x00, 0x00, 0x00, 
0x00, 0xFF, 0x84, 0x00, 0x00, 0x00, 0x00, 0xFF, 0x84, 0x00, 0x00, 0x00, 0x00, 0xFF, 0x84, 0x00, 
0x00, 0x00, 0x0C, 0x01, 0x00, 0x2E, 0xD9, 0xFF, 0xE4, 0x40, 0xC7, 0x6C, 0x50, 0xE5, 0xD4, 0x83, 
0x00, 0x00, 0x5C, 0x9D, 0x00, 0x00, 0x00, 0x00, 0x00, 0xF9, 0xFF, 0xFF, 0xFC, 0x00, 0x07, 0x99, 
0xFF, 0x12, 0x00, 0x00, 0x84, 0xFF, 0x00, 0x00, 0x00, 0x84, 0xFF, 0x00, 0x00, 0x00, 0x84, 0xFF, 
0x00, 0x00, 0x00, 0x84, 0xFF, 0x00, 0x00, 0x00, 0x84, 0xFF, 0x00, 0x00, 0x00, 0x84, 0xFF, 0x00, 
0x00, 0x00, 0x84, 0xFF, 0x00, 0x00, 0x00, 0x84, 0xFF, 0x00, 0x00, 0x00, 0x84, 0xFF, 0x00, 0x00, 
0x07, 0x99, 0xFF, 0x12, 0x00, 0xF9, 0xFF, 0xFF, 0xFC, 0x00, 0x27, 0xC9, 0xFC, 0xD5, 0x35, 0xC7, 
0x97, 0x56, 0xC2, 0xCF, 0x9B, 0x02, 0x00, 0x2D, 0xA1, 0x00, 0x00, 0x00, 0x00, 0x00, 0x00, 0x84, 
0xFF, 0x00, 0x00, 0x00, 0x84, 0xFF, 0x00, 0x00, 0x00, 0x84, 0xFF, 0x00, 0x00, 0x00, 0x84, 0xFF, 
0x00, 0x00, 0x00, 0x84, 0xFF, 0x00, 0x00, 0x00, 0x84, 0xFF, 0x00, 0x00, 0x00, 0x84, 0xFF, 0x00, 
0x00, 0x00, 0x84, 0xFF, 0x00, 0x00, 0x00, 0x84, 0xFF, 0x00, 0x00, 0x00, 0x84, 0xFF, 0x00, 0x00, 
0x1B, 0xE4, 0x7D, 0x48, 0xEC, 0x55, 0x00, 0x00, 0x00, 0x00, 0x65, 0xF1, 0x15, 0xA0, 0xD8, 0x03, 
0x00, 0x00, 0x00, 0x00, 0x8A, 0x96, 0x05, 0xAF, 0x6A, 0x00, 0x00, 0x00, 0x00, 0x00, 0x00, 0x00, 
0x00, 0x00, 0x00, 0x00, 0x00, 0x00, 0x00, 0x00, 0x00, 0x00, 0x00, 0x00, 0x00, 0x00, 0x0A, 0x8B, 
0xE4, 0xFA, 0xE2, 0x83, 0x06, 0x00, 0x02, 0xBC, 0xF9, 0x88, 0x54, 0x81, 0xF6, 0xA8, 0x00, 0x54, 
0xFF, 0x61, 0x00, 0x00, 0x00, 0x58, 0xFF, 0x41, 0xAB, 0xE6, 0x02, 0x00, 0x00, 0x00, 0x01, 0xE3, 
0x9E, 0xDC, 0xAB, 0x00, 0x00, 0x00, 0x00, 0x00, 0xA9, 0xD5, 0xF7, 0x8E, 0x00, 0x00, 0x00, 0x00, 
0x00, 0x8E, 0xF5, 0xFE, 0x86, 0x00, 0x00, 0x00, 0x00, 0x00, 0x85, 0xFE, 0xF3, 0x8F, 0x00, 0x00, 
0x00, 0x00, 0x00, 0x8E, 0xF5, 0xD5, 0xAC, 0x00, 0x00, 0x00, 0x00, 0x00, 0xAB, 0xD7, 0xA3, 0xE8, 
0x03, 0x00, 0x00, 0x00, 0x01, 0xE4, 0x9F, 0x45, 0xFF, 0x65, 0x00, 0x00, 0x00, 0x5A, 0xFF, 0x40, 
0x00, 0xA9, 0xFA, 0x8A, 0x56, 0x84, 0xF8, 0xA4, 0x00, 0x00, 0x05, 0x81, 0xE2, 0xFE, 0xE1, 0x7F, 
0x04, 0x00, 0x11, 0xEA, 0x9F, 0x47, 0xFF, 0x4F, 0x00, 0x00, 0x00, 0x49, 0xF8, 0x21, 0x94, 0xCE, 
0x01, 0x00, 0x00, 0x00, 0x6E, 0x91, 0x04, 0xAB, 0x4E, 0x00, 0x00, 0x00, 0x00, 0x00, 0x00, 0x00, 
0x00, 0x00, 0x00, 0x00, 0x56, 0xD8, 0xFA, 0xD6, 0x4C, 0x00, 0x00, 0x3B, 0xFE, 0xAB, 0x58, 0xAD, 
0xFB, 0x31, 0x00, 0xAB, 0xE3, 0x04, 0x00, 0x06, 0xE4, 0xA4, 0x00, 0xE4, 0xA2, 0x00, 0x00, 0x00, 
0xA2, 0xE2, 0x00, 0xFC, 0x88, 0x00, 0x00, 0x00, 0x88, 0xFC, 0x00, 0xFA, 0x88, 0x00, 0x00, 0x00, 
0x88, 0xFA, 0x00, 0xDF, 0xA1, 0x00, 0x00, 0x00, 0xA2, 0xDE, 0x00, 0xA4, 0xE3, 0x05, 0x00, 0x06, 
0xE4, 0xA0, 0x00, 0x31, 0xFB, 0xAC, 0x58, 0xAD, 0xFA, 0x2D, 0x00, 0x00, 0x4D, 0xD7, 0xFC, 0xD6, 
0x4B, 0x00, 0x00, 0x00, 0x00, 0x00, 0x0C, 0x01, 0x00, 0x00, 0x00, 0x00, 0x00, 0x2B, 0xD6, 0xFF, 
0xE3, 0x3A, 0x00, 0x00, 0x00, 0x00, 0xC7, 0xA4, 0x47, 0x9C, 0xD1, 0x00, 0x00, 0x00, 0x00, 0xA8, 
0x13, 0x00, 0x0D, 0xA9, 0x00, 0x00, 0x00, 0x00, 0x00, 0x00, 0x00, 0x00, 0x00, 0x00, 0x00, 0x00, 
0x0A, 0x8B, 0xE4, 0xFA, 0xE2, 0x83, 0x06, 0x00, 0x02, 0xBC, 0xF9, 0x88, 0x54, 0x81, 0xF6, 0xA8, 
0x00, 0x54, 0xFF, 0x61, 0x00, 0x00, 0x00, 0x58, 0xFF, 0x41, 0xAB, 0xE6, 0x02, 0x00, 0x00, 0x00, 
0x01, 0xE3, 0x9E, 0xDC, 0xAB, 0x00, 0x00, 0x00, 0x00, 0x00, 0xA9, 0xD5, 0xF7, 0x8E, 0x00, 0x00, 
0x00, 0x00, 0x00, 0x8E, 0xF5, 0xFE, 0x86, 0x00, 0x00, 0x00, 0x00, 0x00, 0x85, 0xFE, 0xF3, 0x8F, 
0x00, 0x00, 0x00, 0x00, 0x00, 0x8E, 0xF5, 0xD5, 0xAC, 0x00, 0x00, 0x00, 0x00, 0x00, 0xAB, 0xD7, 
0xA3, 0xE8, 0x03, 0x00, 0x00, 0x00, 0x01, 0xE4, 0x9F, 0x45, 0xFF, 0x65, 0x00, 0x00, 0x00, 0x5A, 
0xFF, 0x40, 0x00, 0xA9, 0xFA, 0x8A, 0x56, 0x84, 0xF8, 0xA4, 0x00, 0x00, 0x05, 0x81, 0xE2, 0xFE, 
0xE1, 0x7F, 0x04, 0x00, 0x00, 0x23, 0xC8, 0xFC, 0xD3, 0x33, 0x00, 0x00, 0xBF, 0xB9, 0x58, 0xB9, 
0xCD, 0x00, 0x00, 0xBB, 0x25, 0x00, 0x2A, 0xBC, 0x00, 0x00, 0x00, 0x00, 0x00, 0x00, 0x00, 0x00, 
0x00, 0x56, 0xD8, 0xFA, 0xD6, 0x4C, 0x00, 0x3B, 0xFE, 0xAB, 0x58, 0xAD, 0xFB, 0x31, 0xAB, 0xE3, 
0x04, 0x00, 0x06, 0xE4, 0xA4, 0xE4, 0xA2, 0x00, 0x00, 0x00, 0xA2, 0xE2, 0xFC, 0x88, 0x00, 0x00, 
0x00, 0x88, 0xFC, 0xFA, 0x88, 0x00, 0x00, 0x00, 0x88, 0xFA, 0xDF, 0xA1, 0x00, 0x00, 0x00, 0xA2, 
0xDE, 0xA4, 0xE3, 0x05, 0x00, 0x06, 0xE4, 0xA0, 0x31, 0xFB, 0xAC, 0x58, 0xAD, 0xFA, 0x2D, 0x00, 
0x4D, 0xD7, 0xFC, 0xD6, 0x4B, 0x00, 0x64, 0xFF, 0x32, 0xB0, 0xE3, 0x06, 0x00, 0x00, 0x00, 0x01, 
0xB2, 0xAB, 0x16, 0xE2, 0x6D, 0x00, 0x00, 0x00, 0x00, 0x0D, 0xC5, 0x2F, 0x2B, 0xCC, 0x08, 0x00, 
0x00, 0x00, 0x00, 0x00, 0x00, 0x00, 0x00, 0x00, 0x00, 0x00, 0x00, 0xFF, 0xFF, 0xFF, 0xF0, 0xB5, 
0x31, 0x00, 0x00, 0x00, 0xFF, 0xAB, 0x51, 0x6B, 0xDA, 0xF0, 0x18, 0x00, 0x00, 0xFF, 0x84, 0x00, 
0x00, 0x2D, 0xFF, 0x69, 0x00, 0x00, 0xFF, 0x84, 0x00, 0x00, 0x03, 0xFF, 0x80, 0x00, 0x00, 0xFF, 
0x84, 0x00, 0x00, 0x26, 0xFF, 0x66, 0x00, 0x00, 0xFF, 0x8C, 0x11, 0x2C, 0xBD, 0xF0, 0x16, 0x00, 
0x00, 0xFF, 0xFF, 0xFF, 0xFF, 0xDD, 0x36, 0x00, 0x00, 0x00, 0xFF, 0xA3, 0x40, 0xD0, 0xCE, 0x00, 
0x00, 0x00, 0x00, 0xFF, 0x84, 0x00, 0x61, 0xFF, 0x3E, 0x00, 0x00, 0x00, 0xFF, 0x84, 0x00, 0x08, 
0xEC, 0xB2, 0x00, 0x00, 0x00, 0xFF, 0x84, 0x00, 0x00, 0x87, 0xFE, 0x24, 0x00, 0x00, 0xFF, 0x84, 
0x00, 0x00, 0x1E, 0xFD, 0x93, 0x00, 0x00, 0xFF, 0x84, 0x00, 0x00, 0x00, 0xAF, 0xF3, 0x0F, 0x41, 
0xFF, 0x5B, 0x87, 0xF7, 0x14, 0x00, 0x00, 0x89, 0xD6, 0x0B, 0xCC, 0x8B, 0x00, 0x00, 0x02, 0xA7, 
0x56, 0x19, 0xCA, 0x17, 0x00, 0x00, 0x00, 0x00, 0x00, 0x00, 0x00, 0x00, 0x00, 0xFF, 0x42, 0x9A, 
0xF9, 0x60, 0x00, 0x00, 0xFF, 0xC5, 0xBF, 0x58, 0x1F, 0x00, 0x00, 0xFF, 0xF0, 0x0F, 0x00, 0x00, 
0x00, 0x00, 0xFF, 0xA7, 0x00, 0x00, 0x00, 0x00, 0x00, 0xFF, 0x87, 0x00, 0x00, 0x00, 0x00, 0x00, 
0xFF, 0x84, 0x00, 0x00, 0x00, 0x00, 0x00, 0xFF, 0x84, 0x00, 0x00, 0x00, 0x00, 0x00, 0xFF, 0x84, 
0x00, 0x00, 0x00, 0x00, 0x00, 0xFF, 0x84, 0x00, 0x00, 0x00, 0x00, 0x00, 0xFF, 0x84, 0x00, 0x00, 
0x00, 0x00, 0x00, 0x00, 0x0C, 0x01, 0x00, 0x00, 0x00, 0x00, 0x2E, 0xD8, 0xFF, 0xE4, 0x3E, 0x00, 
0x00, 0x00, 0xC3, 0x64, 0x53, 0xE6, 0xD3, 0x00, 0x00, 0x00, 0x78, 0x00, 0x00, 0x5C, 0x9D, 0x00, 
0x00, 0x00, 0x00, 0x00, 0x00, 0x00, 0x00, 0x00, 0x00, 0xFF, 0xFF, 0xFF, 0xF0, 0xB5, 0x31, 0x00, 
0x00, 0xFF, 0xAB, 0x51, 0x6B, 0xDA, 0xF0, 0x18, 0x00, 0xFF, 0x84, 0x00, 0x00, 0x2D, 0xFF, 0x69, 
0x00, 0xFF, 0x84, 0x00, 0x00, 0x03, 0xFF, 0x80, 0x00, 0xFF, 0x84, 0x00, 0x00, 0x26, 0xFF, 0x66, 
0x00, 0xFF, 0x8C, 0x11, 0x2C, 0xBD, 0xF0, 0x16, 0x00, 0xFF, 0xFF, 0xFF, 0xFF, 0xDD, 0x36, 0x00, 
0x00, 0xFF, 0xA3, 0x40, 0xC8, 0xCE, 0x00, 0x00, 0x00, 0xFF, 0x84, 0x00, 0x43, 0xFF, 0x3E, 0x00, 
0x00, 0xFF, 0x84, 0x00, 0x00, 0xBF, 0xB2, 0x00, 0x00, 0xFF, 0x84, 0x00, 0x00, 0x3B, 0xFE, 0x24, 
0x00, 0xFF, 0x84, 0x00, 0x00, 0x00, 0xB6, 0x93, 0x00, 0xFF, 0x84, 0x00, 0x00, 0x00, 0x32, 0xF2, 
0x0F, 0x23, 0xC8, 0xFC, 0xD3, 0x33, 0xBF, 0x98, 0x56, 0xB4, 0xCD, 0xB0, 0x02, 0x00, 0x1C, 0xBC, 
0x00, 0x00, 0x00, 0x00, 0x00, 0xFF, 0x40, 0x7F, 0xF0, 0xD3, 0xFF, 0xBF, 0xD6, 0x5E, 0x47, 0xFF, 
0xF6, 0x1D, 0x00, 0x00, 0xFF, 0xAE, 0x00, 0x00, 0x00, 0xFF, 0x87, 0x00, 0x00, 0x00, 0xFF, 0x84, 
0x00, 0x00, 0x00, 0xFF, 0x84, 0x00, 0x00, 0x00, 0xFF, 0x84, 0x00, 0x00, 0x00, 0xFF, 0x84, 0x00, 
0x00, 0x00, 0xFF, 0x84, 0x00, 0x00, 0x00, 0xAC, 0xE1, 0x15, 0xED, 0x92, 0x00, 0x00, 0x00, 0x16, 
0xE4, 0x61, 0x4F, 0xF5, 0x1A, 0x00, 0x00, 0x00, 0x30, 0xC9, 0x04, 0x6C, 0x8D, 0x00, 0x00, 0x00, 
0x00, 0x00, 0x00, 0x00, 0x00, 0x00, 0x00, 0xFF, 0x84, 0x00, 0x00, 0x00, 0x00, 0xFF, 0x84, 0xFF, 
0x84, 0x00, 0x00, 0x00, 0x00, 0xFF, 0x84, 0xFF, 0x84, 0x00, 0x00, 0x00, 0x00, 0xFF, 0x84, 0xFF, 
0x84, 0x00, 0x00, 0x00, 0x00, 0xFF, 0x84, 0xFF, 0x84, 0x00, 0x00, 0x00, 0x00, 0xFF, 0x84, 0xFF, 
0x84, 0x00, 0x00, 0x00, 0x00, 0xFF, 0x84, 0xFF, 0x84, 0x00, 0x00, 0x00, 0x00, 0xFF, 0x84, 0xFF, 
0x84, 0x00, 0x00, 0x00, 0x00, 0xFF, 0x84, 0xFF, 0x84, 0x00, 0x00, 0x00, 0x00, 0xFF, 0x83, 0xF3, 
0x92, 0x00, 0x00, 0x00, 0x0E, 0xFF, 0x77, 0xC1, 0xD7, 0x03, 0x00, 0x00, 0x52, 0xFF, 0x45, 0x4F, 
0xFF, 0xB3, 0x58, 0x6E, 0xEA, 0xCF, 0x03, 0x00, 0x5B, 0xD5, 0xFD, 0xF0, 0xA5, 0x18, 0x00, 0x40, 
0xFF, 0x63, 0x7E, 0xFD, 0x24, 0x00, 0x00, 0x00, 0x85, 0xDE, 0x0B, 0xC2, 0xA4, 0x00, 0x00, 0x00, 
0x02, 0xA1, 0x61, 0x11, 0xC3, 0x29, 0x00, 0x00, 0x00, 0x00, 0x00, 0x00, 0x00, 0x00, 0x00, 0x00, 
0xFF, 0x84, 0x00, 0x00, 0x00, 0xFF, 0x84, 0x00, 0xFF, 0x84, 0x00, 0x00, 0x00, 0xFF, 0x84, 0x00, 
0xFF, 0x84, 0x00, 0x00, 0x00, 0xFF, 0x84, 0x00, 0xFF, 0x84, 0x00, 0x00, 0x00, 0xFF, 0x84, 0x00, 
0xFF, 0x84, 0x00, 0x00, 0x00, 0xFF, 0x84, 0x00, 0xFF, 0x84, 0x00, 0x00, 0x02, 0xFF, 0x84, 0x00, 
0xFF, 0x87, 0x00, 0x00, 0x16, 0xFF, 0x84, 0x00, 0xEB, 0xAB, 0x00, 0x00, 0x53, 0xFF, 0x84, 0x00, 
0xA7, 0xFA, 0x6F, 0x65, 0xD6, 0xEF, 0x84, 0x00, 0x1A, 0xC0, 0xFB, 0xD9, 0x43, 0xC2, 0x84, 0x00, 
0x00, 0x00, 0x0C, 0x01, 0x00, 0x00, 0x00, 0x00, 0x2E, 0xD9, 0xFF, 0xE4, 0x40, 0x00, 0x00, 0x00, 
0xC9, 0xDC, 0x4E, 0x77, 0xD4, 0x00, 0x00, 0x00, 0x9D, 0x4E, 0x00, 0x00, 0x90, 0x00, 0x00, 0x00, 
0x00, 0x00, 0x00, 0x00, 0x00, 0x00, 0x00, 0xFF, 0x84, 0x00, 0x00, 0x00, 0x00, 0xFF, 0x84, 0xFF, 
0x84, 0x00, 0x00, 0x00, 0x00, 0xFF, 0x84, 0xFF, 0x84, 0x00, 0x00, 0x00, 0x00, 0xFF, 0x84, 0xFF, 
0x84, 0x00, 0x00, 0x00, 0x00, 0xFF, 0x84, 0xFF, 0x84, 0x00, 0x00, 0x00, 0x00, 0xFF, 0x84, 0xFF, 
0x84, 0x00, 0x00, 0x00, 0x00, 0xFF, 0x84, 0xFF, 0x84, 0x00, 0x00, 0x00, 0x00, 0xFF, 0x84, 0xFF, 
0x84, 0x00, 0x00, 0x00, 0x00, 0xFF, 0x84, 0xFF, 0x84, 0x00, 0x00, 0x00, 0x00, 0xFF, 0x83, 0xF3, 
0x92, 0x00, 0x00, 0x00, 0x0E, 0xFF, 0x77, 0xC1, 0xD7, 0x03, 0x00, 0x00, 0x52, 0xFF, 0x45, 0x4F, 
0xFF, 0xB3, 0x58, 0x6E, 0xEA, 0xCF, 0x03, 0x00, 0x5B, 0xD5, 0xFD, 0xF0, 0xA5, 0x18, 0x00, 0x00, 
0x28, 0xCA, 0xFC, 0xD4, 0x36, 0x00, 0x00, 0xC7, 0x92, 0x59, 0xD0, 0xD1, 0x00, 0x00, 0x9A, 0x02, 
0x00, 0x3D, 0xA1, 0x00, 0x00, 0x00, 0x00, 0x00, 0x00, 0x00, 0x00, 0xFF, 0x84, 0x00, 0x00, 0x00, 
0xFF, 0x84, 0xFF, 0x84, 0x00, 0x00, 0x00, 0xFF, 0x84, 0xFF, 0x84, 0x00, 0x00, 0x00, 0xFF, 0x84, 
0xFF, 0x84, 0x00, 0x00, 0x00, 0xFF, 0x84, 0xFF, 0x84, 0x00, 0x00, 0x00, 0xFF, 0x84, 0xFF, 0x84, 
0x00, 0x00, 0x02, 0xFF, 0x84, 0xFF, 0x87, 0x00, 0x00, 0x16, 0xFF, 0x84, 0xEB, 0xAB, 0x00, 0x00, 
0x53, 0xFF, 0x84, 0xA7, 0xFA, 0x6F, 0x65, 0xDB, 0xE7, 0x84, 0x19, 0xBD, 0xFB, 0xDE, 0x4E, 0x9F, 
0x84, 0x01, 0x72, 0xDE, 0xFD, 0xEC, 0xB4, 0x27, 0x7A, 0xFF, 0x8E, 0x56, 0x70, 0xBD, 0x13, 0xE7, 
0xAA, 0x00, 0x00, 0x00, 0x00, 0x00, 0xFC, 0x8D, 0x00, 0x00, 0x00, 0x00, 0x00, 0xD6, 0xDC, 0x10, 
0x00, 0x00, 0x00, 0x00, 0x55, 0xFF, 0xE1, 0x5B, 0x04, 0x00, 0x00, 0x00, 0x4E, 0xE1, 0xFF, 0xD6, 
0x2F, 0x00, 0x00, 0x00, 0x06, 0x6A, 0xF2, 0xEB, 0x14, 0x00, 0x00, 0x00, 0x00, 0x47, 0xFF, 0x69, 
0x00, 0x00, 0x00, 0x00, 0x07, 0xFF, 0x80, 0x00, 0x00, 0x00, 0x00, 0x37, 0xFF, 0x5A, 0xCF, 0x7D, 
0x56, 0x67, 0xE2, 0xDA, 0x09, 0xA6, 0xE6, 0xFB, 0xF2, 0xAA, 0x1C, 0x00, 0x00, 0x00, 0x00, 0x00, 
0x00, 0x00, 0x00, 0x00, 0x00, 0xBE, 0xC1, 0x00, 0x00, 0x00, 0x00, 0x08, 0xF8, 0x69, 0x00, 0x00, 
0x00, 0x00, 0x44, 0xDA, 0x07, 0x00, 0x00, 0x00, 0x1F, 0xB4, 0xF4, 0xF4, 0xBE, 0x2B, 0xC5, 0xE8, 
0x63, 0x61, 0xAD, 0x17, 0xFC, 0x8D, 0x00, 0x00, 0x00, 0x00, 0xD5, 0xE0, 0x25, 0x00, 0x00, 0x00, 
0x37, 0xEA, 0xF8, 0x86, 0x0A, 0x00, 0x00, 0x14, 0x96, 0xFD, 0xD2, 0x0D, 0x00, 0x00, 0x00, 0x50, 
0xFF, 0x6B, 0x01, 0x00, 0x00, 0x0B, 0xFF, 0x7D, 0xCB, 0x71, 0x55, 0xA9, 0xFF, 0x3F, 0xA9, 0xEC, 
0xFE, 0xDF, 0x68, 0x00, 0x00, 0x00, 0x00, 0x00, 0x00, 0x00, 0x00, 0x18, 0xF0, 0x65, 0x00, 0x00, 
0x00, 0x4A, 0xF7, 0x15, 0x00, 0x00, 0x00, 0x8B, 0x8B, 0x00, 0x00, 0x00, 0xFF, 0xFF, 0xFF, 0xFF, 
0xFF, 0xFF, 0xFF, 0x50, 0x50, 0x50, 0xFF, 0xAB, 0x50, 0x50, 0x00, 0x00, 0x00, 0xFF, 0x84, 0x00, 
0x00, 0x00, 0x00, 0x00, 0xFF, 0x84, 0x00, 0x00, 0x00, 0x00, 0x00, 0xFF, 0x84, 0x00, 0x00, 0x00, 
0x00, 0x00, 0xFF, 0x84, 0x00, 0x00, 0x00, 0x00, 0x00, 0xFF, 0x84, 0x00, 0x00, 0x00, 0x00, 0x00, 
0xFF, 0x84, 0x00, 0x00, 0x00, 0x00, 0x00, 0xFF, 0x84, 0x00, 0x00, 0x00, 0x00, 0x00, 0xFF, 0x84, 
0x00, 0x00, 0x00, 0x00, 0x00, 0xFF, 0x84, 0x00, 0x00, 0x00, 0x00, 0x00, 0xFF, 0x84, 0x00, 0x00, 
0x00, 0x00, 0x00, 0xFF, 0x84, 0x00, 0x00, 0x00, 0x00, 0x00, 0x00, 0x00, 0x00, 0x00, 0x00, 0x00, 
0x00, 0xDD, 0x80, 0x00, 0x00, 0x00, 0x00, 0x1E, 0xFF, 0x2F, 0x00, 0x00, 0x00, 0x00, 0x5E, 0xB5, 
0x00, 0x00, 0x00, 0x00, 0x99, 0x84, 0x00, 0x00, 0x00, 0xD2, 0x84, 0x00, 0x00, 0xBA, 0xFF, 0xFF, 
0xFF, 0xFF, 0x50, 0xFF, 0xAB, 0x50, 0x50, 0x00, 0xFF, 0x84, 0x00, 0x00, 0x00, 0xFF, 0x84, 0x00, 
0x00, 0x00, 0xFF, 0x84, 0x00, 0x00, 0x00, 0xFF, 0x84, 0x00, 0x00, 0x00, 0xFF, 0x84, 0x00, 0x00, 
0x00, 0xFD, 0x8E, 0x00, 0x00, 0x00, 0xD3, 0xE8, 0x62, 0x6B, 0x00, 0x3D, 0xDC, 0xFC, 0xDA, 0x00, 
0x00, 0x00, 0x00, 0x00, 0x00, 0x00, 0xD4, 0xD2, 0x00, 0x00, 0x13, 0xFF, 0x6B, 0x00, 0x00, 0x52, 
0xCC, 0x04, 0x00, 0x00, 0x27, 0xA5, 0xEA, 0xFC, 0xD0, 0x47, 0x00, 0x01, 0xD8, 0xC6, 0x64, 0x5C, 
0xCE, 0xF9, 0x23, 0x00, 0x25, 0x01, 0x00, 0x00, 0x22, 0xFF, 0x72, 0x00, 0x00, 0x00, 0x00, 0x00, 
0x08, 0xFF, 0x7E, 0x00, 0x00, 0x00, 0x00, 0x00, 0x54, 0xFF, 0x46, 0x00, 0x00, 0x00, 0x02, 0x5C, 
0xF1, 0xA7, 0x00, 0x00, 0x00, 0x51, 0xDB, 0xFF, 0xF3, 0x21, 0x00, 0x00, 0x00, 0x51, 0x80, 0x3C, 
0xDD, 0xD2, 0x04, 0x00, 0x00, 0x00, 0x00, 0x00, 0x43, 0xFF, 0x4F, 0x00, 0x00, 0x00, 0x00, 0x00, 
0x07, 0xFF, 0x7D, 0x00, 0x00, 0x00, 0x00, 0x00, 0x0C, 0xFF, 0x7B, 0x00, 0x00, 0x00, 0x00, 0x00, 
0x47, 0xFF, 0x52, 0x00, 0x00, 0x00, 0x00, 0x09, 0xCE, 0xEB, 0x0B, 0x00, 0x00, 0x00, 0x23, 0xC7, 
0xFE, 0x53, 0x00, 0x00, 0x30, 0x9B, 0xFA, 0xEB, 0x4C, 0x00, 0x00, 0x00, 0xFF, 0xEA, 0x81, 0x0F, 
0x00, 0x00, 0x00, 0x00, 0x4F, 0x06, 0x00, 0x00, 0x00, 0x00, 0x00, 0x0D, 0x8D, 0xE0, 0xFC, 0xDD, 
0x61, 0x00, 0x05, 0xB5, 0x6E, 0x58, 0xBF, 0xFF, 0x35, 0x00, 0x00, 0x00, 0x00, 0x18, 0xFF, 0x79, 
0x00, 0x00, 0x00, 0x00, 0x0D, 0xFF, 0x7A, 0x00, 0x00, 0x00, 0x00, 0x7C, 0xFE, 0x31, 0x00, 0x02, 
0x41, 0xB0, 0xFF, 0x77, 0x00, 0x00, 0x06, 0xEE, 0xB2, 0xD5, 0xDA, 0x20, 0x00, 0x00, 0x08, 0x00, 
0x0E, 0xDD, 0xB8, 0x00, 0x00, 0x00, 0x00, 0x00, 0x8E, 0xF8, 0x00, 0x00, 0x00, 0x00, 0x00, 0x95, 
0xF4, 0x00, 0x00, 0x00, 0x00, 0x10, 0xE7, 0xB8, 0x00, 0x00, 0x00, 0x25, 0xCB, 0xF7, 0x31, 0x04, 
0x44, 0xA3, 0xFB, 0xE2, 0x3D, 0x00, 0x7F, 0xFF, 0xD0, 0x6D, 0x0A, 0x00, 0x00, 0x2C, 0x22, 0x00, 
0x00, 0x00, 0x00, 0x00, 0x00, 0x54, 0x3A, 0x00, 0x02, 0x6E, 0x1A, 0x00, 0x00, 0x2E, 0xEB, 0x2C, 
0x98, 0xB5, 0x01, 0x00, 0x00, 0x00, 0x83, 0xF2, 0xF1, 0x1A, 0x00, 0x00, 0x00, 0x00, 0x0C, 0x80, 
0x4F, 0x00, 0x00, 0x00, 0x00, 0x00, 0x00, 0x00, 0x00, 0x00, 0x00, 0x00, 0xFF, 0x84, 0x00, 0x00, 
0x00, 0x00, 0xFF, 0x84, 0xFF, 0x84, 0x00, 0x00, 0x00, 0x00, 0xFF, 0x84, 0xFF, 0x84, 0x00, 0x00, 
0x00, 0x00, 0xFF, 0x84, 0xFF, 0x84, 0x00, 0x00, 0x00, 0x00, 0xFF, 0x84, 0xFF, 0x84, 0x00, 0x00, 
0x00, 0x00, 0xFF, 0x84, 0xFF, 0x92, 0x1C, 0x1C, 0x1C, 0x1C, 0xFF, 0x84, 0xFF, 0xFF, 0xFF, 0xFF, 
0xFF, 0xFF, 0xFF, 0x84, 0xFF, 0xA9, 0x4C, 0x4C, 0x4C, 0x4C, 0xFF, 0x84, 0xFF, 0x84, 0x00, 0x00, 
0x00, 0x00, 0xFF, 0x84, 0xFF, 0x84, 0x00, 0x00, 0x00, 0x00, 0xFF, 0x84, 0xFF, 0x84, 0x00, 0x00, 
0x00, 0x00, 0xFF, 0x84, 0xFF, 0x84, 0x00, 0x00, 0x00, 0x00, 0xFF, 0x84, 0xFF, 0x84, 0x00, 0x00, 
0x00, 0x00, 0xFF, 0x84, 0x83, 0xA5, 0x02, 0x31, 0xE2, 0x23, 0x00, 0x00, 0x00, 0x06, 0xD4, 0x9B, 
0xE9, 0x66, 0x00, 0x00, 0x00, 0x00, 0x00, 0x41, 0xFF, 0xC1, 0x00, 0x00, 0x00, 0x00, 0x00, 0x00, 
0x00, 0x00, 0x00, 0x00, 0x00, 0x00, 0x00, 0x00, 0x00, 0x00, 0xFF, 0x84, 0x00, 0x00, 0x00, 0x00, 
0x00, 0x00, 0x00, 0xFF, 0x84, 0x00, 0x00, 0x00, 0x00, 0x00, 0x00, 0x00, 0xFF, 0x84, 0x00, 0x00, 
0x00, 0x00, 0x00, 0x00, 0x00, 0xFF, 0x84, 0x00, 0x00, 0x00, 0x00, 0x00, 0x00, 0x00, 0xFF, 0x84, 
0x99, 0xF5, 0xEC, 0x75, 0x00, 0x00, 0x00, 0xFF, 0xE4, 0xA5, 0x56, 0xB4, 0xFF, 0x32, 0x00, 0x00, 
0xFF, 0xD9, 0x02, 0x00, 0x1F, 0xFF, 0x73, 0x00, 0x00, 0xFF, 0x9B, 0x00, 0x00, 0x02, 0xFF, 0x83, 
0x00, 0x00, 0xFF, 0x87, 0x00, 0x00, 0x00, 0xFF, 0x84, 0x00, 0x00, 0xFF, 0x84, 0x00, 0x00, 0x00, 
0xFF, 0x84, 0x00, 0x00, 0xFF, 0x84, 0x00, 0x00, 0x00, 0xFF, 0x84, 0x00, 0x00, 0xFF, 0x84, 0x00, 
0x00, 0x00, 0xFF, 0x84, 0x00, 0x00, 0xFF, 0x84, 0x00, 0x00, 0x00, 0xFF, 0x84, 0x00, 0x00, 0xFF, 
0x84, 0x00, 0x00, 0x00, 0xFF, 0x84, 0xFF, 0x4C, 0x5E, 0xD9, 0xFB, 0xD8, 0x52, 0x00, 0xFF, 0xCC, 
0xD7, 0x66, 0x5E, 0xD2, 0xFA, 0x1F, 0xFF, 0xEB, 0x12, 0x00, 0x00, 0x31, 0xFF, 0x6A, 0xFF, 0x98, 
0x00, 0x00, 0x00, 0x05, 0xFF, 0x82, 0xFF, 0x84, 0x00, 0x00, 0x00, 0x00, 0xFF, 0x84, 0xFF, 0x84, 
0x00, 0x00, 0x00, 0x00, 0xFF, 0x84, 0xFF, 0x84, 0x00, 0x00, 0x00, 0x00, 0xFF, 0x84, 0xFF, 0x84, 
0x00, 0x00, 0x00, 0x00, 0xFF, 0x84, 0xFF, 0x84, 0x00, 0x00, 0x00, 0x00, 0xFF, 0x84, 0xFF, 0x84, 
0x00, 0x00, 0x00, 0x00, 0xFF, 0x84, 0xFF, 0x84, 0x00, 0x00, 0x00, 0x00, 0xFF, 0x84, 0xFF, 0x84, 
0x00, 0x00, 0x00, 0x00, 0xFF, 0x84, 0xFF, 0x84, 0x00, 0x00, 0x00, 0x00, 0xFF, 0x84, 0x00, 0x00, 
0x00, 0x00, 0x00, 0x00, 0xFF, 0x84, 0x00, 0x00, 0x00, 0x00, 0x00, 0x00, 0xFF, 0x84, 0x00, 0x00, 
0x00, 0x00, 0x00, 0x00, 0xFF, 0x84, 0x00, 0x00, 0x00, 0x00, 0x00, 0x00, 0xFF, 0x84, 0x00, 0x00, 
0x00, 0x00, 0x00, 0x84, 0xFF, 0x00, 0x00, 0x00, 0x00, 0x00, 0x00, 0x00, 0x00, 0x00, 0x00, 0x84, 
0xFF, 0x00, 0x00, 0x00, 0x00, 0x00, 0x00, 0x00, 0x00, 0x00, 0x00, 0x84, 0xFF, 0x00, 0x00, 0x00, 
0x00, 0x00, 0x00, 0x00, 0x00, 0x00, 0x00, 0x84, 0xFF, 0x00, 0x00, 0x00, 0x00, 0x00, 0x00, 0x6F, 
0xEB, 0xF3, 0x93, 0x88, 0xFF, 0x00, 0x00, 0x00, 0x00, 0x00, 0x47, 0xFF, 0xAA, 0x58, 0xAC, 0xEC, 
0xFF, 0x00, 0x00, 0x00, 0x00, 0x00, 0xB0, 0xE3, 0x05, 0x00, 0x03, 0xDE, 0xFF, 0x00, 0x00, 0x00, 
0x00, 0x00, 0xE6, 0xA2, 0x00, 0x00, 0x00, 0x9E, 0xFF, 0x00, 0x00, 0x00, 0x00, 0x00, 0xFC, 0x88, 
0x00, 0x00, 0x00, 0x88, 0xFF, 0x00, 0x00, 0x00, 0x00, 0x00, 0xFD, 0x88, 0x00, 0x00, 0x00, 0x86, 
0xFF, 0x00, 0x00, 0x08, 0x04, 0x00, 0xE8, 0xA2, 0x00, 0x00, 0x00, 0x99, 0xFF, 0x07, 0xA5, 0xFD, 
0xF6, 0x67, 0xB6, 0xE3, 0x04, 0x00, 0x02, 0xD8, 0xFF, 0x9B, 0xBE, 0x49, 0xC1, 0xF2, 0x52, 0xFF, 
0xAA, 0x58, 0xA7, 0xAC, 0xFC, 0xFF, 0x79, 0x5B, 0xD3, 0xE1, 0x00, 0x7A, 0xEE, 0xF4, 0x9C, 0x06, 
0xAB, 0xEF, 0xEE, 0xFA, 0xCD, 0x3B, 0x00, 0x00, 0x00, 0x00, 0x00, 0x00, 0xE3, 0xA1, 0x00, 0x00, 
0x00, 0x00, 0x00, 0x00, 0x00, 0x00, 0x00, 0x00, 0xA2, 0x5F, 0x00, 0x00, 0x00, 0x00, 0x84, 0xFF, 
0x00, 0x00, 0x00, 0x00, 0x84, 0xFF, 0x00, 0x84, 0xFF, 0x00, 0x00, 0x00, 0x00, 0x84, 0xFF, 0x00, 
0x7C, 0xFF, 0x07, 0x00, 0x00, 0x00, 0x8B, 0xF7, 0x00, 0x55, 0xFF, 0x36, 0x00, 0x00, 0x00, 0xBC, 
0xD4, 0x00, 0x0C, 0xE8, 0xC9, 0x2F, 0x16, 0x6C, 0xFF, 0x75, 0x00, 0x00, 0x66, 0xFF, 0xFF, 0xFF, 
0xFF, 0xD6, 0x0B, 0x00, 0x50, 0xFD, 0xB7, 0x55, 0x47, 0x77, 0xEF, 0xC4, 0x03, 0xCE, 0xD0, 0x03, 
0x00, 0x00, 0x00, 0x51, 0xFF, 0x4A, 0xFA, 0x8E, 0x00, 0x00, 0x00, 0x00, 0x0A, 0xFF, 0x7C, 0xF4, 
0x90, 0x00, 0x00, 0x00, 0x00, 0x0D, 0xFF, 0x7B, 0xC0, 0xDA, 0x07, 0x00, 0x00, 0x00, 0x5F, 0xFF, 
0x45, 0x40, 0xFB, 0xC8, 0x64, 0x54, 0x88, 0xF7, 0xBE, 0x01, 0x00, 0x3C, 0xBA, 0xF3, 0xFD, 0xDE, 
0x86, 0x0A, 0x00, 0x84, 0xFF, 0x00, 0x00, 0x00, 0xFF, 0x84, 0x84, 0xFF, 0x00, 0x00, 0x00, 0xFF, 
0x84, 0x83, 0xFF, 0x00, 0x00, 0x00, 0xFF, 0x83, 0x76, 0xFF, 0x12, 0x00, 0x12, 0xFF, 0x74, 0x34, 
0xFF, 0x85, 0x19, 0x8F, 0xFE, 0x2C, 0x00, 0x99, 0xFF, 0xFF, 0xFF, 0x8C, 0x00, 0x44, 0xFC, 0x94, 
0x48, 0x95, 0xFC, 0x40, 0xBC, 0xCF, 0x00, 0x00, 0x00, 0xD1, 0xBA, 0xEF, 0x94, 0x00, 0x00, 0x00, 
0x95, 0xF1, 0xFE, 0x86, 0x00, 0x00, 0x00, 0x87, 0xFC, 0xEC, 0x99, 0x00, 0x00, 0x00, 0x98, 0xEA, 
0xB4, 0xD8, 0x02, 0x00, 0x02, 0xD8, 0xB0, 0x42, 0xFE, 0xA7, 0x58, 0xA5, 0xFF, 0x41, 0x00, 0x58, 
0xDA, 0xFE, 0xDC, 0x5D, 0x00, 0xFF, 0xFF, 0xFF, 0xFF, 0xFF, 0xFF, 0x84, 0x50, 0x50, 0x50, 0x50, 
0xCF, 0xFF, 0x59, 0x00, 0x00, 0x00, 0x19, 0xFB, 0xE0, 0x04, 0x00, 0x00, 0x00, 0x7F, 0xFF, 0x6E, 
0x00, 0x00, 0x00, 0x04, 0xE5, 0xED, 0x0B, 0x00, 0x00, 0x00, 0x56, 0xFF, 0x82, 0x00, 0x00, 0x00, 
0x00, 0xC0, 0xF7, 0x16, 0x00, 0x00, 0x00, 0x2B, 0xFF, 0x95, 0x00, 0x00, 0x00, 0x00, 0x97, 0xFD, 
0x23, 0x00, 0x00, 0x00, 0x0E, 0xF3, 0xAB, 0x00, 0x00, 0x00, 0x00, 0x6C, 0xFF, 0x33, 0x00, 0x00, 
0x00, 0x00, 0xD7, 0xE0, 0x50, 0x50, 0x50, 0x60, 0x33, 0xFF, 0xFF, 0xFF, 0xFF, 0xFF, 0xFF, 0x88, 
0x00, 0x00, 0x00, 0x00, 0x00, 0xFF, 0x84, 0x00, 0x00, 0x00, 0x14, 0x36, 0xFF, 0x75, 0x00, 0x00, 
0x00, 0x98, 0xFF, 0xEF, 0x22, 0x00, 0x00, 0x00, 0x16, 0x3D, 0x12, 0x00, 0xFF, 0xFF, 0xFF, 0xFF, 
0xFF, 0x00, 0x50, 0x50, 0x50, 0xE1, 0xD8, 0x00, 0x00, 0x00, 0x32, 0xFF, 0x65, 0x00, 0x00, 0x00, 
0xA2, 0xEB, 0x09, 0x00, 0x00, 0x17, 0xF9, 0x82, 0x00, 0x00, 0x00, 0x81, 0xF8, 0x17, 0x00, 0x00, 
0x07, 0xE9, 0x9E, 0x00, 0x00, 0x00, 0x5E, 0xFF, 0x2C, 0x00, 0x00, 0x00, 0xCE, 0xDC, 0x50, 0x50, 
0x50, 0x29, 0xFF, 0xFF, 0xFF, 0xFF, 0xFF, 0x84, 0x00, 0x00, 0x00, 0x00, 0xFF, 0x84, 0x00, 0x00, 
0x10, 0x2D, 0xFF, 0x7C, 0x00, 0x00, 0x78, 0xFF, 0xF7, 0x30, 0x00, 0x00, 0x0D, 0x3A, 0x17, 0x00, 
0x00, 0x00, 0x00, 0x00, 0xDA, 0x5E, 0x00, 0x00, 0x00, 0x00, 0x00, 0x00, 0x00, 0x00, 0xE2, 0x67, 
0x00, 0x00, 0x00, 0x00, 0x00, 0x00, 0x00, 0x00, 0x08, 0x00, 0x00, 0x00, 0x00, 0x00, 0x00, 0x00, 
0x00, 0x00, 0x00, 0x00, 0x00, 0x00, 0x00, 0x00, 0x00, 0x00, 0x00, 0x1F, 0xFF, 0xAB, 0x00, 0x00, 
0x00, 0x00, 0x00, 0x00, 0x00, 0x64, 0xF7, 0xEE, 0x03, 0x00, 0x00, 0x00, 0x00, 0x00, 0x00, 0xAA, 
0xB1, 0xFF, 0x37, 0x00, 0x00, 0x00, 0x00, 0x00, 0x02, 0xED, 0x71, 0xE5, 0x7E, 0x00, 0x00, 0x00, 
0x00, 0x00, 0x35, 0xFF, 0x38, 0xAD, 0xC3, 0x00, 0x00, 0x00, 0x00, 0x00, 0x7A, 0xF9, 0x07, 0x74, 
0xFC, 0x0F, 0x00, 0x00, 0x00, 0x00, 0xC1, 0xC5, 0x00, 0x3B, 0xFF, 0x50, 0x00, 0x00, 0x00, 0x0C, 
0xFA, 0x9F, 0x20, 0x28, 0xFD, 0x96, 0x00, 0x00, 0x00, 0x4B, 0xFF, 0xFF, 0xFF, 0xFF, 0xFF, 0xDD, 
0x00, 0x00, 0x00, 0x91, 0xFF, 0x59, 0x50, 0x50, 0xA4, 0xFF, 0x22, 0x00, 0x00, 0xD6, 0xD0, 0x00, 
0x00, 0x00, 0x3E, 0xFF, 0x69, 0x00, 0x1C, 0xFF, 0x8B, 0x00, 0x00, 0x00, 0x04, 0xF0, 0xAE, 0x00, 
0x62, 0xFF, 0x43, 0x00, 0x00, 0x00, 0x00, 0xAC, 0xF1, 0x04, 0x00, 0x00, 0x5F, 0xDA, 0x00, 0x00, 
0x00, 0x00, 0x69, 0xE6, 0x00, 0x00, 0x00, 0x00, 0x01, 0x0B, 0x00, 0x00, 0x00, 0x00, 0x00, 0x00, 
0x00, 0x00, 0x0E, 0x96, 0xE7, 0xFB, 0xC8, 0x22, 0x06, 0xB1, 0x67, 0x64, 0xF2, 0xB1, 0x00, 0x00, 
0x00, 0x00, 0x99, 0xEF, 0x00, 0x00, 0x03, 0x0F, 0x8D, 0xFF, 0x14, 0xAD, 0xF9, 0xFF, 0xFF, 0xFF, 
0xAB, 0xF8, 0x74, 0x43, 0xA3, 0xFF, 0xF3, 0x9C, 0x00, 0x00, 0x8B, 0xFF, 0xF7, 0x8F, 0x00, 0x00, 
0xC1, 0xFF, 0xBD, 0xE9, 0x5E, 0x92, 0xD6, 0xFF, 0x2A, 0xD7, 0xF7, 0x9E, 0x40, 0xFF, 0xFF, 0xFF, 
0xFF, 0xFF, 0xFF, 0x88, 0xFF, 0xD1, 0x50, 0x50, 0x50, 0x2B, 0xFF, 0xBC, 0x00, 0x00, 0x00, 0x00, 
0xFF, 0xBC, 0x00, 0x00, 0x00, 0x00, 0xFF, 0xC0, 0x10, 0x10, 0x10, 0x05, 0xFF, 0xFF, 0xFF, 0xFF, 
0xFF, 0x48, 0xFF, 0xCD, 0x40, 0x40, 0x40, 0x12, 0xFF, 0xBC, 0x00, 0x00, 0x00, 0x00, 0xFF, 0xBC, 
0x00, 0x00, 0x00, 0x00, 0xFF, 0xBC, 0x00, 0x00, 0x00, 0x00, 0xFF, 0xBC, 0x00, 0x00, 0x00, 0x00, 
0xFF, 0xD1, 0x50, 0x50, 0x50, 0x2B, 0xFF, 0xFF, 0xFF, 0xFF, 0xFF, 0x88, 0x00, 0x00, 0xAF, 0x14, 
0x00, 0x00, 0x00, 0x00, 0x82, 0xF0, 0x3A, 0x00, 0x00, 0x03, 0x1F, 0xFF, 0x79, 0x00, 0x00, 0x70, 
0xFB, 0xC9, 0x1C, 0x00, 0x00, 0x5B, 0xDE, 0xFB, 0xC2, 0x25, 0x00, 0x3C, 0xFE, 0x8E, 0x5C, 0xD9, 
0xDA, 0x04, 0xAB, 0xBF, 0x00, 0x00, 0x41, 0xFF, 0x48, 0xE3, 0x93, 0x10, 0x10, 0x18, 0xFF, 0x77, 
0xFC, 0xFF, 0xFF, 0xFF, 0xFF, 0xFF, 0x84, 0xFC, 0xA6, 0x40, 0x40, 0x40, 0x40, 0x21, 0xE1, 0xA1, 
0x00, 0x00, 0x00, 0x00, 0x00, 0xA3, 0xE9, 0x0B, 0x00, 0x00, 0x00, 0x00, 0x2D, 0xF8, 0xC4, 0x5B, 
0x60, 0xA6, 0x34, 0x00, 0x41, 0xCB, 0xFF, 0xF1, 0xB0, 0x17, 0x00, 0x00, 0x21, 0xEB, 0x2B, 0x00, 
0x00, 0x00, 0x00, 0x0B, 0x58, 0xFE, 0x4D, 0x00, 0x00, 0x00, 0x51, 0x75, 0xFF, 0x78, 0x00, 0x00, 
0x00, 0xE0, 0xF9, 0xB9, 0x16, 0x00, 0x00, 0x00, 0x08, 0x10, 0x10, 0x10, 0x10, 0x00, 0x00, 0x00, 
0x00, 0x84, 0xFF, 0xFF, 0xFF, 0xFF, 0x00, 0x00, 0x00, 0x00, 0x22, 0x46, 0x40, 0x41, 0x46, 0x00, 
0x00, 0x00, 0x00, 0x6F, 0xE9, 0x00, 0x6E, 0xE9, 0x00, 0x00, 0x00, 0x00, 0x0D, 0x2A, 0x00, 0x0D, 
0x29, 0x00, 0x00, 0x00, 0x00, 0x00, 0x00, 0x00, 0x00, 0x00, 0x00, 0x00, 0x00, 0x0A, 0x8B, 0xE4, 
0xFA, 0xE2, 0x83, 0x06, 0x00, 0x02, 0xBC, 0xF9, 0x88, 0x54, 0x81, 0xF6, 0xA8, 0x00, 0x54, 0xFF, 
0x61, 0x00, 0x00, 0x00, 0x58, 0xFF, 0x41, 0xAB, 0xE6, 0x02, 0x00, 0x00, 0x00, 0x01, 0xE3, 0x9E, 
0xDC, 0xAB, 0x00, 0x00, 0x00, 0x00, 0x00, 0xA9, 0xD5, 0xF7, 0x8E, 0x00, 0x00, 0x00, 0x00, 0x00, 
0x8E, 0xF5, 0xFE, 0x86, 0x00, 0x00, 0x00, 0x00, 0x00, 0x85, 0xFE, 0xF3, 0x8F, 0x00, 0x00, 0x00, 
0x00, 0x00, 0x8E, 0xF5, 0xD5, 0xAC, 0x00, 0x00, 0x00, 0x00, 0x00, 0xAB, 0xD7, 0xA3, 0xE8, 0x03, 
0x00, 0x00, 0x00, 0x01, 0xE4, 0x9F, 0x45, 0xFF, 0x65, 0x00, 0x00, 0x00, 0x5A, 0xFF, 0x40, 0x00, 
0xA9, 0xFA, 0x8A, 0x56, 0x84, 0xF8, 0xA4, 0x00, 0x00, 0x05, 0x81, 0xE2, 0xFE, 0xE1, 0x7F, 0x04, 
0x00, 0x00, 0x08, 0x10, 0x10, 0x10, 0x10, 0x00, 0x00, 0x84, 0xFF, 0xFF, 0xFF, 0xFF, 0x00, 0x00, 
0x21, 0x40, 0x40, 0x40, 0x40, 0x00, 0x00, 0x68, 0xE3, 0x00, 0x68, 0xE3, 0x00, 0x00, 0x12, 0x37, 
0x00, 0x12, 0x37, 0x00, 0x00, 0x00, 0x00, 0x00, 0x00, 0x00, 0x00, 0x00, 0x56, 0xD8, 0xFA, 0xD6, 
0x4C, 0x00, 0x3B, 0xFE, 0xAB, 0x58, 0xAD, 0xFB, 0x31, 0xAB, 0xE3, 0x04, 0x00, 0x06, 0xE4, 0xA4, 
0xE4, 0xA2, 0x00, 0x00, 0x00, 0xA2, 0xE2, 0xFC, 0x88, 0x00, 0x00, 0x00, 0x88, 0xFC, 0xFA, 0x88, 
0x00, 0x00, 0x00, 0x88, 0xFA, 0xDF, 0xA1, 0x00, 0x00, 0x00, 0xA2, 0xDE, 0xA4, 0xE3, 0x05, 0x00, 
0x06, 0xE4, 0xA0, 0x31, 0xFB, 0xAC, 0x58, 0xAD, 0xFA, 0x2D, 0x00, 0x4D, 0xD7, 0xFC, 0xD6, 0x4B, 
0x00, 0x00, 0x00, 0x10, 0x10, 0x10, 0x10, 0x10, 0x00, 0x00, 0x00, 0x00, 0xF0, 0xF8, 0xF0, 0xF0, 
0xF9, 0x07, 0x00, 0x00, 0x00, 0x96, 0xFF, 0xB0, 0x28, 0xC2, 0x58, 0x00, 0x00, 0x11, 0xD2, 0x53, 
0xCB, 0xFF, 0xE4, 0x0E, 0x00, 0x00, 0x0B, 0x24, 0x00, 0x02, 0x33, 0x13, 0x00, 0x00, 0x00, 0x00, 
0x00, 0x00, 0x00, 0x00, 0x00, 0x00, 0x00, 0x00, 0x0A, 0x8B, 0xE4, 0xFA, 0xE2, 0x83, 0x06, 0x00, 
0x02, 0xBC, 0xF9, 0x88, 0x54, 0x81, 0xF6, 0xA8, 0x00, 0x54, 0xFF, 0x61, 0x00, 0x00, 0x00, 0x58, 
0xFF, 0x41, 0xAB, 0xE6, 0x02, 0x00, 0x00, 0x00, 0x01, 0xE3, 0x9E, 0xDC, 0xAB, 0x00, 0x00, 0x00, 
0x00, 0x00, 0xA9, 0xD5, 0xF7, 0x8E, 0x00, 0x00, 0x00, 0x00, 0x00, 0x8E, 0xF5, 0xFE, 0x86, 0x00, 
0x00, 0x00, 0x00, 0x00, 0x85, 0xFE, 0xF3, 0x8F, 0x00, 0x00, 0x00, 0x00, 0x00, 0x8E, 0xF5, 0xD5, 
0xAC, 0x00, 0x00, 0x00, 0x00, 0x00, 0xAB, 0xD7, 0xA3, 0xE8, 0x03, 0x00, 0x00, 0x00, 0x01, 0xE4, 
0x9F, 0x45, 0xFF, 0x65, 0x00, 0x00, 0x00, 0x5A, 0xFF, 0x40, 0x00, 0xA9, 0xFA, 0x8A, 0x56, 0x84, 
0xF8, 0xA4, 0x00, 0x00, 0x05, 0x81, 0xE2, 0xFE, 0xE1, 0x7F, 0x04, 0x00, 0x00, 0x10, 0x10, 0x10, 
0x10, 0x10, 0x00, 0x00, 0xFF, 0xFF, 0xFF, 0xFF, 0xFF, 0x00, 0x00, 0x40, 0x40, 0x40, 0x40, 0x40, 
0x00, 0x00, 0x8E, 0xF7, 0xA1, 0x24, 0xBE, 0x34, 0x15, 0xFD, 0x6C, 0xBB, 0xFF, 0xD7, 0x04, 0x0D, 
0x3A, 0x00, 0x00, 0x30, 0x11, 0x00, 0x00, 0x56, 0xD8, 0xFA, 0xD6, 0x4C, 0x00, 0x3B, 0xFE, 0xAB, 
0x58, 0xAD, 0xFB, 0x31, 0xAB, 0xE3, 0x04, 0x00, 0x06, 0xE4, 0xA4, 0xE4, 0xA2, 0x00, 0x00, 0x00, 
0xA2, 0xE2, 0xFC, 0x88, 0x00, 0x00, 0x00, 0x88, 0xFC, 0xFA, 0x88, 0x00, 0x00, 0x00, 0x88, 0xFA, 
0xDF, 0xA1, 0x00, 0x00, 0x00, 0xA2, 0xDE, 0xA4, 0xE3, 0x05, 0x00, 0x06, 0xE4, 0xA0, 0x31, 0xFB, 
0xAC, 0x58, 0xAD, 0xFA, 0x2D, 0x00, 0x4D, 0xD7, 0xFC, 0xD6, 0x4B, 0x00, 0x00, 0x00, 0x00, 0x5F, 
0xDA, 0x00, 0x00, 0x00, 0x00, 0x00, 0x00, 0x00, 0x69, 0xE6, 0x00, 0x00, 0x00, 0x00, 0x00, 0x00, 
0x00, 0x01, 0x0B, 0x00, 0x00, 0x00, 0x00, 0x00, 0x00, 0x00, 0x00, 0x00, 0x00, 0x00, 0x00, 0x00, 
0x00, 0x0A, 0x8B, 0xE4, 0xFA, 0xE2, 0x83, 0x06, 0x00, 0x02, 0xBC, 0xF9, 0x88, 0x54, 0x81, 0xF6, 
0xA8, 0x00, 0x54, 0xFF, 0x61, 0x00, 0x00, 0x00, 0x58, 0xFF, 0x41, 0xAB, 0xE6, 0x02, 0x00, 0x00, 
0x00, 0x01, 0xE3, 0x9E, 0xDC, 0xAB, 0x00, 0x00, 0x00, 0x00, 0x00, 0xA9, 0xD5, 0xF7, 0x8E, 0x00, 
0x00, 0x00, 0x00, 0x00, 0x8E, 0xF5, 0xFE, 0x86, 0x00, 0x00, 0x00, 0x00, 0x00, 0x85, 0xFE, 0xF3, 
0x8F, 0x00, 0x00, 0x00, 0x00, 0x00, 0x8E, 0xF5, 0xD5, 0xAC, 0x00, 0x00, 0x00, 0x00, 0x00, 0xAB, 
0xD7, 0xA3, 0xE8, 0x03, 0x00, 0x00, 0x00, 0x01, 0xE4, 0x9F, 0x45, 0xFF, 0x65, 0x00, 0x00, 0x00, 
0x5A, 0xFF, 0x40, 0x00, 0xA9, 0xFA, 0x8A, 0x56, 0x84, 0xF8, 0xA4, 0x00, 0x00, 0x05, 0x81, 0xE2, 
0xFE, 0xE1, 0x7F, 0x04, 0x00, 0x00, 0x00, 0x5F, 0xD9, 0x00, 0x00, 0x00, 0x00, 0x00, 0x69, 0xE5, 
0x00, 0x00, 0x00, 0x00, 0x00, 0x01, 0x0B, 0x00, 0x00, 0x00, 0x00, 0x00, 0x00, 0x00, 0x00, 0x00, 
0x00, 0x00, 0x56, 0xD8, 0xFA, 0xD6, 0x4C, 0x00, 0x3B, 0xFE, 0xAB, 0x58, 0xAD, 0xFB, 0x31, 0xAB, 
0xE3, 0x04, 0x00, 0x06, 0xE4, 0xA4, 0xE4, 0xA2, 0x00, 0x00, 0x00, 0xA2, 0xE2, 0xFC, 0x88, 0x00, 
0x00, 0x00, 0x88, 0xFC, 0xFA, 0x88, 0x00, 0x00, 0x00, 0x88, 0xFA, 0xDF, 0xA1, 0x00, 0x00, 0x00, 
0xA2, 0xDE, 0xA4, 0xE3, 0x05, 0x00, 0x06, 0xE4, 0xA0, 0x31, 0xFB, 0xAC, 0x58, 0xAD, 0xFA, 0x2D, 
0x00, 0x4D, 0xD7, 0xFC, 0xD6, 0x4B, 0x00, 0x00, 0x00, 0x10, 0x10, 0x10, 0x10, 0x10, 0x00, 0x00, 
0x00, 0x00, 0xFF, 0xFF, 0xFF, 0xFF, 0xFF, 0x00, 0x00, 0x00, 0x00, 0x40, 0x40, 0x40, 0x40, 0x40, 
0x00, 0x00, 0x00, 0x00, 0x00, 0x00, 0xD7, 0x5F, 0x00, 0x00, 0x00, 0x00, 0x00, 0x00, 0x00, 0xCF, 
0x59, 0x00, 0x00, 0x00, 0x00, 0x00, 0x00, 0x00, 0x00, 0x00, 0x00, 0x00, 0x00, 0x00, 0x0A, 0x8B, 
0xE4, 0xFA, 0xE2, 0x83, 0x06, 0x00, 0x02, 0xBC, 0xF9, 0x88, 0x54, 0x81, 0xF6, 0xA8, 0x00, 0x54, 
0xFF, 0x61, 0x00, 0x00, 0x00, 0x58, 0xFF, 0x41, 0xAB, 0xE6, 0x02, 0x00, 0x00, 0x00, 0x01, 0xE3, 
0x9E, 0xDC, 0xAB, 0x00, 0x00, 0x00, 0x00, 0x00, 0xA9, 0xD5, 0xF7, 0x8E, 0x00, 0x00, 0x00, 0x00, 
0x00, 0x8E, 0xF5, 0xFE, 0x86, 0x00, 0x00, 0x00, 0x00, 0x00, 0x85, 0xFE, 0xF3, 0x8F, 0x00, 0x00, 
0x00, 0x00, 0x00, 0x8E, 0xF5, 0xD5, 0xAC, 0x00, 0x00, 0x00, 0x00, 0x00, 0xAB, 0xD7, 0xA3, 0xE8, 
0x03, 0x00, 0x00, 0x00, 0x01, 0xE4, 0x9F, 0x45, 0xFF, 0x65, 0x00, 0x00, 0x00, 0x5A, 0xFF, 0x40, 
0x00, 0xA9, 0xFA, 0x8A, 0x56, 0x84, 0xF8, 0xA4, 0x00, 0x00, 0x05, 0x81, 0xE2, 0xFE, 0xE1, 0x7F, 
0x04, 0x00, 0x00, 0x10, 0x10, 0x10, 0x10, 0x10, 0x00, 0x00, 0xFF, 0xFF, 0xFF, 0xFF, 0xFF, 0x00, 
0x00, 0x40, 0x40, 0x40, 0x40, 0x40, 0x00, 0x00, 0x00, 0x00, 0xD7, 0x5F, 0x00, 0x00, 0x00, 0x00, 
0x00, 0xD0, 0x5A, 0x00, 0x00, 0x00, 0x00, 0x00, 0x00, 0x00, 0x00, 0x00, 0x00, 0x56, 0xD8, 0xFA, 
0xD6, 0x4C, 0x00, 0x3B, 0xFE, 0xAB, 0x58, 0xAD, 0xFB, 0x31, 0xAB, 0xE3, 0x04, 0x00, 0x06, 0xE4, 
0xA4, 0xE4, 0xA2, 0x00, 0x00, 0x00, 0xA2, 0xE2, 0xFC, 0x88, 0x00, 0x00, 0x00, 0x88, 0xFC, 0xFA, 
0x88, 0x00, 0x00, 0x00, 0x88, 0xFA, 0xDF, 0xA1, 0x00, 0x00, 0x00, 0xA2, 0xDE, 0xA4, 0xE3, 0x05, 
0x00, 0x06, 0xE4, 0xA0, 0x31, 0xFB, 0xAC, 0x58, 0xAD, 0xFA, 0x2D, 0x00, 0x4D, 0xD7, 0xFC, 0xD6, 
0x4B, 0x00, 0x00, 0x00, 0x10, 0x10, 0x10, 0x10, 0x10, 0x00, 0x00, 0x00, 0x00, 0xFF, 0xFF, 0xFF, 
0xFF, 0xFF, 0x00, 0x00, 0x00, 0x00, 0x40, 0x40, 0x40, 0x40, 0x40, 0x00, 0x00, 0x00, 0x00, 0x00, 
0x00, 0x00, 0x00, 0x00, 0x00, 0x00, 0x64, 0xFF, 0x3F, 0x00, 0x00, 0x00, 0x30, 0xFF, 0x65, 0x0D, 
0xF4, 0xA5, 0x00, 0x00, 0x00, 0x96, 0xE9, 0x08, 0x00, 0x9F, 0xF8, 0x12, 0x00, 0x0C, 0xF2, 0x7C, 
0x00, 0x00, 0x3D, 0xFF, 0x6F, 0x00, 0x65, 0xF5, 0x12, 0x00, 0x00, 0x01, 0xDB, 0xD5, 0x00, 0xCB, 
0x91, 0x00, 0x00, 0x00, 0x00, 0x7A, 0xFF, 0x6D, 0xFC, 0x21, 0x00, 0x00, 0x00, 0x00, 0x1B, 0xFD, 
0xFB, 0xA8, 0x00, 0x00, 0x00, 0x00, 0x00, 0x00, 0xB5, 0xFF, 0x33, 0x00, 0x00, 0x00, 0x00, 0x00, 
0x00, 0x84, 0xFF, 0x00, 0x00, 0x00, 0x00, 0x00, 0x00, 0x00, 0x84, 0xFF, 0x00, 0x00, 0x00, 0x00, 
0x00, 0x00, 0x00, 0x84, 0xFF, 0x00, 0x00, 0x00, 0x00, 0x00, 0x00, 0x00, 0x84, 0xFF, 0x00, 0x00, 
0x00, 0x00, 0x00, 0x00, 0x00, 0x84, 0xFF, 0x00, 0x00, 0x00, 0x00, 0x00, 0x00, 0x10, 0x10, 0x10, 
0x10, 0x10, 0x00, 0x00, 0x00, 0x00, 0xFF, 0xFF, 0xFF, 0xFF, 0xFF, 0x00, 0x00, 0x00, 0x00, 0x40, 
0x40, 0x40, 0x40, 0x40, 0x00, 0x00, 0x00, 0x00, 0x00, 0x00, 0x00, 0x00, 0x00, 0x00, 0x00, 0x12, 
0xFC, 0x81, 0x00, 0x00, 0x00, 0x6C, 0xFF, 0x2A, 0x00, 0xBE, 0xCC, 0x00, 0x00, 0x00, 0xB5, 0xDE, 
0x00, 0x00, 0x70, 0xFE, 0x17, 0x00, 0x08, 0xF6, 0x92, 0x00, 0x00, 0x21, 0xFF, 0x60, 0x00, 0x47, 
0xFF, 0x46, 0x00, 0x00, 0x00, 0xD2, 0xA9, 0x00, 0x90, 0xF3, 0x07, 0x00, 0x00, 0x00, 0x86, 0xF0, 
0x05, 0xD8, 0xAE, 0x00, 0x00, 0x00, 0x00, 0x36, 0xFF, 0x5F, 0xFF, 0x61, 0x00, 0x00, 0x00, 0x00, 
0x01, 0xE7, 0xD3, 0xFE, 0x17, 0x00, 0x00, 0x00, 0x00, 0x00, 0x9A, 0xFF, 0xC9, 0x00, 0x00, 0x00, 
0x00, 0x00, 0x00, 0x54, 0xFF, 0x7D, 0x00, 0x00, 0x00, 0x00, 0x00, 0x00, 0x7B, 0xFF, 0x31, 0x00, 
0x00, 0x00, 0x00, 0x00, 0x00, 0xCD, 0xDE, 0x01, 0x00, 0x00, 0x00, 0x00, 0x59, 0x91, 0xFF, 0x6C, 
0x00, 0x00, 0x00, 0x00, 0x00, 0xF2, 0xF5, 0x91, 0x02, 0x00, 0x00, 0x00, 0x00, 0x00, 0x00, 0xFF, 
0x84, 0x00, 0x00, 0x00, 0x00, 0x00, 0xFF, 0x84, 0x00, 0x00, 0x00, 0x00, 0x00, 0xFF, 0x84, 0x00, 
0x00, 0x00, 0x00, 0x00, 0xFF, 0x84, 0x00, 0x00, 0x00, 0x00, 0x00, 0xFF, 0x84, 0x00, 0x00, 0x00, 
0x00, 0x00, 0xFF, 0x84, 0x00, 0x00, 0x00, 0x00, 0x00, 0xFF, 0x84, 0x00, 0x00, 0x00, 0x00, 0x00, 
0xFF, 0x84, 0x00, 0x00, 0x00, 0x00, 0x00, 0xFF, 0x84, 0x00, 0x00, 0x00, 0x00, 0x00, 0xFF, 0x84, 
0x0B, 0x00, 0x00, 0x00, 0x00, 0xFF, 0xF9, 0xFF, 0xD5, 0x16, 0x00, 0x20, 0xFF, 0xB6, 0x5C, 0xFF, 
0x75, 0x00, 0x92, 0xFC, 0xCF, 0x6E, 0xFF, 0x6C, 0x07, 0xF0, 0x62, 0xC4, 0xFB, 0xB9, 0x0C, 0x01, 
0x3D, 0x09, 0x00, 0x00, 0x00, 0x00, 0xFF, 0x49, 0x98, 0xF5, 0xEB, 0x72, 0x00, 0x00, 0x00, 0x00, 
0xFF, 0xDB, 0xA6, 0x57, 0xB8, 0xFF, 0x31, 0x00, 0x00, 0x00, 0xFF, 0xD9, 0x02, 0x00, 0x23, 0xFF, 
0x73, 0x00, 0x00, 0x00, 0xFF, 0x9B, 0x00, 0x00, 0x02, 0xFF, 0x83, 0x00, 0x00, 0x00, 0xFF, 0x87, 
0x00, 0x00, 0x00, 0xFF, 0x84, 0x00, 0x00, 0x00, 0xFF, 0x84, 0x00, 0x00, 0x00, 0xFF, 0x84, 0x0A, 
0x00, 0x00, 0xFF, 0x84, 0x00, 0x00, 0x00, 0xFF, 0xF4, 0xFF, 0xD5, 0x16, 0xFF, 0x84, 0x00, 0x00, 
0x17, 0xFF, 0xB9, 0x5A, 0xFF, 0x73, 0xFF, 0x84, 0x00, 0x00, 0x88, 0xFD, 0xD2, 0x6B, 0xFF, 0x70, 
0xFF, 0x84, 0x00, 0x04, 0xEA, 0x6A, 0xC8, 0xFC, 0xBB, 0x0F, 0x00, 0x00, 0x00, 0x03, 0x53, 0x0C, 
0x00, 0x00, 0x00, 0x00, 0x00, 0x00, 0x94, 0x84, 0x00, 0x00, 0x00, 0x00, 0x00, 0xCE, 0x84, 0x00, 
0x00, 0x00, 0x00, 0xBA, 0xFF, 0xFF, 0xFF, 0x00, 0x00, 0x00, 0x50, 0xFF, 0xAB, 0x50, 0x00, 0x00, 
0x00, 0x00, 0xFF, 0x84, 0x00, 0x00, 0x00, 0x00, 0x00, 0xFF, 0x84, 0x00, 0x00, 0x00, 0x00, 0x00, 
0xFF, 0x84, 0x00, 0x00, 0x00, 0x00, 0x00, 0xFF, 0x84, 0x0A, 0x00, 0x00, 0x00, 0x00, 0xFF, 0xF4, 
0xFF, 0xD4, 0x16, 0x00, 0x27, 0xFF, 0xB8, 0x5A, 0xFF, 0x73, 0x00, 0x9C, 0xFB, 0xCD, 0x6A, 0xFF, 
0x70, 0x06, 0xF3, 0x5E, 0xC8, 0xFC, 0xBD, 0x10, 0x00, 0x25, 0x06, 0x00, 0x00, 0x00, 0x00, 0x00, 
0x00, 0xFF, 0x84, 0x00, 0x00, 0xFF, 0x84, 0x00, 0x00, 0xFF, 0x84, 0x00, 0x00, 0xFF, 0x84, 0x00, 
0x00, 0xFF, 0x84, 0x00, 0x00, 0xFF, 0x84, 0x00, 0x00, 0xFF, 0x84, 0x00, 0x00, 0xFF, 0x84, 0x00, 
0x00, 0xFF, 0x84, 0x00, 0x00, 0xFF, 0x84, 0x00, 0x00, 0xFF, 0x84, 0x00, 0x04, 0xFF, 0x80, 0x32, 
0x7E, 0xFF, 0x57, 0x72, 0xFB, 0xB4, 0x06, 0x00, 0x00, 0x00, 0x00, 0x00, 0x84, 0xFF, 0x00, 0x00, 
0x00, 0x00, 0x00, 0x00, 0x00, 0x00, 0x00, 0x00, 0x00, 0x84, 0xFF, 0x00, 0x00, 0x00, 0x00, 0x00, 
0x00, 0x00, 0x00, 0x00, 0x00, 0x00, 0x84, 0xFF, 0x00, 0x00, 0x00, 0x00, 0x00, 0x00, 0x00, 0x00, 
0x00, 0x00, 0x00, 0x84, 0xFF, 0x00, 0x00, 0x00, 0x00, 0x00, 0x00, 0x00, 0x6F, 0xEB, 0xF4, 0x93, 
0x85, 0xFF, 0x36, 0xD4, 0xFB, 0xBE, 0x1E, 0x00, 0x49, 0xFF, 0xAC, 0x58, 0xAC, 0xE9, 0xFF, 0xD3, 
0x69, 0x69, 0xEC, 0xC7, 0x00, 0xB2, 0xE5, 0x05, 0x00, 0x03, 0xDE, 0xFF, 0x5D, 0x00, 0x00, 0x67, 
0xFF, 0x2F, 0xE7, 0xA3, 0x00, 0x00, 0x00, 0x9F, 0xFF, 0x19, 0x00, 0x00, 0x24, 0xFF, 0x63, 0xFC, 
0x88, 0x00, 0x00, 0x00, 0x88, 0xFF, 0x03, 0x00, 0x00, 0x0C, 0xFF, 0x78, 0xFA, 0x88, 0x00, 0x00, 
0x00, 0x88, 0xFF, 0x04, 0x00, 0x00, 0x0D, 0xFF, 0x76, 0xE2, 0xA2, 0x00, 0x00, 0x00, 0xA3, 0xFF, 
0x1E, 0x00, 0x00, 0x26, 0xFF, 0x5C, 0xA6, 0xE4, 0x05, 0x00, 0x06, 0xE4, 0xFC, 0x67, 0x00, 0x00, 
0x6A, 0xFF, 0x21, 0x39, 0xFE, 0xAC, 0x58, 0xB1, 0xE3, 0x79, 0xF0, 0x6D, 0x6A, 0xEF, 0xAD, 0x00, 
0x00, 0x56, 0xD8, 0xFE, 0xD1, 0x34, 0x03, 0x90, 0xF2, 0xF2, 0xA3, 0x0F, 0x00, 0x00, 0x50, 0xD7, 
0xFC, 0xD0, 0x33, 0x03, 0x92, 0xF2, 0xF3, 0xA5, 0x11, 0x00, 0x34, 0xFD, 0xAB, 0x59, 0xB3, 0xE3, 
0x7B, 0xF1, 0x6D, 0x6B, 0xEF, 0xB5, 0x00, 0xA6, 0xE3, 0x04, 0x00, 0x06, 0xE5, 0xFD, 0x6A, 0x00, 
0x00, 0x6C, 0xFF, 0x26, 0xE0, 0xA2, 0x00, 0x00, 0x00, 0xA2, 0xFF, 0x1F, 0x00, 0x00, 0x26, 0xFF, 
0x5D, 0xFA, 0x88, 0x00, 0x00, 0x00, 0x89, 0xFF, 0x04, 0x00, 0x00, 0x0C, 0xFF, 0x76, 0xFC, 0x88, 
0x00, 0x00, 0x00, 0x88, 0xFF, 0x03, 0x00, 0x00, 0x0C, 0xFF, 0x78, 0xE7, 0xA0, 0x00, 0x00, 0x00, 
0x9D, 0xFF, 0x1B, 0x00, 0x00, 0x26, 0xFF, 0x62, 0xB4, 0xDF, 0x03, 0x00, 0x03, 0xDD, 0xFF, 0x5E, 
0x00, 0x00, 0x6B, 0xFF, 0x2E, 0x4F, 0xFF, 0xA8, 0x58, 0xA7, 0xE6, 0xFE, 0xDA, 0x6B, 0x67, 0xEE, 
0xC7, 0x00, 0x00, 0x75, 0xEC, 0xF5, 0x8C, 0x86, 0xFF, 0x3C, 0xD6, 0xFB, 0xC1, 0x20, 0x00, 0x00, 
0x00, 0x00, 0x00, 0x00, 0x84, 0xFF, 0x00, 0x00, 0x00, 0x00, 0x00, 0x00, 0x00, 0x00, 0x00, 0x00, 
0x00, 0x84, 0xFF, 0x00, 0x00, 0x00, 0x00, 0x00, 0x00, 0x00, 0x00, 0x00, 0x00, 0x00, 0x84, 0xFF, 
0x00, 0x00, 0x00, 0x00, 0x00, 0x00, 0x00, 0x00, 0x00, 0x00, 0x00, 0x84, 0xFF, 0x00, 0x00, 0x00, 
0x00, 0x00, 0x00, 0x00, 0x00, 0x00, 0x00, 0x00, 0x2D, 0xC6, 0x00, 0x00, 0x00, 0x00, 0x00, 0x9C, 
0xFF, 0xCA, 0x8D, 0x00, 0x00, 0x00, 0x00, 0x00, 0xE1, 0xF7, 0xFF, 0x52, 0x00, 0x00, 0x00, 0x00, 
0x26, 0xFF, 0xAA, 0xFF, 0x1A, 0x00, 0x00, 0x00, 0x00, 0x6B, 0xFB, 0x50, 0xFF, 0x35, 0x00, 0x00, 
0x00, 0x00, 0xB1, 0xCA, 0x50, 0xFF, 0x7B, 0x00, 0x00, 0x00, 0x04, 0xF1, 0x8C, 0x89, 0xFF, 0xC2, 
0x00, 0x00, 0x00, 0x3D, 0xFF, 0x50, 0xC2, 0xB7, 0xFA, 0x0D, 0x00, 0x00, 0x82, 0xFF, 0x39, 0xF0, 
0x69, 0xFF, 0x4E, 0x00, 0x00, 0xC6, 0xFF, 0xFF, 0xFF, 0xFF, 0xFF, 0x94, 0x00, 0x10, 0xFD, 0xB2, 
0xA5, 0xA2, 0x50, 0xD6, 0xDA, 0x00, 0x52, 0xFF, 0x54, 0xA8, 0x45, 0x00, 0x86, 0xFF, 0x21, 0x97, 
0xFD, 0x11, 0xE0, 0x0E, 0x00, 0x3D, 0xFF, 0x67, 0xDE, 0xC6, 0x1D, 0xD1, 0x00, 0x00, 0x04, 0xF0, 
0xAD, 0x00, 0x00, 0x57, 0x96, 0x00, 0x00, 0x00, 0x00, 0x00, 0x00, 0x00, 0x41, 0x35, 0x00, 0x00, 
0x00, 0x00, 0x00, 0x00, 0x00, 0x00, 0x00, 0x00, 0x44, 0xB1, 0x00, 0x00, 0x00, 0x64, 0xD5, 0xFC, 
0xFD, 0xD5, 0x21, 0x00, 0x82, 0xFF, 0xA0, 0x56, 0xD5, 0xCD, 0x0B, 0x2C, 0xFE, 0x8B, 0x00, 0x00, 
0xE7, 0x10, 0x00, 0x92, 0xF8, 0x11, 0x00, 0x1E, 0xD8, 0x00, 0x00, 0xD1, 0xBD, 0x00, 0x00, 0x55, 
0xA2, 0x00, 0x00, 0xF4, 0x94, 0x00, 0x00, 0x8C, 0x6C, 0x00, 0x00, 0xFE, 0x86, 0x00, 0x00, 0xC2, 
0x36, 0x00, 0x00, 0xF5, 0x90, 0x00, 0x03, 0xEF, 0x07, 0x00, 0x00, 0xD5, 0xB6, 0x00, 0x30, 0xCA, 
0x00, 0x00, 0x00, 0x9A, 0xF3, 0x0B, 0x66, 0x93, 0x00, 0x00, 0x00, 0x38, 0xFF, 0x89, 0x9D, 0x5D, 
0x00, 0x00, 0x00, 0x00, 0x95, 0xFF, 0xF7, 0x7A, 0x60, 0x9F, 0x00, 0x00, 0x02, 0x7F, 0xFF, 0xFC, 
0xEF, 0xB3, 0x00, 0x00, 0x00, 0x40, 0xBC, 0x00, 0x00, 0x00, 0x00, 0x00, 0x00, 0x00, 0x00, 0x4F, 
0xA5, 0x00, 0x00, 0x00, 0x00, 0x84, 0x70, 0x00, 0x00, 0x00, 0x00, 0xB9, 0x3C, 0x00, 0x00, 0x00, 
0x01, 0xEA, 0x09, 0x00, 0x4B, 0xD4, 0xFD, 0xFE, 0x5D, 0x32, 0xFB, 0xB6, 0x9A, 0xCC, 0x33, 0xA4, 
0xE7, 0x07, 0x90, 0x64, 0x00, 0xE1, 0xA3, 0x00, 0xC4, 0x2F, 0x00, 0xFB, 0x89, 0x05, 0xED, 0x03, 
0x00, 0xFC, 0x88, 0x30, 0xC4, 0x00, 0x00, 0xE7, 0xA4, 0x65, 0x8F, 0x00, 0x00, 0xAD, 0xE8, 0xA3, 
0x59, 0x00, 0x00, 0x3E, 0xFE, 0xFF, 0x76, 0x71, 0x59, 0x00, 0x62, 0xFF, 0xFE, 0xDE, 0x4E, 0x00, 
0x3C, 0xB7, 0x00, 0x00, 0x00, 0x00, 0x71, 0x83, 0x00, 0x00, 0x00, 0x00, 0xA7, 0x4D, 0x00, 0x00, 
0x00, 0x00, 0x67, 0x13, 0x00, 0x00, 0x00, 0x00, 0x00, 0xFF, 0x84, 0x00, 0x00, 0x00, 0x00, 0x00, 
0x00, 0xFF, 0x84, 0x00, 0x00, 0x00, 0x00, 0x00, 0x00, 0xFF, 0x84, 0x00, 0x00, 0x00, 0x00, 0x00, 
0x00, 0xFF, 0x84, 0x00, 0x00, 0x00, 0x00, 0x00, 0x00, 0xFF, 0x84, 0x00, 0x00, 0x00, 0x00, 0x00, 
0x00, 0xFF, 0x84, 0x00, 0x00, 0x00, 0x00, 0x35, 0xF4, 0xFF, 0xFB, 0xF4, 0xF4, 0x08, 0x00, 0x08, 
0x24, 0xFF, 0x96, 0x24, 0x24, 0x01, 0x00, 0x00, 0x00, 0xFF, 0x84, 0x00, 0x00, 0x00, 0x00, 0x00, 
0x00, 0xFF, 0x84, 0x00, 0x00, 0x00, 0x00, 0x00, 0x00, 0xFF, 0x84, 0x00, 0x00, 0x00, 0x00, 0x00, 
0x00, 0xFF, 0xAB, 0x50, 0x50, 0x50, 0x27, 0x00, 0x00, 0xFF, 0xFF, 0xFF, 0xFF, 0xFF, 0x7C, 0x00, 
0x00, 0x00, 0x00, 0x00, 0x42, 0xA7, 0xFF, 0xFF, 0xFF, 0xFF, 0xFF, 0xFF, 0xFF, 0x50, 0x50, 0x50, 
0xFF, 0xAD, 0xF0, 0x54, 0x00, 0x00, 0x00, 0xFF, 0xBE, 0xB7, 0x00, 0x00, 0x00, 0x00, 0xFF, 0xFC, 
0x67, 0x00, 0x00, 0x00, 0x00, 0xFF, 0xFE, 0x18, 0x00, 0x00, 0x00, 0x00, 0xFF, 0xC8, 0x00, 0x00, 
0x00, 0x00, 0x00, 0xFF, 0x8A, 0x00, 0x00, 0x00, 0x00, 0x00, 0xFF, 0x84, 0x00, 0x00, 0x00, 0x00, 
0x2B, 0xFF, 0x84, 0x00, 0x00, 0x00, 0x00, 0x7E, 0xFF, 0x84, 0x00, 0x00, 0x00, 0x00, 0xD1, 0xFF, 
0x84, 0x00, 0x00, 0x00, 0x23, 0xE5, 0xFF, 0x84, 0x00, 0x00, 0x00, 0x76, 0x96, 0xFF, 0x84, 0x00, 
0x00, 0x00, 0xCA, 0x46, 0x00, 0x00, 0x00, 0x00, 0x04, 0x7F, 0x06, 0x00, 0x00, 0x00, 0x00, 0x1F, 
0xB4, 0xF4, 0xF4, 0xBE, 0x2B, 0xC5, 0xE8, 0x63, 0x61, 0xAD, 0x17, 0xFC, 0x8D, 0x00, 0x00, 0x00, 
0x00, 0xD5, 0xDF, 0x23, 0x00, 0x00, 0x00, 0x37, 0xEA, 0xF6, 0x82, 0x08, 0x00, 0x00, 0x14, 0x96, 
0xFD, 0xCD, 0x0B, 0x00, 0x00, 0x00, 0x50, 0xFF, 0x68, 0x01, 0x00, 0x00, 0x0B, 0xFF, 0x80, 0xCB, 
0x71, 0x55, 0xA9, 0xFF, 0x46, 0xAF, 0xFF, 0xFF, 0xE7, 0x77, 0x00, 0x00, 0x7C, 0xEE, 0x0C, 0x00, 
0x00, 0x00, 0x24, 0xFF, 0x54, 0x00, 0x00, 0x00, 0x00, 0xD6, 0xD3, 0x5A, 0x36, 0x00, 0x00, 0x3B, 
0xDA, 0xFB, 0x72, 0xFF, 0xFF, 0xFF, 0xFF, 0xFF, 0x00, 0x50, 0x50, 0x50, 0xE4, 0xD5, 0x00, 0x00, 
0x00, 0x34, 0xFF, 0x60, 0x00, 0x00, 0x00, 0xA2, 0xE4, 0x05, 0x00, 0x00, 0x17, 0xFA, 0x73, 0x00, 
0x00, 0x00, 0x82, 0xEF, 0x0D, 0x00, 0x00, 0x07, 0xE9, 0x84, 0x00, 0x00, 0x00, 0x5E, 0xF7, 0x16, 
0x00, 0x00, 0x00, 0xCE, 0xB1, 0x03, 0x00, 0x00, 0x00, 0xFF, 0xFF, 0xBC, 0x02, 0x00, 0x00, 0x01, 
0x47, 0xFF, 0x3D, 0x00, 0x00, 0x00, 0x00, 0xD5, 0x7F, 0x00, 0x00, 0x00, 0x00, 0x8F, 0xEB, 0x5E, 
0x34, 0x00, 0x00, 0x16, 0xC8, 0xFB, 0x6C, 0x53, 0xCD, 0xF9, 0xF0, 0x99, 0x0A, 0x67, 0x9B, 0x58, 
0x81, 0xFD, 0x98, 0x00, 0x00, 0x00, 0x00, 0xA7, 0xED, 0x00, 0x00, 0x00, 0x00, 0x88, 0xFD, 0x00, 
0x00, 0x00, 0x00, 0xAF, 0xE0, 0x00, 0x00, 0x00, 0x1F, 0xF8, 0x98, 0x00, 0x00, 0x0C, 0xC6, 0xF2, 
0x1F, 0x00, 0x00, 0xD0, 0xF8, 0x48, 0x00, 0x00, 0x00, 0xFF, 0x89, 0x00, 0x00, 0x00, 0x00, 0xFF, 
0x84, 0x00, 0x00, 0x00, 0x00, 0xFF, 0x84, 0x00, 0x00, 0x00, 0x00, 0xFF, 0x84, 0x00, 0x00, 0x00, 
0x00, 0xFF, 0x84, 0x00, 0x00, 0x41, 0xC2, 0xF7, 0xF1, 0x9F, 0x0B, 0x61, 0xA4, 0x59, 0x84, 0xFE, 
0x99, 0x00, 0x00, 0x00, 0x00, 0xAB, 0xEC, 0x00, 0x00, 0x00, 0x00, 0x88, 0xFC, 0x00, 0x00, 0x00, 
0x00, 0xAB, 0xE3, 0x00, 0x00, 0x00, 0x24, 0xF8, 0x94, 0x00, 0x00, 0x20, 0xDA, 0xE3, 0x15, 0x00, 
0x00, 0xEE, 0xDC, 0x25, 0x00, 0x00, 0x00, 0xFF, 0x84, 0x00, 0x00, 0x00, 0x00, 0xFF, 0x84, 0x00, 
0x00, 0x00, 0xFF, 0xFF, 0xFF, 0xFB, 0xDA, 0x7B, 0x04, 0x00, 0xFF, 0xAB, 0x50, 0x58, 0xA2, 0xFF, 
0x89, 0x00, 0xFF, 0x84, 0x00, 0x00, 0x00, 0xB7, 0xE8, 0x00, 0xFF, 0x84, 0x00, 0x00, 0x00, 0x89, 
0xFC, 0x00, 0xFF, 0x84, 0x00, 0x00, 0x00, 0xA7, 0xDF, 0x00, 0xFF, 0x8C, 0x10, 0x17, 0x5D, 0xFA, 
0x77, 0x00, 0xFF, 0xFF, 0xFF, 0xFF, 0xFF, 0xA8, 0x01, 0x00, 0xFF, 0xA3, 0x40, 0x47, 0x92, 0xFF, 
0x7F, 0x10, 0xFF, 0x8C, 0x10, 0x10, 0x00, 0xB1, 0xE8, 0xFF, 0xFF, 0xFF, 0xFF, 0xFF, 0x00, 0x89, 
0xFE, 0x40, 0xFF, 0xA3, 0x40, 0x40, 0x00, 0xB7, 0xE1, 0x00, 0xFF, 0xAB, 0x50, 0x54, 0x95, 0xFF, 
0x7A, 0x00, 0xFF, 0xFF, 0xFF, 0xFF, 0xE2, 0x7C, 0x02, 0x00, 0x00, 0xFF, 0x84, 0x00, 0x00, 0x00, 
0x00, 0xFF, 0x84, 0x00, 0x00, 0x00, 0xFF, 0x84, 0x00, 0x00, 0x00, 0x00, 0xFF, 0x84, 0x00, 0x00, 
0x00, 0xFF, 0x84, 0x00, 0x00, 0x00, 0x00, 0xFF, 0x84, 0x00, 0x00, 0x00, 0xFF, 0x84, 0x00, 0x00, 
0x00, 0x00, 0xFF, 0x84, 0x00, 0x01, 0x08, 0xFF, 0x88, 0x08, 0x08, 0x08, 0x08, 0xFF, 0x88, 0x05, 
0x28, 0xFF, 0xFF, 0xFF, 0xFF, 0xFF, 0xFF, 0xFF, 0xFF, 0xFF, 0xA8, 0x09, 0x38, 0xFF, 0xA0, 0x38, 
0x38, 0x38, 0x38, 0xFF, 0xA0, 0x25, 0x00, 0x00, 0xFF, 0x84, 0x00, 0x00, 0x00, 0x00, 0xFF, 0x84, 
0x00, 0x00, 0x00, 0xFF, 0x84, 0x00, 0x00, 0x00, 0x00, 0xFF, 0x83, 0x00, 0x00, 0x00, 0xF3, 0x92, 
0x00, 0x00, 0x00, 0x0E, 0xFF, 0x77, 0x00, 0x00, 0x00, 0xC1, 0xD7, 0x03, 0x00, 0x00, 0x52, 0xFF, 
0x45, 0x00, 0x00, 0x00, 0x4F, 0xFF, 0xB3, 0x58, 0x6E, 0xEA, 0xCF, 0x03, 0x00, 0x00, 0x00, 0x00, 
0x5B, 0xD5, 0xFD, 0xF0, 0xA5, 0x18, 0x00, 0x00, 0x00, 0x00, 0x00, 0xB2, 0xFF, 0x42, 0x00, 0x00, 
0x00, 0x00, 0x00, 0x04, 0xF1, 0xFE, 0x86, 0x00, 0x00, 0x00, 0x00, 0x00, 0x3A, 0xFF, 0xC3, 0xCB, 
0x00, 0x00, 0x00, 0x00, 0x00, 0x7D, 0xEE, 0x62, 0xFE, 0x12, 0x00, 0x00, 0x00, 0x00, 0xC1, 0xB0, 
0x20, 0xFF, 0x55, 0x00, 0x00, 0x00, 0x0A, 0xFA, 0x72, 0x00, 0xE0, 0x98, 0x00, 0x00, 0x00, 0x47, 
0xFF, 0x34, 0x00, 0xA2, 0xDE, 0x00, 0x00, 0x00, 0x8C, 0xF3, 0x04, 0x00, 0x63, 0xFF, 0x22, 0x00, 
0x00, 0xD0, 0xBA, 0x00, 0x00, 0x24, 0xFF, 0x68, 0x00, 0x15, 0xFE, 0x7C, 0x00, 0x00, 0x00, 0xE4, 
0xAC, 0x00, 0x57, 0xFF, 0x3E, 0x00, 0x00, 0x00, 0xA4, 0xEE, 0x03, 0x9C, 0xF8, 0x08, 0x00, 0x00, 
0x00, 0x64, 0xFF, 0x35, 0xDE, 0xC3, 0x00, 0x00, 0x00, 0x00, 0x24, 0xFF, 0x7A, 0x00, 0x00, 0x00, 
0x00, 0xDF, 0x05, 0xFF, 0xFF, 0xFF, 0xFF, 0xFF, 0x80, 0xFF, 0xAB, 0x50, 0x77, 0xCA, 0x28, 0xFF, 
0x84, 0x00, 0x55, 0x8E, 0x00, 0xFF, 0x84, 0x00, 0x7B, 0x68, 0x00, 0xFF, 0x84, 0x00, 0xA1, 0x42, 
0x00, 0xFF, 0x8C, 0x10, 0xCB, 0x2C, 0x04, 0xFF, 0xFF, 0xFF, 0xFF, 0xFF, 0x40, 0xFF, 0xA3, 0x51, 
0xD8, 0x40, 0x10, 0xFF, 0x84, 0x39, 0xA9, 0x00, 0x00, 0xFF, 0x84, 0x5E, 0x82, 0x00, 0x00, 0xFF, 
0x84, 0x85, 0x5D, 0x00, 0x00, 0xFF, 0xAB, 0xC4, 0x7C, 0x50, 0x28, 0xFF, 0xFF, 0xFF, 0xFF, 0xFF, 
0x80, 0x00, 0x01, 0xDF, 0x00, 0x00, 0x00, 0x00, 0x0A, 0x67, 0x00, 0x00, 0x00, 0x00, 0x00, 0x00, 
0x00, 0x17, 0xDB, 0x00, 0x00, 0x00, 0x00, 0x00, 0x54, 0xA0, 0x00, 0x00, 0x00, 0x00, 0x00, 0x92, 
0x60, 0x00, 0x00, 0x00, 0x00, 0x00, 0xD0, 0x23, 0x00, 0x00, 0x5B, 0xDE, 0xFB, 0xFF, 0x26, 0x00, 
0x3C, 0xFE, 0x8E, 0x8E, 0xFF, 0xDC, 0x05, 0xAB, 0xC1, 0x00, 0x88, 0xAB, 0xFF, 0x4B, 0xE3, 0x8B, 
0x00, 0xC5, 0x35, 0xFF, 0x79, 0xFC, 0xFF, 0xFF, 0xFF, 0xFF, 0xFF, 0x84, 0xFC, 0x9F, 0x6A, 0xB9, 
0x30, 0x30, 0x19, 0xE1, 0xA1, 0x7E, 0x70, 0x00, 0x00, 0x00, 0xA4, 0xE9, 0xC6, 0x30, 0x00, 0x00, 
0x00, 0x2F, 0xF9, 0xFF, 0x5E, 0x62, 0xAF, 0x1E, 0x00, 0x65, 0xF9, 0xFC, 0xEC, 0xA9, 0x0D, 0x00, 
0x74, 0x76, 0x00, 0x00, 0x00, 0x00, 0x00, 0xB1, 0x38, 0x00, 0x00, 0x00, 0x00, 0x01, 0xE4, 0x05, 
0x00, 0x00, 0x00, 0x00, 0x0E, 0x66, 0x00, 0x00, 0x00, 0x00, 0x00, 0x00, 0x00, 0xFF, 0x84, 0x00, 
0x00, 0x00, 0xFF, 0x84, 0x00, 0x00, 0x00, 0xFF, 0x84, 0x00, 0x00, 0x00, 0xFF, 0x84, 0x00, 0x00, 
0x00, 0xFF, 0x84, 0x00, 0x00, 0x10, 0xFF, 0x8C, 0x10, 0x00, 0xFF, 0xFF, 0xFF, 0xFF, 0x00, 0x40, 
0xFF, 0xA3, 0x40, 0x00, 0x00, 0xFF, 0x84, 0x00, 0x00, 0x00, 0xFF, 0x84, 0x00, 0x00, 0x00, 0xFF, 
0x84, 0x00, 0x00, 0x00, 0xFF, 0x84, 0x00, 0x00, 0x00, 0xFF, 0x84, 0x00, 0x00, 0x0C, 0xFF, 0x7B, 
0x00, 0x1E, 0x67, 0xFF, 0x4E, 0x00, 0xFF, 0xFF, 0xC4, 0x05, 0x00, 0x2F, 0x35, 0x03, 0x00, 0x00, 
0x00, 0x00, 0xDA, 0x5F, 0x00, 0x00, 0x00, 0xE2, 0x6A, 0x00, 0x00, 0x00, 0x0A, 0x01, 0x00, 0x00, 
0x00, 0x00, 0x00, 0x00, 0x00, 0x00, 0xFF, 0x84, 0x00, 0x00, 0x00, 0xFF, 0x84, 0x00, 0x00, 0x00, 
0xFF, 0x84, 0x00, 0x00, 0x10, 0xFF, 0x8C, 0x10, 0x00, 0xFF, 0xFF, 0xFF, 0xFF, 0x00, 0x40, 0xFF, 
0xA3, 0x40, 0x00, 0x00, 0xFF, 0x84, 0x00, 0x00, 0x00, 0xFF, 0x84, 0x00, 0x00, 0x00, 0xFF, 0x84, 
0x00, 0x00, 0x00, 0xFF, 0x84, 0x00, 0x00, 0x00, 0xFF, 0x84, 0x00, 0x00, 0x06, 0xFF, 0x7F, 0x00, 
0x32, 0x7E, 0xFF, 0x57, 0x00, 0x71, 0xFB, 0xB4, 0x06, 0x00, 0x00, 0x0F, 0x9E, 0xF2, 0xF3, 0xAC, 
0x16, 0xD9, 0x84, 0x00, 0x00, 0x02, 0xBF, 0xF8, 0x7F, 0x56, 0x9D, 0xC3, 0xFC, 0x84, 0x00, 0x00, 
0x52, 0xFF, 0x64, 0x00, 0x00, 0x00, 0x9C, 0xFF, 0x84, 0x00, 0x00, 0xA8, 0xEA, 0x04, 0x00, 0x00, 
0x00, 0x3A, 0xFF, 0x84, 0x00, 0x00, 0xDB, 0xB0, 0x00, 0x00, 0x00, 0x00, 0x0E, 0xFF, 0x84, 0x00, 
0x00, 0xF6, 0x8F, 0x00, 0x00, 0x00, 0x00, 0x01, 0xFF, 0x84, 0x00, 0x00, 0xFF, 0x86, 0x00, 0x00, 
0x00, 0x00, 0x00, 0xFF, 0x84, 0x00, 0x00, 0xF5, 0x8F, 0x00, 0x00, 0x00, 0x00, 0x01, 0xFF, 0x84, 
0x00, 0x00, 0xD9, 0xAD, 0x00, 0x00, 0x00, 0x00, 0x10, 0xFF, 0x84, 0x00, 0x00, 0xA2, 0xE9, 0x03, 
0x00, 0x00, 0x00, 0x3C, 0xFF, 0x84, 0x00, 0x00, 0x49, 0xFF, 0x61, 0x00, 0x00, 0x00, 0xA1, 0xFF, 
0x84, 0x00, 0x00, 0x01, 0xB8, 0xF7, 0x7E, 0x56, 0xA0, 0xBA, 0xFE, 0x84, 0x00, 0x00, 0x00, 0x0D, 
0x9D, 0xF2, 0xF2, 0xA4, 0x11, 0xFF, 0x84, 0x00, 0x00, 0x00, 0x00, 0x00, 0x00, 0x00, 0x00, 0x00, 
0xFF, 0x84, 0x00, 0x00, 0x00, 0x00, 0x00, 0x00, 0x00, 0x00, 0x00, 0xFD, 0x8B, 0x00, 0x00, 0x00, 
0x00, 0x00, 0x00, 0x00, 0x00, 0x00, 0xD6, 0xE0, 0x59, 0x2A, 0x00, 0x00, 0x00, 0x00, 0x00, 0x00, 
0x00, 0x42, 0xDF, 0xF9, 0x5A, 0x00, 0x6B, 0xE9, 0xF6, 0x98, 0x5C, 0xFF, 0x00, 0x00, 0x44, 0xFF, 
0xAA, 0x58, 0xAC, 0xE0, 0xFF, 0x00, 0x00, 0xAE, 0xE3, 0x05, 0x00, 0x04, 0xDF, 0xFF, 0x00, 0x00, 
0xE4, 0xA3, 0x00, 0x00, 0x00, 0xA1, 0xFF, 0x00, 0x00, 0xFC, 0x88, 0x00, 0x00, 0x00, 0x88, 0xFF, 
0x00, 0x00, 0xFD, 0x88, 0x00, 0x00, 0x00, 0x85, 0xFF, 0x00, 0x00, 0xE8, 0x9E, 0x00, 0x00, 0x00, 
0x99, 0xFF, 0x00, 0x00, 0xB5, 0xDF, 0x03, 0x00, 0x02, 0xD9, 0xFF, 0x00, 0x00, 0x4E, 0xFF, 0xA9, 
0x58, 0xA6, 0xE0, 0xFF, 0x00, 0x00, 0x00, 0x75, 0xEC, 0xF5, 0x8E, 0x85, 0xFF, 0x00, 0x00, 0x00, 
0x00, 0x00, 0x00, 0x00, 0x84, 0xFF, 0x00, 0x00, 0x00, 0x00, 0x00, 0x00, 0x00, 0x81, 0xFF, 0x07, 
0x00, 0x00, 0x00, 0x00, 0x00, 0x00, 0x5D, 0xFF, 0x83, 0x33, 0x00, 0x00, 0x00, 0x00, 0x00, 0x0A, 
0xBE, 0xFB, 0x71, 0x00, 0x00, 0xFF, 0xFF, 0xFF, 0xF0, 0xB5, 0x31, 0x00, 0x00, 0x00, 0x00, 0xFF, 
0xAB, 0x51, 0x6B, 0xDA, 0xF0, 0x18, 0x00, 0x00, 0x00, 0xFF, 0x84, 0x00, 0x00, 0x2D, 0xFF, 0x69, 
0x00, 0x00, 0x00, 0xFF, 0x84, 0x00, 0x00, 0x03, 0xFF, 0x80, 0x00, 0x00, 0x00, 0xFF, 0x84, 0x00, 
0x00, 0x26, 0xFF, 0x66, 0x00, 0x04, 0x10, 0xFF, 0x8C, 0x11, 0x2C, 0xBD, 0xF0, 0x16, 0x00, 0x44, 
0xFF, 0xFF, 0xFF, 0xFF, 0xFF, 0xDD, 0x36, 0x00, 0x00, 0x11, 0x40, 0xFF, 0xA3, 0x40, 0xD0, 0xCE, 
0x00, 0x00, 0x00, 0x00, 0x00, 0xFF, 0x84, 0x00, 0x61, 0xFF, 0x3E, 0x00, 0x00, 0x00, 0x00, 0xFF, 
0x84, 0x00, 0x08, 0xEC, 0xB2, 0x00, 0x00, 0x00, 0x00, 0xFF, 0x84, 0x00, 0x00, 0x87, 0xFE, 0x24, 
0x00, 0x00, 0x00, 0xFF, 0x84, 0x00, 0x00, 0x1E, 0xFD, 0x93, 0x00, 0x00, 0x00, 0xFF, 0x84, 0x00, 
0x00, 0x00, 0xAF, 0xF3, 0x0F, 0x00, 0x00, 0xFF, 0x43, 0x9E, 0xF9, 0x60, 0x00, 0x00, 0xFF, 0xCA, 
0xBF, 0x58, 0x1F, 0x00, 0x00, 0xFF, 0xF0, 0x0F, 0x00, 0x00, 0x00, 0x00, 0xFF, 0xA7, 0x00, 0x00, 
0x00, 0x1C, 0xFF, 0xFF, 0xFF, 0xFF, 0x88, 0x00, 0x05, 0x30, 0xFF, 0x9C, 0x30, 0x1A, 0x00, 0x00, 
0x00, 0xFF, 0x84, 0x00, 0x00, 0x00, 0x00, 0x00, 0xFF, 0x84, 0x00, 0x00, 0x00, 0x00, 0x00, 0xFF, 
0x84, 0x00, 0x00, 0x00, 0x00, 0x00, 0xFF, 0x84, 0x00, 0x00, 0x00, 0x04, 0xE5, 0xB8, 0x00, 0x00, 
0x00, 0x08, 0xF0, 0xD8, 0x02, 0x00, 0x83, 0xFD, 0x1B, 0x00, 0x00, 0x59, 0xFF, 0x64, 0x00, 0x00, 
0xF8, 0xFF, 0xFA, 0xF4, 0xF4, 0xFD, 0xFF, 0xF7, 0x00, 0x00, 0x24, 0xC0, 0xE4, 0x24, 0x42, 0xFF, 
0x88, 0x24, 0x00, 0x00, 0x00, 0x53, 0xFF, 0x38, 0x7C, 0xF3, 0x10, 0x00, 0x00, 0x00, 0x00, 0x05, 
0xE8, 0x98, 0xDE, 0x8D, 0x00, 0x00, 0x00, 0x00, 0x00, 0x00, 0x86, 0xFB, 0xFB, 0x1B, 0x00, 0x00, 
0x00, 0x00, 0x00, 0x00, 0x22, 0xFF, 0xA5, 0x00, 0x00, 0x00, 0x00, 0x00, 0x00, 0x00, 0x00, 0xFF, 
0x84, 0x00, 0x00, 0x00, 0x00, 0x00, 0x00, 0x00, 0x00, 0xFF, 0x84, 0x00, 0x00, 0x00, 0x00, 0x00, 
0x00, 0x00, 0x00, 0xFF, 0x84, 0x00, 0x00, 0x00, 0x00, 0x00, 0x00, 0x00, 0x00, 0xFF, 0x84, 0x00, 
0x00, 0x00, 0x00, 0x00, 0x00, 0x00, 0x00, 0xFF, 0x84, 0x00, 0x00, 0x00, 0x00, 0x02, 0xE8, 0xAA, 
0x00, 0x00, 0x00, 0xA1, 0xE9, 0x02, 0x00, 0x9F, 0xEC, 0x02, 0x00, 0x00, 0xE4, 0xA2, 0x00, 0x00, 
0x52, 0xFF, 0x32, 0x00, 0x29, 0xFF, 0x58, 0x00, 0x00, 0xF1, 0xFF, 0xF6, 0xEC, 0xF5, 0xFF, 0xF1, 
0x00, 0x00, 0x1C, 0xC1, 0xC9, 0x1C, 0xBB, 0xCC, 0x1C, 0x00, 0x00, 0x00, 0x6D, 0xF7, 0x0B, 0xEE, 
0x7C, 0x00, 0x00, 0x00, 0x00, 0x21, 0xFF, 0x74, 0xFF, 0x32, 0x00, 0x00, 0x00, 0x00, 0x00, 0xD5, 
0xDB, 0xE7, 0x01, 0x00, 0x00, 0x00, 0x00, 0x00, 0x88, 0xFF, 0x9E, 0x00, 0x00, 0x00, 0x00, 0x00, 
0x00, 0x48, 0xFF, 0x55, 0x00, 0x00, 0x00, 0x00, 0x00, 0x00, 0x71, 0xFC, 0x10, 0x00, 0x00, 0x00, 
0x00, 0x00, 0x00, 0xC6, 0xBD, 0x00, 0x00, 0x00, 0x00, 0x00, 0x59, 0x8B, 0xFF, 0x4E, 0x00, 0x00, 
0x00, 0x00, 0x00, 0xF2, 0xF2, 0x7D, 0x00, 0x00, 0x00, 0x00, 0x00, 0xFF, 0x84, 0x00, 0x00, 0x00, 
0xFF, 0x84, 0x00, 0x00, 0x00, 0xFF, 0x84, 0x00, 0x00, 0x00, 0xFF, 0x84, 0x00, 0x00, 0x00, 0xFF, 
0x84, 0x00, 0x00, 0x00, 0xFF, 0x8C, 0x10, 0x10, 0x0B, 0xFF, 0xFF, 0xFF, 0xFF, 0xB4, 0xFF, 0xA3, 
0x40, 0x40, 0x2D, 0xFF, 0x84, 0x00, 0x00, 0x00, 0xFF, 0x84, 0x00, 0x00, 0x00, 0xFF, 0x84, 0x00, 
0x00, 0x00, 0xFF, 0x84, 0x00, 0x00, 0x00, 0xFF, 0x84, 0x00, 0x00, 0x00, 0xFF, 0x84, 0x00, 0x00, 
0xFF, 0x84, 0x00, 0x00, 0xFF, 0x84, 0x00, 0x00, 0xFF, 0x8C, 0x10, 0x10, 0xFF, 0xFF, 0xFF, 0xF8, 
0xFF, 0xA3, 0x40, 0x3E, 0xFF, 0x84, 0x00, 0x00, 0xFF, 0x84, 0x00, 0x00, 0xFF, 0x84, 0x00, 0x00, 
0xFF, 0x84, 0x00, 0x00, 0xFF, 0xFF, 0xFF, 0xFF, 0xFF, 0xFF, 0xFF, 0xFF, 0xFF, 0xAB, 0x50, 0xFF, 
0xAB, 0x50, 0xAB, 0xFF, 0xFF, 0x84, 0x00, 0xFF, 0x84, 0x00, 0x84, 0xFF, 0xFF, 0x84, 0x00, 0xFF, 
0x84, 0x00, 0x84, 0xFF, 0xE8, 0x78, 0x00, 0xFF, 0x84, 0x00, 0x78, 0xE8, 0x00, 0x00, 0x00, 0xFF, 
0x84, 0x00, 0x00, 0x00, 0x00, 0x00, 0x00, 0xFF, 0x84, 0x00, 0x00, 0x00, 0x00, 0x00, 0x00, 0xFF, 
0x84, 0x00, 0x00, 0x00, 0x00, 0x00, 0x00, 0xFF, 0x84, 0x00, 0x00, 0x00, 0x00, 0x00, 0x00, 0xFF, 
0x84, 0x00, 0x00, 0x00, 0x00, 0x00, 0x00, 0xFF, 0x84, 0x00, 0x00, 0x00, 0x00, 0x00, 0x00, 0xFF, 
0x84, 0x00, 0x00, 0x00, 0x00, 0x00, 0x00, 0xFF, 0x84, 0x00, 0x00, 0x00, 0xFF, 0xFF, 0xFF, 0xFF, 
0xFF, 0xFF, 0xFF, 0x84, 0xFF, 0xAB, 0x50, 0xFF, 0xAB, 0x50, 0xFF, 0x84, 0xFF, 0x84, 0x00, 0xFF, 
0x84, 0x00, 0xFF, 0x84, 0xFF, 0x84, 0x00, 0xFF, 0x84, 0x00, 0xFF, 0x84, 0x88, 0x46, 0x00, 0xFF, 
0x84, 0x00, 0x88, 0x46, 0x00, 0x00, 0x00, 0xFF, 0x84, 0x00, 0x00, 0x00, 0x00, 0x00, 0x00, 0xFF, 
0x84, 0x00, 0x00, 0x00, 0x00, 0x00, 0x00, 0xFF, 0x84, 0x00, 0x00, 0x00, 0x00, 0x00, 0x00, 0xFF, 
0x84, 0x00, 0x00, 0x00, 0x00, 0x00, 0x00, 0xFF, 0x84, 0x00, 0x00, 0x00, 0x00, 0x00, 0x00, 0xFF, 
0x84, 0x00, 0x00, 0x00, 0x00, 0x00, 0x00, 0xFF, 0x84, 0x00, 0x00, 0x00, 0x00, 0x00, 0x00, 0xFF, 
0x84, 0x00, 0x00, 0x00, 0x00, 0x00, 0x00, 0xFF, 0x84, 0x00, 0x00, 0x00, 0x00, 0x9A, 0xEC, 0x0A, 
0x0C, 0xF1, 0x66, 0x00, 0x6C, 0xB0, 0x01, 0x00, 0x00, 0x2C, 0xE3, 0x0C, 0x04, 0xD0, 0x92, 0x00, 
0x64, 0xFF, 0x2F, 0x00, 0xFF, 0x84, 0x00, 0x00, 0x00, 0x1B, 0xFC, 0xFF, 0xFF, 0x84, 0x00, 0x00, 
0x00, 0x86, 0xFF, 0xFF, 0xFF, 0x84, 0x00, 0x00, 0x08, 0xEC, 0xE3, 0xFF, 0xFF, 0x84, 0x00, 0x00, 
0x62, 0xF5, 0x92, 0xFF, 0xFF, 0x84, 0x00, 0x00, 0xD1, 0x96, 0x84, 0xFF, 0xFF, 0x84, 0x00, 0x40, 
0xFF, 0x28, 0x84, 0xFF, 0xFF, 0x84, 0x00, 0xAF, 0xB7, 0x00, 0x84, 0xFF, 0xFF, 0x84, 0x21, 0xFD, 
0x47, 0x00, 0x84, 0xFF, 0xFF, 0x84, 0x8C, 0xD8, 0x01, 0x00, 0x84, 0xFF, 0xFF, 0x8F, 0xEF, 0x6A, 
0x00, 0x00, 0x84, 0xFF, 0xFF, 0xE8, 0xEF, 0x0B, 0x00, 0x00, 0x84, 0xFF, 0xFF, 0xFF, 0x8B, 0x00, 
0x00, 0x00, 0x84, 0xFF, 0xFF, 0xFC, 0x1F, 0x00, 0x00, 0x00, 0x84, 0xFF, 0xFF, 0x84, 0x00, 0x00, 
0x82, 0xFF, 0x84, 0xFF, 0x84, 0x00, 0x04, 0xE4, 0xFF, 0x84, 0xFF, 0x84, 0x00, 0x4E, 0xCE, 0xFF, 
0x84, 0xFF, 0x84, 0x00, 0xB3, 0x69, 0xFF, 0x84, 0xFF, 0x84, 0x1C, 0xF2, 0x0E, 0xFF, 0x84, 0xFF, 
0x84, 0x7E, 0x9E, 0x00, 0xFF, 0x84, 0xFF, 0x87, 0xE2, 0x38, 0x00, 0xFF, 0x84, 0xFF, 0xCE, 0xD3, 
0x00, 0x00, 0xFF, 0x84, 0xFF, 0xFF, 0x6D, 0x00, 0x00, 0xFF, 0x84, 0xFF, 0xF6, 0x10, 0x00, 0x00, 
0xFF, 0x84, 0xDC, 0x71, 0x00, 0xFF, 0xAA, 0x24, 0xB6, 0xFF, 0xA7, 0x02, 0x1D, 0x07, 0x02, 0xB9, 
0xF4, 0xF8, 0xB6, 0x1E, 0x00, 0x00, 0x77, 0x5C, 0x70, 0xF1, 0xCF, 0x02, 0x00, 0x00, 0x00, 0x00, 
0x69, 0xFF, 0x3C, 0x00, 0x00, 0x00, 0x00, 0x1E, 0xFF, 0x6E, 0x00, 0x00, 0x00, 0x00, 0x04, 0xFF, 
0x82, 0x00, 0x00, 0x00, 0x00, 0x05, 0xFF, 0x7D, 0x00, 0x00, 0x00, 0x00, 0x24, 0xFF, 0x61, 0x00, 
0x00, 0x00, 0x00, 0x73, 0xFE, 0x20, 0x00, 0x97, 0x58, 0x70, 0xF4, 0xA2, 0x00, 0x00, 0xBE, 0xF8, 
0xEF, 0x95, 0x09, 0x00, 0x00, 0x4B, 0xD4, 0xFC, 0xE8, 0x58, 0x32, 0xFB, 0xAE, 0x57, 0x89, 0x1A, 
0xA4, 0xE3, 0x05, 0x00, 0x00, 0x00, 0xE1, 0xA1, 0x00, 0x0B, 0x01, 0x00, 0xFB, 0x88, 0x00, 0xE8, 
0x69, 0x00, 0xFC, 0x88, 0x00, 0xD7, 0x5D, 0x00, 0xE7, 0xA4, 0x00, 0x00, 0x00, 0x00, 0xAD, 0xE8, 
0x08, 0x00, 0x00, 0x00, 0x3E, 0xFE, 0xB6, 0x56, 0x6E, 0x56, 0x00, 0x58, 0xDA, 0xFE, 0xDE, 0x4E, 
0x02, 0xB8, 0xF4, 0xF8, 0xB6, 0x1E, 0x00, 0x00, 0x79, 0x5D, 0x70, 0xF0, 0xCF, 0x02, 0x00, 0x00, 
0x00, 0x00, 0x69, 0xFF, 0x3C, 0x00, 0x00, 0x0B, 0x01, 0x1E, 0xFF, 0x6E, 0x00, 0x00, 0xE8, 0x6A, 
0x04, 0xFF, 0x82, 0x00, 0x00, 0xD7, 0x5F, 0x05, 0xFF, 0x7D, 0x00, 0x00, 0x00, 0x00, 0x24, 0xFF, 
0x61, 0x00, 0x00, 0x00, 0x00, 0x73, 0xFE, 0x20, 0x00, 0x94, 0x58, 0x70, 0xF4, 0xA2, 0x00, 0x00, 
0xBE, 0xF8, 0xEF, 0x95, 0x09, 0x00, 0x00, 0xD9, 0x61, 0x00, 0xEC, 0x70, 0x00, 0x15, 0x03, 0x00, 
0x00, 0x00, 0x00, 0x00, 0x00, 0x00, 0x00, 0x00, 0x00, 0x00, 0x00, 0x00, 0xCF, 0x7D, 0x00, 0xEC, 
0x52, 0x0D, 0xFF, 0x1D, 0x34, 0xE4, 0x00, 0x62, 0xA2, 0x00, 0x00, 0x00, 0x00, 0xFF, 0x84, 0x00, 
0x00, 0x00, 0xFF, 0x84, 0x00, 0x00, 0x00, 0xFF, 0x84, 0x00, 0x00, 0x00, 0xFF, 0x84, 0x00, 0x00, 
0x00, 0xFF, 0x84, 0x00, 0x00, 0x00, 0xFF, 0x84, 0x00, 0x00, 0x00, 0xFF, 0x84, 0x00, 0x00, 0x00, 
0xFF, 0x84, 0x00, 0x00, 0x00, 0xFF, 0x84, 0x00, 0x00, 0x00, 0xFF, 0x84, 0x00, 0x00, 0x00, 0xFF, 
0x84, 0x00, 0x00, 0x00, 0xFF, 0x84, 0x00, 0x00, 0x00, 0xFF, 0x84, 0x00, 0x00, 0x0E, 0xFF, 0x79, 
0x17, 0x16, 0x7D, 0xFF, 0x45, 0x80, 0xFF, 0xFF, 0xAC, 0x01, 0x10, 0x3C, 0x28, 0x00, 0x00, 0x5D, 
0xFE, 0x20, 0x9C, 0xAF, 0x00, 0xDE, 0x30, 0x00, 0x00, 0x00, 0x7F, 0xAB, 0x00, 0x00, 0x00, 0xBE, 
0x6B, 0x00, 0x06, 0x04, 0xD8, 0x0A, 0x06, 0xE9, 0x6D, 0x00, 0x6C, 0xE8, 0x2B, 0x0D, 0x00, 0x0C, 
0x29, 0x00, 0x8E, 0xEC, 0x04, 0x00, 0x00, 0x00, 0x00, 0x00, 0x00, 0x00, 0xCC, 0x83, 0x00, 0x7F, 
0xFF, 0x7F, 0x00, 0x00, 0x00, 0x15, 0xEB, 0x12, 0x00, 0xC5, 0xE3, 0xC5, 0x00, 0x00, 0x00, 0x00, 
0x00, 0x00, 0x0F, 0xFC, 0x8A, 0xFC, 0x0F, 0x00, 0x00, 0x00, 0x00, 0x00, 0x4F, 0xFF, 0x28, 0xFF, 
0x52, 0x00, 0x00, 0x00, 0x00, 0x00, 0x95, 0xD8, 0x00, 0xDC, 0x97, 0x00, 0x00, 0x00, 0x00, 0x00, 
0xDB, 0xA0, 0x00, 0xA2, 0xDE, 0x00, 0x00, 0x00, 0x00, 0x20, 0xFF, 0x66, 0x00, 0x68, 0xFF, 0x23, 
0x00, 0x00, 0x00, 0x66, 0xFF, 0x4B, 0x20, 0x4B, 0xFF, 0x6A, 0x00, 0x00, 0x00, 0xAB, 0xFF, 0xFF, 
0xFF, 0xFF, 0xFF, 0xB0, 0x00, 0x00, 0x03, 0xEE, 0xC5, 0x50, 0x50, 0x50, 0xC3, 0xF1, 0x04, 0x00, 
0x35, 0xFF, 0x70, 0x00, 0x00, 0x00, 0x6A, 0xFF, 0x3D, 0x00, 0x7B, 0xFF, 0x2A, 0x00, 0x00, 0x00, 
0x22, 0xFF, 0x82, 0x00, 0xC2, 0xE3, 0x00, 0x00, 0x00, 0x00, 0x00, 0xD8, 0xC9, 0xD9, 0x5F, 0xED, 
0x71, 0x15, 0x03, 0x00, 0x7C, 0xF9, 0x10, 0x00, 0x00, 0x00, 0x00, 0x00, 0x00, 0x00, 0xB7, 0x9B, 
0x00, 0xFF, 0xFF, 0xFF, 0xFF, 0xFF, 0x84, 0x07, 0xE9, 0x1E, 0x00, 0xFF, 0xAB, 0x50, 0x50, 0x50, 
0x29, 0x00, 0x00, 0x00, 0x00, 0xFF, 0x84, 0x00, 0x00, 0x00, 0x00, 0x00, 0x00, 0x00, 0x00, 0xFF, 
0x84, 0x00, 0x00, 0x00, 0x00, 0x00, 0x00, 0x00, 0x00, 0xFF, 0x84, 0x00, 0x00, 0x00, 0x00, 0x00, 
0x00, 0x00, 0x00, 0xFF, 0x8C, 0x10, 0x10, 0x10, 0x04, 0x00, 0x00, 0x00, 0x00, 0xFF, 0xFF, 0xFF, 
0xFF, 0xFF, 0x44, 0x00, 0x00, 0x00, 0x00, 0xFF, 0xA3, 0x40, 0x40, 0x40, 0x11, 0x00, 0x00, 0x00, 
0x00, 0xFF, 0x84, 0x00, 0x00, 0x00, 0x00, 0x00, 0x00, 0x00, 0x00, 0xFF, 0x84, 0x00, 0x00, 0x00, 
0x00, 0x00, 0x00, 0x00, 0x00, 0xFF, 0x84, 0x00, 0x00, 0x00, 0x00, 0x00, 0x00, 0x00, 0x00, 0xFF, 
0xAB, 0x50, 0x50, 0x50, 0x29, 0x00, 0x00, 0x00, 0x00, 0xFF, 0xFF, 0xFF, 0xFF, 0xFF, 0x84, 0x00, 
0x81, 0xF8, 0x0E, 0x00, 0x00, 0x00, 0x00, 0x00, 0x00, 0x00, 0x00, 0x00, 0xBC, 0x98, 0x00, 0xFF, 
0x84, 0x00, 0x00, 0x00, 0x00, 0xFF, 0x84, 0x0B, 0xEA, 0x1C, 0x00, 0xFF, 0x84, 0x00, 0x00, 0x00, 
0x00, 0xFF, 0x84, 0x00, 0x00, 0x00, 0x00, 0xFF, 0x84, 0x00, 0x00, 0x00, 0x00, 0xFF, 0x84, 0x00, 
0x00, 0x00, 0x00, 0xFF, 0x84, 0x00, 0x00, 0x00, 0x00, 0xFF, 0x84, 0x00, 0x00, 0x00, 0x00, 0xFF, 
0x84, 0x00, 0x00, 0x00, 0x00, 0xFF, 0x84, 0x00, 0x00, 0x00, 0x00, 0xFF, 0x8C, 0x10, 0x10, 0x10, 
0x10, 0xFF, 0x84, 0x00, 0x00, 0x00, 0x00, 0xFF, 0xFF, 0xFF, 0xFF, 0xFF, 0xFF, 0xFF, 0x84, 0x00, 
0x00, 0x00, 0x00, 0xFF, 0xA3, 0x40, 0x40, 0x40, 0x40, 0xFF, 0x84, 0x00, 0x00, 0x00, 0x00, 0xFF, 
0x84, 0x00, 0x00, 0x00, 0x00, 0xFF, 0x84, 0x00, 0x00, 0x00, 0x00, 0xFF, 0x84, 0x00, 0x00, 0x00, 
0x00, 0xFF, 0x84, 0x00, 0x00, 0x00, 0x00, 0xFF, 0x84, 0x00, 0x00, 0x00, 0x00, 0xFF, 0x84, 0x00, 
0x00, 0x00, 0x00, 0xFF, 0x84, 0x00, 0x00, 0x00, 0x00, 0xFF, 0x84, 0x00, 0x00, 0x00, 0x00, 0xFF, 
0x84, 0x00, 0x00, 0x00, 0x00, 0xFF, 0x84, 0x51, 0xFF, 0x36, 0x00, 0x00, 0x00, 0x00, 0x8C, 0xC6, 
0x00, 0xC9, 0xFF, 0xEF, 0xBD, 0xD1, 0x3F, 0x00, 0x00, 0xFF, 0x84, 0x00, 0x00, 0x00, 0x00, 0x00, 
0xFF, 0x84, 0x00, 0x00, 0x00, 0x00, 0x00, 0xFF, 0x84, 0x00, 0x00, 0x00, 0x00, 0x00, 0xFF, 0x84, 
0x00, 0x00, 0x00, 0x00, 0x00, 0xFF, 0x84, 0x00, 0x00, 0x00, 0x00, 0x00, 0xFF, 0x84, 0x00, 0x00, 
0x00, 0x00, 0x00, 0xFF, 0x84, 0x00, 0x00, 0x00, 0x00, 0x00, 0xFF, 0x84, 0x00, 0x00, 0x00, 0x00, 
0x00, 0xFF, 0x84, 0x00, 0x00, 0x00, 0x00, 0x00, 0xFF, 0x84, 0x00, 0x00, 0x00, 0x00, 0x21, 0xFF, 
0xA2, 0x13, 0x00, 0x00, 0x00, 0xFF, 0xFF, 0xFF, 0xFF, 0x49, 0xFF, 0x41, 0x00, 0x00, 0x00, 0x00, 
0x00, 0x00, 0x00, 0x00, 0x82, 0xD5, 0x02, 0x0A, 0x8B, 0xE3, 0xFA, 0xE2, 0x83, 0x06, 0x00, 0xC7, 
0x47, 0x02, 0xBC, 0xF9, 0x88, 0x54, 0x80, 0xF6, 0xA8, 0x00, 0x00, 0x00, 0x54, 0xFF, 0x5F, 0x00, 
0x00, 0x00, 0x54, 0xFF, 0x41, 0x00, 0x00, 0xAB, 0xE4, 0x02, 0x00, 0x00, 0x00, 0x01, 0xE3, 0x9E, 
0x00, 0x00, 0xDC, 0xAB, 0x00, 0x00, 0x00, 0x00, 0x00, 0xA9, 0xD5, 0x00, 0x00, 0xF7, 0x8E, 0x00, 
0x00, 0x00, 0x00, 0x00, 0x8E, 0xF5, 0x00, 0x00, 0xFE, 0x86, 0x00, 0x00, 0x00, 0x00, 0x00, 0x85, 
0xFE, 0x00, 0x00, 0xF3, 0x8E, 0x00, 0x00, 0x00, 0x00, 0x00, 0x8E, 0xF5, 0x00, 0x00, 0xD5, 0xAC, 
0x00, 0x00, 0x00, 0x00, 0x00, 0xAB, 0xD7, 0x00, 0x00, 0xA3, 0xE7, 0x02, 0x00, 0x00, 0x00, 0x01, 
0xE4, 0x9F, 0x00, 0x00, 0x45, 0xFF, 0x64, 0x00, 0x00, 0x00, 0x5A, 0xFF, 0x42, 0x00, 0x00, 0x00, 
0xA9, 0xFA, 0x8A, 0x55, 0x82, 0xF7, 0xA7, 0x00, 0x00, 0x00, 0x00, 0x05, 0x7F, 0xE1, 0xFE, 0xE3, 
0x7F, 0x05, 0x00, 0x38, 0xFF, 0x4E, 0x00, 0x00, 0x00, 0x00, 0x00, 0x00, 0x00, 0x00, 0x74, 0xDC, 
0x06, 0xE2, 0xBA, 0x00, 0x00, 0x00, 0x2E, 0xFF, 0x6C, 0xBA, 0x57, 0x00, 0x7C, 0xFD, 0x18, 0x00, 
0x00, 0x8A, 0xF4, 0x0E, 0x00, 0x00, 0x00, 0x1A, 0xFC, 0x71, 0x00, 0x02, 0xE4, 0x9A, 0x00, 0x00, 
0x00, 0x00, 0x00, 0xAD, 0xCB, 0x00, 0x42, 0xFF, 0x31, 0x00, 0x00, 0x00, 0x00, 0x00, 0x46, 0xFF, 
0x27, 0x9E, 0xC7, 0x00, 0x00, 0x00, 0x00, 0x00, 0x00, 0x02, 0xDD, 0x8B, 0xF2, 0x60, 0x00, 0x00, 
0x00, 0x00, 0x00, 0x00, 0x00, 0x76, 0xFC, 0xEE, 0x08, 0x00, 0x00, 0x00, 0x00, 0x00, 0x00, 0x00, 
0x15, 0xFF, 0x96, 0x00, 0x00, 0x00, 0x00, 0x00, 0x00, 0x00, 0x00, 0x00, 0xFF, 0x84, 0x00, 0x00, 
0x00, 0x00, 0x00, 0x00, 0x00, 0x00, 0x00, 0xFF, 0x84, 0x00, 0x00, 0x00, 0x00, 0x00, 0x00, 0x00, 
0x00, 0x00, 0xFF, 0x84, 0x00, 0x00, 0x00, 0x00, 0x00, 0x00, 0x00, 0x00, 0x00, 0xFF, 0x84, 0x00, 
0x00, 0x00, 0x00, 0x00, 0x00, 0x00, 0x00, 0x00, 0xFF, 0x84, 0x00, 0x00, 0x00, 0x01, 0xED, 0xA9, 
0x00, 0x00, 0x00, 0x00, 0x00, 0x00, 0x00, 0x00, 0x00, 0x29, 0xFF, 0x3D, 0x00, 0x46, 0xC3, 0xF5, 
0xF9, 0xC7, 0x4F, 0x00, 0x00, 0x6E, 0xA7, 0x00, 0x55, 0xFE, 0xBC, 0x5F, 0x5F, 0xBD, 0xFF, 0x5B, 
0x00, 0x00, 0x00, 0x05, 0xE7, 0xBB, 0x02, 0x00, 0x00, 0x02, 0xBF, 0xEA, 0x06, 0x00, 0x00, 0x42, 
0xFF, 0x4A, 0x00, 0x00, 0x00, 0x00, 0x4D, 0xFF, 0x43, 0x00, 0x00, 0x70, 0xFF, 0x16, 0x00, 0x00, 
0x00, 0x00, 0x17, 0xFF, 0x70, 0x00, 0x00, 0x81, 0xFF, 0x02, 0x00, 0x00, 0x00, 0x00, 0x03, 0xFF, 
0x81, 0x00, 0x00, 0x7C, 0xFF, 0x07, 0x00, 0x00, 0x00, 0x00, 0x07, 0xFF, 0x7D, 0x00, 0x00, 0x64, 
0xFF, 0x1B, 0x00, 0x00, 0x00, 0x00, 0x1C, 0xFF, 0x67, 0x00, 0x00, 0x34, 0xFF, 0x42, 0x00, 0x00, 
0x00, 0x00, 0x45, 0xFF, 0x35, 0x00, 0x00, 0x02, 0xE3, 0x8B, 0x00, 0x00, 0x00, 0x00, 0x8D, 0xE4, 
0x02, 0x00, 0x00, 0x00, 0x68, 0xEF, 0x16, 0x00, 0x00, 0x11, 0xEE, 0x6A, 0x00, 0x00, 0x00, 0x50, 
0x52, 0xE2, 0xB5, 0x00, 0x00, 0xB0, 0xDE, 0x52, 0x50, 0x00, 0x00, 0xFF, 0xFF, 0xFF, 0xFF, 0x00, 
0x00, 0xFF, 0xFF, 0xFF, 0xFF, 0x00, 0x00, 0x59, 0xFF, 0x35, 0x00, 0x00, 0x00, 0x8A, 0xBA, 0x00, 
0x00, 0xE0, 0x67, 0xA4, 0x2B, 0xE2, 0x5F, 0x38, 0x15, 0x00, 0x00, 0x37, 0x11, 0x00, 0x00, 0x00, 
0x00, 0x00, 0x00, 0x00, 0x00, 0xFF, 0x84, 0x00, 0x00, 0x00, 0x00, 0xFF, 0x84, 0x00, 0x00, 0x00, 
0x00, 0xFF, 0x84, 0x00, 0x00, 0x00, 0x00, 0xFF, 0x84, 0x00, 0x00, 0x00, 0x00, 0xFF, 0x84, 0x00, 
0x00, 0x00, 0x00, 0xFF, 0x84, 0x00, 0x00, 0x00, 0x00, 0xFF, 0x84, 0x00, 0x00, 0x00, 0x00, 0xFD, 
0x88, 0x00, 0x00, 0x00, 0x00, 0xDD, 0xD8, 0x5F, 0x3A, 0x00, 0x00, 0x53, 0xEB, 0xF6, 0x63, 0x00, 
0x00, 0x00, 0x9C, 0xFF, 0x63, 0x00, 0x00, 0x00, 0x00, 0x00, 0x00, 0xE1, 0xF7, 0xA9, 0x00, 0x00, 
0x00, 0x00, 0x00, 0x26, 0xFF, 0xAA, 0xED, 0x02, 0x00, 0x00, 0x00, 0x00, 0x6B, 0xFB, 0x4A, 0xFF, 
0x35, 0x00, 0x00, 0x00, 0x00, 0xB1, 0xCA, 0x0A, 0xFA, 0x7B, 0x00, 0x00, 0x00, 0x04, 0xF1, 0x8C, 
0x00, 0xC6, 0xC2, 0x00, 0x00, 0x00, 0x3D, 0xFF, 0x50, 0x00, 0x89, 0xFA, 0x0D, 0x00, 0x00, 0x82, 
0xFF, 0x34, 0x20, 0x66, 0xFF, 0x4E, 0x00, 0x00, 0xC6, 0xFF, 0xFF, 0xFF, 0xFF, 0xFF, 0x94, 0x00, 
0x10, 0xFD, 0xB2, 0x50, 0x50, 0x50, 0xD6, 0xDA, 0x00, 0x52, 0xFF, 0x54, 0x00, 0x00, 0x00, 0x86, 
0xFF, 0x21, 0x97, 0xFD, 0x11, 0x00, 0x00, 0x00, 0x3D, 0xFF, 0x67, 0xDE, 0xC6, 0x00, 0x00, 0x00, 
0x00, 0x04, 0xF0, 0xAD, 0xFF, 0xFF, 0xFF, 0xF6, 0xC2, 0x3E, 0x00, 0xFF, 0xAB, 0x50, 0x62, 0xD5, 
0xF7, 0x20, 0xFF, 0x84, 0x00, 0x00, 0x2B, 0xFF, 0x70, 0xFF, 0x84, 0x00, 0x00, 0x03, 0xFF, 0x80, 
0xFF, 0x84, 0x00, 0x00, 0x1F, 0xFF, 0x63, 0xFF, 0x8C, 0x10, 0x20, 0xA8, 0xE9, 0x11, 0xFF, 0xFF, 
0xFF, 0xFF, 0xF2, 0x48, 0x00, 0xFF, 0xA3, 0x40, 0x47, 0x8D, 0xFD, 0x61, 0xFF, 0x84, 0x00, 0x00, 
0x00, 0xB0, 0xE1, 0xFF, 0x84, 0x00, 0x00, 0x00, 0x89, 0xFE, 0xFF, 0x84, 0x00, 0x00, 0x00, 0xB8, 
0xE1, 0xFF, 0xAB, 0x50, 0x54, 0x97, 0xFF, 0x7B, 0xFF, 0xFF, 0xFF, 0xFF, 0xE2, 0x7B, 0x02, 0xFF, 
0xFF, 0xFF, 0xFF, 0xFF, 0x8C, 0xFF, 0xAB, 0x50, 0x50, 0x50, 0x2C, 0xFF, 0x84, 0x00, 0x00, 0x00, 
0x00, 0xFF, 0x84, 0x00, 0x00, 0x00, 0x00, 0xFF, 0x84, 0x00, 0x00, 0x00, 0x00, 0xFF, 0x84, 0x00, 
0x00, 0x00, 0x00, 0xFF, 0x84, 0x00, 0x00, 0x00, 0x00, 0xFF, 0x84, 0x00, 0x00, 0x00, 0x00, 0xFF, 
0x84, 0x00, 0x00, 0x00, 0x00, 0xFF, 0x84, 0x00, 0x00, 0x00, 0x00, 0xFF, 0x84, 0x00, 0x00, 0x00, 
0x00, 0xFF, 0x84, 0x00, 0x00, 0x00, 0x00, 0xFF, 0x84, 0x00, 0x00, 0x00, 0x00, 0x00, 0x00, 0x0E, 
0xFC, 0xFA, 0x0B, 0x00, 0x00, 0x00, 0x00, 0x4C, 0xF9, 0xFF, 0x47, 0x00, 0x00, 0x00, 0x00, 0x8F, 
0xCA, 0xE1, 0x8B, 0x00, 0x00, 0x00, 0x00, 0xD0, 0x97, 0xAC, 0xCC, 0x00, 0x00, 0x00, 0x15, 0xFF, 
0x5D, 0x70, 0xFD, 0x12, 0x00, 0x00, 0x56, 0xFF, 0x21, 0x32, 0xFF, 0x51, 0x00, 0x00, 0x97, 0xE5, 
0x00, 0x03, 0xF1, 0x94, 0x00, 0x00, 0xDC, 0xA9, 0x00, 0x00, 0xB4, 0xD6, 0x00, 0x1D, 0xFF, 0x6D, 
0x00, 0x00, 0x76, 0xFF, 0x18, 0x60, 0xFF, 0x31, 0x00, 0x00, 0x37, 0xFF, 0x5C, 0xA3, 0xF3, 0x03, 
0x00, 0x00, 0x05, 0xF4, 0x9D, 0xE4, 0xDE, 0x68, 0x68, 0x68, 0x68, 0xDE, 0xE0, 0xFF, 0xFF, 0xFF, 
0xFF, 0xFF, 0xFF, 0xFF, 0xFF, 0xFF, 0xFF, 0xFF, 0xFF, 0xFF, 0x80, 0xFF, 0xAB, 0x50, 0x50, 0x50, 
0x28, 0xFF, 0x84, 0x00, 0x00, 0x00, 0x00, 0xFF, 0x84, 0x00, 0x00, 0x00, 0x00, 0xFF, 0x84, 0x00, 
0x00, 0x00, 0x00, 0xFF, 0x8C, 0x10, 0x10, 0x10, 0x04, 0xFF, 0xFF, 0xFF, 0xFF, 0xFF, 0x40, 0xFF, 
0xA3, 0x40, 0x40, 0x40, 0x10, 0xFF, 0x84, 0x00, 0x00, 0x00, 0x00, 0xFF, 0x84, 0x00, 0x00, 0x00, 
0x00, 0xFF, 0x84, 0x00, 0x00, 0x00, 0x00, 0xFF, 0xAB, 0x50, 0x50, 0x50, 0x28, 0xFF, 0xFF, 0xFF, 
0xFF, 0xFF, 0x80, 0xFF, 0xFF, 0xFF, 0xFF, 0xFF, 0xFF, 0x50, 0x50, 0x50, 0x50, 0xDB, 0xD8, 0x00, 
0x00, 0x00, 0x23, 0xFE, 0x70, 0x00, 0x00, 0x00, 0x8C, 0xF5, 0x10, 0x00, 0x00, 0x08, 0xEC, 0x9B, 
0x00, 0x00, 0x00, 0x5F, 0xFF, 0x31, 0x00, 0x00, 0x00, 0xC7, 0xC7, 0x00, 0x00, 0x00, 0x32, 0xFF, 
0x5C, 0x00, 0x00, 0x00, 0x9C, 0xEB, 0x08, 0x00, 0x00, 0x10, 0xF5, 0x87, 0x00, 0x00, 0x00, 0x6F, 
0xFE, 0x21, 0x00, 0x00, 0x00, 0xD7, 0xD7, 0x50, 0x50, 0x50, 0x50, 0xFF, 0xFF, 0xFF, 0xFF, 0xFF, 
0xFF, 0xFF, 0x84, 0x00, 0x00, 0x00, 0x00, 0xFF, 0x84, 0xFF, 0x84, 0x00, 0x00, 0x00, 0x00, 0xFF, 
0x84, 0xFF, 0x84, 0x00, 0x00, 0x00, 0x00, 0xFF, 0x84, 0xFF, 0x84, 0x00, 0x00, 0x00, 0x00, 0xFF, 
0x84, 0xFF, 0x84, 0x00, 0x00, 0x00, 0x00, 0xFF, 0x84, 0xFF, 0x8C, 0x10, 0x10, 0x10, 0x10, 0xFF, 
0x84, 0xFF, 0xFF, 0xFF, 0xFF, 0xFF, 0xFF, 0xFF, 0x84, 0xFF, 0xA3, 0x40, 0x40, 0x40, 0x40, 0xFF, 
0x84, 0xFF, 0x84, 0x00, 0x00, 0x00, 0x00, 0xFF, 0x84, 0xFF, 0x84, 0x00, 0x00, 0x00, 0x00, 0xFF, 
0x84, 0xFF, 0x84, 0x00, 0x00, 0x00, 0x00, 0xFF, 0x84, 0xFF, 0x84, 0x00, 0x00, 0x00, 0x00, 0xFF, 
0x84, 0xFF, 0x84, 0x00, 0x00, 0x00, 0x00, 0xFF, 0x84, 0x00, 0x0A, 0x8B, 0xE4, 0xFA, 0xE2, 0x83, 
0x06, 0x00, 0x02, 0xBC, 0xF9, 0x88, 0x54, 0x81, 0xF6, 0xA8, 0x00, 0x54, 0xFF, 0x61, 0x00, 0x00, 
0x00, 0x58, 0xFF, 0x41, 0xAB, 0xE6, 0x02, 0x00, 0x00, 0x00, 0x01, 0xE3, 0x9E, 0xDC, 0xAB, 0x00, 
0x00, 0x00, 0x00, 0x00, 0xA9, 0xD5, 0xF7, 0x8E, 0x10, 0x10, 0x10, 0x10, 0x00, 0x8E, 0xF5, 0xFE, 
0x86, 0xFF, 0xFF, 0xFF, 0xFF, 0x00, 0x85, 0xFE, 0xF3, 0x8F, 0x40, 0x40, 0x40, 0x40, 0x00, 0x8E, 
0xF5, 0xD5, 0xAC, 0x00, 0x00, 0x00, 0x00, 0x00, 0xAB, 0xD7, 0xA3, 0xE8, 0x03, 0x00, 0x00, 0x00, 
0x01, 0xE4, 0x9F, 0x45, 0xFF, 0x65, 0x00, 0x00, 0x00, 0x5A, 0xFF, 0x40, 0x00, 0xA9, 0xFA, 0x8A, 
0x56, 0x84, 0xF8, 0xA4, 0x00, 0x00, 0x05, 0x81, 0xE2, 0xFE, 0xE1, 0x7F, 0x04, 0x00, 0xF9, 0xFF, 
0xFF, 0xFC, 0x07, 0x99, 0xFF, 0x12, 0x00, 0x84, 0xFF, 0x00, 0x00, 0x84, 0xFF, 0x00, 0x00, 0x84, 
0xFF, 0x00, 0x00, 0x84, 0xFF, 0x00, 0x00, 0x84, 0xFF, 0x00, 0x00, 0x84, 0xFF, 0x00, 0x00, 0x84, 
0xFF, 0x00, 0x00, 0x84, 0xFF, 0x00, 0x00, 0x84, 0xFF, 0x00, 0x07, 0x99, 0xFF, 0x12, 0xF9, 0xFF, 
0xFF, 0xFC, 0xFF, 0x84, 0x00, 0x00, 0x05, 0xD4, 0xD3, 0x05, 0xFF, 0x84, 0x00, 0x00, 0x75, 0xFE, 
0x3A, 0x00, 0xFF, 0x84, 0x00, 0x1D, 0xF3, 0x98, 0x00, 0x00, 0xFF, 0x84, 0x00, 0xAB, 0xE8, 0x10, 
0x00, 0x00, 0xFF, 0x84, 0x45, 0xFF, 0x57, 0x00, 0x00, 0x00, 0xFF, 0x8C, 0xDC, 0xC0, 0x00, 0x00, 
0x00, 0x00, 0xFF, 0xEE, 0xFF, 0xEA, 0x0C, 0x00, 0x00, 0x00, 0xFF, 0xE4, 0x54, 0xFF, 0x7A, 0x00, 
0x00, 0x00, 0xFF, 0x84, 0x00, 0xB7, 0xEE, 0x0F, 0x00, 0x00, 0xFF, 0x84, 0x00, 0x36, 0xFF, 0x82, 
0x00, 0x00, 0xFF, 0x84, 0x00, 0x00, 0xB3, 0xF2, 0x14, 0x00, 0xFF, 0x84, 0x00, 0x00, 0x32, 0xFF, 
0x8A, 0x00, 0xFF, 0x84, 0x00, 0x00, 0x00, 0xB0, 0xF6, 0x19, 0x00, 0x00, 0x00, 0xB2, 0xFF, 0x42, 
0x00, 0x00, 0x00, 0x00, 0x00, 0x04, 0xF1, 0xFE, 0x86, 0x00, 0x00, 0x00, 0x00, 0x00, 0x3A, 0xFF, 
0xC3, 0xCB, 0x00, 0x00, 0x00, 0x00, 0x00, 0x7D, 0xEE, 0x62, 0xFE, 0x12, 0x00, 0x00, 0x00, 0x00, 
0xC1, 0xB0, 0x20, 0xFF, 0x55, 0x00, 0x00, 0x00, 0x0A, 0xFA, 0x72, 0x00, 0xE0, 0x98, 0x00, 0x00, 
0x00, 0x47, 0xFF, 0x34, 0x00, 0xA2, 0xDE, 0x00, 0x00, 0x00, 0x8C, 0xF3, 0x04, 0x00, 0x63, 0xFF, 
0x22, 0x00, 0x00, 0xD0, 0xBA, 0x00, 0x00, 0x24, 0xFF, 0x68, 0x00, 0x15, 0xFE, 0x7C, 0x00, 0x00, 
0x00, 0xE4, 0xAC, 0x00, 0x57, 0xFF, 0x3E, 0x00, 0x00, 0x00, 0xA4, 0xEE, 0x03, 0x9C, 0xF8, 0x08, 
0x00, 0x00, 0x00, 0x64, 0xFF, 0x35, 0xDE, 0xC3, 0x00, 0x00, 0x00, 0x00, 0x24, 0xFF, 0x7A, 0xFF, 
0xFF, 0x70, 0x00, 0x00, 0x00, 0x00, 0x00, 0xDD, 0xFF, 0x84, 0xFF, 0xFF, 0xB5, 0x00, 0x00, 0x00, 
0x00, 0x23, 0xFF, 0xFF, 0x84, 0xFF, 0xD8, 0xF6, 0x08, 0x00, 0x00, 0x00, 0x6A, 0xC6, 0xFF, 0x84, 
0xFF, 0x95, 0xFD, 0x44, 0x00, 0x00, 0x00, 0xB2, 0x7F, 0xFF, 0x84, 0xFF, 0x84, 0xC6, 0x8C, 0x00, 
0x00, 0x06, 0xF4, 0x3A, 0xFF, 0x84, 0xFF, 0x84, 0x7E, 0xD2, 0x00, 0x00, 0x41, 0xF0, 0x03, 0xFF, 
0x84, 0xFF, 0x84, 0x35, 0xFF, 0x1A, 0x00, 0x87, 0xAD, 0x00, 0xFF, 0x84, 0xFF, 0x84, 0x02, 0xEC, 
0x61, 0x00, 0xD0, 0x67, 0x00, 0xFF, 0x84, 0xFF, 0x84, 0x00, 0xA7, 0xA8, 0x19, 0xFF, 0x21, 0x00, 
0xFF, 0x84, 0xFF, 0x84, 0x00, 0x5F, 0xEC, 0x60, 0xD9, 0x00, 0x00, 0xFF, 0x84, 0xFF, 0x84, 0x00, 
0x19, 0xFF, 0xD8, 0x93, 0x00, 0x00, 0xFF, 0x84, 0xFF, 0x84, 0x00, 0x00, 0xD0, 0xFF, 0x4E, 0x00, 
0x00, 0xFF, 0x84, 0xFF, 0x84, 0x00, 0x00, 0x87, 0xFA, 0x0C, 0x00, 0x00, 0xFF, 0x84, 0xFF, 0xFF, 
0x28, 0x00, 0x00, 0x00, 0x84, 0xFF, 0xFF, 0xFF, 0x93, 0x00, 0x00, 0x00, 0x84, 0xFF, 0xFF, 0xDC, 
0xF2, 0x0D, 0x00, 0x00, 0x84, 0xFF, 0xFF, 0x8C, 0xEA, 0x6B, 0x00, 0x00, 0x84, 0xFF, 0xFF, 0x84, 
0x86, 0xD7, 0x01, 0x00, 0x84, 0xFF, 0xFF, 0x84, 0x1D, 0xFC, 0x45, 0x00, 0x84, 0xFF, 0xFF, 0x84, 
0x00, 0xAC, 0xB2, 0x00, 0x84, 0xFF, 0xFF, 0x84, 0x00, 0x40, 0xFD, 0x21, 0x84, 0xFF, 0xFF, 0x84, 
0x00, 0x00, 0xD4, 0x8A, 0x84, 0xFF, 0xFF, 0x84, 0x00, 0x00, 0x67, 0xEE, 0x8E, 0xFF, 0xFF, 0x84, 
0x00, 0x00, 0x0B, 0xF0, 0xE3, 0xFF, 0xFF, 0x84, 0x00, 0x00, 0x00, 0x8F, 0xFF, 0xFF, 0xFF, 0x84, 
0x00, 0x00, 0x00, 0x24, 0xFE, 0xFF, 0xFF, 0xFF, 0xFF, 0xFF, 0xFF, 0xFF, 0x50, 0x50, 0x50, 0x50, 
0x50, 0x50, 0x00, 0x00, 0x00, 0x00, 0x00, 0x00, 0x00, 0x00, 0x00, 0x00, 0x00, 0x00, 0x00, 0x00, 
0x00, 0x00, 0x00, 0x00, 0x00, 0x10, 0x10, 0x10, 0x10, 0x10, 0x00, 0xFF, 0xFF, 0xFF, 0xFF, 0xFF, 
0x00, 0x40, 0x40, 0x40, 0x40, 0x40, 0x00, 0x00, 0x00, 0x00, 0x00, 0x00, 0x00, 0x00, 0x00, 0x00, 
0x00, 0x00, 0x00, 0x00, 0x00, 0x00, 0x00, 0x00, 0x50, 0x50, 0x50, 0x50, 0x50, 0x50, 0xFF, 0xFF, 
0xFF, 0xFF, 0xFF, 0xFF, 0x00, 0x0A, 0x8B, 0xE4, 0xFA, 0xE2, 0x83, 0x06, 0x00, 0x02, 0xBC, 0xF9, 
0x88, 0x54, 0x81, 0xF6, 0xA8, 0x00, 0x54, 0xFF, 0x61, 0x00, 0x00, 0x00, 0x58, 0xFF, 0x41, 0xAB, 
0xE6, 0x02, 0x00, 0x00, 0x00, 0x01, 0xE3, 0x9E, 0xDC, 0xAB, 0x00, 0x00, 0x00, 0x00, 0x00, 0xA9, 
0xD5, 0xF7, 0x8E, 0x00, 0x00, 0x00, 0x00, 0x00, 0x8E, 0xF5, 0xFE, 0x86, 0x00, 0x00, 0x00, 0x00, 
0x00, 0x85, 0xFE, 0xF3, 0x8F, 0x00, 0x00, 0x00, 0x00, 0x00, 0x8E, 0xF5, 0xD5, 0xAC, 0x00, 0x00, 
0x00, 0x00, 0x00, 0xAB, 0xD7, 0xA3, 0xE8, 0x03, 0x00, 0x00, 0x00, 0x01, 0xE4, 0x9F, 0x45, 0xFF, 
0x65, 0x00, 0x00, 0x00, 0x5A, 0xFF, 0x40, 0x00, 0xA9, 0xFA, 0x8A, 0x56, 0x84, 0xF8, 0xA4, 0x00, 
0x00, 0x05, 0x81, 0xE2, 0xFE, 0xE1, 0x7F, 0x04, 0x00, 0xFF, 0xFF, 0xFF, 0xFF, 0xFF, 0xFF, 0xFF, 
0x84, 0xFF, 0xAB, 0x50, 0x50, 0x50, 0x50, 0xFF, 0x84, 0xFF, 0x84, 0x00, 0x00, 0x00, 0x00, 0xFF, 
0x84, 0xFF, 0x84, 0x00, 0x00, 0x00, 0x00, 0xFF, 0x84, 0xFF, 0x84, 0x00, 0x00, 0x00, 0x00, 0xFF, 
0x84, 0xFF, 0x84, 0x00, 0x00, 0x00, 0x00, 0xFF, 0x84, 0xFF, 0x84, 0x00, 0x00, 0x00, 0x00, 0xFF, 
0x84, 0xFF, 0x84, 0x00, 0x00, 0x00, 0x00, 0xFF, 0x84, 0xFF, 0x84, 0x00, 0x00, 0x00, 0x00, 0xFF, 
0x84, 0xFF, 0x84, 0x00, 0x00, 0x00, 0x00, 0xFF, 0x84, 0xFF, 0x84, 0x00, 0x00, 0x00, 0x00, 0xFF, 
0x84, 0xFF, 0x84, 0x00, 0x00, 0x00, 0x00, 0xFF, 0x84, 0xFF, 0x84, 0x00, 0x00, 0x00, 0x00, 0xFF, 
0x84, 0xFF, 0xFF, 0xFF, 0xEF, 0xAF, 0x25, 0x00, 0xFF, 0xAB, 0x51, 0x74, 0xE9, 0xE0, 0x09, 0xFF, 
0x84, 0x00, 0x00, 0x4A, 0xFF, 0x54, 0xFF, 0x84, 0x00, 0x00, 0x0A, 0xFF, 0x7D, 0xFF, 0x84, 0x00, 
0x00, 0x07, 0xFF, 0x7D, 0xFF, 0x84, 0x00, 0x00, 0x38, 0xFF, 0x56, 0xFF, 0x8C, 0x13, 0x3D, 0xD0, 
0xE8, 0x0B, 0xFF, 0xFF, 0xFF, 0xFF, 0xD8, 0x34, 0x00, 0xFF, 0xA3, 0x3F, 0x29, 0x01, 0x00, 0x00, 
0xFF, 0x84, 0x00, 0x00, 0x00, 0x00, 0x00, 0xFF, 0x84, 0x00, 0x00, 0x00, 0x00, 0x00, 0xFF, 0x84, 
0x00, 0x00, 0x00, 0x00, 0x00, 0xFF, 0x84, 0x00, 0x00, 0x00, 0x00, 0x00, 0xFF, 0xFF, 0xFF, 0xFF, 
0xFF, 0xFF, 0xFF, 0xC9, 0xFF, 0xA4, 0x50, 0x50, 0x50, 0x50, 0x27, 0xF6, 0xEC, 0x14, 0x00, 0x00, 
0x00, 0x00, 0x6E, 0xFF, 0x9E, 0x00, 0x00, 0x00, 0x00, 0x02, 0xBF, 0xFF, 0x3A, 0x00, 0x00, 0x00, 
0x00, 0x20, 0xF2, 0xD2, 0x04, 0x00, 0x00, 0x00, 0x01, 0xC7, 0xF5, 0x18, 0x00, 0x00, 0x00, 0x60, 
0xFF, 0x76, 0x00, 0x00, 0x00, 0x12, 0xEA, 0xD0, 0x04, 0x00, 0x00, 0x00, 0x9C, 0xFE, 0x38, 0x00, 
0x00, 0x00, 0x3C, 0xFF, 0x94, 0x00, 0x00, 0x00, 0x00, 0xD3, 0xFB, 0x5F, 0x50, 0x50, 0x50, 0x50, 
0xFF, 0xFF, 0xFF, 0xFF, 0xFF, 0xFF, 0xFF, 0xFF, 0xFF, 0xFF, 0xFF, 0xFF, 0xFF, 0xFF, 0x50, 0x50, 
0x50, 0xFF, 0xAB, 0x50, 0x50, 0x00, 0x00, 0x00, 0xFF, 0x84, 0x00, 0x00, 0x00, 0x00, 0x00, 0xFF, 
0x84, 0x00, 0x00, 0x00, 0x00, 0x00, 0xFF, 0x84, 0x00, 0x00, 0x00, 0x00, 0x00, 0xFF, 0x84, 0x00, 
0x00, 0x00, 0x00, 0x00, 0xFF, 0x84, 0x00, 0x00, 0x00, 0x00, 0x00, 0xFF, 0x84, 0x00, 0x00, 0x00, 
0x00, 0x00, 0xFF, 0x84, 0x00, 0x00, 0x00, 0x00, 0x00, 0xFF, 0x84, 0x00, 0x00, 0x00, 0x00, 0x00, 
0xFF, 0x84, 0x00, 0x00, 0x00, 0x00, 0x00, 0xFF, 0x84, 0x00, 0x00, 0x00, 0x00, 0x00, 0xFF, 0x84, 
0x00, 0x00, 0x03, 0xE4, 0xBA, 0x00, 0x00, 0x00, 0x2E, 0xFF, 0x6A, 0x00, 0x84, 0xFD, 0x18, 0x00, 
0x00, 0x8A, 0xF6, 0x10, 0x00, 0x22, 0xFF, 0x71, 0x00, 0x02, 0xE4, 0xA3, 0x00, 0x00, 0x00, 0xBE, 
0xCB, 0x00, 0x42, 0xFF, 0x3F, 0x00, 0x00, 0x00, 0x5B, 0xFF, 0x27, 0x9E, 0xDA, 0x01, 0x00, 0x00, 
0x00, 0x08, 0xF0, 0x8B, 0xF2, 0x77, 0x00, 0x00, 0x00, 0x00, 0x00, 0x94, 0xFC, 0xFB, 0x18, 0x00, 
0x00, 0x00, 0x00, 0x00, 0x32, 0xFF, 0xB0, 0x00, 0x00, 0x00, 0x00, 0x00, 0x00, 0x00, 0xFF, 0x84, 
0x00, 0x00, 0x00, 0x00, 0x00, 0x00, 0x00, 0xFF, 0x84, 0x00, 0x00, 0x00, 0x00, 0x00, 0x00, 0x00, 
0xFF, 0x84, 0x00, 0x00, 0x00, 0x00, 0x00, 0x00, 0x00, 0xFF, 0x84, 0x00, 0x00, 0x00, 0x00, 0x00, 
0x00, 0x00, 0xFF, 0x84, 0x00, 0x00, 0x00, 0x00, 0x00, 0x00, 0x02, 0x8A, 0xFF, 0x09, 0x00, 0x00, 
0x00, 0x00, 0x00, 0x1C, 0xA9, 0xF6, 0xFF, 0xFF, 0xFF, 0xD9, 0x65, 0x00, 0x00, 0x12, 0xE1, 0xE2, 
0x68, 0xA4, 0xFF, 0x4A, 0x9D, 0xFF, 0x77, 0x00, 0x87, 0xF8, 0x22, 0x00, 0x84, 0xFF, 0x00, 0x00, 
0x97, 0xF7, 0x11, 0xD7, 0xB1, 0x00, 0x00, 0x84, 0xFF, 0x00, 0x00, 0x32, 0xFF, 0x53, 0xFA, 0x8B, 
0x00, 0x00, 0x84, 0xFF, 0x00, 0x00, 0x0E, 0xFF, 0x76, 0xFA, 0x89, 0x00, 0x00, 0x84, 0xFF, 0x00, 
0x00, 0x0E, 0xFF, 0x76, 0xDC, 0xAA, 0x00, 0x00, 0x84, 0xFF, 0x00, 0x00, 0x31, 0xFF, 0x56, 0x95, 
0xF1, 0x12, 0x00, 0x84, 0xFF, 0x00, 0x00, 0x8E, 0xF8, 0x13, 0x20, 0xF3, 0xC5, 0x38, 0x8D, 0xFF, 
0x1C, 0x78, 0xFD, 0x86, 0x00, 0x00, 0x38, 0xD6, 0xFF, 0xFF, 0xFF, 0xFF, 0xF8, 0x89, 0x03, 0x00, 
0x00, 0x00, 0x01, 0x28, 0xA2, 0xFF, 0x38, 0x0F, 0x00, 0x00, 0x00, 0x00, 0x00, 0x00, 0x00, 0x84, 
0xFF, 0x00, 0x00, 0x00, 0x00, 0x00, 0x65, 0xFF, 0x39, 0x00, 0x00, 0x29, 0xFF, 0x72, 0x09, 0xEA, 
0xA0, 0x00, 0x00, 0x91, 0xF3, 0x0F, 0x00, 0x82, 0xF8, 0x12, 0x0A, 0xF0, 0x90, 0x00, 0x00, 0x16, 
0xF8, 0x72, 0x61, 0xFD, 0x22, 0x00, 0x00, 0x00, 0x9B, 0xD9, 0xCC, 0xAD, 0x00, 0x00, 0x00, 0x00, 
0x2B, 0xFF, 0xFF, 0x3D, 0x00, 0x00, 0x00, 0x00, 0x0B, 0xF4, 0xF9, 0x0D, 0x00, 0x00, 0x00, 0x00, 
0x6D, 0xF7, 0xF8, 0x6C, 0x00, 0x00, 0x00, 0x03, 0xDE, 0x9E, 0xA3, 0xDC, 0x02, 0x00, 0x00, 0x55, 
0xFF, 0x31, 0x3C, 0xFF, 0x4E, 0x00, 0x00, 0xC8, 0xC3, 0x00, 0x00, 0xD6, 0xBE, 0x00, 0x3B, 0xFF, 
0x57, 0x00, 0x00, 0x6D, 0xFF, 0x30, 0xAE, 0xE5, 0x05, 0x00, 0x00, 0x11, 0xF6, 0x9F, 0xFF, 0x84, 
0x00, 0x00, 0xFF, 0x84, 0x00, 0x00, 0xFF, 0x84, 0xFF, 0x84, 0x00, 0x00, 0xFF, 0x84, 0x00, 0x00, 
0xFF, 0x84, 0xFF, 0x84, 0x00, 0x00, 0xFF, 0x84, 0x00, 0x00, 0xFF, 0x84, 0xFF, 0x84, 0x00, 0x00, 
0xFF, 0x84, 0x00, 0x00, 0xFF, 0x84, 0xFD, 0x85, 0x00, 0x00, 0xFF, 0x84, 0x00, 0x01, 0xFF, 0x81, 
0xED, 0x96, 0x00, 0x00, 0xFF, 0x84, 0x00, 0x12, 0xFF, 0x6E, 0xBE, 0xD1, 0x00, 0x00, 0xFF, 0x84, 
0x00, 0x4B, 0xFF, 0x3F, 0x5C, 0xFF, 0x8A, 0x1C, 0xFF, 0x8D, 0x3D, 0xDB, 0xD9, 0x03, 0x00, 0x83, 
0xF9, 0xFF, 0xFF, 0xFF, 0xFF, 0xD7, 0x2A, 0x00, 0x00, 0x00, 0x0F, 0x39, 0xFF, 0xA2, 0x29, 0x01, 
0x00, 0x00, 0x00, 0x00, 0x00, 0x00, 0xFF, 0x84, 0x00, 0x00, 0x00, 0x00, 0x00, 0x00, 0x00, 0x00, 
0xFF, 0x84, 0x00, 0x00, 0x00, 0x00, 0x00, 0x00, 0x00, 0x00, 0xFF, 0x84, 0x00, 0x00, 0x00, 0x00, 
0x00, 0x00, 0x46, 0xC3, 0xF5, 0xF9, 0xC7, 0x4F, 0x00, 0x00, 0x00, 0x55, 0xFE, 0xBC, 0x5F, 0x5F, 
0xBD, 0xFF, 0x57, 0x00, 0x05, 0xE7, 0xBB, 0x02, 0x00, 0x00, 0x02, 0xBF, 0xE7, 0x06, 0x42, 0xFF, 
0x4A, 0x00, 0x00, 0x00, 0x00, 0x4D, 0xFF, 0x42, 0x70, 0xFF, 0x16, 0x00, 0x00, 0x00, 0x00, 0x17, 
0xFF, 0x70, 0x81, 0xFF, 0x02, 0x00, 0x00, 0x00, 0x00, 0x03, 0xFF, 0x81, 0x7C, 0xFF, 0x07, 0x00, 
0x00, 0x00, 0x00, 0x07, 0xFF, 0x7D, 0x64, 0xFF, 0x1B, 0x00, 0x00, 0x00, 0x00, 0x1C, 0xFF, 0x67, 
0x36, 0xFF, 0x42, 0x00, 0x00, 0x00, 0x00, 0x45, 0xFF, 0x35, 0x03, 0xE4, 0x8B, 0x00, 0x00, 0x00, 
0x00, 0x8F, 0xE4, 0x02, 0x00, 0x6A, 0xEF, 0x16, 0x00, 0x00, 0x13, 0xEE, 0x6A, 0x00, 0x50, 0x52, 
0xE2, 0xB5, 0x00, 0x00, 0xB1, 0xDE, 0x52, 0x50, 0xFF, 0xFF, 0xFF, 0xFF, 0x00, 0x00, 0xFF, 0xFF, 
0xFF, 0xFF, 0x06, 0x01, 0x00, 0x06, 0x00, 0xE9, 0x6E, 0x00, 0xE9, 0x6C, 0x2A, 0x0D, 0x00, 0x2A, 
0x0D, 0x00, 0x00, 0x00, 0x00, 0x00, 0xF9, 0xFF, 0xFF, 0xFC, 0x00, 0x07, 0x99, 0xFF, 0x12, 0x00, 
0x00, 0x84, 0xFF, 0x00, 0x00, 0x00, 0x84, 0xFF, 0x00, 0x00, 0x00, 0x84, 0xFF, 0x00, 0x00, 0x00, 
0x84, 0xFF, 0x00, 0x00, 0x00, 0x84, 0xFF, 0x00, 0x00, 0x00, 0x84, 0xFF, 0x00, 0x00, 0x00, 0x84, 
0xFF, 0x00, 0x00, 0x00, 0x84, 0xFF, 0x00, 0x00, 0x00, 0x84, 0xFF, 0x00, 0x00, 0x07, 0x99, 0xFF, 
0x12, 0x00, 0xF9, 0xFF, 0xFF, 0xFC, 0x00, 0x00, 0x00, 0x06, 0x01, 0x00, 0x06, 0x00, 0x00, 0x00, 
0x00, 0x00, 0xEB, 0x6E, 0x00, 0xE9, 0x6C, 0x00, 0x00, 0x00, 0x00, 0x2B, 0x0D, 0x00, 0x2B, 0x0D, 
0x00, 0x00, 0x00, 0x00, 0x00, 0x00, 0x00, 0x00, 0x00, 0x00, 0x00, 0x6A, 0xFF, 0x36, 0x00, 0x00, 
0x00, 0xAE, 0xE7, 0x04, 0x10, 0xF6, 0x92, 0x00, 0x00, 0x11, 0xF9, 0x86, 0x00, 0x00, 0xA2, 0xEA, 
0x04, 0x00, 0x66, 0xFF, 0x25, 0x00, 0x00, 0x3E, 0xFF, 0x4A, 0x00, 0xC2, 0xC0, 0x00, 0x00, 0x00, 
0x01, 0xD9, 0xA6, 0x1F, 0xFF, 0x5D, 0x00, 0x00, 0x00, 0x00, 0x76, 0xF6, 0x87, 0xF0, 0x0A, 0x00, 
0x00, 0x00, 0x00, 0x18, 0xFB, 0xFC, 0x97, 0x00, 0x00, 0x00, 0x00, 0x00, 0x00, 0xAD, 0xFF, 0x34, 
0x00, 0x00, 0x00, 0x00, 0x00, 0x00, 0x7C, 0xFF, 0x08, 0x00, 0x00, 0x00, 0x00, 0x00, 0x00, 0x7C, 
0xFF, 0x08, 0x00, 0x00, 0x00, 0x00, 0x00, 0x00, 0x7C, 0xFF, 0x08, 0x00, 0x00, 0x00, 0x00, 0x00, 
0x00, 0x7C, 0xFF, 0x08, 0x00, 0x00, 0x00, 0x00, 0x00, 0x00, 0x7C, 0xFF, 0x08, 0x00, 0x00, 0x00, 
0x00, 0x00, 0x00, 0x08, 0xF8, 0x89, 0x00, 0x00, 0x00, 0x00, 0x00, 0x00, 0x41, 0xF9, 0x1C, 0x00, 
0x00, 0x00, 0x00, 0x00, 0x00, 0x8B, 0x8E, 0x00, 0x00, 0x00, 0x00, 0x00, 0x00, 0x00, 0x00, 0x00, 
0x00, 0x00, 0x00, 0x00, 0x00, 0x66, 0xE6, 0xF8, 0xAA, 0x19, 0xF5, 0x4B, 0x00, 0x45, 0xFF, 0xAB, 
0x58, 0xAD, 0xD5, 0xFF, 0x22, 0x00, 0xB1, 0xE3, 0x05, 0x00, 0x04, 0xE2, 0xFF, 0x0B, 0x00, 0xE7, 
0xA3, 0x00, 0x00, 0x00, 0xA2, 0xFF, 0x01, 0x00, 0xFC, 0x88, 0x00, 0x00, 0x00, 0x88, 0xFF, 0x00, 
0x00, 0xFD, 0x88, 0x00, 0x00, 0x00, 0x87, 0xFF, 0x00, 0x00, 0xE8, 0x9E, 0x00, 0x00, 0x00, 0x9D, 
0xFF, 0x00, 0x00, 0xB4, 0xDE, 0x03, 0x00, 0x03, 0xDE, 0xFF, 0x01, 0x00, 0x4E, 0xFF, 0xA6, 0x54, 
0xA8, 0xD2, 0xFF, 0x72, 0x10, 0x00, 0x74, 0xEB, 0xF3, 0x92, 0x12, 0xCA, 0xF8, 0x25, 0x00, 0x00, 
0x00, 0x8D, 0xD0, 0x00, 0x00, 0x00, 0x00, 0xCC, 0x6D, 0x00, 0x00, 0x00, 0x14, 0xE9, 0x0D, 0x00, 
0x00, 0x00, 0x00, 0x00, 0x00, 0x00, 0x01, 0x80, 0xEB, 0xFC, 0xD0, 0x42, 0x56, 0xFF, 0x99, 0x55, 
0x89, 0x38, 0x7F, 0xFF, 0x09, 0x00, 0x00, 0x00, 0x3E, 0xFE, 0x7B, 0x18, 0x08, 0x00, 0x00, 0x7B, 
0xFF, 0xFF, 0x80, 0x00, 0x79, 0xF7, 0x74, 0x43, 0x20, 0x00, 0xEE, 0x9A, 0x00, 0x00, 0x00, 0x00, 
0xF7, 0x99, 0x00, 0x00, 0x00, 0x00, 0xB3, 0xF7, 0x75, 0x58, 0x8B, 0x6F, 0x18, 0xAF, 0xF6, 0xF9, 
0xCC, 0x41, 0x00, 0x00, 0x00, 0x6C, 0xFD, 0x1D, 0x00, 0x00, 0x00, 0x00, 0xAD, 0xA8, 0x00, 0x00, 
0x00, 0x00, 0x05, 0xEC, 0x27, 0x00, 0x00, 0x00, 0x00, 0x00, 0x00, 0x00, 0x00, 0x00, 0x00, 0x00, 
0x00, 0x00, 0x00, 0x00, 0x00, 0xFF, 0x49, 0x98, 0xF5, 0xEB, 0x73, 0x00, 0xFF, 0xDE, 0xA6, 0x56, 
0xB6, 0xFF, 0x35, 0xFF, 0xD9, 0x02, 0x00, 0x1F, 0xFF, 0x76, 0xFF, 0x9B, 0x00, 0x00, 0x02, 0xFF, 
0x84, 0xFF, 0x87, 0x00, 0x00, 0x00, 0xFF, 0x84, 0xFF, 0x84, 0x00, 0x00, 0x00, 0xFF, 0x84, 0xFF, 
0x84, 0x00, 0x00, 0x00, 0xFF, 0x84, 0xFF, 0x84, 0x00, 0x00, 0x00, 0xFF, 0x84, 0xFF, 0x84, 0x00, 
0x00, 0x00, 0xFF, 0x84, 0xFF, 0x84, 0x00, 0x00, 0x00, 0xFF, 0x84, 0x00, 0x00, 0x00, 0x00, 0x00, 
0xFF, 0x84, 0x00, 0x00, 0x00, 0x00, 0x00, 0xFF, 0x84, 0x00, 0x00, 0x00, 0x00, 0x00, 0xFF, 0x84, 
0x00, 0x00, 0x00, 0x00, 0x00, 0xFF, 0x84, 0x1E, 0xFF, 0x69, 0x00, 0x5C, 0xEC, 0x0C, 0x00, 0xA5, 
0x72, 0x00, 0x00, 0x00, 0x00, 0x00, 0x00, 0xFF, 0x84, 0x00, 0x00, 0xFF, 0x84, 0x00, 0x00, 0xFF, 
0x84, 0x00, 0x00, 0xFF, 0x84, 0x00, 0x00, 0xFF, 0x84, 0x00, 0x00, 0xFF, 0x84, 0x00, 0x00, 0xFF, 
0x84, 0x00, 0x00, 0xFD, 0x88, 0x00, 0x00, 0xDD, 0xD8, 0x5F, 0x3B, 0x53, 0xEB, 0xF6, 0x66, 0x00, 
0x00, 0x1D, 0xFF, 0x41, 0x00, 0x00, 0x00, 0x00, 0x4E, 0xD4, 0x01, 0x00, 0x00, 0x67, 0xE0, 0x71, 
0x52, 0xE1, 0x67, 0x00, 0x14, 0x38, 0x00, 0x00, 0x37, 0x12, 0x00, 0x00, 0x00, 0x00, 0x00, 0x00, 
0x00, 0x00, 0xFF, 0x84, 0x00, 0x00, 0x67, 0xFF, 0x23, 0xFF, 0x84, 0x00, 0x00, 0x3C, 0xFF, 0x5A, 
0xFF, 0x84, 0x00, 0x00, 0x1B, 0xFF, 0x7C, 0xFF, 0x84, 0x00, 0x00, 0x0A, 0xFF, 0x84, 0xFF, 0x84, 
0x00, 0x00, 0x02, 0xFF, 0x84, 0xFF, 0x84, 0x00, 0x00, 0x06, 0xFF, 0x7D, 0xF6, 0x90, 0x00, 0x00, 
0x1F, 0xFF, 0x64, 0xD6, 0xC0, 0x00, 0x00, 0x60, 0xFF, 0x2D, 0x88, 0xFF, 0x81, 0x68, 0xEB, 0xBF, 
0x00, 0x0C, 0xA4, 0xF2, 0xF7, 0xAE, 0x16, 0x00, 0x00, 0x66, 0xE6, 0xF8, 0xAA, 0x19, 0xF5, 0x4B, 
0x00, 0x45, 0xFF, 0xAB, 0x58, 0xAD, 0xD5, 0xFF, 0x22, 0x00, 0xB1, 0xE3, 0x05, 0x00, 0x04, 0xE2, 
0xFF, 0x0B, 0x00, 0xE7, 0xA3, 0x00, 0x00, 0x00, 0xA2, 0xFF, 0x01, 0x00, 0xFC, 0x88, 0x00, 0x00, 
0x00, 0x88, 0xFF, 0x00, 0x00, 0xFD, 0x88, 0x00, 0x00, 0x00, 0x87, 0xFF, 0x00, 0x00, 0xE8, 0x9E, 
0x00, 0x00, 0x00, 0x9D, 0xFF, 0x00, 0x00, 0xB4, 0xDE, 0x03, 0x00, 0x03, 0xDE, 0xFF, 0x01, 0x00, 
0x4E, 0xFF, 0xA6, 0x54, 0xA8, 0xD2, 0xFF, 0x72, 0x10, 0x00, 0x74, 0xEB, 0xF3, 0x92, 0x12, 0xCA, 
0xF8, 0x25, 0x02, 0x7F, 0xE5, 0xFC, 0xCF, 0x43, 0x00, 0x76, 0xFF, 0x8F, 0x59, 0xCB, 0xF6, 0x1E, 
0xDB, 0xBE, 0x00, 0x00, 0x2A, 0xFF, 0x6D, 0xFD, 0x8B, 0x00, 0x00, 0x03, 0xFF, 0x80, 0xFF, 0x84, 
0x00, 0x00, 0x1C, 0xFF, 0x65, 0xFF, 0x84, 0x04, 0x1B, 0xA2, 0xE8, 0x14, 0xFF, 0x84, 0x38, 0xFF, 
0xE5, 0x3B, 0x00, 0xFF, 0x84, 0x0E, 0x46, 0x9F, 0xFA, 0x46, 0xFF, 0x84, 0x00, 0x00, 0x01, 0xCD, 
0xC7, 0xFF, 0x84, 0x00, 0x00, 0x00, 0x8D, 0xF6, 0xFF, 0x84, 0x00, 0x00, 0x00, 0x8C, 0xFB, 0xFF, 
0x84, 0x00, 0x00, 0x00, 0xC3, 0xD7, 0xFF, 0xE8, 0x7B, 0x55, 0x9A, 0xFF, 0x71, 0xFF, 0xC7, 0xD6, 
0xFC, 0xE7, 0x7E, 0x02, 0xFF, 0x84, 0x00, 0x00, 0x00, 0x00, 0x00, 0xFF, 0x84, 0x00, 0x00, 0x00, 
0x00, 0x00, 0xFF, 0x84, 0x00, 0x00, 0x00, 0x00, 0x00, 0xFF, 0x84, 0x00, 0x00, 0x00, 0x00, 0x00, 
0x10, 0xFC, 0x82, 0x00, 0x00, 0x00, 0xDB, 0xAC, 0x00, 0xC1, 0xC6, 0x00, 0x00, 0x1D, 0xFF, 0x63, 
0x00, 0x79, 0xFD, 0x10, 0x00, 0x61, 0xFF, 0x1D, 0x00, 0x2E, 0xFF, 0x51, 0x00, 0xA4, 0xD6, 0x00, 
0x00, 0x01, 0xE3, 0x96, 0x00, 0xE7, 0x8E, 0x00, 0x00, 0x00, 0x99, 0xD8, 0x25, 0xFF, 0x46, 0x00, 
0x00, 0x00, 0x50, 0xFF, 0x70, 0xF6, 0x08, 0x00, 0x00, 0x00, 0x0D, 0xFA, 0xD2, 0xB7, 0x00, 0x00, 
0x00, 0x00, 0x00, 0xBD, 0xFF, 0x70, 0x00, 0x00, 0x00, 0x00, 0x00, 0x77, 0xFF, 0x2C, 0x00, 0x00, 
0x00, 0x00, 0x00, 0x8C, 0xF0, 0x01, 0x00, 0x00, 0x00, 0x00, 0x00, 0xB9, 0xC1, 0x00, 0x00, 0x00, 
0x00, 0x00, 0x00, 0xDF, 0x9D, 0x00, 0x00, 0x00, 0x00, 0x00, 0x00, 0xFA, 0x88, 0x00, 0x00, 0x00, 
0x00, 0x25, 0xBB, 0xF8, 0xF4, 0xBD, 0x47, 0x00, 0xCC, 0xE6, 0x5F, 0x62, 0xB4, 0x62, 0x00, 0xFA, 
0x8D, 0x00, 0x00, 0x00, 0x00, 0x00, 0xC9, 0xD7, 0x0A, 0x00, 0x00, 0x00, 0x00, 0x38, 0xF7, 0xBF, 
0x12, 0x00, 0x00, 0x00, 0x00, 0x86, 0xFF, 0xDE, 0x22, 0x00, 0x01, 0x9F, 0xF1, 0x6C, 0xD0, 0xDD, 
0x10, 0x65, 0xFF, 0x3F, 0x00, 0x20, 0xF8, 0x8B, 0xCE, 0xBE, 0x00, 0x00, 0x00, 0xAC, 0xDF, 0xF9, 
0x8B, 0x00, 0x00, 0x00, 0x88, 0xFD, 0xF6, 0x94, 0x00, 0x00, 0x00, 0x95, 0xF3, 0xC6, 0xDA, 0x03, 
0x00, 0x02, 0xD8, 0xBD, 0x55, 0xFF, 0xAC, 0x58, 0xA9, 0xFF, 0x49, 0x00, 0x65, 0xDE, 0xFC, 0xD9, 
0x59, 0x00, 0x01, 0x80, 0xEB, 0xFC, 0xD0, 0x42, 0x56, 0xFF, 0x99, 0x55, 0x89, 0x38, 0x7F, 0xFF, 
0x09, 0x00, 0x00, 0x00, 0x3E, 0xFE, 0x7B, 0x18, 0x08, 0x00, 0x00, 0x7B, 0xFF, 0xFF, 0x80, 0x00, 
0x79, 0xF7, 0x74, 0x43, 0x20, 0x00, 0xEE, 0x9A, 0x00, 0x00, 0x00, 0x00, 0xF7, 0x99, 0x00, 0x00, 
0x00, 0x00, 0xB3, 0xF7, 0x75, 0x58, 0x8B, 0x6F, 0x18, 0xAF, 0xF6, 0xF9, 0xCC, 0x41, 0xFF, 0xFF, 
0xFF, 0xFF, 0xFF, 0x50, 0x50, 0x51, 0xE5, 0xB4, 0x00, 0x00, 0x75, 0xE6, 0x13, 0x00, 0x22, 0xF7, 
0x56, 0x00, 0x00, 0xAB, 0xC9, 0x01, 0x00, 0x26, 0xFE, 0x56, 0x00, 0x00, 0x83, 0xF4, 0x08, 0x00, 
0x00, 0xC6, 0xBD, 0x00, 0x00, 0x00, 0xED, 0x95, 0x00, 0x00, 0x00, 0xFD, 0x86, 0x00, 0x00, 0x00, 
0xF5, 0x99, 0x00, 0x00, 0x00, 0xCA, 0xED, 0x23, 0x00, 0x00, 0x50, 0xFD, 0xF3, 0x85, 0x0C, 0x00, 
0x38, 0xBE, 0xFF, 0xB3, 0x00, 0x00, 0x00, 0xAD, 0xFA, 0x00, 0x00, 0x00, 0x9B, 0xDD, 0x00, 0x00, 
0x06, 0xE9, 0x75, 0x00, 0x00, 0x12, 0x50, 0x06, 0xFF, 0x49, 0x98, 0xF5, 0xEB, 0x73, 0x00, 0xFF, 
0xDE, 0xA6, 0x56, 0xB6, 0xFF, 0x35, 0xFF, 0xD9, 0x02, 0x00, 0x1F, 0xFF, 0x76, 0xFF, 0x9B, 0x00, 
0x00, 0x02, 0xFF, 0x84, 0xFF, 0x87, 0x00, 0x00, 0x00, 0xFF, 0x84, 0xFF, 0x84, 0x00, 0x00, 0x00, 
0xFF, 0x84, 0xFF, 0x84, 0x00, 0x00, 0x00, 0xFF, 0x84, 0xFF, 0x84, 0x00, 0x00, 0x00, 0xFF, 0x84, 
0xFF, 0x84, 0x00, 0x00, 0x00, 0xFF, 0x84, 0xFF, 0x84, 0x00, 0x00, 0x00, 0xFF, 0x84, 0x00, 0x00, 
0x00, 0x00, 0x00, 0xFF, 0x84, 0x00, 0x00, 0x00, 0x00, 0x00, 0xFF, 0x84, 0x00, 0x00, 0x00, 0x00, 
0x00, 0xFF, 0x84, 0x00, 0x00, 0x00, 0x00, 0x00, 0xFF, 0x84, 0x00, 0x34, 0xCF, 0xFA, 0xD0, 0x34, 
0x00, 0x10, 0xEA, 0xBA, 0x58, 0xBB, 0xEA, 0x10, 0x6D, 0xF3, 0x0E, 0x00, 0x0E, 0xF4, 0x6D, 0xB1, 
0xB6, 0x00, 0x00, 0x00, 0xB7, 0xB1, 0xDC, 0x93, 0x00, 0x00, 0x00, 0x93, 0xDC, 0xF2, 0x8D, 0x10, 
0x10, 0x10, 0x8E, 0xF3, 0xFE, 0xFF, 0xFF, 0xFF, 0xFF, 0xFF, 0xFE, 0xFE, 0xA3, 0x40, 0x40, 0x40, 
0xA4, 0xFD, 0xF2, 0x8C, 0x00, 0x00, 0x00, 0x8D, 0xF2, 0xDC, 0xA1, 0x00, 0x00, 0x00, 0xA1, 0xDA, 
0xB1, 0xC9, 0x00, 0x00, 0x00, 0xCB, 0xB0, 0x6D, 0xFC, 0x1A, 0x00, 0x1C, 0xFD, 0x69, 0x10, 0xEC, 
0xC2, 0x59, 0xC7, 0xE9, 0x0E, 0x00, 0x38, 0xD2, 0xFC, 0xCD, 0x33, 0x00, 0xFF, 0x84, 0x00, 0x00, 
0xFF, 0x84, 0x00, 0x00, 0xFF, 0x84, 0x00, 0x00, 0xFF, 0x84, 0x00, 0x00, 0xFF, 0x84, 0x00, 0x00, 
0xFF, 0x84, 0x00, 0x00, 0xFF, 0x84, 0x00, 0x00, 0xFD, 0x88, 0x00, 0x00, 0xDD, 0xD8, 0x5F, 0x3B, 
0x53, 0xEB, 0xF6, 0x66, 0xFF, 0x84, 0x00, 0x03, 0xCD, 0xD2, 0x06, 0xFF, 0x84, 0x00, 0x6C, 0xFC, 
0x34, 0x00, 0xFF, 0x84, 0x18, 0xF1, 0x8B, 0x00, 0x00, 0xFF, 0x84, 0xA8, 0xDA, 0x08, 0x00, 0x00, 
0xFF, 0xBF, 0xFF, 0xC6, 0x00, 0x00, 0x00, 0xFF, 0xFB, 0x97, 0xFF, 0x40, 0x00, 0x00, 0xFF, 0x92, 
0x03, 0xDE, 0xB8, 0x00, 0x00, 0xFF, 0x84, 0x00, 0x6B, 0xFF, 0x33, 0x00, 0xFF, 0x84, 0x00, 0x0B, 
0xED, 0xAB, 0x00, 0xFF, 0x84, 0x00, 0x00, 0x83, 0xFD, 0x26, 0x00, 0xF5, 0xE8, 0x50, 0x00, 0x00, 
0x00, 0x00, 0x00, 0x00, 0x58, 0xBB, 0xEE, 0x0A, 0x00, 0x00, 0x00, 0x00, 0x00, 0x00, 0x2E, 0xFF, 
0x51, 0x00, 0x00, 0x00, 0x00, 0x00, 0x00, 0x01, 0xEB, 0x94, 0x00, 0x00, 0x00, 0x00, 0x00, 0x00, 
0x00, 0xCD, 0xD5, 0x00, 0x00, 0x00, 0x00, 0x00, 0x00, 0x18, 0xFE, 0xFF, 0x18, 0x00, 0x00, 0x00, 
0x00, 0x00, 0x64, 0xE9, 0xF9, 0x58, 0x00, 0x00, 0x00, 0x00, 0x00, 0xB2, 0xAA, 0xCC, 0x9B, 0x00, 
0x00, 0x00, 0x00, 0x0B, 0xF7, 0x62, 0x90, 0xDC, 0x00, 0x00, 0x00, 0x00, 0x52, 0xFF, 0x1A, 0x50, 
0xFF, 0x1C, 0x00, 0x00, 0x00, 0x9F, 0xD2, 0x00, 0x12, 0xFE, 0x60, 0x00, 0x00, 0x03, 0xEB, 0x8B, 
0x00, 0x00, 0xCF, 0xA1, 0x00, 0x00, 0x3E, 0xFF, 0x43, 0x00, 0x00, 0x84, 0xF2, 0x60, 0x03, 0x8E, 
0xF5, 0x07, 0x00, 0x00, 0x17, 0xD2, 0xF5, 0x07, 0xFF, 0x84, 0x00, 0x00, 0x00, 0xFF, 0x84, 0xFF, 
0x84, 0x00, 0x00, 0x00, 0xFF, 0x84, 0xFF, 0x84, 0x00, 0x00, 0x00, 0xFF, 0x84, 0xFF, 0x84, 0x00, 
0x00, 0x00, 0xFF, 0x84, 0xFF, 0x84, 0x00, 0x00, 0x00, 0xFF, 0x84, 0xFF, 0x84, 0x00, 0x00, 0x03, 
0xFF, 0x84, 0xFF, 0x87, 0x00, 0x00, 0x19, 0xFF, 0x84, 0xFF, 0xAA, 0x00, 0x00, 0x57, 0xFF, 0x84, 
0xFF, 0xFA, 0x6F, 0x65, 0xD9, 0xEE, 0x84, 0xFF, 0xC0, 0xE8, 0xE7, 0x4F, 0xC1, 0x84, 0xFF, 0x84, 
0x00, 0x00, 0x00, 0x00, 0x00, 0xFF, 0x84, 0x00, 0x00, 0x00, 0x00, 0x00, 0xFF, 0x84, 0x00, 0x00, 
0x00, 0x00, 0x00, 0xFF, 0x84, 0x00, 0x00, 0x00, 0x00, 0x00, 0x6C, 0xFF, 0x1E, 0x00, 0x00, 0x03, 
0xFF, 0x81, 0x2C, 0xFF, 0x59, 0x00, 0x00, 0x0E, 0xFF, 0x76, 0x01, 0xEB, 0x94, 0x00, 0x00, 0x22, 
0xFF, 0x5F, 0x00, 0xAC, 0xD0, 0x00, 0x00, 0x46, 0xFF, 0x3B, 0x00, 0x6E, 0xFD, 0x0E, 0x00, 0x77, 
0xFB, 0x0C, 0x00, 0x30, 0xFF, 0x46, 0x00, 0xBB, 0xBF, 0x00, 0x00, 0x02, 0xEE, 0x7E, 0x19, 0xFC, 
0x65, 0x00, 0x00, 0x00, 0xB0, 0xB6, 0x89, 0xE8, 0x09, 0x00, 0x00, 0x00, 0x70, 0xF0, 0xF7, 0x65, 
0x00, 0x00, 0x00, 0x00, 0x30, 0xFF, 0xBE, 0x02, 0x00, 0x00, 0x84, 0xFF, 0xFF, 0xFF, 0xFF, 0x7C, 
0x29, 0x88, 0xF4, 0xA8, 0x5E, 0x27, 0x25, 0xF8, 0x74, 0x00, 0x00, 0x00, 0x79, 0xFF, 0x0D, 0x00, 
0x00, 0x00, 0x77, 0xFF, 0x12, 0x00, 0x00, 0x00, 0x2F, 0xFB, 0x9C, 0x21, 0x10, 0x02, 0x00, 0x54, 
0xF6, 0xFF, 0xFF, 0x1C, 0x31, 0xF3, 0xB2, 0x4F, 0x40, 0x07, 0xB9, 0xD0, 0x02, 0x00, 0x00, 0x00, 
0xF4, 0x8C, 0x00, 0x00, 0x00, 0x00, 0xF9, 0x90, 0x00, 0x00, 0x00, 0x00, 0xCA, 0xE6, 0x1F, 0x00, 
0x00, 0x00, 0x47, 0xF9, 0xF5, 0x9C, 0x2D, 0x00, 0x00, 0x29, 0x96, 0xF4, 0xF7, 0x2F, 0x00, 0x00, 
0x00, 0x2C, 0xFF, 0x7C, 0x00, 0x00, 0x00, 0x1B, 0xFF, 0x66, 0x00, 0x00, 0x00, 0x7E, 0xF4, 0x11, 
0x00, 0x00, 0x00, 0x44, 0x37, 0x00, 0x00, 0x56, 0xD8, 0xFA, 0xD6, 0x4C, 0x00, 0x3B, 0xFE, 0xAB, 
0x58, 0xAD, 0xFB, 0x31, 0xAB, 0xE3, 0x04, 0x00, 0x06, 0xE4, 0xA4, 0xE4, 0xA2, 0x00, 0x00, 0x00, 
0xA2, 0xE2, 0xFC, 0x88, 0x00, 0x00, 0x00, 0x88, 0xFC, 0xFA, 0x88, 0x00, 0x00, 0x00, 0x88, 0xFA, 
0xDF, 0xA1, 0x00, 0x00, 0x00, 0xA2, 0xDE, 0xA4, 0xE3, 0x05, 0x00, 0x06, 0xE4, 0xA0, 0x31, 0xFB, 
0xAC, 0x58, 0xAD, 0xFA, 0x2D, 0x00, 0x4D, 0xD7, 0xFC, 0xD6, 0x4B, 0x00, 0x42, 0xED, 0xFF, 0xFF, 
0xFF, 0xFF, 0xFF, 0xFF, 0xFF, 0x80, 0x29, 0x50, 0xFF, 0xAB, 0x50, 0x50, 0xAB, 0xFF, 0x50, 0x28, 
0x00, 0x00, 0xFF, 0x84, 0x00, 0x00, 0x84, 0xFF, 0x00, 0x00, 0x00, 0x00, 0xFF, 0x84, 0x00, 0x00, 
0x84, 0xFF, 0x00, 0x00, 0x00, 0x00, 0xFF, 0x84, 0x00, 0x00, 0x84, 0xFF, 0x00, 0x00, 0x00, 0x00, 
0xFF, 0x84, 0x00, 0x00, 0x84, 0xFF, 0x00, 0x00, 0x00, 0x00, 0xFF, 0x84, 0x00, 0x00, 0x84, 0xFF, 
0x00, 0x00, 0x00, 0x00, 0xFF, 0x84, 0x00, 0x00, 0x83, 0xFF, 0x01, 0x00, 0x00, 0x00, 0xFF, 0x84, 
0x00, 0x00, 0x6B, 0xFF, 0x73, 0x24, 0x00, 0x00, 0xFF, 0x84, 0x00, 0x00, 0x15, 0xD2, 0xFA, 0x4F, 
0x00, 0x5E, 0xDD, 0xFC, 0xDA, 0x55, 0x00, 0x45, 0xFF, 0xA5, 0x58, 0xA8, 0xFD, 0x39, 0xB4, 0xD8, 
0x02, 0x00, 0x03, 0xDE, 0xAA, 0xEA, 0x99, 0x00, 0x00, 0x00, 0xA1, 0xE3, 0xFE, 0x86, 0x00, 0x00, 
0x00, 0x88, 0xFC, 0xFF, 0x84, 0x00, 0x00, 0x00, 0x89, 0xFC, 0xFF, 0x84, 0x00, 0x00, 0x00, 0xA4, 
0xE3, 0xFF, 0x85, 0x00, 0x00, 0x07, 0xE7, 0xAC, 0xFF, 0xF0, 0x7A, 0x57, 0xB5, 0xFF, 0x40, 0xFF, 
0xAF, 0xC7, 0xFB, 0xDD, 0x5C, 0x00, 0xFF, 0x84, 0x00, 0x00, 0x00, 0x00, 0x00, 0xFF, 0x84, 0x00, 
0x00, 0x00, 0x00, 0x00, 0xFF, 0x84, 0x00, 0x00, 0x00, 0x00, 0x00, 0xFF, 0x84, 0x00, 0x00, 0x00, 
0x00, 0x00, 0x00, 0x47, 0xD3, 0xFC, 0xE4, 0x53, 0x2B, 0xF9, 0xBA, 0x57, 0x7B, 0x2C, 0x9B, 0xEB, 
0x0A, 0x00, 0x00, 0x00, 0xD9, 0xAB, 0x00, 0x00, 0x00, 0x00, 0xF8, 0x8C, 0x00, 0x00, 0x00, 0x00, 
0xFF, 0x86, 0x00, 0x00, 0x00, 0x00, 0xF1, 0x99, 0x00, 0x00, 0x00, 0x00, 0xC3, 0xE1, 0x0C, 0x00, 
0x00, 0x00, 0x56, 0xFF, 0xD0, 0x4E, 0x02, 0x00, 0x00, 0x63, 0xE6, 0xFF, 0xC8, 0x0E, 0x00, 0x00, 
0x05, 0x7C, 0xFF, 0x6D, 0x00, 0x00, 0x00, 0x08, 0xFF, 0x79, 0x00, 0x00, 0x00, 0x4A, 0xFF, 0x31, 
0x00, 0x00, 0x00, 0x9A, 0x9A, 0x00, 0x00, 0x31, 0xB7, 0xF3, 0xFF, 0xFF, 0xFF, 0x80, 0x24, 0xF2, 
0xD3, 0x65, 0x85, 0xFD, 0x63, 0x28, 0x9B, 0xF0, 0x13, 0x00, 0x07, 0xF0, 0x80, 0x00, 0xDD, 0xA9, 
0x00, 0x00, 0x00, 0xB3, 0xCE, 0x00, 0xF9, 0x8A, 0x00, 0x00, 0x00, 0x8F, 0xF5, 0x00, 0xFD, 0x87, 
0x00, 0x00, 0x00, 0x87, 0xFE, 0x00, 0xE7, 0xA1, 0x00, 0x00, 0x00, 0x9E, 0xEB, 0x00, 0xAD, 0xE4, 
0x06, 0x00, 0x04, 0xE0, 0xB0, 0x00, 0x3B, 0xFD, 0xB0, 0x58, 0xAB, 0xFD, 0x3B, 0x00, 0x00, 0x53, 
0xD9, 0xFC, 0xD7, 0x50, 0x00, 0x00, 0x87, 0xFF, 0xFF, 0xFF, 0xFF, 0xFF, 0x44, 0x50, 0xFF, 0xAB, 
0x50, 0x50, 0x00, 0x00, 0xFF, 0x84, 0x00, 0x00, 0x00, 0x00, 0xFF, 0x84, 0x00, 0x00, 0x00, 0x00, 
0xFF, 0x84, 0x00, 0x00, 0x00, 0x00, 0xFF, 0x84, 0x00, 0x00, 0x00, 0x00, 0xFF, 0x84, 0x00, 0x00, 
0x00, 0x00, 0xF9, 0x94, 0x00, 0x00, 0x00, 0x00, 0xC7, 0xEC, 0x61, 0x66, 0x00, 0x00, 0x33, 0xD6, 
0xFE, 0xDD, 0xFF, 0x84, 0x00, 0x00, 0x66, 0xFF, 0x23, 0xFF, 0x84, 0x00, 0x00, 0x3B, 0xFF, 0x5A, 
0xFF, 0x84, 0x00, 0x00, 0x1B, 0xFF, 0x7C, 0xFF, 0x84, 0x00, 0x00, 0x0A, 0xFF, 0x84, 0xFF, 0x84, 
0x00, 0x00, 0x02, 0xFF, 0x84, 0xFF, 0x84, 0x00, 0x00, 0x06, 0xFF, 0x7D, 0xF6, 0x90, 0x00, 0x00, 
0x1F, 0xFF, 0x64, 0xD6, 0xC0, 0x00, 0x00, 0x60, 0xFF, 0x2D, 0x88, 0xFF, 0x81, 0x68, 0xEB, 0xBF, 
0x00, 0x0C, 0xA4, 0xF2, 0xF7, 0xAE, 0x16, 0x00, 0x00, 0x85, 0x5E, 0x00, 0x25, 0xCD, 0xFA, 0xC4, 
0x20, 0x00, 0x2F, 0xFE, 0x75, 0x00, 0xB9, 0xE6, 0x5E, 0xDC, 0xCC, 0x01, 0x99, 0xF0, 0x09, 0x00, 
0xF3, 0x93, 0x00, 0x51, 0xFF, 0x38, 0xDC, 0xAC, 0x00, 0x00, 0xFF, 0x84, 0x00, 0x15, 0xFF, 0x6F, 
0xFB, 0x8A, 0x00, 0x00, 0xFF, 0x84, 0x00, 0x02, 0xFF, 0x81, 0xFA, 0x8B, 0x00, 0x00, 0xFF, 0x84, 
0x00, 0x0D, 0xFF, 0x77, 0xD9, 0xB2, 0x00, 0x00, 0xFF, 0x84, 0x00, 0x3D, 0xFF, 0x4C, 0x8C, 0xFA, 
0x28, 0x00, 0xFF, 0x84, 0x01, 0xB0, 0xE9, 0x08, 0x13, 0xDE, 0xEB, 0x7A, 0xFF, 0xB4, 0xB3, 0xFC, 
0x51, 0x00, 0x00, 0x14, 0x8C, 0xD3, 0xFF, 0xEE, 0xB0, 0x3C, 0x00, 0x00, 0x00, 0x00, 0x00, 0x00, 
0xFF, 0x84, 0x00, 0x00, 0x00, 0x00, 0x00, 0x00, 0x00, 0x00, 0xFF, 0x84, 0x00, 0x00, 0x00, 0x00, 
0x00, 0x00, 0x00, 0x00, 0xFF, 0x84, 0x00, 0x00, 0x00, 0x00, 0x00, 0x00, 0x00, 0x00, 0xFF, 0x84, 
0x00, 0x00, 0x00, 0x00, 0x00, 0xA1, 0xF4, 0x66, 0x00, 0x00, 0x64, 0xFE, 0x24, 0x00, 0x39, 0xB6, 
0xF3, 0x0B, 0x00, 0xC0, 0xB9, 0x00, 0x00, 0x00, 0x2D, 0xFF, 0x50, 0x21, 0xFF, 0x4F, 0x00, 0x00, 
0x00, 0x00, 0xE1, 0x97, 0x7C, 0xE3, 0x03, 0x00, 0x00, 0x00, 0x00, 0x99, 0xDE, 0xDB, 0x7C, 0x00, 
0x00, 0x00, 0x00, 0x00, 0x52, 0xFF, 0xFB, 0x18, 0x00, 0x00, 0x00, 0x00, 0x00, 0x15, 0xFF, 0xAD, 
0x00, 0x00, 0x00, 0x00, 0x00, 0x00, 0x5B, 0xFF, 0xC0, 0x00, 0x00, 0x00, 0x00, 0x00, 0x00, 0xC7, 
0xEC, 0xFA, 0x0C, 0x00, 0x00, 0x00, 0x00, 0x33, 0xFF, 0x5D, 0xFF, 0x4E, 0x00, 0x00, 0x00, 0x00, 
0x9E, 0xD4, 0x00, 0xE5, 0x94, 0x00, 0x00, 0x00, 0x14, 0xF8, 0x71, 0x00, 0xA3, 0xE2, 0x01, 0x00, 
0x00, 0x77, 0xFB, 0x16, 0x00, 0x4E, 0xFF, 0x86, 0x31, 0x03, 0xDF, 0xB0, 0x00, 0x00, 0x01, 0xA0, 
0xF9, 0x82, 0x00, 0x00, 0x00, 0x84, 0xFF, 0x00, 0x00, 0x00, 0x00, 0x00, 0x00, 0x00, 0x84, 0xFF, 
0x00, 0x00, 0x00, 0x00, 0x00, 0x00, 0x00, 0x84, 0xFF, 0x00, 0x00, 0x00, 0x00, 0x00, 0x00, 0x00, 
0x84, 0xFF, 0x00, 0x00, 0x00, 0x00, 0xFF, 0x84, 0x00, 0x84, 0xFF, 0x00, 0x66, 0xFE, 0x0E, 0xFF, 
0x84, 0x00, 0x84, 0xFF, 0x00, 0x39, 0xFF, 0x3F, 0xFF, 0x84, 0x00, 0x84, 0xFF, 0x00, 0x1B, 0xFF, 
0x63, 0xFF, 0x84, 0x00, 0x84, 0xFF, 0x00, 0x09, 0xFF, 0x7A, 0xFF, 0x84, 0x00, 0x84, 0xFF, 0x00, 
0x01, 0xFF, 0x82, 0xFD, 0x87, 0x00, 0x84, 0xFF, 0x00, 0x0A, 0xFF, 0x7B, 0xE7, 0x9F, 0x00, 0x84, 
0xFF, 0x00, 0x29, 0xFF, 0x5D, 0xB1, 0xE4, 0x06, 0x84, 0xFF, 0x00, 0x7B, 0xFE, 0x1E, 0x41, 0xFE, 
0xB3, 0xAD, 0xFF, 0x78, 0xF7, 0xA5, 0x00, 0x00, 0x58, 0xDB, 0xFF, 0xFF, 0xF1, 0x9D, 0x0B, 0x00, 
0x00, 0x00, 0x00, 0x84, 0xFF, 0x00, 0x00, 0x00, 0x00, 0x00, 0x00, 0x00, 0x84, 0xFF, 0x00, 0x00, 
0x00, 0x00, 0x00, 0x00, 0x00, 0x84, 0xFF, 0x00, 0x00, 0x00, 0x00, 0x00, 0x00, 0x00, 0x84, 0xFF, 
0x00, 0x00, 0x00, 0x00, 0x49, 0xFF, 0x40, 0x00, 0x00, 0x00, 0x00, 0xBD, 0xCE, 0x00, 0x91, 0xF0, 
0x03, 0x00, 0x00, 0x00, 0x00, 0x71, 0xFF, 0x18, 0xC9, 0xBA, 0x00, 0x00, 0x00, 0x00, 0x00, 0x3A, 
0xFF, 0x4F, 0xEB, 0x97, 0x00, 0x00, 0x88, 0x46, 0x00, 0x17, 0xFF, 0x71, 0xFC, 0x88, 0x00, 0x00, 
0xFF, 0x84, 0x00, 0x07, 0xFF, 0x80, 0xFD, 0x86, 0x00, 0x00, 0xFF, 0x84, 0x00, 0x02, 0xFF, 0x80, 
0xEB, 0x99, 0x00, 0x06, 0xFF, 0x88, 0x00, 0x14, 0xFF, 0x6E, 0xBD, 0xCA, 0x00, 0x27, 0xFF, 0xAB, 
0x00, 0x45, 0xFF, 0x40, 0x64, 0xFF, 0x83, 0xB4, 0xD1, 0xF8, 0x70, 0xCC, 0xE1, 0x04, 0x03, 0x99, 
0xF8, 0xD7, 0x29, 0x7E, 0xF5, 0xDD, 0x3B, 0x00, 0xE3, 0x68, 0x00, 0xE3, 0x68, 0x38, 0x14, 0x00, 
0x38, 0x12, 0x00, 0x00, 0x00, 0x00, 0x00, 0x00, 0x84, 0xFF, 0x00, 0x00, 0x00, 0x84, 0xFF, 0x00, 
0x00, 0x00, 0x84, 0xFF, 0x00, 0x00, 0x00, 0x84, 0xFF, 0x00, 0x00, 0x00, 0x84, 0xFF, 0x00, 0x00, 
0x00, 0x84, 0xFF, 0x00, 0x00, 0x00, 0x84, 0xFF, 0x00, 0x00, 0x00, 0x81, 0xFF, 0x04, 0x00, 0x00, 
0x62, 0xFF, 0x84, 0x6B, 0x00, 0x0A, 0xBB, 0xFC, 0xDD, 0x00, 0xE3, 0x6A, 0x00, 0xE3, 0x68, 0x00, 
0x00, 0x38, 0x15, 0x00, 0x38, 0x12, 0x00, 0x00, 0x00, 0x00, 0x00, 0x00, 0x00, 0x00, 0xFF, 0x84, 
0x00, 0x00, 0x52, 0xFF, 0x36, 0xFF, 0x84, 0x00, 0x00, 0x2F, 0xFF, 0x62, 0xFF, 0x84, 0x00, 0x00, 
0x17, 0xFF, 0x7C, 0xFF, 0x84, 0x00, 0x00, 0x07, 0xFF, 0x84, 0xFF, 0x84, 0x00, 0x00, 0x02, 0xFF, 
0x84, 0xFF, 0x84, 0x00, 0x00, 0x06, 0xFF, 0x7D, 0xF6, 0x90, 0x00, 0x00, 0x1F, 0xFF, 0x64, 0xD6, 
0xC0, 0x00, 0x00, 0x60, 0xFF, 0x2D, 0x88, 0xFF, 0x81, 0x68, 0xEB, 0xBF, 0x00, 0x0C, 0xA4, 0xF2, 
0xF7, 0xAE, 0x16, 0x00, 0x00, 0x00, 0x00, 0x8A, 0xEC, 0x06, 0x00, 0x00, 0x00, 0x00, 0xC7, 0x85, 
0x00, 0x00, 0x00, 0x00, 0x13, 0xEC, 0x12, 0x00, 0x00, 0x00, 0x00, 0x00, 0x00, 0x00, 0x00, 0x00, 
0x00, 0x56, 0xD8, 0xFA, 0xD6, 0x4C, 0x00, 0x3B, 0xFE, 0xAB, 0x58, 0xAD, 0xFB, 0x31, 0xAB, 0xE3, 
0x04, 0x00, 0x06, 0xE4, 0xA4, 0xE4, 0xA2, 0x00, 0x00, 0x00, 0xA2, 0xE2, 0xFC, 0x88, 0x00, 0x00, 
0x00, 0x88, 0xFC, 0xFA, 0x88, 0x00, 0x00, 0x00, 0x88, 0xFA, 0xDF, 0xA1, 0x00, 0x00, 0x00, 0xA2, 
0xDE, 0xA4, 0xE3, 0x05, 0x00, 0x06, 0xE4, 0xA0, 0x31, 0xFB, 0xAC, 0x58, 0xAD, 0xFA, 0x2D, 0x00, 
0x4D, 0xD7, 0xFC, 0xD6, 0x4B, 0x00, 0x00, 0x00, 0x00, 0xEB, 0x7F, 0x00, 0x00, 0x00, 0x00, 0x25, 
0xFB, 0x1B, 0x00, 0x00, 0x00, 0x00, 0x69, 0x99, 0x00, 0x00, 0x00, 0x00, 0x00, 0x00, 0x00, 0x00, 
0x00, 0x00, 0xFF, 0x84, 0x00, 0x00, 0x66, 0xFF, 0x23, 0xFF, 0x84, 0x00, 0x00, 0x3B, 0xFF, 0x5A, 
0xFF, 0x84, 0x00, 0x00, 0x1B, 0xFF, 0x7C, 0xFF, 0x84, 0x00, 0x00, 0x0A, 0xFF, 0x84, 0xFF, 0x84, 
0x00, 0x00, 0x02, 0xFF, 0x84, 0xFF, 0x84, 0x00, 0x00, 0x06, 0xFF, 0x7D, 0xF6, 0x90, 0x00, 0x00, 
0x1F, 0xFF, 0x64, 0xD6, 0xC0, 0x00, 0x00, 0x60, 0xFF, 0x2D, 0x88, 0xFF, 0x81, 0x68, 0xEB, 0xBF, 
0x00, 0x0C, 0xA4, 0xF2, 0xF7, 0xAE, 0x16, 0x00, 0x00, 0x00, 0x00, 0x00, 0x40, 0xFF, 0x4A, 0x00, 
0x00, 0x00, 0x00, 0x00, 0x00, 0x00, 0x83, 0xD6, 0x02, 0x00, 0x00, 0x00, 0x00, 0x00, 0x00, 0x00, 
0xCE, 0x4F, 0x00, 0x00, 0x00, 0x00, 0x00, 0x00, 0x00, 0x00, 0x00, 0x00, 0x00, 0x00, 0x00, 0x00, 
0x49, 0xFF, 0x40, 0x00, 0x00, 0x00, 0x00, 0xBD, 0xCE, 0x00, 0x91, 0xF0, 0x03, 0x00, 0x00, 0x00, 
0x00, 0x71, 0xFF, 0x18, 0xC9, 0xBA, 0x00, 0x00, 0x00, 0x00, 0x00, 0x3A, 0xFF, 0x4F, 0xEB, 0x97, 
0x00, 0x00, 0x88, 0x46, 0x00, 0x17, 0xFF, 0x71, 0xFC, 0x88, 0x00, 0x00, 0xFF, 0x84, 0x00, 0x07, 
0xFF, 0x80, 0xFD, 0x86, 0x00, 0x00, 0xFF, 0x84, 0x00, 0x02, 0xFF, 0x80, 0xEB, 0x99, 0x00, 0x06, 
0xFF, 0x88, 0x00, 0x14, 0xFF, 0x6E, 0xBD, 0xCA, 0x00, 0x27, 0xFF, 0xAB, 0x00, 0x45, 0xFF, 0x40, 
0x64, 0xFF, 0x83, 0xB4, 0xD1, 0xF8, 0x70, 0xCC, 0xE1, 0x04, 0x03, 0x99, 0xF8, 0xD7, 0x29, 0x7E, 
0xF5, 0xDD, 0x3B, 0x00, 0xFF, 0x84, 0x00, 0x00, 0x05, 0xD5, 0xD3, 0x05, 0xFF, 0x84, 0x00, 0x00, 
0x78, 0xFF, 0x3B, 0x00, 0xFF, 0x84, 0x00, 0x1F, 0xF6, 0x9B, 0x00, 0x00, 0xFF, 0x84, 0x00, 0xB3, 
0xEA, 0x12, 0x00, 0x00, 0xFF, 0x84, 0x50, 0xFF, 0x5D, 0x00, 0x00, 0x00, 0xFF, 0x8E, 0xE1, 0xCA, 
0x01, 0x00, 0x00, 0x00, 0xFF, 0xEF, 0xFF, 0xF0, 0x10, 0x00, 0x00, 0x00, 0xFF, 0xE4, 0x49, 0xFE, 
0x81, 0x00, 0x00, 0x00, 0xFF, 0x84, 0x00, 0xAF, 0xF2, 0x12, 0x00, 0x00, 0xFF, 0x84, 0x00, 0x31, 
0xFF, 0x84, 0x00, 0x00, 0xFF, 0x84, 0x00, 0x00, 0xB5, 0xF2, 0x12, 0x00, 0xFF, 0x84, 0x00, 0x00, 
0x39, 0xFF, 0x85, 0x00, 0xFF, 0x84, 0x00, 0x00, 0x00, 0xBC, 0xF4, 0x14, 0x00, 0x00, 0x00, 0x00, 
0x00, 0x87, 0xFF, 0x2C, 0x00, 0x00, 0x00, 0x00, 0x0C, 0xE1, 0xDA, 0x01, 0xCD, 0x78, 0x56, 0x67, 
0xD0, 0xFE, 0x4F, 0x00, 0x7F, 0xCF, 0xF9, 0xF9, 0xC8, 0x4C, 0x00, 0x00, 0x00, 0x06, 0x8B, 0xEC, 
0xF5, 0x91, 0x01, 0x00, 0x9C, 0xF7, 0x70, 0x8F, 0xFF, 0x50, 0x2D, 0xFF, 0x77, 0x00, 0x06, 0xFF, 
0x80, 0x87, 0xFF, 0x7A, 0x0B, 0x47, 0xFF, 0x62, 0xC2, 0xEA, 0xF6, 0xFF, 0xFF, 0xC5, 0x08, 0xE6, 
0x94, 0x9F, 0xFF, 0xFF, 0x9B, 0x04, 0xF9, 0xEB, 0xB3, 0x4C, 0x88, 0xFF, 0x73, 0xFF, 0xC3, 0x03, 
0x00, 0x00, 0xCA, 0xD2, 0xF9, 0x88, 0x00, 0x00, 0x00, 0x90, 0xF8, 0xE4, 0x99, 0x00, 0x00, 0x00, 
0x88, 0xFC, 0xBE, 0xC1, 0x00, 0x00, 0x00, 0x9F, 0xE2, 0x7D, 0xFB, 0x1A, 0x00, 0x05, 0xE2, 0xA3, 
0x19, 0xF2, 0xC7, 0x59, 0xAB, 0xF8, 0x2C, 0x00, 0x3C, 0xCE, 0xFC, 0xD3, 0x45, 0x00, 0x00, 0x00, 
0x00, 0x81, 0xEC, 0xF9, 0xB8, 0x1F, 0x00, 0x00, 0x00, 0x00, 0x4A, 0xFF, 0x97, 0x60, 0xE0, 0xD7, 
0x05, 0x00, 0x00, 0x00, 0x7F, 0xFF, 0x08, 0x00, 0x3B, 0xFF, 0x5A, 0x00, 0x00, 0x00, 0x66, 0xFF, 
0x2E, 0x00, 0x00, 0xDC, 0xAA, 0x00, 0x00, 0x00, 0x0F, 0xE2, 0xDE, 0x59, 0x1F, 0xAD, 0xDD, 0x10, 
0x00, 0x05, 0x05, 0x1F, 0xAE, 0xFC, 0xFF, 0xFF, 0xFF, 0xFF, 0x26, 0xF7, 0xF1, 0x2C, 0x00, 0x0D, 
0x33, 0xA3, 0xFF, 0x40, 0x04, 0x5A, 0xFF, 0x7C, 0x00, 0x00, 0x00, 0x86, 0xFE, 0x00, 0x00, 0x00, 
0xFF, 0x84, 0x00, 0x00, 0x00, 0x92, 0xF1, 0x00, 0x00, 0x00, 0xFF, 0x84, 0x00, 0x00, 0x00, 0xAD, 
0xD6, 0x00, 0x00, 0x00, 0xFF, 0x84, 0x00, 0x00, 0x00, 0xE1, 0xA4, 0x00, 0x00, 0x00, 0xF0, 0x9E, 
0x00, 0x00, 0x44, 0xFF, 0x53, 0x00, 0x00, 0x00, 0xA3, 0xF7, 0x6D, 0x69, 0xE7, 0xC8, 0x03, 0x00, 
0x00, 0x00, 0x15, 0xAF, 0xF5, 0xF2, 0xA5, 0x14, 0x00, 0x00, 0x02, 0xE2, 0xC4, 0x00, 0x00, 0x00, 
0x4F, 0xF2, 0x77, 0x00, 0x80, 0xFE, 0x1B, 0x00, 0x00, 0xD7, 0xC7, 0x29, 0x00, 0x21, 0xFE, 0x71, 
0x00, 0x37, 0xFF, 0x40, 0x00, 0x00, 0x00, 0xBC, 0xC8, 0x00, 0x87, 0xE3, 0x02, 0x00, 0x00, 0x00, 
0x5A, 0xFF, 0x1F, 0xD1, 0x8B, 0x00, 0x00, 0x00, 0x00, 0x08, 0xF0, 0x8A, 0xFF, 0x39, 0x00, 0x00, 
0x00, 0x00, 0x00, 0x94, 0xFA, 0xEC, 0x02, 0x00, 0x00, 0x00, 0x00, 0x00, 0x34, 0xFF, 0xA9, 0x00, 
0x00, 0x00, 0x00, 0x00, 0x00, 0x00, 0xFF, 0x84, 0x00, 0x00, 0x00, 0x00, 0x00, 0x00, 0x00, 0xFF, 
0x84, 0x00, 0x00, 0x00, 0x00, 0x00, 0x00, 0x00, 0xFF, 0x84, 0x00, 0x00, 0x00, 0x00, 0x00, 0x00, 
0x00, 0xFF, 0x84, 0x00, 0x00, 0x00, 0x00, 0x00, 0x00, 0x00, 0xFF, 0x84, 0x00, 0x00, 0x00, 0x52, 
0xFF, 0x37, 0x00, 0x00, 0x00, 0x00, 0x00, 0x00, 0x00, 0x00, 0x8C, 0xC8, 0x02, 0xDE, 0xC7, 0x00, 
0x00, 0x00, 0x4F, 0xF2, 0x78, 0xD1, 0x3F, 0x00, 0x7A, 0xFF, 0x1E, 0x00, 0x00, 0xD6, 0xC4, 0x29, 
0x00, 0x00, 0x00, 0x18, 0xFB, 0x73, 0x00, 0x34, 0xFF, 0x39, 0x00, 0x00, 0x00, 0x00, 0x00, 0xAB, 
0xC9, 0x00, 0x84, 0xD6, 0x00, 0x00, 0x00, 0x00, 0x00, 0x00, 0x44, 0xFF, 0x21, 0xCD, 0x7B, 0x00, 
0x00, 0x00, 0x00, 0x00, 0x00, 0x01, 0xDB, 0x8A, 0xFE, 0x26, 0x00, 0x00, 0x00, 0x00, 0x00, 0x00, 
0x00, 0x75, 0xFA, 0xD8, 0x00, 0x00, 0x00, 0x00, 0x00, 0x00, 0x00, 0x00, 0x15, 0xFF, 0x94, 0x00, 
0x00, 0x00, 0x00, 0x00, 0x00, 0x00, 0x00, 0x00, 0xFF, 0x84, 0x00, 0x00, 0x00, 0x00, 0x00, 0x00, 
0x00, 0x00, 0x00, 0xFF, 0x84, 0x00, 0x00, 0x00, 0x00, 0x00, 0x00, 0x00, 0x00, 0x00, 0xFF, 0x84, 
0x00, 0x00, 0x00, 0x00, 0x00, 0x00, 0x00, 0x00, 0x00, 0xFF, 0x84, 0x00, 0x00, 0x00, 0x00, 0x00, 
0x00, 0x00, 0x00, 0x00, 0xFF, 0x84, 0x00, 0x00, 0x00, 0x00, 0x00, 0x06, 0x01, 0x00, 0x06, 0x00, 
0x00, 0x00, 0x00, 0x00, 0xE9, 0x6E, 0x00, 0xEA, 0x6C, 0x00, 0x00, 0x00, 0x00, 0x2A, 0x0D, 0x00, 
0x2B, 0x0D, 0x00, 0x00, 0x00, 0x00, 0x00, 0x00, 0x00, 0x00, 0x00, 0x00, 0x00, 0x54, 0xFF, 0x57, 
0x00, 0x00, 0x00, 0x6B, 0xF6, 0x76, 0x07, 0xED, 0xB4, 0x00, 0x00, 0x0F, 0xF4, 0xAF, 0x2A, 0x00, 
0x93, 0xFB, 0x16, 0x00, 0x69, 0xF6, 0x14, 0x00, 0x00, 0x30, 0xFF, 0x6E, 0x00, 0xC2, 0x9C, 0x00, 
0x00, 0x00, 0x00, 0xD0, 0xCC, 0x15, 0xFD, 0x35, 0x00, 0x00, 0x00, 0x00, 0x70, 0xFF, 0x84, 0xD5, 
0x00, 0x00, 0x00, 0x00, 0x00, 0x15, 0xFB, 0xFA, 0x7F, 0x00, 0x00, 0x00, 0x00, 0x00, 0x00, 0xAD, 
0xFF, 0x2C, 0x00, 0x00, 0x00, 0x00, 0x00, 0x00, 0x7C, 0xFF, 0x00, 0x00, 0x00, 0x00, 0x00, 0x00, 
0x00, 0x7C, 0xFF, 0x00, 0x00, 0x00, 0x00, 0x00, 0x00, 0x00, 0x7C, 0xFF, 0x00, 0x00, 0x00, 0x00, 
0x00, 0x00, 0x00, 0x7C, 0xFF, 0x00, 0x00, 0x00, 0x00, 0x00, 0x00, 0x00, 0x7C, 0xFF, 0x00, 0x00, 
0x00, 0x00, 0x00, 0x00, 0x00, 0x84, 0xFF, 0x00, 0x00, 0x00, 0x00, 0x00, 0x00, 0x00, 0x84, 0xFF, 
0x00, 0x00, 0x00, 0x00, 0x00, 0x00, 0x00, 0x84, 0xFF, 0x00, 0x00, 0x00, 0x00, 0x00, 0x00, 0x01, 
0x8C, 0xFF, 0x09, 0x00, 0x00, 0x00, 0x00, 0x4A, 0xDF, 0xFF, 0xFF, 0xF9, 0x98, 0x07, 0x00, 0x31, 
0xFA, 0xA7, 0xA1, 0xFF, 0x5C, 0xF4, 0x9A, 0x00, 0xA4, 0xE7, 0x06, 0x84, 0xFF, 0x00, 0x78, 0xFD, 
0x1D, 0xE4, 0xA1, 0x00, 0x84, 0xFF, 0x00, 0x28, 0xFF, 0x5D, 0xFD, 0x87, 0x00, 0x84, 0xFF, 0x00, 
0x0B, 0xFF, 0x78, 0xF8, 0x8F, 0x00, 0x84, 0xFF, 0x00, 0x12, 0xFF, 0x74, 0xD5, 0xB8, 0x00, 0x84, 
0xFF, 0x00, 0x38, 0xFF, 0x4F, 0x86, 0xF8, 0x20, 0x84, 0xFF, 0x00, 0x9C, 0xF1, 0x0C, 0x11, 0xDD, 
0xDF, 0xC4, 0xFF, 0xA4, 0xFF, 0x66, 0x00, 0x00, 0x16, 0x91, 0xE4, 0xFF, 0xB6, 0x4E, 0x00, 0x00, 
0x00, 0x00, 0x00, 0x84, 0xFF, 0x00, 0x00, 0x00, 0x00, 0x00, 0x00, 0x00, 0x84, 0xFF, 0x00, 0x00, 
0x00, 0x00, 0x00, 0x00, 0x00, 0x84, 0xFF, 0x00, 0x00, 0x00, 0x00, 0x00, 0x00, 0x00, 0x84, 0xFF, 
0x00, 0x00, 0x00, 0x00, 0xAB, 0xFF, 0xFF, 0xFF, 0xFF, 0xFF, 0xFF, 0xFF, 0xFF, 0xFF, 0xFF, 0x4F, 
0x90, 0xFF, 0x6A, 0x50, 0x50, 0x50, 0x54, 0xFD, 0x95, 0x50, 0x00, 0x97, 0xE4, 0x01, 0x00, 0x00, 
0x00, 0x00, 0xD0, 0x9F, 0x00, 0x00, 0xD0, 0xAC, 0x00, 0x00, 0x00, 0x00, 0x00, 0xA7, 0xD8, 0x00, 
0x00, 0xF4, 0x8E, 0x00, 0x00, 0xE4, 0x76, 0x00, 0x8F, 0xF6, 0x00, 0x00, 0xFE, 0x85, 0x00, 0x00, 
0xFF, 0x84, 0x00, 0x86, 0xFE, 0x00, 0x00, 0xF2, 0x90, 0x00, 0x05, 0xFF, 0x87, 0x00, 0x8F, 0xF4, 
0x00, 0x00, 0xC9, 0xBC, 0x00, 0x22, 0xFF, 0xA2, 0x00, 0xB3, 0xCF, 0x00, 0x00, 0x72, 0xFE, 0x71, 
0xAA, 0xDE, 0xEC, 0x68, 0xF9, 0x80, 0x00, 0x00, 0x05, 0xA1, 0xF9, 0xDD, 0x31, 0x9D, 0xFA, 0xB9, 
0x0C, 0x00, 0xCF, 0xF7, 0x85, 0x00, 0x00, 0x00, 0x23, 0xF7, 0x4F, 0x44, 0xB0, 0xFF, 0x35, 0x00, 
0x00, 0xB8, 0xFE, 0x0F, 0x00, 0x27, 0xFF, 0x73, 0x00, 0x55, 0xFF, 0xDA, 0x00, 0x00, 0x05, 0xFF, 
0x83, 0x0D, 0xE5, 0xF7, 0xB1, 0x00, 0x00, 0x04, 0xFF, 0x7A, 0x90, 0xCA, 0xD1, 0x97, 0x00, 0x00, 
0x15, 0xFF, 0x8D, 0xF9, 0x30, 0xF0, 0x88, 0x00, 0x00, 0x37, 0xFF, 0xEC, 0x90, 0x00, 0xFE, 0x86, 
0x00, 0x00, 0x6A, 0xFF, 0xE3, 0x0D, 0x00, 0xF7, 0x9A, 0x00, 0x00, 0xAB, 0xFF, 0x51, 0x00, 0x00, 
0xD2, 0xE4, 0x4A, 0x0C, 0xF4, 0xB3, 0x00, 0x00, 0x00, 0x58, 0xF9, 0xFF, 0x00, 0x00, 0x00, 0x00, 
0x00, 0x00, 0x00, 0x7C, 0xFF, 0x00, 0x00, 0x00, 0x00, 0x00, 0x00, 0x00, 0x7D, 0xFF, 0x00, 0x00, 
0x00, 0x00, 0x00, 0x00, 0x2F, 0xBE, 0xE7, 0x00, 0x00, 0x00, 0x00, 0x00, 0x00, 0x7E, 0xF7, 0x6B, 
0x00, 0x25, 0xAC, 0xF0, 0xFC, 0xD6, 0x68, 0x00, 0x00, 0x1B, 0xEA, 0xE3, 0x6F, 0x58, 0x9D, 0xFF, 
0x7C, 0x00, 0x91, 0xF8, 0x22, 0x00, 0x00, 0x00, 0x96, 0xF8, 0x14, 0xD8, 0xB2, 0x00, 0x00, 0x00, 
0x00, 0x32, 0xFF, 0x56, 0xF8, 0x8C, 0x00, 0x00, 0x00, 0x00, 0x09, 0xFF, 0x7A, 0xFC, 0x87, 0x00, 
0x00, 0x00, 0x00, 0x04, 0xFF, 0x80, 0xE6, 0xA4, 0x00, 0x00, 0x00, 0x00, 0x20, 0xFF, 0x6A, 0xB0, 
0xEB, 0x0A, 0x00, 0x00, 0x00, 0x6E, 0xFF, 0x32, 0x47, 0xFF, 0xB0, 0x20, 0x06, 0x4E, 0xF0, 0xC6, 
0x00, 0x00, 0x83, 0xFE, 0xFF, 0xFF, 0xFF, 0xD9, 0x22, 0x00, 0x00, 0x00, 0x25, 0xAF, 0xFF, 0x4A, 
0x05, 0x00, 0x00, 0x00, 0x00, 0x00, 0x84, 0xFF, 0x00, 0x00, 0x00, 0x00, 0x00, 0x00, 0x00, 0x84, 
0xFF, 0x00, 0x00, 0x00, 0x00, 0x00, 0x53, 0xD8, 0xFA, 0xD6, 0x4C, 0x00, 0x39, 0xFD, 0xAD, 0x58, 
0xAF, 0xFB, 0x30, 0xA8, 0xE5, 0x05, 0x00, 0x06, 0xE7, 0xA1, 0xE1, 0xA5, 0x00, 0x00, 0x00, 0xA5, 
0xE0, 0xFB, 0x8B, 0x00, 0x00, 0x00, 0x8A, 0xF9, 0xFD, 0x86, 0x00, 0x00, 0x00, 0x87, 0xFC, 0xE9, 
0x9A, 0x00, 0x00, 0x00, 0x9A, 0xE4, 0xBA, 0xD0, 0x00, 0x00, 0x00, 0xD1, 0xA9, 0x5C, 0xFF, 0x65, 
0x08, 0x67, 0xFF, 0x3C, 0x01, 0x9B, 0xFF, 0xFF, 0xF3, 0x66, 0x00, 0x00, 0x00, 0x8A, 0xFF, 0x08, 
0x00, 0x00, 0x00, 0x00, 0x84, 0xFF, 0x00, 0x00, 0x00, 0x00, 0x00, 0x84, 0xFF, 0x00, 0x00, 0x00, 
0x00, 0x00, 0x84, 0xFF, 0x00, 0x00, 0x00, 0x00, 0x09, 0x82, 0xDD, 0xFD, 0xF4, 0xCA, 0x3F, 0x06, 
0xC4, 0xF8, 0x8E, 0x54, 0x60, 0xA2, 0x24, 0x6E, 0xFF, 0x4A, 0x00, 0x00, 0x00, 0x00, 0x00, 0xCA, 
0xC6, 0x00, 0x00, 0x00, 0x00, 0x00, 0x00, 0xF5, 0x90, 0x00, 0x00, 0x00, 0x00, 0x00, 0x00, 0xFD, 
0x89, 0x00, 0x00, 0x00, 0x00, 0x00, 0x00, 0xE5, 0xB1, 0x00, 0x00, 0x00, 0x00, 0x00, 0x00, 0xA4, 
0xF8, 0x24, 0x00, 0x00, 0x00, 0x00, 0x00, 0x2F, 0xFA, 0xDE, 0x49, 0x09, 0x00, 0x00, 0x00, 0x00, 
0x4B, 0xE8, 0xFF, 0xFF, 0x84, 0x00, 0x00, 0x00, 0x00, 0x08, 0x48, 0xFF, 0x84, 0x00, 0x00, 0x00, 
0x00, 0x00, 0x00, 0xFF, 0x84, 0x00, 0x00, 0x00, 0x00, 0x00, 0x00, 0xFF, 0x84, 0x00, 0x00, 0x00, 
0x48, 0xD3, 0xFC, 0xE5, 0x53, 0x2E, 0xFA, 0xB9, 0x57, 0x7A, 0x2C, 0x9C, 0xEB, 0x0A, 0x00, 0x00, 
0x00, 0xDD, 0xA8, 0x00, 0x00, 0x00, 0x00, 0xF8, 0x8B, 0x00, 0x00, 0x00, 0x00, 0xFF, 0x86, 0x00, 
0x00, 0x00, 0x00, 0xEF, 0x9D, 0x00, 0x00, 0x00, 0x00, 0xBE, 0xE9, 0x13, 0x00, 0x00, 0x00, 0x4B, 
0xFE, 0xE0, 0x65, 0x07, 0x00, 0x00, 0x46, 0xD3, 0xFF, 0xCF, 0x0C, 0x00, 0x00, 0x00, 0x6C, 0xFF, 
0x66, 0x00, 0x00, 0x00, 0x08, 0xFF, 0x7F, 0x00, 0x66, 0x55, 0x98, 0xFF, 0x4A, 0x00, 0xB9, 0xFA, 
0xEB, 0x80, 0x00, 0xFF, 0xFF, 0xFF, 0xFF, 0xFF, 0xB8, 0xFF, 0xAB, 0x50, 0x50, 0x50, 0x3A, 0xFF, 
0x84, 0x00, 0x00, 0x00, 0x00, 0xFF, 0x84, 0x00, 0x00, 0x00, 0x00, 0xFF, 0x84, 0x00, 0x00, 0x00, 
0x00, 0xFF, 0x8C, 0x10, 0x10, 0x10, 0x08, 0xFF, 0xFF, 0xFF, 0xFF, 0xFF, 0x84, 0xFF, 0xA3, 0x40, 
0x40, 0xFF, 0x84, 0xFF, 0x84, 0x00, 0x00, 0xFF, 0x84, 0xFF, 0x84, 0x00, 0x00, 0x8C, 0x48, 0xFF, 
0x84, 0x00, 0x00, 0x00, 0x00, 0xFF, 0x84, 0x00, 0x00, 0x00, 0x00, 0xFF, 0x84, 0x00, 0x00, 0x00, 
0x00, 0xFF, 0xFF, 0xFF, 0xFF, 0xFF, 0x68, 0xFF, 0xAB, 0x50, 0x50, 0x50, 0x21, 0xFF, 0x84, 0x00, 
0x00, 0x00, 0x00, 0xFF, 0x84, 0x00, 0x00, 0x00, 0x00, 0xFF, 0x8C, 0x10, 0x10, 0x10, 0x00, 0xFF, 
0xFF, 0xFF, 0xFF, 0xFF, 0x00, 0xFF, 0xA3, 0x40, 0xA3, 0xFF, 0x00, 0xFF, 0x84, 0x00, 0x84, 0xFF, 
0x00, 0xFF, 0x84, 0x00, 0x59, 0xAC, 0x00, 0xFF, 0x84, 0x00, 0x00, 0x00, 0x00, 0xFF, 0x84, 0x00, 
0x00, 0x00, 0x00, 0xFF, 0x84, 0x00, 0x00, 0x00, 0x00, 0xFF, 0x84, 0x00, 0x00, 0x00, 0x00, 0xFF, 
0x84, 0x00, 0x00, 0x00, 0x00, 0x47, 0xF8, 0xD9, 0x23, 0x00, 0x00, 0x00, 0x15, 0x69, 0xFF, 0x7C, 
0x00, 0x00, 0x00, 0x00, 0x0F, 0xFF, 0x6D, 0x00, 0x00, 0x00, 0x00, 0x4B, 0xFF, 0x34, 0x00, 0x00, 
0x00, 0x00, 0x8F, 0xF4, 0x13, 0x10, 0x10, 0x0A, 0x00, 0xD2, 0xFF, 0xFF, 0xFF, 0xFF, 0x84, 0x00, 
0x3F, 0x40, 0x40, 0x78, 0xFF, 0x4F, 0x00, 0x00, 0x00, 0x00, 0x7A, 0xFF, 0x18, 0x00, 0x00, 0x00, 
0x00, 0xAF, 0xE2, 0x00, 0x00, 0x00, 0x00, 0x00, 0xDD, 0xAE, 0x00, 0x00, 0x00, 0x00, 0x00, 0xFA, 
0x8B, 0x00, 0x00, 0x00, 0x00, 0x00, 0xEE, 0xC4, 0x47, 0x00, 0x00, 0x00, 0x00, 0x6A, 0xF4, 0xBD, 
0x2D, 0xF5, 0xDA, 0x1D, 0x00, 0x00, 0x00, 0x0D, 0x6F, 0xFF, 0x77, 0x00, 0x00, 0x00, 0x00, 0x07, 
0xFF, 0x77, 0x00, 0x00, 0x00, 0x00, 0x2F, 0xFF, 0x46, 0x00, 0x00, 0x00, 0x00, 0x6A, 0xF5, 0x07, 
0x00, 0x00, 0x00, 0x00, 0xA9, 0xB4, 0x00, 0x00, 0x00, 0x00, 0x01, 0xE8, 0x6B, 0x00, 0x00, 0x00, 
0x04, 0x27, 0xFF, 0x25, 0x39, 0x83, 0xCD, 0x7F, 0x67, 0xFE, 0xEC, 0xFD, 0xDF, 0xFF, 0x61, 0x77, 
0xB2, 0x62, 0x15, 0x7F, 0xFF, 0x1A, 0x00, 0x00, 0x00, 0x00, 0xC1, 0xD2, 0x00, 0x00, 0x00, 0x00, 
0x0A, 0xFA, 0x8B, 0x00, 0x00, 0x00, 0x00, 0x47, 0xFF, 0x42, 0x00, 0x00, 0x00, 0x00, 0x8B, 0xF5, 
0x07, 0x00, 0x00, 0x00, 0x00, 0xCB, 0xB1, 0x00, 0x00, 0x00, 0x00, 0x00, 0xF8, 0x89, 0x00, 0x00, 
0x00, 0x00, 0x00, 0xEC, 0xCF, 0x58, 0x0D, 0x00, 0x00, 0x00, 0x61, 0xF1, 0xEF, 0x16, 0x2C, 0xB3, 
0xF2, 0xF7, 0xBA, 0x2D, 0x00, 0x00, 0x7F, 0xC9, 0x61, 0x66, 0xDC, 0xEF, 0x22, 0x00, 0x08, 0x05, 
0x00, 0x05, 0xA2, 0xFF, 0xA9, 0x00, 0x00, 0x00, 0x15, 0xC1, 0xD2, 0xA2, 0xF9, 0x0D, 0x00, 0x04, 
0xDC, 0xAD, 0x0C, 0x3F, 0xFF, 0x44, 0x00, 0x00, 0x44, 0x01, 0x01, 0x80, 0xFF, 0x6A, 0x00, 0x00, 
0x00, 0x09, 0xA8, 0xE1, 0xFF, 0x7D, 0x00, 0x00, 0x00, 0x9E, 0xC5, 0x17, 0xFF, 0x82, 0x00, 0x00, 
0x00, 0x2A, 0x08, 0x0B, 0xFF, 0x7A, 0x00, 0x00, 0x00, 0x00, 0x00, 0x24, 0xFF, 0x63, 0x00, 0x00, 
0x00, 0x00, 0x00, 0x4A, 0xFF, 0x3F, 0x00, 0x00, 0x00, 0x00, 0x00, 0x81, 0xFE, 0x10, 0x00, 0x00, 
0x00, 0x00, 0x00, 0xC2, 0xCD, 0x00, 0x31, 0x07, 0x00, 0x00, 0x00, 0x00, 0x00, 0x00, 0x8A, 0xEC, 
0x71, 0x03, 0x00, 0x00, 0x00, 0x00, 0x1B, 0xA1, 0xFF, 0xBA, 0x0B, 0x00, 0x00, 0x00, 0x00, 0x00, 
0x53, 0xF9, 0xB6, 0x03, 0x00, 0x00, 0x00, 0x00, 0x00, 0x5C, 0xFF, 0x74, 0x00, 0x00, 0x00, 0x00, 
0x00, 0x04, 0xD2, 0xF3, 0x13, 0x00, 0x00, 0x05, 0x63, 0xDC, 0xEA, 0xFF, 0x77, 0x00, 0x00, 0x1E, 
0xDE, 0x6B, 0x09, 0xBF, 0xD1, 0x00, 0x00, 0x00, 0x03, 0x00, 0x00, 0x71, 0xFF, 0x17, 0x00, 0x00, 
0x00, 0x00, 0x2A, 0xB2, 0xFF, 0x48, 0x00, 0x00, 0x1D, 0xAF, 0xF8, 0xA2, 0xFF, 0x6A, 0x00, 0x00, 
0x21, 0x8D, 0x1B, 0x01, 0xFF, 0x7D, 0x00, 0x00, 0x00, 0x00, 0x00, 0x01, 0xFF, 0x82, 0x00, 0x00, 
0x00, 0x00, 0x00, 0x07, 0xFF, 0x7D, 0x00, 0x00, 0x00, 0x00, 0x00, 0x1A, 0xFF, 0x6C, 0x00, 0x00, 
0x00, 0x00, 0x00, 0x39, 0xFF, 0x4F, 0x00, 0x00, 0x00, 0x00, 0x00, 0x68, 0xFF, 0x25, 0x00, 0x00, 
0x00, 0x00, 0x00, 0xA2, 0xEA, 0x01, 0x00, 0x00, 0x00, 0x00, 0x03, 0xEB, 0x9F, 0x00, 0xCF, 0xF7, 
0x88, 0x00, 0x00, 0x00, 0x27, 0xF9, 0x66, 0x44, 0xB0, 0xFF, 0x36, 0x00, 0x01, 0xBF, 0xFF, 0x1D, 
0x00, 0x27, 0xFF, 0x74, 0x00, 0x5F, 0xFF, 0xE3, 0x00, 0x00, 0x05, 0xFF, 0x83, 0x13, 0xEC, 0xF8, 
0xB5, 0x00, 0x00, 0x04, 0xFF, 0x79, 0x9D, 0xCA, 0xD2, 0x98, 0x00, 0x00, 0x15, 0xFF, 0x97, 0xFB, 
0x30, 0xF3, 0x88, 0x00, 0x00, 0x37, 0xFF, 0xF4, 0x90, 0x00, 0xFF, 0x87, 0x00, 0x00, 0x6A, 0xFF, 
0xE3, 0x0D, 0x00, 0xF3, 0xA0, 0x00, 0x00, 0xAB, 0xFF, 0x51, 0x00, 0x00, 0xBD, 0xEE, 0x62, 0x0C, 
0xF4, 0xB3, 0x00, 0x00, 0x00, 0x37, 0xE5, 0xF0, 0x00, 0x2E, 0xC6, 0xFB, 0xDF, 0x57, 0x00, 0x0E, 
0xE7, 0xCA, 0x5B, 0xA8, 0xFD, 0x34, 0x6F, 0xFB, 0x1A, 0x00, 0x04, 0xE1, 0xA4, 0xB5, 0xC1, 0x00, 
0x00, 0x00, 0xA1, 0xE0, 0xDF, 0x99, 0x00, 0x00, 0x00, 0x88, 0xFA, 0xF6, 0x88, 0x00, 0x00, 0x00, 
0x88, 0xFD, 0xFF, 0x84, 0x00, 0x00, 0x00, 0xA1, 0xE7, 0xFE, 0xCE, 0x06, 0x00, 0x04, 0xE0, 0xB2, 
0xF2, 0xED, 0xBE, 0x5B, 0xA9, 0xFF, 0x45, 0xDC, 0x95, 0x99, 0xF7, 0xE7, 0x6A, 0x00, 0xAF, 0xC3, 
0x00, 0x00, 0x00, 0x00, 0x00, 0x5C, 0xFF, 0x71, 0x18, 0x09, 0x00, 0x00, 0x02, 0xA4, 0xFF, 0xFF, 
0xFF, 0xB7, 0x00, 0x00, 0x00, 0x21, 0x40, 0xA7, 0xEC, 0x00, 0x00, 0x4B, 0xD4, 0xFC, 0xE8, 0x5D, 
0x32, 0xFB, 0xB6, 0x56, 0x78, 0x33, 0xA4, 0xE7, 0x07, 0x00, 0x00, 0x00, 0xE1, 0xA3, 0x00, 0x00, 
0x00, 0x00, 0xFB, 0x89, 0x00, 0x00, 0x00, 0x00, 0xFC, 0x88, 0x00, 0x00, 0x00, 0x00, 0xE7, 0xA4, 
0x00, 0x00, 0x00, 0x00, 0xAD, 0xE8, 0x08, 0x00, 0x00, 0x00, 0x3E, 0xFE, 0xB6, 0x56, 0x71, 0x59, 
0x00, 0x58, 0xDA, 0xFE, 0xDE, 0x4E, 0x00, 0x00, 0xDA, 0x60, 0x00, 0x00, 0xE2, 0x6A, 0x00, 0x00, 
0x0A, 0x01, 0x00, 0x00, 0xFF, 0x84, 0x00, 0x00, 0xFF, 0x84, 0x00, 0x00, 0xFF, 0x84, 0x00, 0x00, 
0xFF, 0x84, 0x00, 0x00, 0xFF, 0x84, 0x00, 0x00, 0xFF, 0x84, 0x00, 0x00, 0xFF, 0x84, 0x00, 0x00, 
0xFF, 0x84, 0x00, 0x00, 0xFF, 0x84, 0x00, 0x00, 0xFF, 0x84, 0x00, 0x00, 0xFF, 0x84, 0x00, 0x04, 
0xFF, 0x80, 0x32, 0x7E, 0xFF, 0x58, 0x71, 0xFB, 0xB6, 0x07, 0x00, 0x0A, 0x8B, 0xE3, 0xFA, 0xE2, 
0x82, 0x06, 0x00, 0x02, 0xBC, 0xF8, 0x87, 0x54, 0x80, 0xF4, 0xA8, 0x00, 0x54, 0xFF, 0x58, 0x00, 
0x00, 0x00, 0x4C, 0xFF, 0x41, 0xAB, 0xDB, 0x01, 0x00, 0x00, 0x00, 0x00, 0xD4, 0x9E, 0xDC, 0xA0, 
0x00, 0x00, 0x00, 0x00, 0x00, 0x9D, 0xD5, 0xF7, 0x90, 0x10, 0x10, 0x10, 0x10, 0x10, 0x90, 0xF5, 
0xFE, 0xFF, 0xFF, 0xFF, 0xFF, 0xFF, 0xFF, 0xFF, 0xFE, 0xF3, 0xA5, 0x40, 0x40, 0x40, 0x40, 0x40, 
0xA5, 0xF5, 0xD5, 0x9A, 0x00, 0x00, 0x00, 0x00, 0x00, 0x9A, 0xD5, 0xA3, 0xD2, 0x00, 0x00, 0x00, 
0x00, 0x00, 0xD4, 0x9A, 0x45, 0xFF, 0x4B, 0x00, 0x00, 0x00, 0x4C, 0xFF, 0x3D, 0x00, 0xA9, 0xF6, 
0x83, 0x55, 0x81, 0xF4, 0xA2, 0x00, 0x00, 0x05, 0x81, 0xE3, 0xFE, 0xE0, 0x7E, 0x04, 0x00, 0x00, 
0x48, 0xD1, 0xFC, 0xE6, 0x5D, 0x32, 0xFB, 0xAB, 0x56, 0x72, 0x34, 0xA4, 0xD7, 0x02, 0x00, 0x00, 
0x00, 0xE1, 0x99, 0x10, 0x10, 0x08, 0x00, 0xFB, 0xFF, 0xFF, 0xFF, 0x80, 0x00, 0xFC, 0xA5, 0x40, 
0x40, 0x20, 0x00, 0xE7, 0x9F, 0x00, 0x00, 0x00, 0x00, 0xAC, 0xE6, 0x07, 0x00, 0x00, 0x00, 0x3B, 
0xFD, 0xB6, 0x56, 0x76, 0x5F, 0x00, 0x53, 0xD7, 0xFC, 0xDE, 0x4E, 0xA3, 0xF2, 0xF6, 0xA8, 0x14, 
0x00, 0x64, 0x60, 0x67, 0xE7, 0xBC, 0x00, 0x00, 0x00, 0x00, 0x52, 0xFF, 0x2E, 0x00, 0x0F, 0x10, 
0x1D, 0xFF, 0x67, 0x00, 0xEC, 0xFF, 0xFF, 0xFF, 0x80, 0x00, 0x3B, 0x40, 0x43, 0xFF, 0x80, 0x00, 
0x00, 0x00, 0x1C, 0xFF, 0x66, 0x00, 0x00, 0x00, 0x6B, 0xFF, 0x2B, 0xA2, 0x5A, 0x72, 0xF3, 0xB3, 
0x00, 0xB6, 0xF6, 0xF1, 0xA0, 0x0F, 0x00, 0xFF, 0x84, 0x00, 0x00, 0x00, 0x00, 0x00, 0xFF, 0x8C, 
0x0F, 0x04, 0x00, 0x00, 0x00, 0xFF, 0xFF, 0xFF, 0xFB, 0xBF, 0x2F, 0x00, 0xFF, 0xA3, 0x42, 0x66, 
0xE4, 0xE8, 0x0D, 0xFF, 0x84, 0x00, 0x00, 0x44, 0xFF, 0x5B, 0xFF, 0x84, 0x00, 0x00, 0x08, 0xFF, 
0x7E, 0xFF, 0x84, 0x00, 0x00, 0x07, 0xFF, 0x7A, 0xFF, 0x84, 0x00, 0x00, 0x39, 0xFF, 0x50, 0xFF, 
0x8C, 0x13, 0x3A, 0xD0, 0xE2, 0x08, 0xFF, 0xFF, 0xFF, 0xFF, 0xD7, 0x2F, 0x00, 0xFF, 0xA3, 0x3F, 
0x29, 0x01, 0x00, 0x00, 0xFF, 0x84, 0x00, 0x00, 0x00, 0x00, 0x00, 0xFF, 0x84, 0x00, 0x00, 0x00, 
0x00, 0x00, 0xFF, 0x84, 0x00, 0x00, 0x00, 0x00, 0x00, 0xFF, 0x84, 0x00, 0x00, 0x00, 0x00, 0x00, 
0xFF, 0x84, 0x00, 0x00, 0x00, 0x00, 0x00, 0xFF, 0x84, 0x00, 0x00, 0x00, 0x00, 0x00, 0xFF, 0x85, 
0x8A, 0xF4, 0xEB, 0x73, 0x00, 0xFF, 0xE2, 0xAA, 0x58, 0xA8, 0xFF, 0x4D, 0xFF, 0xDA, 0x02, 0x00, 
0x03, 0xDD, 0xB3, 0xFF, 0x99, 0x00, 0x00, 0x00, 0x9D, 0xE7, 0xFF, 0x86, 0x00, 0x00, 0x00, 0x87, 
0xFC, 0xFF, 0x88, 0x00, 0x00, 0x00, 0x89, 0xFC, 0xFF, 0x9E, 0x00, 0x00, 0x00, 0xA2, 0xE5, 0xFF, 
0xDE, 0x03, 0x00, 0x03, 0xE0, 0xB1, 0xFF, 0xE9, 0xAC, 0x56, 0xA7, 0xFF, 0x4A, 0xFF, 0x87, 0x8E, 
0xF2, 0xEC, 0x73, 0x00, 0xFF, 0x84, 0x00, 0x00, 0x00, 0x00, 0x00, 0xFF, 0x84, 0x00, 0x00, 0x00, 
0x00, 0x00, 0xFF, 0x84, 0x00, 0x00, 0x00, 0x00, 0x00, 0xFF, 0x84, 0x00, 0x00, 0x00, 0x00, 0x00, 
0x00, 0x00, 0x64, 0xD5, 0xFC, 0xF0, 0xB7, 0x21, 0x00, 0x82, 0xFF, 0xA0, 0x56, 0x6B, 0xB8, 0x0B, 
0x2C, 0xFE, 0x8B, 0x00, 0x00, 0x00, 0x00, 0x00, 0x92, 0xF8, 0x11, 0x00, 0x00, 0x00, 0x00, 0x00, 
0xD1, 0xBD, 0x00, 0x00, 0x00, 0x00, 0x00, 0x00, 0xF4, 0x94, 0x00, 0x00, 0x00, 0x00, 0x00, 0x00, 
0xFE, 0x86, 0x00, 0x00, 0x00, 0x00, 0x00, 0x00, 0xF5, 0x90, 0x00, 0x00, 0x00, 0x00, 0x00, 0x00, 
0xD5, 0xB6, 0x00, 0x00, 0x00, 0x00, 0x00, 0x00, 0x9A, 0xF3, 0x0B, 0x00, 0x00, 0x00, 0x00, 0x00, 
0x38, 0xFF, 0x89, 0x00, 0x00, 0x00, 0x00, 0x00, 0x00, 0x95, 0xFF, 0xA4, 0x58, 0x60, 0x9F, 0x00, 
0x00, 0x02, 0x73, 0xDA, 0xFC, 0xEF, 0xB3, 0x00, 0xFF, 0xFF, 0x50, 0x00, 0x00, 0x00, 0x00, 0x3D, 
0xFF, 0xFF, 0xFF, 0xFF, 0xBA, 0x00, 0x00, 0x00, 0x00, 0xA8, 0xFD, 0xFF, 0xFF, 0xBD, 0xFF, 0x25, 
0x00, 0x00, 0x17, 0xFA, 0xB1, 0xFF, 0xFF, 0x84, 0xCF, 0x8D, 0x00, 0x00, 0x7C, 0xC3, 0x84, 0xFF, 
0xFF, 0x84, 0x66, 0xEE, 0x09, 0x03, 0xE3, 0x5A, 0x84, 0xFF, 0xFF, 0x84, 0x0B, 0xF0, 0x60, 0x4F, 
0xEA, 0x07, 0x84, 0xFF, 0xFF, 0x84, 0x00, 0x91, 0xC9, 0xB9, 0x87, 0x00, 0x84, 0xFF, 0xFF, 0x84, 
0x00, 0x28, 0xFF, 0xFD, 0x21, 0x00, 0x84, 0xFF, 0xFF, 0x84, 0x00, 0x00, 0x9A, 0x93, 0x00, 0x00, 
0x84, 0xFF, 0xFF, 0x84, 0x00, 0x00, 0x00, 0x00, 0x00, 0x00, 0x84, 0xFF, 0xFF, 0x84, 0x00, 0x00, 
0x00, 0x00, 0x00, 0x00, 0x84, 0xFF, 0xFF, 0x84, 0x00, 0x00, 0x00, 0x00, 0x00, 0x00, 0x84, 0xFF, 
0xFF, 0x84, 0x00, 0x00, 0x00, 0x00, 0x00, 0x00, 0x84, 0xFF, 0xFF, 0xFF, 0x2D, 0x00, 0x00, 0x29, 
0xFF, 0xFF, 0xFF, 0xFF, 0x98, 0x00, 0x00, 0x93, 0xFF, 0xFF, 0xFF, 0xC1, 0xF4, 0x0F, 0x0B, 0xF1, 
0xBB, 0xFF, 0xFF, 0x84, 0xD3, 0x6D, 0x66, 0xCC, 0x84, 0xFF, 0xFF, 0x84, 0x67, 0xD6, 0xCF, 0x61, 
0x84, 0xFF, 0xFF, 0x84, 0x0B, 0xF1, 0xEE, 0x09, 0x84, 0xFF, 0xFF, 0x84, 0x00, 0x5D, 0x5A, 0x00, 
0x84, 0xFF, 0xFF, 0x84, 0x00, 0x00, 0x00, 0x00, 0x84, 0xFF, 0xFF, 0x84, 0x00, 0x00, 0x00, 0x00, 
0x84, 0xFF, 0xFF, 0x84, 0x00, 0x00, 0x00, 0x00, 0x84, 0xFF, 0xFF, 0x84, 0x00, 0x00, 0x00, 0x00, 
0x00, 0x00, 0xFF, 0x84, 0x00, 0x00, 0x00, 0x00, 0x00, 0x00, 0xFF, 0x84, 0x00, 0x00, 0x00, 0x00, 
0x00, 0x00, 0xFF, 0x84, 0x00, 0x00, 0x00, 0x00, 0x00, 0x00, 0x00, 0x00, 0x5D, 0xD9, 0xFC, 0xD8, 
0x4F, 0x00, 0x00, 0x46, 0xFF, 0xA8, 0x58, 0xA8, 0xFC, 0x37, 0x00, 0xB6, 0xDC, 0x03, 0x00, 0x03, 
0xDF, 0xA8, 0x00, 0xEC, 0x9D, 0x00, 0x00, 0x00, 0xA1, 0xE3, 0x00, 0xFE, 0x87, 0x00, 0x00, 0x00, 
0x88, 0xFC, 0x00, 0xFF, 0x84, 0x00, 0x00, 0x00, 0x88, 0xFA, 0x00, 0xFF, 0x84, 0x00, 0x00, 0x00, 
0xA3, 0xE1, 0x00, 0xFF, 0x87, 0x00, 0x00, 0x06, 0xE5, 0xA7, 0x00, 0xFF, 0xF4, 0x80, 0x58, 0xB2, 
0xFF, 0x3B, 0x00, 0xFF, 0xB1, 0xC8, 0xFB, 0xE2, 0x5D, 0x00, 0x10, 0xFF, 0x8C, 0x10, 0x10, 0x00, 
0x00, 0x00, 0xFF, 0xFF, 0xFF, 0xFF, 0xFF, 0x00, 0x00, 0x00, 0x40, 0xFF, 0xA3, 0x40, 0x40, 0x00, 
0x00, 0x00, 0x00, 0xFF, 0x84, 0x00, 0x00, 0x00, 0x00, 0x00, 0x71, 0xD7, 0xFA, 0xF5, 0xB9, 0x31, 
0x00, 0x00, 0x6F, 0x91, 0x58, 0x68, 0xD8, 0xF6, 0x32, 0x00, 0x00, 0x00, 0x00, 0x00, 0x13, 0xE4, 
0xC6, 0x00, 0x00, 0x00, 0x00, 0x00, 0x00, 0x77, 0xFF, 0x24, 0x00, 0x00, 0x00, 0x00, 0x00, 0x31, 
0xFF, 0x5D, 0x00, 0x00, 0x00, 0x00, 0x00, 0x0E, 0xFF, 0x7A, 0x00, 0x00, 0x00, 0x00, 0x00, 0x02, 
0xFF, 0x82, 0x00, 0x00, 0x00, 0x00, 0x00, 0x0D, 0xFF, 0x76, 0x00, 0x00, 0x00, 0x00, 0x00, 0x33, 
0xFF, 0x53, 0x00, 0x00, 0x00, 0x00, 0x00, 0x7E, 0xFD, 0x18, 0x00, 0x00, 0x00, 0x00, 0x1E, 0xEE, 
0xAE, 0x00, 0x5A, 0x7A, 0x54, 0x71, 0xE4, 0xE9, 0x1E, 0x00, 0x4F, 0xD7, 0xFB, 0xF1, 0xAC, 0x21, 
0x00, 0x00, 0x00, 0x00, 0x64, 0xD5, 0xFC, 0xF0, 0xB7, 0x21, 0x00, 0x82, 0xFF, 0x9C, 0x56, 0x6C, 
0xAD, 0x07, 0x2C, 0xFE, 0x86, 0x00, 0x00, 0x00, 0x00, 0x00, 0x92, 0xF7, 0x0F, 0x00, 0x00, 0x00, 
0x00, 0x00, 0xD1, 0xBB, 0x00, 0x00, 0x00, 0x00, 0x00, 0x00, 0xF4, 0x94, 0x00, 0x00, 0xD9, 0x5F, 
0x00, 0x00, 0xFE, 0x86, 0x00, 0x00, 0xED, 0x71, 0x00, 0x00, 0xF5, 0x90, 0x00, 0x00, 0x15, 0x03, 
0x00, 0x00, 0xD5, 0xB6, 0x00, 0x00, 0x00, 0x00, 0x00, 0x00, 0x9A, 0xF3, 0x0B, 0x00, 0x00, 0x00, 
0x00, 0x00, 0x38, 0xFF, 0x89, 0x00, 0x00, 0x00, 0x00, 0x00, 0x00, 0x95, 0xFF, 0xA4, 0x58, 0x63, 
0xA7, 0x00, 0x00, 0x02, 0x73, 0xDA, 0xFC, 0xEF, 0xB3, 0x00, 0x71, 0xD7, 0xFA, 0xF5, 0xB9, 0x31, 
0x00, 0x00, 0x69, 0x8C, 0x57, 0x67, 0xD8, 0xF6, 0x32, 0x00, 0x00, 0x00, 0x00, 0x00, 0x13, 0xE4, 
0xC6, 0x00, 0x00, 0x00, 0x00, 0x00, 0x00, 0x77, 0xFF, 0x24, 0x00, 0x00, 0x00, 0x00, 0x00, 0x31, 
0xFF, 0x5D, 0x00, 0x00, 0xD8, 0x5F, 0x00, 0x0E, 0xFF, 0x7A, 0x00, 0x00, 0xEC, 0x71, 0x00, 0x02, 
0xFF, 0x82, 0x00, 0x00, 0x15, 0x03, 0x00, 0x0D, 0xFF, 0x76, 0x00, 0x00, 0x00, 0x00, 0x00, 0x33, 
0xFF, 0x53, 0x00, 0x00, 0x00, 0x00, 0x00, 0x7E, 0xFD, 0x18, 0x00, 0x00, 0x00, 0x00, 0x1E, 0xEE, 
0xAE, 0x00, 0x5F, 0x7F, 0x55, 0x71, 0xE4, 0xE9, 0x1E, 0x00, 0x4F, 0xD7, 0xFB, 0xF1, 0xAC, 0x21, 
0x00, 0x00, 0x76, 0xFF, 0x4F, 0x00, 0x00, 0x00, 0x02, 0xB4, 0xD4, 0x04, 0x00, 0x00, 0x00, 0x0C, 
0xC9, 0x72, 0x00, 0x00, 0x00, 0x00, 0x00, 0x00, 0x00, 0x00, 0xFF, 0xFF, 0xFF, 0xFF, 0xFF, 0x80, 
0xFF, 0xAB, 0x50, 0x50, 0x50, 0x28, 0xFF, 0x84, 0x00, 0x00, 0x00, 0x00, 0xFF, 0x84, 0x00, 0x00, 
0x00, 0x00, 0xFF, 0x84, 0x00, 0x00, 0x00, 0x00, 0xFF, 0x8C, 0x10, 0x10, 0x10, 0x04, 0xFF, 0xFF, 
0xFF, 0xFF, 0xFF, 0x40, 0xFF, 0xA3, 0x40, 0x40, 0x40, 0x10, 0xFF, 0x84, 0x00, 0x00, 0x00, 0x00, 
0xFF, 0x84, 0x00, 0x00, 0x00, 0x00, 0xFF, 0x84, 0x00, 0x00, 0x00, 0x00, 0xFF, 0xAB, 0x50, 0x50, 
0x50, 0x28, 0xFF, 0xFF, 0xFF, 0xFF, 0xFF, 0x80, 0x01, 0x06, 0x00, 0x00, 0x06, 0x00, 0x6E, 0xE9, 
0x00, 0x6D, 0xE8, 0x00, 0x0D, 0x2A, 0x00, 0x0D, 0x29, 0x00, 0x00, 0x00, 0x00, 0x00, 0x00, 0x00, 
0xFF, 0xFF, 0xFF, 0xFF, 0xFF, 0x88, 0xFF, 0xAB, 0x50, 0x50, 0x50, 0x2B, 0xFF, 0x84, 0x00, 0x00, 
0x00, 0x00, 0xFF, 0x84, 0x00, 0x00, 0x00, 0x00, 0xFF, 0x84, 0x00, 0x00, 0x00, 0x00, 0xFF, 0x8C, 
0x10, 0x10, 0x10, 0x05, 0xFF, 0xFF, 0xFF, 0xFF, 0xFF, 0x48, 0xFF, 0xA3, 0x40, 0x40, 0x40, 0x12, 
0xFF, 0x84, 0x00, 0x00, 0x00, 0x00, 0xFF, 0x84, 0x00, 0x00, 0x00, 0x00, 0xFF, 0x84, 0x00, 0x00, 
0x00, 0x00, 0xFF, 0xAB, 0x50, 0x50, 0x50, 0x2B, 0xFF, 0xFF, 0xFF, 0xFF, 0xFF, 0x88, 0xFF, 0xFF, 
0xFF, 0xFF, 0xFF, 0xFF, 0xFF, 0x00, 0x00, 0x50, 0x50, 0xAB, 0xFF, 0x50, 0x50, 0x50, 0x00, 0x00, 
0x00, 0x00, 0x84, 0xFF, 0x00, 0x00, 0x00, 0x00, 0x00, 0x00, 0x00, 0x84, 0xFF, 0x00, 0x00, 0x00, 
0x00, 0x00, 0x00, 0x00, 0x84, 0xFF, 0x10, 0x10, 0x05, 0x00, 0x00, 0x00, 0x00, 0x84, 0xFF, 0xFF, 
0xFF, 0xFC, 0xB8, 0x1A, 0x00, 0x00, 0x84, 0xFF, 0x40, 0x41, 0x64, 0xF2, 0xB0, 0x00, 0x00, 0x84, 
0xFF, 0x00, 0x00, 0x00, 0x98, 0xF3, 0x00, 0x00, 0x84, 0xFF, 0x00, 0x00, 0x00, 0x84, 0xFF, 0x00, 
0x00, 0x84, 0xFF, 0x00, 0x00, 0x00, 0x84, 0xFF, 0x00, 0x00, 0x84, 0xFF, 0x00, 0x00, 0x00, 0x93, 
0xF2, 0x00, 0x00, 0x84, 0xFF, 0x00, 0x2F, 0x5F, 0xEB, 0xB5, 0x00, 0x00, 0x84, 0xFF, 0x00, 0x62, 
0xFB, 0xCE, 0x24, 0x00, 0x00, 0x01, 0xD1, 0xEB, 0x14, 0x00, 0x00, 0x5B, 0xFB, 0x42, 0x00, 0x00, 
0x0C, 0xE3, 0x59, 0x00, 0x00, 0x00, 0x00, 0x00, 0x00, 0x00, 0x00, 0xFF, 0xFF, 0xFF, 0xFF, 0xFF, 
0x8C, 0xFF, 0xAB, 0x50, 0x50, 0x50, 0x2C, 0xFF, 0x84, 0x00, 0x00, 0x00, 0x00, 0xFF, 0x84, 0x00, 
0x00, 0x00, 0x00, 0xFF, 0x84, 0x00, 0x00, 0x00, 0x00, 0xFF, 0x84, 0x00, 0x00, 0x00, 0x00, 0xFF, 
0x84, 0x00, 0x00, 0x00, 0x00, 0xFF, 0x84, 0x00, 0x00, 0x00, 0x00, 0xFF, 0x84, 0x00, 0x00, 0x00, 
0x00, 0xFF, 0x84, 0x00, 0x00, 0x00, 0x00, 0xFF, 0x84, 0x00, 0x00, 0x00, 0x00, 0xFF, 0x84, 0x00, 
0x00, 0x00, 0x00, 0xFF, 0x84, 0x00, 0x00, 0x00, 0x00, 0x00, 0x00, 0x68, 0xD7, 0xFC, 0xEE, 0xB3, 
0x24, 0x00, 0x87, 0xFA, 0x8C, 0x55, 0x68, 0xB1, 0x12, 0x2F, 0xFE, 0x5A, 0x00, 0x00, 0x00, 0x00, 
0x00, 0x92, 0xD6, 0x00, 0x00, 0x00, 0x00, 0x00, 0x00, 0xD1, 0x9E, 0x10, 0x10, 0x10, 0x0E, 0x00, 
0x00, 0xF4, 0xFF, 0xFF, 0xFF, 0xFF, 0xE4, 0x00, 0x00, 0xFE, 0xA6, 0x40, 0x40, 0x40, 0x39, 0x00, 
0x00, 0xF5, 0x96, 0x00, 0x00, 0x00, 0x00, 0x00, 0x00, 0xD5, 0xBD, 0x00, 0x00, 0x00, 0x00, 0x00, 
0x00, 0x9B, 0xF7, 0x0F, 0x00, 0x00, 0x00, 0x00, 0x00, 0x3A, 0xFF, 0x8E, 0x00, 0x00, 0x00, 0x00, 
0x00, 0x00, 0x9A, 0xFF, 0xA1, 0x56, 0x68, 0xB8, 0x00, 0x00, 0x03, 0x78, 0xDF, 0xFC, 0xEB, 0xAC, 
0x00, 0x01, 0x72, 0xDE, 0xFD, 0xEC, 0xB4, 0x27, 0x7A, 0xFF, 0x8E, 0x56, 0x70, 0xBD, 0x13, 0xE7, 
0xAA, 0x00, 0x00, 0x00, 0x00, 0x00, 0xFC, 0x8D, 0x00, 0x00, 0x00, 0x00, 0x00, 0xD6, 0xDC, 0x10, 
0x00, 0x00, 0x00, 0x00, 0x55, 0xFF, 0xE1, 0x5B, 0x04, 0x00, 0x00, 0x00, 0x4E, 0xE1, 0xFF, 0xD6, 
0x2F, 0x00, 0x00, 0x00, 0x06, 0x6A, 0xF2, 0xEB, 0x14, 0x00, 0x00, 0x00, 0x00, 0x47, 0xFF, 0x69, 
0x00, 0x00, 0x00, 0x00, 0x07, 0xFF, 0x80, 0x00, 0x00, 0x00, 0x00, 0x37, 0xFF, 0x5A, 0xCF, 0x7D, 
0x56, 0x67, 0xE2, 0xDA, 0x09, 0xA6, 0xE6, 0xFB, 0xF2, 0xAA, 0x1C, 0x00, 0xF9, 0xFF, 0xFF, 0xFC, 
0x07, 0x99, 0xFF, 0x12, 0x00, 0x84, 0xFF, 0x00, 0x00, 0x84, 0xFF, 0x00, 0x00, 0x84, 0xFF, 0x00, 
0x00, 0x84, 0xFF, 0x00, 0x00, 0x84, 0xFF, 0x00, 0x00, 0x84, 0xFF, 0x00, 0x00, 0x84, 0xFF, 0x00, 
0x00, 0x84, 0xFF, 0x00, 0x00, 0x84, 0xFF, 0x00, 0x07, 0x99, 0xFF, 0x12, 0xF9, 0xFF, 0xFF, 0xFC, 
0x06, 0x01, 0x00, 0x06, 0x00, 0xE9, 0x6E, 0x00, 0xE9, 0x6C, 0x2A, 0x0D, 0x00, 0x2A, 0x0D, 0x00, 
0x00, 0x00, 0x00, 0x00, 0xF9, 0xFF, 0xFF, 0xFC, 0x00, 0x07, 0x99, 0xFF, 0x12, 0x00, 0x00, 0x84, 
0xFF, 0x00, 0x00, 0x00, 0x84, 0xFF, 0x00, 0x00, 0x00, 0x84, 0xFF, 0x00, 0x00, 0x00, 0x84, 0xFF, 
0x00, 0x00, 0x00, 0x84, 0xFF, 0x00, 0x00, 0x00, 0x84, 0xFF, 0x00, 0x00, 0x00, 0x84, 0xFF, 0x00, 
0x00, 0x00, 0x84, 0xFF, 0x00, 0x00, 0x00, 0x84, 0xFF, 0x00, 0x00, 0x07, 0x99, 0xFF, 0x12, 0x00, 
0xF9, 0xFF, 0xFF, 0xFC, 0x00, 0x00, 0x00, 0x00, 0xFF, 0x84, 0x00, 0x00, 0x00, 0xFF, 0x84, 0x00, 
0x00, 0x00, 0xFF, 0x84, 0x00, 0x00, 0x00, 0xFF, 0x84, 0x00, 0x00, 0x00, 0xFF, 0x84, 0x00, 0x00, 
0x00, 0xFF, 0x84, 0x00, 0x00, 0x00, 0xFF, 0x84, 0x00, 0x00, 0x00, 0xFF, 0x84, 0x00, 0x00, 0x00, 
0xFF, 0x84, 0x00, 0x00, 0x00, 0xFF, 0x84, 0x00, 0x00, 0x00, 0xFF, 0x84, 0x00, 0x00, 0x00, 0xFF, 
0x84, 0x00, 0x00, 0x00, 0xFF, 0x84, 0x00, 0x00, 0x0E, 0xFF, 0x79, 0x17, 0x16, 0x7D, 0xFF, 0x45, 
0x80, 0xFF, 0xFF, 0xAC, 0x01, 0x10, 0x3C, 0x28, 0x00, 0x00, 0x00, 0x00, 0x00, 0x88, 0xFF, 0xFF, 
0xFF, 0xFF, 0x84, 0x00, 0x00, 0x00, 0x00, 0x00, 0x00, 0x00, 0xA0, 0xE5, 0x50, 0x50, 0xFF, 0x84, 
0x00, 0x00, 0x00, 0x00, 0x00, 0x00, 0x00, 0xB8, 0xC8, 0x00, 0x00, 0xFF, 0x84, 0x00, 0x00, 0x00, 
0x00, 0x00, 0x00, 0x00, 0xD1, 0xB2, 0x00, 0x00, 0xFF, 0x84, 0x00, 0x00, 0x00, 0x00, 0x00, 0x00, 
0x00, 0xEC, 0x98, 0x00, 0x00, 0xFF, 0x8C, 0x0D, 0x00, 0x00, 0x00, 0x00, 0x00, 0x09, 0xFF, 0x7E, 
0x00, 0x00, 0xFF, 0xFF, 0xFF, 0xEB, 0x81, 0x02, 0x00, 0x00, 0x25, 0xFF, 0x63, 0x00, 0x00, 0xFF, 
0xA3, 0x47, 0x99, 0xFF, 0x76, 0x00, 0x00, 0x44, 0xFF, 0x48, 0x00, 0x00, 0xFF, 0x84, 0x00, 0x00, 
0xC3, 0xD7, 0x00, 0x00, 0x67, 0xFF, 0x2B, 0x00, 0x00, 0xFF, 0x84, 0x00, 0x00, 0x8B, 0xFB, 0x00, 
0x00, 0x8C, 0xFD, 0x08, 0x00, 0x00, 0xFF, 0x84, 0x00, 0x00, 0x90, 0xF6, 0x00, 0x00, 0xC2, 0xCD, 
0x00, 0x00, 0x00, 0xFF, 0x84, 0x00, 0x01, 0xCF, 0xC8, 0x33, 0x6F, 0xFE, 0x7D, 0x00, 0x00, 0x00, 
0xFF, 0xAB, 0x57, 0xAB, 0xFF, 0x55, 0x73, 0xFB, 0xBC, 0x0C, 0x00, 0x00, 0x00, 0xFF, 0xFF, 0xFD, 
0xD8, 0x60, 0x00, 0xFF, 0x84, 0x00, 0x00, 0x00, 0x84, 0xFF, 0x00, 0x00, 0x00, 0x00, 0x00, 0xFF, 
0x84, 0x00, 0x00, 0x00, 0x84, 0xFF, 0x00, 0x00, 0x00, 0x00, 0x00, 0xFF, 0x84, 0x00, 0x00, 0x00, 
0x84, 0xFF, 0x00, 0x00, 0x00, 0x00, 0x00, 0xFF, 0x84, 0x00, 0x00, 0x00, 0x84, 0xFF, 0x00, 0x00, 
0x00, 0x00, 0x00, 0xFF, 0x84, 0x00, 0x00, 0x00, 0x84, 0xFF, 0x00, 0x00, 0x00, 0x00, 0x00, 0xFF, 
0x8C, 0x10, 0x10, 0x10, 0x8C, 0xFF, 0x10, 0x05, 0x00, 0x00, 0x00, 0xFF, 0xFF, 0xFF, 0xFF, 0xFF, 
0xFF, 0xFF, 0xFF, 0xFE, 0xCB, 0x42, 0x00, 0xFF, 0xA3, 0x40, 0x40, 0x40, 0xA3, 0xFF, 0x41, 0x57, 
0xCD, 0xF7, 0x20, 0xFF, 0x84, 0x00, 0x00, 0x00, 0x84, 0xFF, 0x00, 0x00, 0x23, 0xFF, 0x6C, 0xFF, 
0x84, 0x00, 0x00, 0x00, 0x84, 0xFF, 0x00, 0x00, 0x04, 0xFF, 0x80, 0xFF, 0x84, 0x00, 0x00, 0x00, 
0x84, 0xFF, 0x00, 0x00, 0x3B, 0xFF, 0x61, 0xFF, 0x84, 0x00, 0x00, 0x00, 0x84, 0xFF, 0x60, 0x7A, 
0xE6, 0xE5, 0x0E, 0xFF, 0x84, 0x00, 0x00, 0x00, 0x84, 0xFF, 0xFF, 0xF2, 0xB4, 0x26, 0x00, 0xFF, 
0xFF, 0xFF, 0xFF, 0xFF, 0xFF, 0xFF, 0x00, 0x00, 0x50, 0x50, 0xAB, 0xFF, 0x50, 0x50, 0x50, 0x00, 
0x00, 0x00, 0x00, 0x84, 0xFF, 0x00, 0x00, 0x00, 0x00, 0x00, 0x00, 0x00, 0x84, 0xFF, 0x00, 0x00, 
0x00, 0x00, 0x00, 0x00, 0x00, 0x84, 0xFF, 0x10, 0x10, 0x05, 0x00, 0x00, 0x00, 0x00, 0x84, 0xFF, 
0xFF, 0xFF, 0xFC, 0xB8, 0x19, 0x00, 0x00, 0x84, 0xFF, 0x40, 0x41, 0x64, 0xF2, 0xAC, 0x00, 0x00, 
0x84, 0xFF, 0x00, 0x00, 0x00, 0x99, 0xF1, 0x00, 0x00, 0x84, 0xFF, 0x00, 0x00, 0x00, 0x84, 0xFF, 
0x00, 0x00, 0x84, 0xFF, 0x00, 0x00, 0x00, 0x84, 0xFF, 0x00, 0x00, 0x84, 0xFF, 0x00, 0x00, 0x00, 
0x84, 0xFF, 0x00, 0x00, 0x84, 0xFF, 0x00, 0x00, 0x00, 0x84, 0xFF, 0x00, 0x00, 0x84, 0xFF, 0x00, 
0x00, 0x00, 0x84, 0xFF, 0x00, 0x00, 0x00, 0x52, 0xFF, 0x7F, 0x00, 0x00, 0x00, 0x00, 0x04, 0xD6, 
0xBA, 0x03, 0x00, 0x00, 0x00, 0x00, 0x71, 0xC8, 0x0D, 0x00, 0x00, 0x00, 0x00, 0x00, 0x00, 0x00, 
0x00, 0x00, 0x00, 0x00, 0xFF, 0x84, 0x00, 0x00, 0x0D, 0xE5, 0xBC, 0x00, 0xFF, 0x84, 0x00, 0x00, 
0x90, 0xF8, 0x24, 0x00, 0xFF, 0x84, 0x00, 0x31, 0xFD, 0x7B, 0x00, 0x00, 0xFF, 0x84, 0x02, 0xC8, 
0xD5, 0x06, 0x00, 0x00, 0xFF, 0x84, 0x68, 0xFF, 0x3C, 0x00, 0x00, 0x00, 0xFF, 0x9A, 0xEF, 0x9B, 
0x00, 0x00, 0x00, 0x00, 0xFF, 0xDA, 0xFF, 0x4F, 0x00, 0x00, 0x00, 0x00, 0xFF, 0x86, 0xCA, 0xDB, 
0x07, 0x00, 0x00, 0x00, 0xFF, 0x84, 0x36, 0xFE, 0x7F, 0x00, 0x00, 0x00, 0xFF, 0x84, 0x00, 0x9D, 
0xF8, 0x23, 0x00, 0x00, 0xFF, 0x84, 0x00, 0x15, 0xEF, 0xB8, 0x00, 0x00, 0xFF, 0x84, 0x00, 0x00, 
0x6C, 0xFF, 0x54, 0x00, 0xFF, 0x84, 0x00, 0x00, 0x03, 0xD1, 0xE3, 0x0D, 0x00, 0x0F, 0xE9, 0xB6, 
0x00, 0x00, 0x00, 0x00, 0x00, 0x00, 0x43, 0xFB, 0x3A, 0x00, 0x00, 0x00, 0x00, 0x00, 0x00, 0x69, 
0xCA, 0x00, 0x00, 0x00, 0x00, 0x00, 0x00, 0x00, 0x00, 0x00, 0x00, 0x00, 0xFF, 0x84, 0x00, 0x00, 
0x00, 0x1B, 0xFC, 0xFF, 0xFF, 0x84, 0x00, 0x00, 0x00, 0x86, 0xFF, 0xFF, 0xFF, 0x84, 0x00, 0x00, 
0x08, 0xEC, 0xE3, 0xFF, 0xFF, 0x84, 0x00, 0x00, 0x62, 0xF5, 0x92, 0xFF, 0xFF, 0x84, 0x00, 0x00, 
0xD1, 0x96, 0x84, 0xFF, 0xFF, 0x84, 0x00, 0x40, 0xFF, 0x28, 0x84, 0xFF, 0xFF, 0x84, 0x00, 0xAF, 
0xB7, 0x00, 0x84, 0xFF, 0xFF, 0x84, 0x21, 0xFD, 0x47, 0x00, 0x84, 0xFF, 0xFF, 0x84, 0x8C, 0xD8, 
0x01, 0x00, 0x84, 0xFF, 0xFF, 0x8F, 0xEF, 0x6A, 0x00, 0x00, 0x84, 0xFF, 0xFF, 0xE8, 0xEF, 0x0B, 
0x00, 0x00, 0x84, 0xFF, 0xFF, 0xFF, 0x8B, 0x00, 0x00, 0x00, 0x84, 0xFF, 0xFF, 0xFC, 0x1F, 0x00, 
0x00, 0x00, 0x84, 0xFF, 0x00, 0x00, 0xFA, 0x3C, 0x00, 0x3C, 0xF9, 0x00, 0x00, 0x00, 0x00, 0xD1, 
0x9D, 0x18, 0xA1, 0xCB, 0x00, 0x00, 0x00, 0x00, 0x52, 0xFB, 0xFF, 0xF7, 0x47, 0x00, 0x00, 0x00, 
0x00, 0x00, 0x18, 0x3D, 0x13, 0x00, 0x00, 0x00, 0x3D, 0xFF, 0x7E, 0x00, 0x00, 0x00, 0x6C, 0xFF, 
0x2A, 0x01, 0xDF, 0xD1, 0x00, 0x00, 0x00, 0xB2, 0xDA, 0x00, 0x00, 0x84, 0xFF, 0x24, 0x00, 0x06, 
0xF4, 0x8B, 0x00, 0x00, 0x27, 0xFF, 0x76, 0x00, 0x41, 0xFF, 0x3E, 0x00, 0x00, 0x00, 0xC9, 0xCA, 
0x00, 0x87, 0xEB, 0x03, 0x00, 0x00, 0x00, 0x6C, 0xFF, 0x1E, 0xCF, 0x9F, 0x00, 0x00, 0x00, 0x00, 
0x15, 0xFB, 0x7E, 0xFF, 0x52, 0x00, 0x00, 0x00, 0x00, 0x00, 0xB3, 0xEA, 0xF7, 0x0B, 0x00, 0x00, 
0x00, 0x00, 0x00, 0x55, 0xFF, 0xB2, 0x00, 0x00, 0x00, 0x00, 0x00, 0x00, 0x32, 0xFF, 0x63, 0x00, 
0x00, 0x00, 0x00, 0x00, 0x00, 0x91, 0xF6, 0x10, 0x00, 0x00, 0x00, 0x00, 0x88, 0x89, 0xFB, 0x8F, 
0x00, 0x00, 0x00, 0x00, 0x00, 0xE8, 0xF8, 0xA8, 0x0A, 0x00, 0x00, 0x00, 0x00, 0xFF, 0x84, 0x00, 
0x00, 0x00, 0x00, 0xFF, 0x84, 0xFF, 0x84, 0x00, 0x00, 0x00, 0x00, 0xFF, 0x84, 0xFF, 0x84, 0x00, 
0x00, 0x00, 0x00, 0xFF, 0x84, 0xFF, 0x84, 0x00, 0x00, 0x00, 0x00, 0xFF, 0x84, 0xFF, 0x84, 0x00, 
0x00, 0x00, 0x00, 0xFF, 0x84, 0xFF, 0x84, 0x00, 0x00, 0x00, 0x00, 0xFF, 0x84, 0xFF, 0x84, 0x00, 
0x00, 0x00, 0x00, 0xFF, 0x84, 0xFF, 0x84, 0x00, 0x00, 0x00, 0x00, 0xFF, 0x84, 0xFF, 0x84, 0x00, 
0x00, 0x00, 0x00, 0xFF, 0x84, 0xFF, 0x84, 0x00, 0x00, 0x00, 0x00, 0xFF, 0x84, 0xFF, 0x84, 0x00, 
0x00, 0x00, 0x00, 0xFF, 0x84, 0xFF, 0xB6, 0x68, 0x68, 0x68, 0x68, 0xFF, 0x84, 0xFF, 0xFF, 0xFF, 
0xFF, 0xFF, 0xFF, 0xFF, 0x84, 0x00, 0x00, 0x00, 0xFF, 0x84, 0x00, 0x00, 0x00, 0x00, 0x00, 0x00, 
0xFF, 0x84, 0x00, 0x00, 0x00, 0x00, 0x00, 0x00, 0xFF, 0x84, 0x00, 0x00, 0x00, 0x00, 0x00, 0x00, 
0x80, 0x42, 0x00, 0x00, 0x00, 0x00, 0x00, 0x00, 0x9C, 0xFF, 0x63, 0x00, 0x00, 0x00, 0x00, 0x00, 
0x00, 0xE1, 0xF7, 0xA9, 0x00, 0x00, 0x00, 0x00, 0x00, 0x26, 0xFF, 0xAA, 0xED, 0x02, 0x00, 0x00, 
0x00, 0x00, 0x6B, 0xFB, 0x4A, 0xFF, 0x35, 0x00, 0x00, 0x00, 0x00, 0xB1, 0xCA, 0x0A, 0xFA, 0x7B, 
0x00, 0x00, 0x00, 0x04, 0xF1, 0x8C, 0x00, 0xC6, 0xC2, 0x00, 0x00, 0x00, 0x3D, 0xFF, 0x50, 0x00, 
0x89, 0xFA, 0x0D, 0x00, 0x00, 0x82, 0xFF, 0x34, 0x20, 0x66, 0xFF, 0x4E, 0x00, 0x00, 0xC6, 0xFF, 
0xFF, 0xFF, 0xFF, 0xFF, 0x94, 0x00, 0x10, 0xFD, 0xB2, 0x50, 0x50, 0x50, 0xD6, 0xDA, 0x00, 0x52, 
0xFF, 0x54, 0x00, 0x00, 0x00, 0x86, 0xFF, 0x21, 0x97, 0xFD, 0x11, 0x00, 0x00, 0x00, 0x3D, 0xFF, 
0x67, 0xDE, 0xC6, 0x00, 0x00, 0x00, 0x00, 0x04, 0xF0, 0xAD, 0xFF, 0xFF, 0xFF, 0xFF, 0xFF, 0xDC, 
0x00, 0xFF, 0xAB, 0x50, 0x50, 0x50, 0x45, 0x00, 0xFF, 0x84, 0x00, 0x00, 0x00, 0x00, 0x00, 0xFF, 
0x84, 0x00, 0x00, 0x00, 0x00, 0x00, 0xFF, 0x8C, 0x0F, 0x04, 0x00, 0x00, 0x00, 0xFF, 0xFF, 0xFF, 
0xFB, 0xBD, 0x2B, 0x00, 0xFF, 0xA3, 0x41, 0x60, 0xDE, 0xE8, 0x0D, 0xFF, 0x84, 0x00, 0x00, 0x3E, 
0xFF, 0x5A, 0xFF, 0x84, 0x00, 0x00, 0x07, 0xFF, 0x7F, 0xFF, 0x84, 0x00, 0x00, 0x0C, 0xFF, 0x7A, 
0xFF, 0x84, 0x00, 0x00, 0x4B, 0xFF, 0x4E, 0xFF, 0xAB, 0x51, 0x70, 0xEA, 0xD7, 0x05, 0xFF, 0xFF, 
0xFF, 0xF0, 0xA8, 0x1B, 0x00, 0xFF, 0xFF, 0xFF, 0xF6, 0xC2, 0x3E, 0x00, 0xFF, 0xAB, 0x50, 0x62, 
0xD5, 0xF7, 0x20, 0xFF, 0x84, 0x00, 0x00, 0x2B, 0xFF, 0x70, 0xFF, 0x84, 0x00, 0x00, 0x03, 0xFF, 
0x80, 0xFF, 0x84, 0x00, 0x00, 0x1F, 0xFF, 0x63, 0xFF, 0x8C, 0x10, 0x20, 0xA8, 0xE9, 0x11, 0xFF, 
0xFF, 0xFF, 0xFF, 0xF2, 0x48, 0x00, 0xFF, 0xA3, 0x40, 0x47, 0x8D, 0xFD, 0x61, 0xFF, 0x84, 0x00, 
0x00, 0x00, 0xB0, 0xE1, 0xFF, 0x84, 0x00, 0x00, 0x00, 0x89, 0xFE, 0xFF, 0x84, 0x00, 0x00, 0x00, 
0xB8, 0xE1, 0xFF, 0xAB, 0x50, 0x54, 0x97, 0xFF, 0x7B, 0xFF, 0xFF, 0xFF, 0xFF, 0xE2, 0x7B, 0x02, 
0xFF, 0xFF, 0xFF, 0xFF, 0xFF, 0x8C, 0xFF, 0xAB, 0x50, 0x50, 0x50, 0x2C, 0xFF, 0x84, 0x00, 0x00, 
0x00, 0x00, 0xFF, 0x84, 0x00, 0x00, 0x00, 0x00, 0xFF, 0x84, 0x00, 0x00, 0x00, 0x00, 0xFF, 0x84, 
0x00, 0x00, 0x00, 0x00, 0xFF, 0x84, 0x00, 0x00, 0x00, 0x00, 0xFF, 0x84, 0x00, 0x00, 0x00, 0x00, 
0xFF, 0x84, 0x00, 0x00, 0x00, 0x00, 0xFF, 0x84, 0x00, 0x00, 0x00, 0x00, 0xFF, 0x84, 0x00, 0x00, 
0x00, 0x00, 0xFF, 0x84, 0x00, 0x00, 0x00, 0x00, 0xFF, 0x84, 0x00, 0x00, 0x00, 0x00, 0x00, 0x00, 
0x04, 0xFF, 0xFF, 0xFF, 0xFF, 0xFF, 0x00, 0x00, 0x00, 0x00, 0x0B, 0xFF, 0xA9, 0x50, 0xAB, 0xFF, 
0x00, 0x00, 0x00, 0x00, 0x1E, 0xFF, 0x79, 0x00, 0x84, 0xFF, 0x00, 0x00, 0x00, 0x00, 0x38, 0xFF, 
0x62, 0x00, 0x84, 0xFF, 0x00, 0x00, 0x00, 0x00, 0x59, 0xFF, 0x42, 0x00, 0x84, 0xFF, 0x00, 0x00, 
0x00, 0x00, 0x83, 0xFF, 0x1A, 0x00, 0x84, 0xFF, 0x00, 0x00, 0x00, 0x00, 0xB5, 0xE9, 0x00, 0x00, 
0x84, 0xFF, 0x00, 0x00, 0x00, 0x01, 0xEC, 0xB0, 0x00, 0x00, 0x84, 0xFF, 0x00, 0x00, 0x00, 0x2C, 
0xFF, 0x6F, 0x00, 0x00, 0x84, 0xFF, 0x00, 0x00, 0x00, 0x74, 0xFF, 0x26, 0x00, 0x00, 0x84, 0xFF, 
0x00, 0x00, 0x00, 0xC3, 0xD5, 0x00, 0x00, 0x00, 0x84, 0xFF, 0x00, 0x00, 0x59, 0xFE, 0xAD, 0x50, 
0x50, 0x50, 0xAB, 0xFF, 0x50, 0x29, 0xFF, 0xFF, 0xFF, 0xFF, 0xFF, 0xFF, 0xFF, 0xFF, 0xFF, 0x84, 
0xFF, 0x84, 0x00, 0x00, 0x00, 0x00, 0x00, 0x00, 0xFF, 0x84, 0xFF, 0x84, 0x00, 0x00, 0x00, 0x00, 
0x00, 0x00, 0xFF, 0x84, 0xFF, 0x84, 0x00, 0x00, 0x00, 0x00, 0x00, 0x00, 0xFF, 0x84, 0xB0, 0x5B, 
0x00, 0x00, 0x00, 0x00, 0x00, 0x00, 0xB0, 0x5B, 0xFF, 0xFF, 0xFF, 0xFF, 0xFF, 0x80, 0xFF, 0xAB, 
0x50, 0x50, 0x50, 0x28, 0xFF, 0x84, 0x00, 0x00, 0x00, 0x00, 0xFF, 0x84, 0x00, 0x00, 0x00, 0x00, 
0xFF, 0x84, 0x00, 0x00, 0x00, 0x00, 0xFF, 0x8C, 0x10, 0x10, 0x10, 0x04, 0xFF, 0xFF, 0xFF, 0xFF, 
0xFF, 0x40, 0xFF, 0xA3, 0x40, 0x40, 0x40, 0x10, 0xFF, 0x84, 0x00, 0x00, 0x00, 0x00, 0xFF, 0x84, 
0x00, 0x00, 0x00, 0x00, 0xFF, 0x84, 0x00, 0x00, 0x00, 0x00, 0xFF, 0xAB, 0x50, 0x50, 0x50, 0x28, 
0xFF, 0xFF, 0xFF, 0xFF, 0xFF, 0x80, 0x0D, 0xE9, 0xB9, 0x00, 0x00, 0x00, 0xFF, 0x84, 0x00, 0x00, 
0x37, 0xFF, 0x72, 0x00, 0x61, 0xFF, 0x4A, 0x00, 0x00, 0xFF, 0x84, 0x00, 0x01, 0xC5, 0xD9, 0x05, 
0x00, 0x02, 0xCA, 0xD6, 0x04, 0x00, 0xFF, 0x84, 0x00, 0x56, 0xFF, 0x4A, 0x00, 0x00, 0x00, 0x39, 
0xFF, 0x6C, 0x00, 0xFF, 0x84, 0x09, 0xE0, 0xB8, 0x00, 0x00, 0x00, 0x00, 0x00, 0xA1, 0xED, 0x11, 
0xFF, 0x84, 0x7A, 0xFB, 0x28, 0x00, 0x00, 0x00, 0x00, 0x00, 0x1A, 0xF3, 0x8E, 0xFF, 0x9B, 0xF3, 
0x8F, 0x00, 0x00, 0x00, 0x00, 0x00, 0x00, 0x00, 0xC3, 0xDE, 0xFF, 0xDE, 0xFF, 0x46, 0x00, 0x00, 
0x00, 0x00, 0x00, 0x00, 0x46, 0xFF, 0x60, 0xFF, 0x88, 0xD9, 0xC9, 0x01, 0x00, 0x00, 0x00, 0x00, 
0x03, 0xD1, 0xD3, 0x03, 0xFF, 0x84, 0x53, 0xFF, 0x57, 0x00, 0x00, 0x00, 0x00, 0x62, 0xFF, 0x4A, 
0x00, 0xFF, 0x84, 0x01, 0xC6, 0xDF, 0x07, 0x00, 0x00, 0x0A, 0xE6, 0xBD, 0x00, 0x00, 0xFF, 0x84, 
0x00, 0x3C, 0xFF, 0x75, 0x00, 0x00, 0x7F, 0xFF, 0x33, 0x00, 0x00, 0xFF, 0x84, 0x00, 0x00, 0xB0, 
0xEF, 0x13, 0x19, 0xF4, 0xA6, 0x00, 0x00, 0x00, 0xFF, 0x84, 0x00, 0x00, 0x29, 0xFC, 0x92, 0x04, 
0x6E, 0xD0, 0xF9, 0xF9, 0xCB, 0x4F, 0x00, 0x22, 0xDF, 0x8A, 0x57, 0x61, 0xCA, 0xFE, 0x35, 0x00, 
0x02, 0x00, 0x00, 0x00, 0x18, 0xFF, 0x7B, 0x00, 0x00, 0x00, 0x00, 0x00, 0x18, 0xFF, 0x68, 0x00, 
0x04, 0x10, 0x16, 0x41, 0xC3, 0xD3, 0x0E, 0x00, 0x3C, 0xFF, 0xFF, 0xFE, 0x9C, 0x0B, 0x00, 0x00, 
0x0F, 0x40, 0x4B, 0x82, 0xF4, 0xAC, 0x01, 0x00, 0x00, 0x00, 0x00, 0x00, 0x56, 0xFF, 0x47, 0x00, 
0x00, 0x00, 0x00, 0x00, 0x0B, 0xFF, 0x7C, 0x00, 0x00, 0x00, 0x00, 0x00, 0x0C, 0xFF, 0x7B, 0x05, 
0x00, 0x00, 0x00, 0x00, 0x56, 0xFF, 0x48, 0x7C, 0xAE, 0x67, 0x54, 0x80, 0xF3, 0xCB, 0x03, 0x42, 
0xC3, 0xF1, 0xFD, 0xE7, 0x97, 0x11, 0x00, 0xFF, 0x84, 0x00, 0x00, 0x00, 0x1B, 0xFC, 0xFF, 0xFF, 
0x84, 0x00, 0x00, 0x00, 0x86, 0xFF, 0xFF, 0xFF, 0x84, 0x00, 0x00, 0x08, 0xEC, 0xE3, 0xFF, 0xFF, 
0x84, 0x00, 0x00, 0x62, 0xF5, 0x92, 0xFF, 0xFF, 0x84, 0x00, 0x00, 0xD1, 0x96, 0x84, 0xFF, 0xFF, 
0x84, 0x00, 0x40, 0xFF, 0x28, 0x84, 0xFF, 0xFF, 0x84, 0x00, 0xAF, 0xB7, 0x00, 0x84, 0xFF, 0xFF, 
0x84, 0x21, 0xFD, 0x47, 0x00, 0x84, 0xFF, 0xFF, 0x84, 0x8C, 0xD8, 0x01, 0x00, 0x84, 0xFF, 0xFF, 
0x8F, 0xEF, 0x6A, 0x00, 0x00, 0x84, 0xFF, 0xFF, 0xE8, 0xEF, 0x0B, 0x00, 0x00, 0x84, 0xFF, 0xFF, 
0xFF, 0x8B, 0x00, 0x00, 0x00, 0x84, 0xFF, 0xFF, 0xFC, 0x1F, 0x00, 0x00, 0x00, 0x84, 0xFF, 0x00, 
0x69, 0xD9, 0x00, 0x00, 0x9A, 0xAA, 0x00, 0x00, 0x3F, 0xFF, 0x43, 0x2A, 0xE8, 0x70, 0x00, 0x00, 
0x01, 0xB3, 0xFF, 0xFF, 0xD2, 0x0E, 0x00, 0x00, 0x00, 0x01, 0x2E, 0x36, 0x05, 0x00, 0x00, 0xFF, 
0x84, 0x00, 0x00, 0x00, 0x1B, 0xFC, 0xFF, 0xFF, 0x84, 0x00, 0x00, 0x00, 0x86, 0xFF, 0xFF, 0xFF, 
0x84, 0x00, 0x00, 0x08, 0xEC, 0xE3, 0xFF, 0xFF, 0x84, 0x00, 0x00, 0x62, 0xF5, 0x92, 0xFF, 0xFF, 
0x84, 0x00, 0x00, 0xD1, 0x96, 0x84, 0xFF, 0xFF, 0x84, 0x00, 0x40, 0xFE, 0x27, 0x84, 0xFF, 0xFF, 
0x84, 0x00, 0xAF, 0xB6, 0x00, 0x84, 0xFF, 0xFF, 0x84, 0x21, 0xFD, 0x46, 0x00, 0x84, 0xFF, 0xFF, 
0x84, 0x8C, 0xD5, 0x01, 0x00, 0x84, 0xFF, 0xFF, 0x8F, 0xEF, 0x67, 0x00, 0x00, 0x84, 0xFF, 0xFF, 
0xE8, 0xED, 0x0A, 0x00, 0x00, 0x84, 0xFF, 0xFF, 0xFF, 0x86, 0x00, 0x00, 0x00, 0x84, 0xFF, 0xFF, 
0xFB, 0x1C, 0x00, 0x00, 0x00, 0x84, 0xFF, 0xFF, 0x84, 0x00, 0x00, 0x0D, 0xE5, 0xBC, 0x00, 0xFF, 
0x84, 0x00, 0x00, 0x90, 0xF8, 0x24, 0x00, 0xFF, 0x84, 0x00, 0x31, 0xFD, 0x7B, 0x00, 0x00, 0xFF, 
0x84, 0x02, 0xC8, 0xD5, 0x06, 0x00, 0x00, 0xFF, 0x84, 0x68, 0xFF, 0x3C, 0x00, 0x00, 0x00, 0xFF, 
0x9A, 0xEF, 0x9B, 0x00, 0x00, 0x00, 0x00, 0xFF, 0xDA, 0xFF, 0x4F, 0x00, 0x00, 0x00, 0x00, 0xFF, 
0x86, 0xCA, 0xDB, 0x07, 0x00, 0x00, 0x00, 0xFF, 0x84, 0x36, 0xFE, 0x7F, 0x00, 0x00, 0x00, 0xFF, 
0x84, 0x00, 0x9D, 0xF8, 0x23, 0x00, 0x00, 0xFF, 0x84, 0x00, 0x15, 0xEF, 0xB8, 0x00, 0x00, 0xFF, 
0x84, 0x00, 0x00, 0x6C, 0xFF, 0x54, 0x00, 0xFF, 0x84, 0x00, 0x00, 0x03, 0xD1, 0xE3, 0x0D, 0x00, 
0x00, 0x02, 0xFC, 0xFF, 0xFF, 0xFF, 0xFF, 0x84, 0x00, 0x00, 0x18, 0xFF, 0x8F, 0x50, 0x50, 0xFF, 
0x84, 0x00, 0x00, 0x32, 0xFF, 0x48, 0x00, 0x00, 0xFF, 0x84, 0x00, 0x00, 0x4C, 0xFF, 0x2F, 0x00, 
0x00, 0xFF, 0x84, 0x00, 0x00, 0x65, 0xFF, 0x16, 0x00, 0x00, 0xFF, 0x84, 0x00, 0x00, 0x7F, 0xFC, 
0x02, 0x00, 0x00, 0xFF, 0x84, 0x00, 0x00, 0x9B, 0xE3, 0x00, 0x00, 0x00, 0xFF, 0x84, 0x00, 0x00, 
0xB8, 0xC4, 0x00, 0x00, 0x00, 0xFF, 0x84, 0x00, 0x00, 0xD6, 0xA4, 0x00, 0x00, 0x00, 0xFF, 0x84, 
0x00, 0x02, 0xF7, 0x82, 0x00, 0x00, 0x00, 0xFF, 0x84, 0x00, 0x2D, 0xFF, 0x4F, 0x00, 0x00, 0x00, 
0xFF, 0x84, 0x52, 0xB4, 0xF4, 0x0D, 0x00, 0x00, 0x00, 0xFF, 0x84, 0xDC, 0xF1, 0x61, 0x00, 0x00, 
0x00, 0x00, 0xFF, 0x84, 0xFF, 0xFF, 0x70, 0x00, 0x00, 0x00, 0x00, 0x00, 0xDD, 0xFF, 0x84, 0xFF, 
0xFF, 0xB5, 0x00, 0x00, 0x00, 0x00, 0x23, 0xFF, 0xFF, 0x84, 0xFF, 0xD8, 0xF6, 0x08, 0x00, 0x00, 
0x00, 0x6A, 0xC6, 0xFF, 0x84, 0xFF, 0x95, 0xFD, 0x44, 0x00, 0x00, 0x00, 0xB2, 0x7F, 0xFF, 0x84, 
0xFF, 0x84, 0xC6, 0x8C, 0x00, 0x00, 0x06, 0xF4, 0x3A, 0xFF, 0x84, 0xFF, 0x84, 0x7E, 0xD2, 0x00, 
0x00, 0x41, 0xF0, 0x03, 0xFF, 0x84, 0xFF, 0x84, 0x35, 0xFF, 0x1A, 0x00, 0x87, 0xAD, 0x00, 0xFF, 
0x84, 0xFF, 0x84, 0x02, 0xEC, 0x61, 0x00, 0xD0, 0x67, 0x00, 0xFF, 0x84, 0xFF, 0x84, 0x00, 0xA7, 
0xA8, 0x19, 0xFF, 0x21, 0x00, 0xFF, 0x84, 0xFF, 0x84, 0x00, 0x5F, 0xEC, 0x60, 0xD9, 0x00, 0x00, 
0xFF, 0x84, 0xFF, 0x84, 0x00, 0x19, 0xFF, 0xD8, 0x93, 0x00, 0x00, 0xFF, 0x84, 0xFF, 0x84, 0x00, 
0x00, 0xD0, 0xFF, 0x4E, 0x00, 0x00, 0xFF, 0x84, 0xFF, 0x84, 0x00, 0x00, 0x87, 0xFA, 0x0C, 0x00, 
0x00, 0xFF, 0x84, 0xFF, 0x84, 0x00, 0x00, 0x00, 0x00, 0xFF, 0x84, 0xFF, 0x84, 0x00, 0x00, 0x00, 
0x00, 0xFF, 0x84, 0xFF, 0x84, 0x00, 0x00, 0x00, 0x00, 0xFF, 0x84, 0xFF, 0x84, 0x00, 0x00, 0x00, 
0x00, 0xFF, 0x84, 0xFF, 0x84, 0x00, 0x00, 0x00, 0x00, 0xFF, 0x84, 0xFF, 0x8C, 0x10, 0x10, 0x10, 
0x10, 0xFF, 0x84, 0xFF, 0xFF, 0xFF, 0xFF, 0xFF, 0xFF, 0xFF, 0x84, 0xFF, 0xA3, 0x40, 0x40, 0x40, 
0x40, 0xFF, 0x84, 0xFF, 0x84, 0x00, 0x00, 0x00, 0x00, 0xFF, 0x84, 0xFF, 0x84, 0x00, 0x00, 0x00, 
0x00, 0xFF, 0x84, 0xFF, 0x84, 0x00, 0x00, 0x00, 0x00, 0xFF, 0x84, 0xFF, 0x84, 0x00, 0x00, 0x00, 
0x00, 0xFF, 0x84, 0xFF, 0x84, 0x00, 0x00, 0x00, 0x00, 0xFF, 0x84, 0x00, 0x0A, 0x8B, 0xE4, 0xFA, 
0xE2, 0x83, 0x06, 0x00, 0x02, 0xBC, 0xF9, 0x88, 0x54, 0x81, 0xF6, 0xA8, 0x00, 0x54, 0xFF, 0x61, 
0x00, 0x00, 0x00, 0x58, 0xFF, 0x41, 0xAB, 0xE6, 0x02, 0x00, 0x00, 0x00, 0x01, 0xE3, 0x9E, 0xDC, 
0xAB, 0x00, 0x00, 0x00, 0x00, 0x00, 0xA9, 0xD5, 0xF7, 0x8E, 0x00, 0x00, 0x00, 0x00, 0x00, 0x8E, 
0xF5, 0xFE, 0x86, 0x00, 0x00, 0x00, 0x00, 0x00, 0x85, 0xFE, 0xF3, 0x8F, 0x00, 0x00, 0x00, 0x00, 
0x00, 0x8E, 0xF5, 0xD5, 0xAC, 0x00, 0x00, 0x00, 0x00, 0x00, 0xAB, 0xD7, 0xA3, 0xE8, 0x03, 0x00, 
0x00, 0x00, 0x01, 0xE4, 0x9F, 0x45, 0xFF, 0x65, 0x00, 0x00, 0x00, 0x5A, 0xFF, 0x40, 0x00, 0xA9, 
0xFA, 0x8A, 0x56, 0x84, 0xF8, 0xA4, 0x00, 0x00, 0x05, 0x81, 0xE2, 0xFE, 0xE1, 0x7F, 0x04, 0x00, 
0xFF, 0xFF, 0xFF, 0xFF, 0xFF, 0xFF, 0xFF, 0x84, 0xFF, 0xAB, 0x50, 0x50, 0x50, 0x50, 0xFF, 0x84, 
0xFF, 0x84, 0x00, 0x00, 0x00, 0x00, 0xFF, 0x84, 0xFF, 0x84, 0x00, 0x00, 0x00, 0x00, 0xFF, 0x84, 
0xFF, 0x84, 0x00, 0x00, 0x00, 0x00, 0xFF, 0x84, 0xFF, 0x84, 0x00, 0x00, 0x00, 0x00, 0xFF, 0x84, 
0xFF, 0x84, 0x00, 0x00, 0x00, 0x00, 0xFF, 0x84, 0xFF, 0x84, 0x00, 0x00, 0x00, 0x00, 0xFF, 0x84, 
0xFF, 0x84, 0x00, 0x00, 0x00, 0x00, 0xFF, 0x84, 0xFF, 0x84, 0x00, 0x00, 0x00, 0x00, 0xFF, 0x84, 
0xFF, 0x84, 0x00, 0x00, 0x00, 0x00, 0xFF, 0x84, 0xFF, 0x84, 0x00, 0x00, 0x00, 0x00, 0xFF, 0x84, 
0xFF, 0x84, 0x00, 0x00, 0x00, 0x00, 0xFF, 0x84, 0xFF, 0xFF, 0xFF, 0xEF, 0xAF, 0x25, 0x00, 0xFF, 
0xAB, 0x51, 0x74, 0xE9, 0xE0, 0x09, 0xFF, 0x84, 0x00, 0x00, 0x4A, 0xFF, 0x54, 0xFF, 0x84, 0x00, 
0x00, 0x0A, 0xFF, 0x7D, 0xFF, 0x84, 0x00, 0x00, 0x07, 0xFF, 0x7D, 0xFF, 0x84, 0x00, 0x00, 0x38, 
0xFF, 0x56, 0xFF, 0x8C, 0x13, 0x3D, 0xD0, 0xE8, 0x0B, 0xFF, 0xFF, 0xFF, 0xFF, 0xD8, 0x34, 0x00, 
0xFF, 0xA3, 0x3F, 0x29, 0x01, 0x00, 0x00, 0xFF, 0x84, 0x00, 0x00, 0x00, 0x00, 0x00, 0xFF, 0x84, 
0x00, 0x00, 0x00, 0x00, 0x00, 0xFF, 0x84, 0x00, 0x00, 0x00, 0x00, 0x00, 0xFF, 0x84, 0x00, 0x00, 
0x00, 0x00, 0x00, 0x00, 0x00, 0x64, 0xD5, 0xFC, 0xF0, 0xB7, 0x21, 0x00, 0x82, 0xFF, 0xA0, 0x56, 
0x6B, 0xB8, 0x0B, 0x2C, 0xFE, 0x8B, 0x00, 0x00, 0x00, 0x00, 0x00, 0x92, 0xF8, 0x11, 0x00, 0x00, 
0x00, 0x00, 0x00, 0xD1, 0xBD, 0x00, 0x00, 0x00, 0x00, 0x00, 0x00, 0xF4, 0x94, 0x00, 0x00, 0x00, 
0x00, 0x00, 0x00, 0xFE, 0x86, 0x00, 0x00, 0x00, 0x00, 0x00, 0x00, 0xF5, 0x90, 0x00, 0x00, 0x00, 
0x00, 0x00, 0x00, 0xD5, 0xB6, 0x00, 0x00, 0x00, 0x00, 0x00, 0x00, 0x9A, 0xF3, 0x0B, 0x00, 0x00, 
0x00, 0x00, 0x00, 0x38, 0xFF, 0x89, 0x00, 0x00, 0x00, 0x00, 0x00, 0x00, 0x95, 0xFF, 0xA4, 0x58, 
0x60, 0x9F, 0x00, 0x00, 0x02, 0x73, 0xDA, 0xFC, 0xEF, 0xB3, 0x00, 0xFF, 0xFF, 0xFF, 0xFF, 0xFF, 
0xFF, 0xFF, 0x50, 0x50, 0x50, 0xFF, 0xAB, 0x50, 0x50, 0x00, 0x00, 0x00, 0xFF, 0x84, 0x00, 0x00, 
0x00, 0x00, 0x00, 0xFF, 0x84, 0x00, 0x00, 0x00, 0x00, 0x00, 0xFF, 0x84, 0x00, 0x00, 0x00, 0x00, 
0x00, 0xFF, 0x84, 0x00, 0x00, 0x00, 0x00, 0x00, 0xFF, 0x84, 0x00, 0x00, 0x00, 0x00, 0x00, 0xFF, 
0x84, 0x00, 0x00, 0x00, 0x00, 0x00, 0xFF, 0x84, 0x00, 0x00, 0x00, 0x00, 0x00, 0xFF, 0x84, 0x00, 
0x00, 0x00, 0x00, 0x00, 0xFF, 0x84, 0x00, 0x00, 0x00, 0x00, 0x00, 0xFF, 0x84, 0x00, 0x00, 0x00, 
0x00, 0x00, 0xFF, 0x84, 0x00, 0x00, 0x3D, 0xFF, 0x5D, 0x00, 0x00, 0x00, 0x2E, 0xFF, 0x6A, 0x01, 
0xDF, 0xB7, 0x00, 0x00, 0x00, 0x7D, 0xFF, 0x1B, 0x00, 0x84, 0xFC, 0x16, 0x00, 0x00, 0xCA, 0xC7, 
0x00, 0x00, 0x27, 0xFF, 0x6D, 0x00, 0x19, 0xFF, 0x76, 0x00, 0x00, 0x00, 0xC9, 0xC7, 0x00, 0x66, 
0xFF, 0x26, 0x00, 0x00, 0x00, 0x6C, 0xFF, 0x23, 0xB3, 0xD2, 0x00, 0x00, 0x00, 0x00, 0x15, 0xFB, 
0x7A, 0xF6, 0x82, 0x00, 0x00, 0x00, 0x00, 0x00, 0xB3, 0xE8, 0xFF, 0x2E, 0x00, 0x00, 0x00, 0x00, 
0x00, 0x55, 0xFF, 0xDE, 0x00, 0x00, 0x00, 0x00, 0x00, 0x00, 0x32, 0xFF, 0x8A, 0x00, 0x00, 0x00, 
0x00, 0x00, 0x00, 0x91, 0xFF, 0x2A, 0x00, 0x00, 0x00, 0x00, 0x88, 0x89, 0xFB, 0xAF, 0x00, 0x00, 
0x00, 0x00, 0x00, 0xE8, 0xF9, 0xB5, 0x14, 0x00, 0x00, 0x00, 0x00, 0x00, 0x00, 0x00, 0x02, 0x8A, 
0xFF, 0x09, 0x00, 0x00, 0x00, 0x00, 0x00, 0x1C, 0xA9, 0xF6, 0xFF, 0xFF, 0xFF, 0xD9, 0x65, 0x00, 
0x00, 0x12, 0xE1, 0xE2, 0x68, 0xA4, 0xFF, 0x4A, 0x9D, 0xFF, 0x77, 0x00, 0x87, 0xF8, 0x22, 0x00, 
0x84, 0xFF, 0x00, 0x00, 0x97, 0xF7, 0x11, 0xD7, 0xB1, 0x00, 0x00, 0x84, 0xFF, 0x00, 0x00, 0x32, 
0xFF, 0x53, 0xFA, 0x8B, 0x00, 0x00, 0x84, 0xFF, 0x00, 0x00, 0x0E, 0xFF, 0x76, 0xFA, 0x89, 0x00, 
0x00, 0x84, 0xFF, 0x00, 0x00, 0x0E, 0xFF, 0x76, 0xDC, 0xAA, 0x00, 0x00, 0x84, 0xFF, 0x00, 0x00, 
0x31, 0xFF, 0x56, 0x95, 0xF1, 0x12, 0x00, 0x84, 0xFF, 0x00, 0x00, 0x8E, 0xF8, 0x13, 0x20, 0xF3, 
0xC5, 0x38, 0x8D, 0xFF, 0x1C, 0x78, 0xFD, 0x86, 0x00, 0x00, 0x38, 0xD6, 0xFF, 0xFF, 0xFF, 0xFF, 
0xF8, 0x89, 0x03, 0x00, 0x00, 0x00, 0x01, 0x28, 0xA2, 0xFF, 0x38, 0x0F, 0x00, 0x00, 0x00, 0x00, 
0x00, 0x00, 0x00, 0x84, 0xFF, 0x00, 0x00, 0x00, 0x00, 0x00, 0x65, 0xFF, 0x39, 0x00, 0x00, 0x29, 
0xFF, 0x72, 0x09, 0xEA, 0xA0, 0x00, 0x00, 0x91, 0xF3, 0x0F, 0x00, 0x82, 0xF8, 0x12, 0x0A, 0xF0, 
0x90, 0x00, 0x00, 0x16, 0xF8, 0x72, 0x61, 0xFD, 0x22, 0x00, 0x00, 0x00, 0x9B, 0xD9, 0xCC, 0xAD, 
0x00, 0x00, 0x00, 0x00, 0x2B, 0xFF, 0xFF, 0x3D, 0x00, 0x00, 0x00, 0x00, 0x0B, 0xF4, 0xF9, 0x0D, 
0x00, 0x00, 0x00, 0x00, 0x6D, 0xF7, 0xF8, 0x6C, 0x00, 0x00, 0x00, 0x03, 0xDE, 0x9E, 0xA3, 0xDC, 
0x02, 0x00, 0x00, 0x55, 0xFF, 0x31, 0x3C, 0xFF, 0x4E, 0x00, 0x00, 0xC8, 0xC3, 0x00, 0x00, 0xD6, 
0xBE, 0x00, 0x3B, 0xFF, 0x57, 0x00, 0x00, 0x6D, 0xFF, 0x30, 0xAE, 0xE5, 0x05, 0x00, 0x00, 0x11, 
0xF6, 0x9F, 0xFF, 0x84, 0x00, 0x00, 0x00, 0x00, 0xFF, 0x84, 0x00, 0xFF, 0x84, 0x00, 0x00, 0x00, 
0x00, 0xFF, 0x84, 0x00, 0xFF, 0x84, 0x00, 0x00, 0x00, 0x00, 0xFF, 0x84, 0x00, 0xFF, 0x84, 0x00, 
0x00, 0x00, 0x00, 0xFF, 0x84, 0x00, 0xFF, 0x84, 0x00, 0x00, 0x00, 0x00, 0xFF, 0x84, 0x00, 0xFF, 
0x84, 0x00, 0x00, 0x00, 0x00, 0xFF, 0x84, 0x00, 0xFF, 0x84, 0x00, 0x00, 0x00, 0x00, 0xFF, 0x84, 
0x00, 0xFF, 0x84, 0x00, 0x00, 0x00, 0x00, 0xFF, 0x84, 0x00, 0xFF, 0x84, 0x00, 0x00, 0x00, 0x00, 
0xFF, 0x84, 0x00, 0xFF, 0x84, 0x00, 0x00, 0x00, 0x00, 0xFF, 0x84, 0x00, 0xFF, 0x84, 0x00, 0x00, 
0x00, 0x00, 0xFF, 0x84, 0x00, 0xFF, 0xB6, 0x68, 0x68, 0x68, 0x68, 0xFF, 0xB6, 0x68, 0xFF, 0xFF, 
0xFF, 0xFF, 0xFF, 0xFF, 0xFF, 0xFF, 0xFF, 0x00, 0x00, 0x00, 0x00, 0x00, 0x00, 0x00, 0x84, 0xFF, 
0x00, 0x00, 0x00, 0x00, 0x00, 0x00, 0x00, 0x84, 0xFF, 0x00, 0x00, 0x00, 0x00, 0x00, 0x00, 0x00, 
0x84, 0xFF, 0x00, 0x00, 0x00, 0x00, 0x00, 0x00, 0x00, 0x4E, 0x98, 0xFF, 0x84, 0x00, 0x00, 0x00, 
0x00, 0xFF, 0x84, 0xFF, 0x84, 0x00, 0x00, 0x00, 0x00, 0xFF, 0x84, 0xFF, 0x84, 0x00, 0x00, 0x00, 
0x00, 0xFF, 0x84, 0xFF, 0x84, 0x00, 0x00, 0x00, 0x00, 0xFF, 0x84, 0xFF, 0x84, 0x00, 0x00, 0x00, 
0x00, 0xFF, 0x84, 0xF9, 0x98, 0x00, 0x00, 0x00, 0x00, 0xFF, 0x84, 0xC6, 0xEE, 0x43, 0x22, 0x46, 
0x9B, 0xFF, 0x84, 0x38, 0xEE, 0xFF, 0xFF, 0xFD, 0xB5, 0xFF, 0x84, 0x00, 0x0D, 0x43, 0x40, 0x13, 
0x00, 0xFF, 0x84, 0x00, 0x00, 0x00, 0x00, 0x00, 0x00, 0xFF, 0x84, 0x00, 0x00, 0x00, 0x00, 0x00, 
0x00, 0xFF, 0x84, 0x00, 0x00, 0x00, 0x00, 0x00, 0x00, 0xFF, 0x84, 0x00, 0x00, 0x00, 0x00, 0x00, 
0x00, 0xFF, 0x84, 0xFF, 0x84, 0x00, 0x00, 0x00, 0xFF, 0x84, 0x00, 0x00, 0x00, 0xFF, 0x84, 0xFF, 
0x84, 0x00, 0x00, 0x00, 0xFF, 0x84, 0x00, 0x00, 0x00, 0xFF, 0x84, 0xFF, 0x84, 0x00, 0x00, 0x00, 
0xFF, 0x84, 0x00, 0x00, 0x00, 0xFF, 0x84, 0xFF, 0x84, 0x00, 0x00, 0x00, 0xFF, 0x84, 0x00, 0x00, 
0x00, 0xFF, 0x84, 0xFF, 0x84, 0x00, 0x00, 0x00, 0xFF, 0x84, 0x00, 0x00, 0x00, 0xFF, 0x84, 0xFF, 
0x84, 0x00, 0x00, 0x00, 0xFF, 0x84, 0x00, 0x00, 0x00, 0xFF, 0x84, 0xFF, 0x84, 0x00, 0x00, 0x00, 
0xFF, 0x84, 0x00, 0x00, 0x00, 0xFF, 0x84, 0xFF, 0x84, 0x00, 0x00, 0x00, 0xFF, 0x84, 0x00, 0x00, 
0x00, 0xFF, 0x84, 0xFF, 0x84, 0x00, 0x00, 0x00, 0xFF, 0x84, 0x00, 0x00, 0x00, 0xFF, 0x84, 0xFF, 
0x84, 0x00, 0x00, 0x00, 0xFF, 0x84, 0x00, 0x00, 0x00, 0xFF, 0x84, 0xFF, 0x84, 0x00, 0x00, 0x00, 
0xFF, 0x84, 0x00, 0x00, 0x00, 0xFF, 0x84, 0xFF, 0xB6, 0x68, 0x68, 0x68, 0xFF, 0xB6, 0x68, 0x68, 
0x68, 0xFF, 0x84, 0xFF, 0xFF, 0xFF, 0xFF, 0xFF, 0xFF, 0xFF, 0xFF, 0xFF, 0xFF, 0xFF, 0x84, 0xFF, 
0x84, 0x00, 0x00, 0x00, 0xFF, 0x84, 0x00, 0x00, 0x00, 0xFF, 0x84, 0x00, 0xFF, 0x84, 0x00, 0x00, 
0x00, 0xFF, 0x84, 0x00, 0x00, 0x00, 0xFF, 0x84, 0x00, 0xFF, 0x84, 0x00, 0x00, 0x00, 0xFF, 0x84, 
0x00, 0x00, 0x00, 0xFF, 0x84, 0x00, 0xFF, 0x84, 0x00, 0x00, 0x00, 0xFF, 0x84, 0x00, 0x00, 0x00, 
0xFF, 0x84, 0x00, 0xFF, 0x84, 0x00, 0x00, 0x00, 0xFF, 0x84, 0x00, 0x00, 0x00, 0xFF, 0x84, 0x00, 
0xFF, 0x84, 0x00, 0x00, 0x00, 0xFF, 0x84, 0x00, 0x00, 0x00, 0xFF, 0x84, 0x00, 0xFF, 0x84, 0x00, 
0x00, 0x00, 0xFF, 0x84, 0x00, 0x00, 0x00, 0xFF, 0x84, 0x00, 0xFF, 0x84, 0x00, 0x00, 0x00, 0xFF, 
0x84, 0x00, 0x00, 0x00, 0xFF, 0x84, 0x00, 0xFF, 0x84, 0x00, 0x00, 0x00, 0xFF, 0x84, 0x00, 0x00, 
0x00, 0xFF, 0x84, 0x00, 0xFF, 0x84, 0x00, 0x00, 0x00, 0xFF, 0x84, 0x00, 0x00, 0x00, 0xFF, 0x84, 
0x00, 0xFF, 0x84, 0x00, 0x00, 0x00, 0xFF, 0x84, 0x00, 0x00, 0x00, 0xFF, 0x84, 0x00, 0xFF, 0xB6, 
0x68, 0x68, 0x68, 0xFF, 0xB6, 0x68, 0x68, 0x68, 0xFF, 0xB6, 0x68, 0xFF, 0xFF, 0xFF, 0xFF, 0xFF, 
0xFF, 0xFF, 0xFF, 0xFF, 0xFF, 0xFF, 0xFF, 0xFF, 0x00, 0x00, 0x00, 0x00, 0x00, 0x00, 0x00, 0x00, 
0x00, 0x00, 0x00, 0x84, 0xFF, 0x00, 0x00, 0x00, 0x00, 0x00, 0x00, 0x00, 0x00, 0x00, 0x00, 0x00, 
0x84, 0xFF, 0x00, 0x00, 0x00, 0x00, 0x00, 0x00, 0x00, 0x00, 0x00, 0x00, 0x00, 0x84, 0xFF, 0x00, 
0x00, 0x00, 0x00, 0x00, 0x00, 0x00, 0x00, 0x00, 0x00, 0x00, 0x4E, 0x98, 0x88, 0xFF, 0xFF, 0xFF, 
0x84, 0x00, 0x00, 0x00, 0x00, 0x00, 0x2B, 0x50, 0x50, 0xFF, 0x84, 0x00, 0x00, 0x00, 0x00, 0x00, 
0x00, 0x00, 0x00, 0xFF, 0x84, 0x00, 0x00, 0x00, 0x00, 0x00, 0x00, 0x00, 0x00, 0xFF, 0x84, 0x00, 
0x00, 0x00, 0x00, 0x00, 0x00, 0x00, 0x00, 0xFF, 0x8C, 0x0F, 0x05, 0x00, 0x00, 0x00, 0x00, 0x00, 
0x00, 0xFF, 0xFF, 0xFF, 0xFC, 0xC1, 0x2E, 0x00, 0x00, 0x00, 0x00, 0xFF, 0xA3, 0x41, 0x60, 0xE0, 
0xE9, 0x0D, 0x00, 0x00, 0x00, 0xFF, 0x84, 0x00, 0x00, 0x3F, 0xFF, 0x5A, 0x00, 0x00, 0x00, 0xFF, 
0x84, 0x00, 0x00, 0x07, 0xFF, 0x7F, 0x00, 0x00, 0x00, 0xFF, 0x84, 0x00, 0x00, 0x0C, 0xFF, 0x7A, 
0x00, 0x00, 0x00, 0xFF, 0x84, 0x00, 0x00, 0x4F, 0xFF, 0x4A, 0x00, 0x00, 0x00, 0xFF, 0xAB, 0x51, 
0x72, 0xEC, 0xD2, 0x04, 0x00, 0x00, 0x00, 0xFF, 0xFF, 0xFF, 0xF0, 0xA8, 0x19, 0x00, 0xFF, 0x84, 
0x00, 0x00, 0x00, 0x00, 0x00, 0x00, 0x84, 0xFF, 0xFF, 0x84, 0x00, 0x00, 0x00, 0x00, 0x00, 0x00, 
0x84, 0xFF, 0xFF, 0x84, 0x00, 0x00, 0x00, 0x00, 0x00, 0x00, 0x84, 0xFF, 0xFF, 0x84, 0x00, 0x00, 
0x00, 0x00, 0x00, 0x00, 0x84, 0xFF, 0xFF, 0x84, 0x00, 0x00, 0x00, 0x00, 0x00, 0x00, 0x84, 0xFF, 
0xFF, 0x8C, 0x0F, 0x05, 0x00, 0x00, 0x00, 0x00, 0x84, 0xFF, 0xFF, 0xFF, 0xFF, 0xFD, 0xC8, 0x3C, 
0x00, 0x00, 0x84, 0xFF, 0xFF, 0xA3, 0x41, 0x59, 0xCE, 0xF4, 0x1C, 0x00, 0x84, 0xFF, 0xFF, 0x84, 
0x00, 0x00, 0x27, 0xFF, 0x6C, 0x00, 0x84, 0xFF, 0xFF, 0x84, 0x00, 0x00, 0x05, 0xFF, 0x80, 0x00, 
0x84, 0xFF, 0xFF, 0x84, 0x00, 0x00, 0x3B, 0xFF, 0x61, 0x00, 0x84, 0xFF, 0xFF, 0xB3, 0x61, 0x7A, 
0xE7, 0xE5, 0x0F, 0x00, 0x84, 0xFF, 0xFF, 0xFF, 0xFF, 0xF2, 0xB0, 0x25, 0x00, 0x00, 0x84, 0xFF, 
0xFF, 0x84, 0x00, 0x00, 0x00, 0x00, 0x00, 0xFF, 0x84, 0x00, 0x00, 0x00, 0x00, 0x00, 0xFF, 0x84, 
0x00, 0x00, 0x00, 0x00, 0x00, 0xFF, 0x84, 0x00, 0x00, 0x00, 0x00, 0x00, 0xFF, 0x8C, 0x10, 0x05, 
0x00, 0x00, 0x00, 0xFF, 0xFF, 0xFF, 0xFC, 0xBF, 0x2B, 0x00, 0xFF, 0xA3, 0x41, 0x5C, 0xDE, 0xE8, 
0x0D, 0xFF, 0x84, 0x00, 0x00, 0x3D, 0xFF, 0x5A, 0xFF, 0x84, 0x00, 0x00, 0x07, 0xFF, 0x7F, 0xFF, 
0x84, 0x00, 0x00, 0x0E, 0xFF, 0x7A, 0xFF, 0x84, 0x00, 0x00, 0x54, 0xFF, 0x4C, 0xFF, 0xB3, 0x60, 
0x7F, 0xF0, 0xD1, 0x04, 0xFF, 0xFF, 0xFF, 0xF1, 0xA8, 0x18, 0x00, 0x59, 0xCF, 0xF9, 0xF3, 0xB4, 
0x29, 0x00, 0x00, 0x4C, 0x92, 0x58, 0x62, 0xCE, 0xF1, 0x2A, 0x00, 0x00, 0x00, 0x00, 0x00, 0x09, 
0xCE, 0xBF, 0x00, 0x00, 0x00, 0x00, 0x00, 0x00, 0x53, 0xFF, 0x21, 0x00, 0x05, 0x10, 0x10, 0x10, 
0x23, 0xFF, 0x5C, 0x00, 0x54, 0xFF, 0xFF, 0xFF, 0xFF, 0xFF, 0x7A, 0x00, 0x15, 0x40, 0x40, 0x40, 
0x43, 0xFF, 0x82, 0x00, 0x00, 0x00, 0x00, 0x00, 0x14, 0xFF, 0x78, 0x00, 0x00, 0x00, 0x00, 0x00, 
0x3C, 0xFF, 0x56, 0x00, 0x00, 0x00, 0x00, 0x00, 0x86, 0xFF, 0x1E, 0x00, 0x00, 0x00, 0x00, 0x1C, 
0xEF, 0xBC, 0x00, 0x61, 0x81, 0x56, 0x6B, 0xE1, 0xF2, 0x2B, 0x00, 0x52, 0xDA, 0xFB, 0xF4, 0xB7, 
0x2C, 0x00, 0x00, 0xFF, 0x84, 0x00, 0x00, 0x01, 0x6E, 0xD8, 0xFC, 0xEA, 0x92, 0x0C, 0x00, 0xFF, 
0x84, 0x00, 0x00, 0x86, 0xFF, 0xB3, 0x5A, 0x73, 0xEE, 0xBC, 0x01, 0xFF, 0x84, 0x00, 0x1B, 0xFC, 
0xC4, 0x02, 0x00, 0x00, 0x44, 0xFF, 0x51, 0xFF, 0x84, 0x00, 0x60, 0xFF, 0x57, 0x00, 0x00, 0x00, 
0x00, 0xD9, 0xA7, 0xFF, 0x8C, 0x10, 0x88, 0xFF, 0x22, 0x00, 0x00, 0x00, 0x00, 0xA5, 0xDB, 0xFF, 
0xFF, 0xFF, 0xFF, 0xFF, 0x09, 0x00, 0x00, 0x00, 0x00, 0x8D, 0xF6, 0xFF, 0xA3, 0x40, 0xA1, 0xFF, 
0x02, 0x00, 0x00, 0x00, 0x00, 0x86, 0xFE, 0xFF, 0x84, 0x00, 0x75, 0xFF, 0x0A, 0x00, 0x00, 0x00, 
0x00, 0x8E, 0xF5, 0xFF, 0x84, 0x00, 0x58, 0xFF, 0x25, 0x00, 0x00, 0x00, 0x00, 0xA8, 0xD7, 0xFF, 
0x84, 0x00, 0x1F, 0xFF, 0x5C, 0x00, 0x00, 0x00, 0x00, 0xDD, 0x9F, 0xFF, 0x84, 0x00, 0x00, 0xC4, 
0xC6, 0x03, 0x00, 0x00, 0x4A, 0xFF, 0x47, 0xFF, 0x84, 0x00, 0x00, 0x37, 0xF9, 0xB5, 0x5A, 0x75, 
0xF0, 0xB5, 0x00, 0xFF, 0x84, 0x00, 0x00, 0x00, 0x40, 0xC9, 0xFA, 0xEC, 0x92, 0x0A, 0x00, 0x00, 
0x03, 0x76, 0xDA, 0xFA, 0xFF, 0xFF, 0x84, 0x00, 0x7C, 0xFF, 0x9D, 0x57, 0x50, 0xFF, 0x84, 0x00, 
0xE1, 0xB4, 0x00, 0x00, 0x00, 0xFF, 0x84, 0x00, 0xFC, 0x88, 0x00, 0x00, 0x00, 0xFF, 0x84, 0x00, 
0xE5, 0xA7, 0x00, 0x00, 0x00, 0xFF, 0x84, 0x00, 0x92, 0xFA, 0x5F, 0x17, 0x10, 0xFF, 0x84, 0x00, 
0x0A, 0xA7, 0xFF, 0xFF, 0xFF, 0xFF, 0x84, 0x00, 0x00, 0x47, 0xFF, 0x76, 0x40, 0xFF, 0x84, 0x00, 
0x00, 0xBA, 0xE3, 0x04, 0x00, 0xFF, 0x84, 0x00, 0x2B, 0xFF, 0x79, 0x00, 0x00, 0xFF, 0x84, 0x00, 
0x9C, 0xF7, 0x14, 0x00, 0x00, 0xFF, 0x84, 0x16, 0xF8, 0x9E, 0x00, 0x00, 0x00, 0xFF, 0x84, 0x7E, 
0xFF, 0x2F, 0x00, 0x00, 0x00, 0xFF, 0x84, 0x0E, 0x96, 0xE7, 0xFB, 0xC8, 0x22, 0x06, 0xB1, 0x67, 
0x64, 0xF2, 0xB1, 0x00, 0x00, 0x00, 0x00, 0x99, 0xEF, 0x00, 0x00, 0x03, 0x0F, 0x8D, 0xFF, 0x14, 
0xAD, 0xF9, 0xFF, 0xFF, 0xFF, 0xAB, 0xF8, 0x74, 0x43, 0xA3, 0xFF, 0xF3, 0x9C, 0x00, 0x00, 0x8B, 
0xFF, 0xF7, 0x8F, 0x00, 0x00, 0xC1, 0xFF, 0xBD, 0xE9, 0x5E, 0x92, 0xD6, 0xFF, 0x2A, 0xD7, 0xF7, 
0x9E, 0x40, 0xFF, 0x00, 0x00, 0x01, 0x40, 0x8B, 0xC0, 0xB6, 0x00, 0x1F, 0xCA, 0xFF, 0xD3, 0xA0, 
0x6D, 0x06, 0xD4, 0xCC, 0x24, 0x00, 0x00, 0x00, 0x5E, 0xF9, 0x1D, 0x00, 0x00, 0x00, 0x00, 0xAC, 
0xBC, 0x00, 0x05, 0x05, 0x00, 0x00, 0xDB, 0x93, 0x8F, 0xF9, 0xFA, 0x94, 0x03, 0xF5, 0xE7, 0xB3, 
0x48, 0x8E, 0xFF, 0x6D, 0xFF, 0xC7, 0x03, 0x00, 0x00, 0xCE, 0xCC, 0xFC, 0x87, 0x00, 0x00, 0x00, 
0x94, 0xF5, 0xEB, 0x95, 0x00, 0x00, 0x00, 0x86, 0xFE, 0xC7, 0xB7, 0x00, 0x00, 0x00, 0x97, 0xEA, 
0x85, 0xF4, 0x0F, 0x00, 0x02, 0xDA, 0xB0, 0x1E, 0xF5, 0xBB, 0x58, 0xA9, 0xFD, 0x3D, 0x00, 0x45, 
0xD7, 0xFC, 0xD5, 0x51, 0x00, 0xFF, 0xFF, 0xFF, 0xF9, 0xC5, 0x33, 0x00, 0xFF, 0xAB, 0x50, 0x63, 
0xE6, 0xD7, 0x00, 0xFF, 0x84, 0x00, 0x00, 0x8B, 0xFB, 0x00, 0xFF, 0x8C, 0x10, 0x24, 0xCE, 0xBE, 
0x00, 0xFF, 0xFF, 0xFF, 0xFF, 0xE2, 0x29, 0x00, 0xFF, 0xA3, 0x40, 0x48, 0xA8, 0xED, 0x1F, 0xFF, 
0x84, 0x00, 0x00, 0x0C, 0xFF, 0x76, 0xFF, 0x84, 0x00, 0x00, 0x18, 0xFF, 0x76, 0xFF, 0xAB, 0x50, 
0x59, 0xBE, 0xFC, 0x2C, 0xFF, 0xFF, 0xFF, 0xFA, 0xD2, 0x50, 0x00, 0xFF, 0xFF, 0xFF, 0xFF, 0xB8, 
0xFF, 0xAB, 0x50, 0x50, 0x3A, 0xFF, 0x84, 0x00, 0x00, 0x00, 0xFF, 0x84, 0x00, 0x00, 0x00, 0xFF, 
0x84, 0x00, 0x00, 0x00, 0xFF, 0x84, 0x00, 0x00, 0x00, 0xFF, 0x84, 0x00, 0x00, 0x00, 0xFF, 0x84, 
0x00, 0x00, 0x00, 0xFF, 0x84, 0x00, 0x00, 0x00, 0xFF, 0x84, 0x00, 0x00, 0x00, 0x00, 0x00, 0x88, 
0xFF, 0xFF, 0xFF, 0xFF, 0x00, 0x00, 0x00, 0x92, 0xFD, 0x50, 0xAB, 0xFF, 0x00, 0x00, 0x00, 0xA7, 
0xF1, 0x00, 0x84, 0xFF, 0x00, 0x00, 0x00, 0xC6, 0xD4, 0x00, 0x84, 0xFF, 0x00, 0x00, 0x01, 0xEF, 
0xAA, 0x00, 0x84, 0xFF, 0x00, 0x00, 0x25, 0xFF, 0x74, 0x00, 0x84, 0xFF, 0x00, 0x00, 0x6A, 0xFF, 
0x2E, 0x00, 0x84, 0xFF, 0x00, 0x00, 0xBB, 0xD6, 0x00, 0x00, 0x84, 0xFF, 0x00, 0x5D, 0xFE, 0xA5, 
0x50, 0x50, 0xAB, 0xFF, 0x50, 0xFF, 0xFF, 0xFF, 0xFF, 0xFF, 0xFF, 0xFF, 0xFF, 0xFF, 0x84, 0x00, 
0x00, 0x00, 0x00, 0x84, 0xFF, 0xFF, 0x84, 0x00, 0x00, 0x00, 0x00, 0x84, 0xFF, 0xFF, 0x84, 0x00, 
0x00, 0x00, 0x00, 0x84, 0xFF, 0xB0, 0x5B, 0x00, 0x00, 0x00, 0x00, 0x5B, 0xB0, 0x00, 0x5B, 0xDE, 
0xFB, 0xC2, 0x25, 0x00, 0x3C, 0xFE, 0x8E, 0x5C, 0xD9, 0xDA, 0x04, 0xAB, 0xBF, 0x00, 0x00, 0x41, 
0xFF, 0x48, 0xE3, 0x93, 0x10, 0x10, 0x18, 0xFF, 0x77, 0xFC, 0xFF, 0xFF, 0xFF, 0xFF, 0xFF, 0x84, 
0xFC, 0xA6, 0x40, 0x40, 0x40, 0x40, 0x21, 0xE1, 0xA1, 0x00, 0x00, 0x00, 0x00, 0x00, 0xA4, 0xE8, 
0x0A, 0x00, 0x00, 0x00, 0x00, 0x2F, 0xF9, 0xC1, 0x5B, 0x62, 0xAF, 0x1E, 0x00, 0x45, 0xCF, 0xFC, 
0xEC, 0xA9, 0x0D, 0x20, 0xF6, 0x7E, 0x00, 0x00, 0xFF, 0x84, 0x00, 0x0F, 0xE9, 0xA2, 0x00, 0x00, 
0x7B, 0xF6, 0x1E, 0x00, 0xFF, 0x84, 0x00, 0x8D, 0xEF, 0x16, 0x00, 0x00, 0x07, 0xD9, 0xAA, 0x00, 
0xFF, 0x84, 0x28, 0xFB, 0x68, 0x00, 0x00, 0x00, 0x00, 0x45, 0xFF, 0x40, 0xFF, 0x84, 0xBC, 0xC8, 
0x02, 0x00, 0x00, 0x00, 0x00, 0x00, 0xB1, 0xD0, 0xFF, 0xD0, 0xFF, 0x35, 0x00, 0x00, 0x00, 0x00, 
0x00, 0x0D, 0xE5, 0xA1, 0xFF, 0xA8, 0xFA, 0x77, 0x00, 0x00, 0x00, 0x00, 0x00, 0x8E, 0xF3, 0x19, 
0xFF, 0x84, 0x89, 0xF4, 0x1D, 0x00, 0x00, 0x00, 0x2D, 0xFC, 0x78, 0x00, 0xFF, 0x84, 0x0D, 0xE9, 
0xAC, 0x00, 0x00, 0x01, 0xC3, 0xDC, 0x07, 0x00, 0xFF, 0x84, 0x00, 0x62, 0xFF, 0x47, 0x00, 0x5E, 
0xFF, 0x4E, 0x00, 0x00, 0xFF, 0x84, 0x00, 0x02, 0xCC, 0xDB, 0x07, 0x78, 0xDD, 0xFC, 0xE8, 0x88, 
0x02, 0x65, 0x77, 0x54, 0x9B, 0xFF, 0x58, 0x00, 0x00, 0x00, 0x09, 0xFF, 0x7F, 0x00, 0x08, 0x18, 
0x7D, 0xFC, 0x37, 0x00, 0x84, 0xFF, 0xFF, 0x84, 0x00, 0x00, 0x21, 0x43, 0x79, 0xF9, 0x82, 0x00, 
0x00, 0x00, 0x00, 0x99, 0xF0, 0x02, 0x00, 0x00, 0x00, 0x9C, 0xF4, 0xD0, 0x73, 0x54, 0x7F, 0xFA, 
0xA0, 0x94, 0xE4, 0xFD, 0xEC, 0x98, 0x0B, 0xFF, 0x84, 0x00, 0x00, 0x82, 0xFF, 0x84, 0xFF, 0x84, 
0x00, 0x04, 0xE4, 0xFF, 0x84, 0xFF, 0x84, 0x00, 0x4E, 0xCE, 0xFF, 0x84, 0xFF, 0x84, 0x00, 0xB3, 
0x69, 0xFF, 0x84, 0xFF, 0x84, 0x1C, 0xF2, 0x0E, 0xFF, 0x84, 0xFF, 0x84, 0x7E, 0x9E, 0x00, 0xFF, 
0x84, 0xFF, 0x87, 0xE2, 0x38, 0x00, 0xFF, 0x84, 0xFF, 0xCE, 0xD3, 0x00, 0x00, 0xFF, 0x84, 0xFF, 
0xFF, 0x6D, 0x00, 0x00, 0xFF, 0x84, 0xFF, 0xF6, 0x10, 0x00, 0x00, 0xFF, 0x84, 0x45, 0xFF, 0x0F, 
0x00, 0x80, 0xD8, 0x00, 0x1D, 0xFF, 0x73, 0x20, 0xD4, 0x9E, 0x00, 0x00, 0x90, 0xFF, 0xFF, 0xE8, 
0x24, 0x00, 0x00, 0x00, 0x26, 0x3B, 0x0A, 0x00, 0x00, 0xFF, 0x84, 0x00, 0x00, 0x82, 0xFF, 0x84, 
0xFF, 0x84, 0x00, 0x04, 0xE4, 0xFF, 0x84, 0xFF, 0x84, 0x00, 0x4E, 0xCE, 0xFF, 0x84, 0xFF, 0x84, 
0x00, 0xB3, 0x69, 0xFF, 0x84, 0xFF, 0x84, 0x1C, 0xF2, 0x0E, 0xFF, 0x84, 0xFF, 0x84, 0x7E, 0x9E, 
0x00, 0xFF, 0x84, 0xFF, 0x87, 0xE2, 0x38, 0x00, 0xFF, 0x84, 0xFF, 0xCE, 0xD3, 0x00, 0x00, 0xFF, 
0x84, 0xFF, 0xFF, 0x6D, 0x00, 0x00, 0xFF, 0x84, 0xFF, 0xF6, 0x10, 0x00, 0x00, 0xFF, 0x84, 0xFF, 
0x84, 0x00, 0x06, 0xD8, 0xBF, 0x01, 0xFF, 0x84, 0x00, 0x7B, 0xF8, 0x24, 0x00, 0xFF, 0x84, 0x21, 
0xF6, 0x79, 0x00, 0x00, 0xFF, 0x84, 0xB4, 0xD3, 0x05, 0x00, 0x00, 0xFF, 0xCE, 0xFF, 0x3F, 0x00, 
0x00, 0x00, 0xFF, 0xA6, 0xF7, 0x84, 0x00, 0x00, 0x00, 0xFF, 0x84, 0x80, 0xFA, 0x2A, 0x00, 0x00, 
0xFF, 0x84, 0x08, 0xDE, 0xC3, 0x01, 0x00, 0xFF, 0x84, 0x00, 0x4B, 0xFF, 0x64, 0x00, 0xFF, 0x84, 
0x00, 0x00, 0xB1, 0xEE, 0x16, 0x00, 0x00, 0x01, 0xFF, 0xFF, 0xFF, 0xFF, 0xFF, 0x00, 0x00, 0x06, 
0xFF, 0xAB, 0x50, 0xAB, 0xFF, 0x00, 0x00, 0x10, 0xFF, 0x7F, 0x00, 0x84, 0xFF, 0x00, 0x00, 0x21, 
0xFF, 0x74, 0x00, 0x84, 0xFF, 0x00, 0x00, 0x39, 0xFF, 0x60, 0x00, 0x84, 0xFF, 0x00, 0x00, 0x59, 
0xFF, 0x42, 0x00, 0x84, 0xFF, 0x00, 0x00, 0x84, 0xFF, 0x16, 0x00, 0x84, 0xFF, 0x00, 0x00, 0xC4, 
0xDE, 0x00, 0x00, 0x84, 0xFF, 0x09, 0x70, 0xFF, 0x87, 0x00, 0x00, 0x84, 0xFF, 0x18, 0xFF, 0xC3, 
0x0F, 0x00, 0x00, 0x84, 0xFF, 0xFF, 0xFF, 0x60, 0x00, 0x00, 0x00, 0xD1, 0xFF, 0x84, 0xFF, 0xFF, 
0xA0, 0x00, 0x00, 0x15, 0xFE, 0xFF, 0x84, 0xFF, 0xDB, 0xE2, 0x00, 0x00, 0x57, 0xD0, 0xFF, 0x84, 
0xFF, 0x99, 0xFE, 0x24, 0x00, 0x9B, 0x8C, 0xFF, 0x84, 0xFF, 0x84, 0xD0, 0x64, 0x00, 0xDD, 0x4B, 
0xFF, 0x84, 0xFF, 0x84, 0x8C, 0xA4, 0x20, 0xFB, 0x0C, 0xFF, 0x84, 0xFF, 0x84, 0x49, 0xE4, 0x63, 
0xC5, 0x00, 0xFF, 0x84, 0xFF, 0x84, 0x0B, 0xFA, 0xCC, 0x82, 0x00, 0xFF, 0x84, 0xFF, 0x84, 0x00, 
0xC2, 0xFF, 0x40, 0x00, 0xFF, 0x84, 0xFF, 0x84, 0x00, 0x7E, 0xF6, 0x07, 0x00, 0xFF, 0x84, 0xFF, 
0x84, 0x00, 0x00, 0x00, 0xFF, 0x84, 0xFF, 0x84, 0x00, 0x00, 0x00, 0xFF, 0x84, 0xFF, 0x84, 0x00, 
0x00, 0x00, 0xFF, 0x84, 0xFF, 0x8C, 0x10, 0x10, 0x10, 0xFF, 0x84, 0xFF, 0xFF, 0xFF, 0xFF, 0xFF, 
0xFF, 0x84, 0xFF, 0xA3, 0x40, 0x40, 0x40, 0xFF, 0x84, 0xFF, 0x84, 0x00, 0x00, 0x00, 0xFF, 0x84, 
0xFF, 0x84, 0x00, 0x00, 0x00, 0xFF, 0x84, 0xFF, 0x84, 0x00, 0x00, 0x00, 0xFF, 0x84, 0xFF, 0x84, 
0x00, 0x00, 0x00, 0xFF, 0x84, 0x00, 0x56, 0xD8, 0xFA, 0xD6, 0x4C, 0x00, 0x3B, 0xFE, 0xAB, 0x58, 
0xAD, 0xFB, 0x31, 0xAB, 0xE3, 0x04, 0x00, 0x06, 0xE4, 0xA4, 0xE4, 0xA2, 0x00, 0x00, 0x00, 0xA2, 
0xE2, 0xFC, 0x88, 0x00, 0x00, 0x00, 0x88, 0xFC, 0xFA, 0x88, 0x00, 0x00, 0x00, 0x88, 0xFA, 0xDF, 
0xA1, 0x00, 0x00, 0x00, 0xA2, 0xDE, 0xA4, 0xE3, 0x05, 0x00, 0x06, 0xE4, 0xA0, 0x31, 0xFB, 0xAC, 
0x58, 0xAD, 0xFA, 0x2D, 0x00, 0x4D, 0xD7, 0xFC, 0xD6, 0x4B, 0x00, 0xFF, 0xFF, 0xFF, 0xFF, 0xFF, 
0xFF, 0x84, 0xFF, 0xAB, 0x50, 0x50, 0x50, 0xFF, 0x84, 0xFF, 0x84, 0x00, 0x00, 0x00, 0xFF, 0x84, 
0xFF, 0x84, 0x00, 0x00, 0x00, 0xFF, 0x84, 0xFF, 0x84, 0x00, 0x00, 0x00, 0xFF, 0x84, 0xFF, 0x84, 
0x00, 0x00, 0x00, 0xFF, 0x84, 0xFF, 0x84, 0x00, 0x00, 0x00, 0xFF, 0x84, 0xFF, 0x84, 0x00, 0x00, 
0x00, 0xFF, 0x84, 0xFF, 0x84, 0x00, 0x00, 0x00, 0xFF, 0x84, 0xFF, 0x84, 0x00, 0x00, 0x00, 0xFF, 
0x84, 0xFF, 0x50, 0x8E, 0xF5, 0xEB, 0x74, 0x00, 0xFF, 0xDA, 0xA6, 0x58, 0xA8, 0xFF, 0x4F, 0xFF, 
0xD7, 0x02, 0x00, 0x04, 0xE1, 0xB5, 0xFF, 0x99, 0x00, 0x00, 0x00, 0xA2, 0xE8, 0xFF, 0x85, 0x00, 
0x00, 0x00, 0x88, 0xFC, 0xFF, 0x87, 0x00, 0x00, 0x00, 0x88, 0xFC, 0xFF, 0x9D, 0x00, 0x00, 0x00, 
0xA1, 0xE5, 0xFF, 0xDD, 0x03, 0x00, 0x04, 0xE0, 0xB1, 0xFF, 0xE8, 0xA9, 0x56, 0xA7, 0xFF, 0x4A, 
0xFF, 0x87, 0x8E, 0xF2, 0xEC, 0x72, 0x00, 0xFF, 0x84, 0x00, 0x00, 0x00, 0x00, 0x00, 0xFF, 0x84, 
0x00, 0x00, 0x00, 0x00, 0x00, 0xFF, 0x84, 0x00, 0x00, 0x00, 0x00, 0x00, 0xFF, 0x84, 0x00, 0x00, 
0x00, 0x00, 0x00, 0x00, 0x4B, 0xD4, 0xFC, 0xE8, 0x5D, 0x32, 0xFB, 0xB6, 0x56, 0x78, 0x33, 0xA4, 
0xE7, 0x07, 0x00, 0x00, 0x00, 0xE1, 0xA3, 0x00, 0x00, 0x00, 0x00, 0xFB, 0x89, 0x00, 0x00, 0x00, 
0x00, 0xFC, 0x88, 0x00, 0x00, 0x00, 0x00, 0xE7, 0xA4, 0x00, 0x00, 0x00, 0x00, 0xAD, 0xE8, 0x08, 
0x00, 0x00, 0x00, 0x3E, 0xFE, 0xB6, 0x56, 0x71, 0x59, 0x00, 0x58, 0xDA, 0xFE, 0xDE, 0x4E, 0xFF, 
0xFF, 0xFF, 0xFF, 0xFF, 0xFF, 0x50, 0x50, 0xFF, 0xAB, 0x50, 0x50, 0x00, 0x00, 0xFF, 0x84, 0x00, 
0x00, 0x00, 0x00, 0xFF, 0x84, 0x00, 0x00, 0x00, 0x00, 0xFF, 0x84, 0x00, 0x00, 0x00, 0x00, 0xFF, 
0x84, 0x00, 0x00, 0x00, 0x00, 0xFF, 0x84, 0x00, 0x00, 0x00, 0x00, 0xFF, 0x84, 0x00, 0x00, 0x00, 
0x00, 0xFF, 0x84, 0x00, 0x00, 0x00, 0x00, 0xFF, 0x84, 0x00, 0x00, 0x12, 0xFD, 0x85, 0x00, 0x00, 
0x00, 0xCD, 0xC0, 0x00, 0xC3, 0xC8, 0x00, 0x00, 0x12, 0xFE, 0x79, 0x00, 0x77, 0xFD, 0x0F, 0x00, 
0x52, 0xFF, 0x30, 0x00, 0x2C, 0xFF, 0x4E, 0x00, 0x94, 0xE7, 0x01, 0x00, 0x00, 0xE0, 0x91, 0x00, 
0xD7, 0xA2, 0x00, 0x00, 0x00, 0x95, 0xD5, 0x19, 0xFF, 0x59, 0x00, 0x00, 0x00, 0x49, 0xFF, 0x6F, 
0xFE, 0x14, 0x00, 0x00, 0x00, 0x09, 0xF5, 0xD7, 0xCB, 0x00, 0x00, 0x00, 0x00, 0x00, 0xB3, 0xFF, 
0x82, 0x00, 0x00, 0x00, 0x00, 0x00, 0x70, 0xFF, 0x3A, 0x00, 0x00, 0x00, 0x00, 0x00, 0x94, 0xEF, 
0x03, 0x00, 0x00, 0x00, 0x00, 0x03, 0xE2, 0xA5, 0x00, 0x00, 0x00, 0x00, 0x59, 0x9C, 0xFF, 0x3A, 
0x00, 0x00, 0x00, 0x00, 0xF2, 0xEF, 0x71, 0x00, 0x00, 0x00, 0x00, 0x00, 0x00, 0x00, 0x42, 0x80, 
0x00, 0x00, 0x00, 0x00, 0x00, 0x00, 0x00, 0x84, 0xFF, 0x00, 0x00, 0x00, 0x00, 0x00, 0x00, 0x00, 
0x84, 0xFF, 0x00, 0x00, 0x00, 0x00, 0x00, 0x00, 0x00, 0x84, 0xFF, 0x00, 0x00, 0x00, 0x00, 0x00, 
0x00, 0x42, 0xBD, 0xFF, 0x66, 0x12, 0x00, 0x00, 0x01, 0xA4, 0xFF, 0xF0, 0xFF, 0xF1, 0xE8, 0x2A, 
0x00, 0x5E, 0xFF, 0x57, 0x84, 0xFF, 0x11, 0xD5, 0xCE, 0x01, 0xBE, 0xCE, 0x00, 0x84, 0xFF, 0x00, 
0x57, 0xFF, 0x33, 0xEE, 0x96, 0x00, 0x84, 0xFF, 0x00, 0x1D, 0xFF, 0x68, 0xFE, 0x86, 0x00, 0x84, 
0xFF, 0x00, 0x0A, 0xFF, 0x79, 0xF3, 0x94, 0x00, 0x84, 0xFF, 0x00, 0x18, 0xFF, 0x6F, 0xC9, 0xC4, 
0x00, 0x84, 0xFF, 0x00, 0x47, 0xFF, 0x42, 0x71, 0xFE, 0x37, 0x84, 0xFF, 0x02, 0xB8, 0xE4, 0x05, 
0x07, 0xC6, 0xF3, 0xD7, 0xFF, 0xCB, 0xFB, 0x49, 0x00, 0x00, 0x08, 0x6F, 0xD4, 0xFF, 0x96, 0x31, 
0x00, 0x00, 0x00, 0x00, 0x00, 0x84, 0xFF, 0x00, 0x00, 0x00, 0x00, 0x00, 0x00, 0x00, 0x84, 0xFF, 
0x00, 0x00, 0x00, 0x00, 0x00, 0x00, 0x00, 0x84, 0xFF, 0x00, 0x00, 0x00, 0x00, 0x00, 0x00, 0x00, 
0x84, 0xFF, 0x00, 0x00, 0x00, 0x00, 0x5C, 0xFF, 0x3E, 0x00, 0x04, 0xE1, 0xB6, 0x00, 0x03, 0xDB, 
0xB2, 0x00, 0x5B, 0xFF, 0x38, 0x00, 0x00, 0x60, 0xFE, 0x27, 0xCD, 0xBB, 0x00, 0x00, 0x00, 0x04, 
0xDC, 0xCC, 0xFF, 0x3E, 0x00, 0x00, 0x00, 0x00, 0x63, 0xFF, 0xC1, 0x00, 0x00, 0x00, 0x00, 0x00, 
0x84, 0xFF, 0xD4, 0x02, 0x00, 0x00, 0x00, 0x12, 0xF2, 0xA5, 0xFF, 0x56, 0x00, 0x00, 0x00, 0x84, 
0xF3, 0x11, 0xB5, 0xD4, 0x02, 0x00, 0x10, 0xF1, 0x8D, 0x00, 0x40, 0xFF, 0x54, 0x00, 0x80, 0xFB, 
0x1B, 0x00, 0x00, 0xCB, 0xD2, 0x02, 0xFF, 0x84, 0x00, 0x00, 0x00, 0xFF, 0x84, 0x00, 0xFF, 0x84, 
0x00, 0x00, 0x00, 0xFF, 0x84, 0x00, 0xFF, 0x84, 0x00, 0x00, 0x00, 0xFF, 0x84, 0x00, 0xFF, 0x84, 
0x00, 0x00, 0x00, 0xFF, 0x84, 0x00, 0xFF, 0x84, 0x00, 0x00, 0x00, 0xFF, 0x84, 0x00, 0xFF, 0x84, 
0x00, 0x00, 0x00, 0xFF, 0x84, 0x00, 0xFF, 0x84, 0x00, 0x00, 0x00, 0xFF, 0x84, 0x00, 0xFF, 0x84, 
0x00, 0x00, 0x00, 0xFF, 0x84, 0x00, 0xFF, 0xAB, 0x50, 0x50, 0x50, 0xFF, 0xAB, 0x29, 0xFF, 0xFF, 
0xFF, 0xFF, 0xFF, 0xFF, 0xFF, 0x84, 0x00, 0x00, 0x00, 0x00, 0x00, 0x00, 0xFF, 0x84, 0x00, 0x00, 
0x00, 0x00, 0x00, 0x00, 0xFF, 0x84, 0x00, 0x00, 0x00, 0x00, 0x00, 0x00, 0xFF, 0x84, 0x00, 0x00, 
0x00, 0x00, 0x00, 0x00, 0xB0, 0x5B, 0xFF, 0x84, 0x00, 0x00, 0x00, 0xFF, 0x84, 0xFF, 0x84, 0x00, 
0x00, 0x00, 0xFF, 0x84, 0xFF, 0x84, 0x00, 0x00, 0x00, 0xFF, 0x84, 0xFF, 0x84, 0x00, 0x00, 0x00, 
0xFF, 0x84, 0xFA, 0x89, 0x00, 0x00, 0x05, 0xFF, 0x84, 0xD1, 0xD4, 0x1C, 0x32, 0xC3, 0xFF, 0x84, 
0x51, 0xFA, 0xFF, 0xFB, 0x8F, 0xFF, 0x84, 0x00, 0x17, 0x38, 0x13, 0x00, 0xFF, 0x84, 0x00, 0x00, 
0x00, 0x00, 0x00, 0xFF, 0x84, 0x00, 0x00, 0x00, 0x00, 0x00, 0xFF, 0x84, 0xFF, 0x84, 0x00, 0x00, 
0x84, 0xFF, 0x00, 0x00, 0x08, 0xFF, 0x7C, 0xFF, 0x84, 0x00, 0x00, 0x84, 0xFF, 0x00, 0x00, 0x08, 
0xFF, 0x7C, 0xFF, 0x84, 0x00, 0x00, 0x84, 0xFF, 0x00, 0x00, 0x08, 0xFF, 0x7C, 0xFF, 0x84, 0x00, 
0x00, 0x84, 0xFF, 0x00, 0x00, 0x08, 0xFF, 0x7C, 0xFF, 0x84, 0x00, 0x00, 0x84, 0xFF, 0x00, 0x00, 
0x08, 0xFF, 0x7C, 0xFF, 0x84, 0x00, 0x00, 0x84, 0xFF, 0x00, 0x00, 0x08, 0xFF, 0x7C, 0xFF, 0x84, 
0x00, 0x00, 0x84, 0xFF, 0x00, 0x00, 0x08, 0xFF, 0x7C, 0xFF, 0x84, 0x00, 0x00, 0x84, 0xFF, 0x00, 
0x00, 0x08, 0xFF, 0x7C, 0xFF, 0xAB, 0x50, 0x50, 0xAB, 0xFF, 0x50, 0x50, 0x56, 0xFF, 0x7C, 0xFF, 
0xFF, 0xFF, 0xFF, 0xFF, 0xFF, 0xFF, 0xFF, 0xFF, 0xFF, 0x7C, 0xFF, 0x84, 0x00, 0x00, 0x84, 0xFF, 
0x00, 0x00, 0x84, 0xFF, 0x00, 0xFF, 0x84, 0x00, 0x00, 0x84, 0xFF, 0x00, 0x00, 0x84, 0xFF, 0x00, 
0xFF, 0x84, 0x00, 0x00, 0x84, 0xFF, 0x00, 0x00, 0x84, 0xFF, 0x00, 0xFF, 0x84, 0x00, 0x00, 0x84, 
0xFF, 0x00, 0x00, 0x84, 0xFF, 0x00, 0xFF, 0x84, 0x00, 0x00, 0x84, 0xFF, 0x00, 0x00, 0x84, 0xFF, 
0x00, 0xFF, 0x84, 0x00, 0x00, 0x84, 0xFF, 0x00, 0x00, 0x84, 0xFF, 0x00, 0xFF, 0x84, 0x00, 0x00, 
0x84, 0xFF, 0x00, 0x00, 0x84, 0xFF, 0x00, 0xFF, 0x84, 0x00, 0x00, 0x84, 0xFF, 0x00, 0x00, 0x84, 
0xFF, 0x00, 0xFF, 0xAB, 0x50, 0x50, 0xAB, 0xFF, 0x50, 0x50, 0xAB, 0xFF, 0x50, 0xFF, 0xFF, 0xFF, 
0xFF, 0xFF, 0xFF, 0xFF, 0xFF, 0xFF, 0xFF, 0xFF, 0x00, 0x00, 0x00, 0x00, 0x00, 0x00, 0x00, 0x00, 
0x00, 0x84, 0xFF, 0x00, 0x00, 0x00, 0x00, 0x00, 0x00, 0x00, 0x00, 0x00, 0x84, 0xFF, 0x00, 0x00, 
0x00, 0x00, 0x00, 0x00, 0x00, 0x00, 0x00, 0x84, 0xFF, 0x00, 0x00, 0x00, 0x00, 0x00, 0x00, 0x00, 
0x00, 0x00, 0x5B, 0xB0, 0x80, 0xFF, 0xFF, 0xFF, 0x84, 0x00, 0x00, 0x00, 0x00, 0x28, 0x50, 0x50, 
0xFF, 0x84, 0x00, 0x00, 0x00, 0x00, 0x00, 0x00, 0x00, 0xFF, 0x84, 0x00, 0x00, 0x00, 0x00, 0x00, 
0x00, 0x00, 0xFF, 0x8C, 0x10, 0x05, 0x00, 0x00, 0x00, 0x00, 0x00, 0xFF, 0xFF, 0xFF, 0xFE, 0xC2, 
0x22, 0x00, 0x00, 0x00, 0xFF, 0xA3, 0x40, 0x5F, 0xEE, 0xBC, 0x00, 0x00, 0x00, 0xFF, 0x84, 0x00, 
0x00, 0x92, 0xF9, 0x00, 0x00, 0x00, 0xFF, 0x84, 0x00, 0x00, 0x97, 0xF2, 0x00, 0x00, 0x00, 0xFF, 
0xAB, 0x50, 0x70, 0xF4, 0xA9, 0x00, 0x00, 0x00, 0xFF, 0xFF, 0xFF, 0xF2, 0xAC, 0x14, 0xFF, 0x84, 
0x00, 0x00, 0x00, 0x00, 0x00, 0x84, 0xFF, 0xFF, 0x84, 0x00, 0x00, 0x00, 0x00, 0x00, 0x84, 0xFF, 
0xFF, 0x84, 0x00, 0x00, 0x00, 0x00, 0x00, 0x84, 0xFF, 0xFF, 0x8C, 0x10, 0x05, 0x00, 0x00, 0x00, 
0x84, 0xFF, 0xFF, 0xFF, 0xFF, 0xFE, 0xC1, 0x22, 0x00, 0x84, 0xFF, 0xFF, 0xA3, 0x40, 0x64, 0xF1, 
0xBC, 0x00, 0x84, 0xFF, 0xFF, 0x84, 0x00, 0x00, 0x96, 0xF9, 0x00, 0x84, 0xFF, 0xFF, 0x84, 0x00, 
0x00, 0x95, 0xF2, 0x00, 0x84, 0xFF, 0xFF, 0x9F, 0x38, 0x5D, 0xF1, 0xAC, 0x00, 0x84, 0xFF, 0xFF, 
0xFF, 0xFF, 0xF2, 0xAB, 0x15, 0x00, 0x84, 0xFF, 0xFF, 0x84, 0x00, 0x00, 0x00, 0x00, 0xFF, 0x84, 
0x00, 0x00, 0x00, 0x00, 0xFF, 0x84, 0x00, 0x00, 0x00, 0x00, 0xFF, 0x8C, 0x10, 0x06, 0x00, 0x00, 
0xFF, 0xFF, 0xFF, 0xFE, 0xC0, 0x20, 0xFF, 0xA3, 0x40, 0x5F, 0xF1, 0xBB, 0xFF, 0x84, 0x00, 0x00, 
0x95, 0xF8, 0xFF, 0x84, 0x00, 0x00, 0x93, 0xF3, 0xFF, 0x9F, 0x38, 0x5A, 0xF1, 0xAD, 0xFF, 0xFF, 
0xFF, 0xF2, 0xAD, 0x15, 0xA3, 0xF2, 0xF6, 0xA8, 0x14, 0x00, 0x64, 0x60, 0x67, 0xE7, 0xBC, 0x00, 
0x00, 0x00, 0x00, 0x52, 0xFF, 0x2E, 0x00, 0x0F, 0x10, 0x1D, 0xFF, 0x67, 0x00, 0xEC, 0xFF, 0xFF, 
0xFF, 0x80, 0x00, 0x3B, 0x40, 0x43, 0xFF, 0x80, 0x00, 0x00, 0x00, 0x1C, 0xFF, 0x66, 0x00, 0x00, 
0x00, 0x6B, 0xFF, 0x2B, 0xA2, 0x5A, 0x72, 0xF3, 0xB3, 0x00, 0xB6, 0xF6, 0xF1, 0xA0, 0x0F, 0x00, 
0xFF, 0x84, 0x00, 0x00, 0x2A, 0xC3, 0xFB, 0xE0, 0x57, 0x00, 0xFF, 0x84, 0x00, 0x09, 0xE2, 0xE0, 
0x5E, 0x95, 0xFD, 0x38, 0xFF, 0x84, 0x00, 0x55, 0xFF, 0x57, 0x00, 0x01, 0xD7, 0xA8, 0xFF, 0x8C, 
0x10, 0x86, 0xFF, 0x19, 0x00, 0x00, 0x9D, 0xE3, 0xFF, 0xFF, 0xFF, 0xFF, 0xFF, 0x03, 0x00, 0x00, 
0x88, 0xFC, 0xFF, 0xA3, 0x40, 0xA1, 0xFF, 0x03, 0x00, 0x00, 0x88, 0xFC, 0xFF, 0x84, 0x00, 0x70, 
0xFF, 0x19, 0x00, 0x00, 0x9D, 0xE3, 0xFF, 0x84, 0x00, 0x3C, 0xFF, 0x58, 0x00, 0x01, 0xD8, 0xAB, 
0xFF, 0x84, 0x00, 0x02, 0xD1, 0xE3, 0x60, 0x96, 0xFE, 0x3C, 0xFF, 0x84, 0x00, 0x00, 0x21, 0xBE, 
0xFB, 0xE0, 0x5D, 0x00, 0x00, 0x10, 0xA5, 0xF2, 0xFF, 0xFF, 0xFF, 0x00, 0xA4, 0xF8, 0x75, 0x50, 
0xAB, 0xFF, 0x00, 0xF1, 0x9C, 0x00, 0x00, 0x84, 0xFF, 0x00, 0xF8, 0x8F, 0x00, 0x00, 0x84, 0xFF, 
0x00, 0xBD, 0xE7, 0x3A, 0x11, 0x8C, 0xFF, 0x00, 0x29, 0xDA, 0xFF, 0xFF, 0xFF, 0xFF, 0x00, 0x00, 
0x59, 0xFB, 0x51, 0xA3, 0xFF, 0x00, 0x0D, 0xE5, 0x96, 0x00, 0x84, 0xFF, 0x00, 0x8D, 0xF3, 0x17, 
0x00, 0x84, 0xFF, 0x2C, 0xFB, 0x7F, 0x00, 0x00, 0x84, 0xFF, 0x0A, 0xD3, 0xDF, 0x0A, 0x00, 0x00, 
0x00, 0x00, 0x17, 0xD4, 0x92, 0x00, 0x00, 0x00, 0x00, 0x00, 0x11, 0x7B, 0x0D, 0x00, 0x00, 0x00, 
0x00, 0x00, 0x00, 0x00, 0x00, 0x00, 0x00, 0x5B, 0xDE, 0xFB, 0xC2, 0x25, 0x00, 0x3C, 0xFE, 0x8E, 
0x5C, 0xD9, 0xDA, 0x04, 0xAB, 0xBF, 0x00, 0x00, 0x41, 0xFF, 0x48, 0xE3, 0x93, 0x10, 0x10, 0x18, 
0xFF, 0x77, 0xFC, 0xFF, 0xFF, 0xFF, 0xFF, 0xFF, 0x84, 0xFC, 0xA6, 0x40, 0x40, 0x40, 0x40, 0x21, 
0xE1, 0xA1, 0x00, 0x00, 0x00, 0x00, 0x00, 0xA4, 0xE8, 0x0A, 0x00, 0x00, 0x00, 0x00, 0x2F, 0xF9, 
0xC1, 0x5B, 0x62, 0xAF, 0x1E, 0x00, 0x45, 0xCF, 0xFC, 0xEC, 0xA9, 0x0D, 0x00, 0xE3, 0x68, 0x00, 
0xE3, 0x68, 0x00, 0x00, 0x38, 0x14, 0x00, 0x38, 0x12, 0x00, 0x00, 0x00, 0x00, 0x00, 0x00, 0x00, 
0x00, 0x00, 0x5B, 0xDE, 0xFB, 0xC2, 0x25, 0x00, 0x3C, 0xFE, 0x8E, 0x5C, 0xD9, 0xDA, 0x04, 0xAB, 
0xBF, 0x00, 0x00, 0x41, 0xFF, 0x48, 0xE3, 0x93, 0x10, 0x10, 0x18, 0xFF, 0x77, 0xFC, 0xFF, 0xFF, 
0xFF, 0xFF, 0xFF, 0x84, 0xFC, 0xA6, 0x40, 0x40, 0x40, 0x40, 0x21, 0xE1, 0xA1, 0x00, 0x00, 0x00, 
0x00, 0x00, 0xA4, 0xE8, 0x0A, 0x00, 0x00, 0x00, 0x00, 0x2F, 0xF9, 0xC1, 0x5B, 0x62, 0xAF, 0x1E, 
0x00, 0x45, 0xCF, 0xFC, 0xEC, 0xA9, 0x0D, 0x10, 0xFF, 0x8C, 0x10, 0x10, 0x00, 0x00, 0x00, 0xFF, 
0xFF, 0xFF, 0xFF, 0xFF, 0x00, 0x00, 0x00, 0x40, 0xFF, 0xA3, 0x40, 0x40, 0x00, 0x00, 0x00, 0x00, 
0xFF, 0x84, 0x00, 0x00, 0x00, 0x00, 0x00, 0x00, 0xFF, 0x84, 0x97, 0xF5, 0xED, 0x7B, 0x00, 0x00, 
0xFF, 0xE3, 0xA8, 0x58, 0xB8, 0xFF, 0x35, 0x00, 0xFF, 0xDC, 0x03, 0x00, 0x1F, 0xFF, 0x75, 0x00, 
0xFF, 0x9D, 0x00, 0x00, 0x02, 0xFF, 0x83, 0x00, 0xFF, 0x87, 0x00, 0x00, 0x00, 0xFF, 0x84, 0x00, 
0xFF, 0x84, 0x00, 0x00, 0x00, 0xFF, 0x84, 0x00, 0xFF, 0x84, 0x00, 0x00, 0x00, 0xFF, 0x84, 0x00, 
0xFF, 0x84, 0x00, 0x00, 0x00, 0xFF, 0x84, 0x00, 0xFF, 0x84, 0x00, 0x00, 0x00, 0xFF, 0x84, 0x00, 
0xFF, 0x84, 0x00, 0x00, 0x00, 0xFF, 0x84, 0x00, 0x00, 0x00, 0x00, 0x00, 0x00, 0xFF, 0x84, 0x00, 
0x00, 0x00, 0x00, 0x00, 0x07, 0xFF, 0x7F, 0x00, 0x00, 0x00, 0x00, 0x36, 0x82, 0xFF, 0x53, 0x00, 
0x00, 0x00, 0x00, 0x81, 0xFA, 0xAD, 0x05, 0x00, 0x00, 0x45, 0xFF, 0x8B, 0x00, 0x02, 0xCC, 0xC3, 
0x06, 0x00, 0x65, 0xD0, 0x11, 0x00, 0x00, 0x00, 0x00, 0x00, 0x00, 0xFF, 0xFF, 0xFF, 0xFF, 0xB8, 
0xFF, 0xAB, 0x50, 0x50, 0x3A, 0xFF, 0x84, 0x00, 0x00, 0x00, 0xFF, 0x84, 0x00, 0x00, 0x00, 0xFF, 
0x84, 0x00, 0x00, 0x00, 0xFF, 0x84, 0x00, 0x00, 0x00, 0xFF, 0x84, 0x00, 0x00, 0x00, 0xFF, 0x84, 
0x00, 0x00, 0x00, 0xFF, 0x84, 0x00, 0x00, 0x00, 0xFF, 0x84, 0x00, 0x00, 0x00, 0x00, 0x48, 0xD1, 
0xFC, 0xE6, 0x5D, 0x32, 0xFB, 0xAB, 0x56, 0x72, 0x34, 0xA4, 0xD7, 0x02, 0x00, 0x00, 0x00, 0xE1, 
0x99, 0x10, 0x10, 0x08, 0x00, 0xFB, 0xFF, 0xFF, 0xFF, 0x80, 0x00, 0xFC, 0xA5, 0x40, 0x40, 0x20, 
0x00, 0xE7, 0x9F, 0x00, 0x00, 0x00, 0x00, 0xAC, 0xE6, 0x07, 0x00, 0x00, 0x00, 0x3B, 0xFD, 0xB6, 
0x56, 0x76, 0x5F, 0x00, 0x53, 0xD7, 0xFC, 0xDE, 0x4E, 0x1F, 0xB4, 0xF4, 0xF4, 0xBE, 0x2B, 0xC5, 
0xE8, 0x63, 0x61, 0xAD, 0x17, 0xFC, 0x8D, 0x00, 0x00, 0x00, 0x00, 0xD5, 0xE0, 0x25, 0x00, 0x00, 
0x00, 0x37, 0xEA, 0xF8, 0x86, 0x0A, 0x00, 0x00, 0x14, 0x96, 0xFD, 0xD2, 0x0D, 0x00, 0x00, 0x00, 
0x50, 0xFF, 0x6B, 0x01, 0x00, 0x00, 0x0B, 0xFF, 0x7D, 0xCB, 0x71, 0x55, 0xA9, 0xFF, 0x3F, 0xA9, 
0xEC, 0xFE, 0xDF, 0x68, 0x00, 0xDA, 0x60, 0xE2, 0x6A, 0x0A, 0x01, 0xFF, 0x84, 0xFF, 0x84, 0xFF, 
0x84, 0xFF, 0x84, 0xFF, 0x84, 0xFF, 0x84, 0xFF, 0x84, 0xFF, 0x84, 0xFF, 0x84, 0xFF, 0x84, 0xE3, 
0x6A, 0x00, 0xE3, 0x68, 0x38, 0x15, 0x00, 0x38, 0x12, 0x00, 0x00, 0x00, 0x00, 0x00, 0x00, 0x7C, 
0xFF, 0x08, 0x00, 0x00, 0x7C, 0xFF, 0x08, 0x00, 0x00, 0x7C, 0xFF, 0x08, 0x00, 0x00, 0x7C, 0xFF, 
0x08, 0x00, 0x00, 0x7C, 0xFF, 0x08, 0x00, 0x00, 0x7C, 0xFF, 0x08, 0x00, 0x00, 0x7C, 0xFF, 0x08, 
0x00, 0x00, 0x7C, 0xFF, 0x08, 0x00, 0x00, 0x7C, 0xFF, 0x08, 0x00, 0x00, 0x7C, 0xFF, 0x08, 0x00, 
0x00, 0x00, 0xDA, 0x60, 0x00, 0x00, 0xE2, 0x6A, 0x00, 0x00, 0x0A, 0x01, 0x00, 0x00, 0xFF, 0x84, 
0x00, 0x00, 0xFF, 0x84, 0x00, 0x00, 0xFF, 0x84, 0x00, 0x00, 0xFF, 0x84, 0x00, 0x00, 0xFF, 0x84, 
0x00, 0x00, 0xFF, 0x84, 0x00, 0x00, 0xFF, 0x84, 0x00, 0x00, 0xFF, 0x84, 0x00, 0x00, 0xFF, 0x84, 
0x00, 0x00, 0xFF, 0x84, 0x00, 0x00, 0xFF, 0x84, 0x00, 0x04, 0xFF, 0x80, 0x32, 0x7E, 0xFF, 0x58, 
0x71, 0xFB, 0xB6, 0x07, 0x00, 0x00, 0xFF, 0xFF, 0xFF, 0xFF, 0x84, 0x00, 0x00, 0x00, 0x00, 0x00, 
0x06, 0xFF, 0xAB, 0x50, 0xFF, 0x84, 0x00, 0x00, 0x00, 0x00, 0x00, 0x0F, 0xFF, 0x7F, 0x00, 0xFF, 
0x84, 0x00, 0x00, 0x00, 0x00, 0x00, 0x20, 0xFF, 0x76, 0x00, 0xFF, 0x8C, 0x10, 0x05, 0x00, 0x00, 
0x00, 0x36, 0xFF, 0x64, 0x00, 0xFF, 0xFF, 0xFF, 0xFD, 0xBB, 0x1E, 0x00, 0x54, 0xFF, 0x48, 0x00, 
0xFF, 0xA3, 0x41, 0x66, 0xF1, 0xBA, 0x00, 0x7A, 0xFF, 0x21, 0x00, 0xFF, 0x84, 0x00, 0x00, 0x95, 
0xF8, 0x00, 0xB8, 0xEB, 0x01, 0x00, 0xFF, 0x84, 0x00, 0x00, 0x99, 0xF2, 0x6B, 0xFD, 0x98, 0x00, 
0x00, 0xFF, 0xAB, 0x51, 0x79, 0xF7, 0xA7, 0xFE, 0xCE, 0x19, 0x00, 0x00, 0xFF, 0xFF, 0xFF, 0xF0, 
0xA6, 0x12, 0xFF, 0x84, 0x00, 0x00, 0x84, 0xFF, 0x00, 0x00, 0x00, 0x00, 0x00, 0xFF, 0x84, 0x00, 
0x00, 0x84, 0xFF, 0x00, 0x00, 0x00, 0x00, 0x00, 0xFF, 0x84, 0x00, 0x00, 0x84, 0xFF, 0x00, 0x00, 
0x00, 0x00, 0x00, 0xFF, 0x8C, 0x10, 0x10, 0x8C, 0xFF, 0x10, 0x0D, 0x00, 0x00, 0x00, 0xFF, 0xFF, 
0xFF, 0xFF, 0xFF, 0xFF, 0xFF, 0xFF, 0xE9, 0x71, 0x00, 0xFF, 0xA3, 0x40, 0x40, 0xA3, 0xFF, 0x40, 
0x48, 0xAD, 0xFF, 0x3E, 0xFF, 0x84, 0x00, 0x00, 0x84, 0xFF, 0x00, 0x00, 0x12, 0xFF, 0x7C, 0xFF, 
0x84, 0x00, 0x00, 0x84, 0xFF, 0x00, 0x00, 0x12, 0xFF, 0x76, 0xFF, 0x84, 0x00, 0x00, 0x84, 0xFF, 
0x38, 0x40, 0xAC, 0xFE, 0x30, 0xFF, 0x84, 0x00, 0x00, 0x84, 0xFF, 0xFF, 0xFD, 0xD8, 0x5B, 0x00, 
0x00, 0xFF, 0x84, 0x00, 0x00, 0x00, 0x00, 0x00, 0x10, 0xFF, 0x8C, 0x10, 0x10, 0x00, 0x00, 0x00, 
0xFF, 0xFF, 0xFF, 0xFF, 0xFF, 0x00, 0x00, 0x00, 0x40, 0xFF, 0xA3, 0x40, 0x40, 0x00, 0x00, 0x00, 
0x00, 0xFF, 0x87, 0x9D, 0xF5, 0xEB, 0x72, 0x00, 0x00, 0xFF, 0xE4, 0xA6, 0x57, 0xBA, 0xFF, 0x31, 
0x00, 0xFF, 0xDB, 0x02, 0x00, 0x24, 0xFF, 0x72, 0x00, 0xFF, 0x9D, 0x00, 0x00, 0x03, 0xFF, 0x83, 
0x00, 0xFF, 0x87, 0x00, 0x00, 0x00, 0xFF, 0x84, 0x00, 0xFF, 0x84, 0x00, 0x00, 0x00, 0xFF, 0x84, 
0x00, 0xFF, 0x84, 0x00, 0x00, 0x00, 0xFF, 0x84, 0x00, 0xFF, 0x84, 0x00, 0x00, 0x00, 0xFF, 0x84, 
0x00, 0xFF, 0x84, 0x00, 0x00, 0x00, 0xFF, 0x84, 0x00, 0xFF, 0x84, 0x00, 0x00, 0x00, 0xFF, 0x84, 
0x00, 0x00, 0x03, 0xD9, 0xE8, 0x10, 0x00, 0x00, 0x00, 0x63, 0xF8, 0x3C, 0x00, 0x00, 0x00, 0x0F, 
0xE5, 0x50, 0x00, 0x00, 0x00, 0x00, 0x00, 0x00, 0x00, 0x00, 0x00, 0x00, 0xFF, 0x84, 0x00, 0x06, 
0xD8, 0xBF, 0x01, 0xFF, 0x84, 0x00, 0x7B, 0xF8, 0x24, 0x00, 0xFF, 0x84, 0x21, 0xF6, 0x79, 0x00, 
0x00, 0xFF, 0x84, 0xB4, 0xD3, 0x05, 0x00, 0x00, 0xFF, 0xCE, 0xFF, 0x3F, 0x00, 0x00, 0x00, 0xFF, 
0xA6, 0xF7, 0x84, 0x00, 0x00, 0x00, 0xFF, 0x84, 0x80, 0xFA, 0x2A, 0x00, 0x00, 0xFF, 0x84, 0x08, 
0xDE, 0xC3, 0x01, 0x00, 0xFF, 0x84, 0x00, 0x4B, 0xFF, 0x64, 0x00, 0xFF, 0x84, 0x00, 0x00, 0xB1, 
0xEE, 0x16, 0x0D, 0xE6, 0xC6, 0x00, 0x00, 0x00, 0x00, 0x00, 0x3E, 0xFB, 0x40, 0x00, 0x00, 0x00, 
0x00, 0x00, 0x63, 0xC7, 0x00, 0x00, 0x00, 0x00, 0x00, 0x00, 0x00, 0x00, 0x00, 0x00, 0xFF, 0x84, 
0x00, 0x00, 0x82, 0xFF, 0x84, 0xFF, 0x84, 0x00, 0x04, 0xE4, 0xFF, 0x84, 0xFF, 0x84, 0x00, 0x4E, 
0xCE, 0xFF, 0x84, 0xFF, 0x84, 0x00, 0xB3, 0x69, 0xFF, 0x84, 0xFF, 0x84, 0x1C, 0xF2, 0x0E, 0xFF, 
0x84, 0xFF, 0x84, 0x7E, 0x9E, 0x00, 0xFF, 0x84, 0xFF, 0x87, 0xE2, 0x38, 0x00, 0xFF, 0x84, 0xFF, 
0xCE, 0xD3, 0x00, 0x00, 0xFF, 0x84, 0xFF, 0xFF, 0x6D, 0x00, 0x00, 0xFF, 0x84, 0xFF, 0xF6, 0x10, 
0x00, 0x00, 0xFF, 0x84, 0x00, 0xF3, 0x74, 0x14, 0x75, 0xF1, 0x00, 0x00, 0x7E, 0xFF, 0xFF, 0xFE, 
0x70, 0x00, 0x00, 0x00, 0x1F, 0x3E, 0x1C, 0x00, 0x00, 0x00, 0x00, 0x00, 0x00, 0x00, 0x00, 0x00, 
0x92, 0xE0, 0x00, 0x00, 0x00, 0xBF, 0xBF, 0x4D, 0xFF, 0x1C, 0x00, 0x06, 0xF6, 0x7C, 0x0C, 0xFA, 
0x5B, 0x00, 0x3A, 0xFF, 0x3A, 0x00, 0xC2, 0x99, 0x00, 0x76, 0xF3, 0x05, 0x00, 0x7D, 0xD5, 0x00, 
0xB4, 0xB5, 0x00, 0x00, 0x36, 0xFF, 0x16, 0xEF, 0x74, 0x00, 0x00, 0x03, 0xEF, 0x7A, 0xFF, 0x30, 
0x00, 0x00, 0x00, 0xAD, 0xD9, 0xED, 0x02, 0x00, 0x00, 0x00, 0x68, 0xFF, 0xAC, 0x00, 0x00, 0x00, 
0x00, 0x2A, 0xFF, 0x69, 0x00, 0x00, 0x00, 0x00, 0x4A, 0xFF, 0x29, 0x00, 0x00, 0x00, 0x00, 0x95, 
0xE0, 0x00, 0x00, 0x00, 0x2F, 0x68, 0xF6, 0x7B, 0x00, 0x00, 0x00, 0x75, 0xFB, 0xB0, 0x08, 0x00, 
0x00, 0x00, 0xFF, 0x84, 0x00, 0x00, 0x08, 0xFF, 0x7C, 0xFF, 0x84, 0x00, 0x00, 0x08, 0xFF, 0x7C, 
0xFF, 0x84, 0x00, 0x00, 0x08, 0xFF, 0x7C, 0xFF, 0x84, 0x00, 0x00, 0x08, 0xFF, 0x7C, 0xFF, 0x84, 
0x00, 0x00, 0x08, 0xFF, 0x7C, 0xFF, 0x84, 0x00, 0x00, 0x08, 0xFF, 0x7C, 0xFF, 0x84, 0x00, 0x00, 
0x08, 0xFF, 0x7C, 0xFF, 0x84, 0x00, 0x00, 0x08, 0xFF, 0x7C, 0xFF, 0xAB, 0x50, 0x50, 0x56, 0xFF, 
0x7C, 0xFF, 0xFF, 0xFF, 0xFF, 0xFF, 0xFF, 0x7C, 0x00, 0x00, 0x84, 0xFF, 0x00, 0x00, 0x00, 0x00, 
0x00, 0x84, 0xFF, 0x00, 0x00, 0x00, 0x00, 0x00, 0x84, 0xFF, 0x00, 0x00, 0x00, 0x00, 0x00, 0x42, 
0x80, 0x00, 0x00, 0x00, 0xFC, 0x86, 0x00, 0x00, 0x00, 0xFF, 0x88, 0x00, 0x00, 0x00, 0x02, 0xFF, 
0x81, 0xF2, 0x90, 0x00, 0x00, 0x00, 0xFF, 0x92, 0x00, 0x00, 0x00, 0x0D, 0xFF, 0x76, 0xDD, 0xA4, 
0x00, 0x00, 0x00, 0xF5, 0xA8, 0x00, 0x00, 0x00, 0x20, 0xFF, 0x63, 0xBF, 0xC0, 0x00, 0x00, 0x00, 
0xDC, 0xC7, 0x00, 0x00, 0x00, 0x3C, 0xFF, 0x47, 0x9A, 0xE8, 0x00, 0x00, 0x00, 0xD3, 0xED, 0x00, 
0x00, 0x00, 0x66, 0xFF, 0x21, 0x6D, 0xFF, 0x13, 0x00, 0x15, 0xFE, 0xFF, 0x1A, 0x00, 0x00, 0x94, 
0xF0, 0x01, 0x39, 0xFF, 0x49, 0x00, 0x59, 0xFC, 0xFF, 0x52, 0x00, 0x00, 0xCC, 0xB8, 0x00, 0x06, 
0xF8, 0x81, 0x00, 0x9F, 0xB1, 0xEB, 0x91, 0x00, 0x10, 0xFD, 0x77, 0x00, 0x00, 0xBD, 0xC0, 0x00, 
0xE5, 0x68, 0xA2, 0xD8, 0x00, 0x56, 0xFF, 0x2E, 0x00, 0x00, 0x73, 0xF9, 0x32, 0xFF, 0x22, 0x4D, 
0xFF, 0x2B, 0xAC, 0xDA, 0x00, 0x00, 0x00, 0x23, 0xFF, 0xB5, 0xD9, 0x00, 0x05, 0xEB, 0x9B, 0xFA, 
0x7C, 0x00, 0x00, 0x00, 0x00, 0xC8, 0xFF, 0x92, 0x00, 0x00, 0x8D, 0xFF, 0xFA, 0x19, 0x00, 0x00, 
0x00, 0x00, 0x66, 0xFF, 0x4C, 0x00, 0x00, 0x21, 0xFD, 0x9E, 0x00, 0x00, 0x00, 0xFC, 0x89, 0x00, 
0x00, 0x81, 0xFF, 0x05, 0x00, 0x00, 0x89, 0xFC, 0xED, 0x96, 0x00, 0x00, 0x74, 0xFF, 0x13, 0x00, 
0x00, 0x96, 0xED, 0xD0, 0xB0, 0x00, 0x00, 0x58, 0xFF, 0x30, 0x00, 0x00, 0xB0, 0xD0, 0xA8, 0xD6, 
0x00, 0x00, 0x37, 0xFF, 0x57, 0x00, 0x00, 0xD6, 0xA5, 0x74, 0xFB, 0x09, 0x00, 0x79, 0xFF, 0x88, 
0x00, 0x0C, 0xFD, 0x6A, 0x37, 0xFF, 0x3E, 0x01, 0xDA, 0xE7, 0xC2, 0x00, 0x47, 0xFF, 0x26, 0x03, 
0xEC, 0x7E, 0x3B, 0xF2, 0x5F, 0xFA, 0x0C, 0x92, 0xD6, 0x00, 0x00, 0x9B, 0xCA, 0x97, 0x9C, 0x0C, 
0xF6, 0x58, 0xE8, 0x7A, 0x00, 0x00, 0x3C, 0xFF, 0xF0, 0x3C, 0x00, 0xA8, 0xE9, 0xF8, 0x17, 0x00, 
0x00, 0x00, 0xD0, 0xDB, 0x01, 0x00, 0x41, 0xFF, 0x97, 0x00, 0x00, 0x00, 0x00, 0x80, 0x42, 0x00, 
0x00, 0x00, 0x00, 0x00, 0x00, 0x00, 0xFF, 0x84, 0x00, 0x00, 0x00, 0x00, 0x00, 0x10, 0x10, 0xFF, 
0x8C, 0x10, 0x10, 0x00, 0x00, 0x00, 0xFF, 0xFF, 0xFF, 0xFF, 0xFF, 0xFF, 0x00, 0x00, 0x00, 0x40, 
0x40, 0xFF, 0xA3, 0x40, 0x40, 0x00, 0x00, 0x00, 0x00, 0x00, 0xFF, 0x84, 0x00, 0x00, 0x00, 0x00, 
0x00, 0x00, 0x00, 0xFF, 0x8C, 0x0F, 0x05, 0x00, 0x00, 0x00, 0x00, 0x00, 0xFF, 0xFF, 0xFF, 0xFD, 
0xCA, 0x40, 0x00, 0x00, 0x00, 0xFF, 0xA3, 0x41, 0x58, 0xC9, 0xF7, 0x21, 0x00, 0x00, 0xFF, 0x84, 
0x00, 0x00, 0x1D, 0xFF, 0x74, 0x00, 0x00, 0xFF, 0x84, 0x00, 0x00, 0x00, 0xFC, 0x88, 0x00, 0x00, 
0xFF, 0x84, 0x00, 0x00, 0x36, 0xFF, 0x69, 0x00, 0x00, 0xFF, 0xB3, 0x61, 0x7B, 0xE6, 0xEB, 0x13, 
0x00, 0x00, 0xFF, 0xFF, 0xFF, 0xF2, 0xB3, 0x2A, 0x00, 0x00, 0x84, 0xFF, 0x00, 0x00, 0x00, 0x00, 
0x00, 0x00, 0x84, 0xFF, 0x00, 0x00, 0x00, 0x00, 0x00, 0xFF, 0xFF, 0xFF, 0xFF, 0xFF, 0x00, 0x00, 
0x00, 0x50, 0xAB, 0xFF, 0x50, 0x50, 0x00, 0x00, 0x00, 0x00, 0x84, 0xFF, 0x00, 0x00, 0x00, 0x00, 
0x00, 0x00, 0x84, 0xFF, 0x10, 0x0D, 0x01, 0x00, 0x00, 0x00, 0x84, 0xFF, 0xFF, 0xFF, 0xEA, 0x71, 
0x00, 0x00, 0x84, 0xFF, 0x40, 0x45, 0xA8, 0xFF, 0x3C, 0x00, 0x84, 0xFF, 0x00, 0x00, 0x11, 0xFF, 
0x7B, 0x00, 0x84, 0xFF, 0x00, 0x00, 0x0F, 0xFF, 0x76, 0x00, 0x84, 0xFF, 0x38, 0x3D, 0xA7, 0xFE, 
0x30, 0x00, 0x84, 0xFF, 0xFF, 0xFD, 0xDA, 0x5D, 0x00, 0xFF, 0x84, 0x00, 0x00, 0x00, 0x33, 0xB8, 
0xF3, 0xFA, 0xDA, 0x7A, 0xFF, 0x84, 0x00, 0x00, 0x40, 0xF9, 0xD1, 0x65, 0x58, 0x88, 0x70, 0xFF, 
0x84, 0x00, 0x02, 0xDC, 0xD2, 0x0A, 0x00, 0x00, 0x00, 0x00, 0xFF, 0x84, 0x00, 0x3A, 0xFF, 0x57, 
0x00, 0x00, 0x00, 0x00, 0x00, 0xFF, 0x8C, 0x10, 0x76, 0xFF, 0x23, 0x10, 0x10, 0x10, 0x06, 0x00, 
0xFF, 0xFF, 0xFF, 0xFF, 0xFF, 0xFF, 0xFF, 0xFF, 0xFF, 0x60, 0x00, 0xFF, 0xA3, 0x40, 0xA1, 0xFF, 
0x43, 0x40, 0x40, 0x40, 0x18, 0x00, 0xFF, 0x84, 0x00, 0x73, 0xFF, 0x15, 0x00, 0x00, 0x00, 0x00, 
0x00, 0xFF, 0x84, 0x00, 0x4E, 0xFF, 0x41, 0x00, 0x00, 0x00, 0x00, 0x00, 0xFF, 0x84, 0x00, 0x11, 
0xFB, 0x90, 0x00, 0x00, 0x00, 0x00, 0x00, 0xFF, 0x84, 0x00, 0x00, 0xA6, 0xF3, 0x21, 0x00, 0x00, 
0x00, 0x00, 0xFF, 0x84, 0x00, 0x00, 0x1D, 0xEA, 0xE4, 0x6C, 0x57, 0x89, 0x6B, 0xFF, 0x84, 0x00, 
0x00, 0x00, 0x26, 0xB5, 0xF4, 0xF9, 0xD2, 0x4B, 0xFF, 0x84, 0x00, 0x00, 0x16, 0xA9, 0xF2, 0xFA, 
0xD0, 0x08, 0xFF, 0x84, 0x00, 0x02, 0xCA, 0xEA, 0x6B, 0x5A, 0x74, 0x00, 0xFF, 0x84, 0x00, 0x40, 
0xFF, 0x52, 0x00, 0x00, 0x00, 0x00, 0xFF, 0x8C, 0x10, 0x81, 0xFF, 0x1C, 0x10, 0x10, 0x00, 0x00, 
0xFF, 0xFF, 0xFF, 0xFF, 0xFF, 0xFF, 0xFF, 0xFF, 0x00, 0x00, 0xFF, 0xA3, 0x40, 0xA1, 0xFF, 0x42, 
0x40, 0x40, 0x00, 0x00, 0xFF, 0x84, 0x00, 0x6F, 0xFF, 0x1C, 0x00, 0x00, 0x00, 0x00, 0xFF, 0x84, 
0x00, 0x38, 0xFF, 0x6A, 0x00, 0x00, 0x00, 0x00, 0xFF, 0x84, 0x00, 0x01, 0xC6, 0xF3, 0x71, 0x5A, 
0xA0, 0x03, 0xFF, 0x84, 0x00, 0x00, 0x16, 0xAC, 0xF6, 0xF5, 0xB5, 0x02, 0x00, 0x00, 0x00, 0x00, 
0x58, 0xFF, 0xCF, 0x00, 0x00, 0x00, 0x00, 0x00, 0x00, 0x00, 0x00, 0xA6, 0xFB, 0xFF, 0x1F, 0x00, 
0x00, 0x00, 0x00, 0x00, 0x00, 0x06, 0xF1, 0xA1, 0xFE, 0x6E, 0x00, 0x00, 0x00, 0x00, 0x00, 0x00, 
0x46, 0xFF, 0x44, 0xCB, 0xBE, 0x00, 0x00, 0x00, 0x00, 0x00, 0x00, 0x96, 0xF3, 0x06, 0x82, 0xFC, 
0x13, 0x00, 0x00, 0x00, 0x00, 0x01, 0xE5, 0xB9, 0x14, 0x4C, 0xFF, 0x5F, 0x00, 0x00, 0x00, 0x00, 
0x36, 0xFF, 0xFF, 0xFF, 0xFF, 0xFF, 0xAE, 0x00, 0x00, 0x00, 0x00, 0x86, 0xFD, 0x4C, 0xFF, 0xA5, 
0xAD, 0xF5, 0x09, 0x00, 0x00, 0x00, 0xD6, 0xC3, 0x00, 0xFF, 0x84, 0x4A, 0xFF, 0x4F, 0x00, 0x00, 
0x26, 0xFF, 0x76, 0x00, 0xFF, 0x84, 0x07, 0xF3, 0x9F, 0x00, 0x00, 0x75, 0xFF, 0x27, 0x00, 0xFF, 
0x84, 0x00, 0xAA, 0xEB, 0x03, 0x00, 0xC6, 0xDA, 0x00, 0x00, 0xFF, 0x84, 0x00, 0x59, 0xFF, 0x3E, 
0x18, 0xFE, 0x8B, 0x00, 0x00, 0xFF, 0x84, 0x00, 0x0F, 0xFA, 0x8F, 0x00, 0x00, 0x00, 0x62, 0xFF, 
0xEB, 0x03, 0x00, 0x00, 0x00, 0x00, 0x00, 0xB5, 0xAD, 0xFC, 0x3F, 0x00, 0x00, 0x00, 0x00, 0x0F, 
0xF9, 0x44, 0xBE, 0x92, 0x00, 0x00, 0x00, 0x00, 0x5A, 0xEA, 0x13, 0x73, 0xE5, 0x01, 0x00, 0x00, 
0x00, 0xAE, 0xFF, 0xFF, 0xFF, 0xFF, 0x36, 0x00, 0x00, 0x0B, 0xF7, 0x6E, 0xFF, 0xA3, 0xCE, 0x8A, 
0x00, 0x00, 0x55, 0xF7, 0x09, 0xFF, 0x84, 0x7E, 0xDA, 0x00, 0x00, 0xA8, 0xBA, 0x00, 0xFF, 0x84, 
0x35, 0xFF, 0x2E, 0x09, 0xF3, 0x72, 0x00, 0xFF, 0x84, 0x02, 0xEA, 0x81, 0x4E, 0xFF, 0x2C, 0x00, 
0xFF, 0x84, 0x00, 0xA3, 0xD2, 0xFF, 0x84, 0x00, 0x00, 0x00, 0x00, 0xD6, 0xFF, 0x52, 0x00, 0x00, 
0x00, 0x00, 0xFF, 0x84, 0x00, 0x00, 0x00, 0x22, 0xFF, 0xE6, 0xA4, 0x00, 0x00, 0x00, 0x00, 0xFF, 
0x84, 0x00, 0x00, 0x00, 0x6F, 0xEB, 0x7B, 0xEE, 0x04, 0x00, 0x00, 0x00, 0xFF, 0x84, 0x00, 0x00, 
0x00, 0xBB, 0xA2, 0x30, 0xFF, 0x42, 0x00, 0x00, 0x00, 0xFF, 0x84, 0x00, 0x00, 0x0D, 0xFA, 0x58, 
0x01, 0xE6, 0x92, 0x00, 0x00, 0x00, 0xFF, 0xC2, 0x80, 0x80, 0xA1, 0xFF, 0x91, 0x80, 0xD7, 0xE3, 
0x01, 0x00, 0x00, 0xFF, 0xFF, 0xFF, 0xFF, 0xFF, 0xFF, 0xFF, 0xFF, 0xFF, 0xFF, 0x32, 0x00, 0x00, 
0xFF, 0x84, 0x00, 0x04, 0xEE, 0x87, 0x84, 0xFF, 0x0D, 0xF9, 0x82, 0x00, 0x00, 0xFF, 0x84, 0x00, 
0x3E, 0xFF, 0x40, 0x84, 0xFF, 0x00, 0xBA, 0xD2, 0x00, 0x00, 0xFF, 0x84, 0x00, 0x8A, 0xF3, 0x06, 
0x84, 0xFF, 0x00, 0x6E, 0xFF, 0x24, 0x00, 0xFF, 0x84, 0x00, 0xD6, 0xB0, 0x00, 0x84, 0xFF, 0x00, 
0x22, 0xFF, 0x72, 0x00, 0xFF, 0x84, 0x22, 0xFF, 0x68, 0x00, 0x84, 0xFF, 0x00, 0x00, 0xD6, 0xC2, 
0x00, 0xFF, 0x84, 0x6E, 0xFF, 0x20, 0x00, 0x84, 0xFF, 0x00, 0x00, 0x8A, 0xFD, 0x15, 0xFF, 0x84, 
0x00, 0x00, 0x00, 0xD9, 0xFF, 0x6A, 0x00, 0x00, 0x00, 0xFF, 0x84, 0x00, 0x00, 0x2C, 0xFF, 0xBA, 
0xBC, 0x00, 0x00, 0x00, 0xFF, 0x84, 0x00, 0x00, 0x7E, 0xC7, 0x44, 0xFC, 0x12, 0x00, 0x00, 0xFF, 
0x94, 0x20, 0x20, 0xD3, 0x82, 0x22, 0xED, 0x62, 0x00, 0x00, 0xFF, 0xFF, 0xFF, 0xFF, 0xFF, 0xFF, 
0xFF, 0xFF, 0xB2, 0x00, 0x00, 0xFF, 0xAB, 0x50, 0xA4, 0xDD, 0xAB, 0xFF, 0x81, 0xF9, 0x0D, 0x00, 
0xFF, 0x84, 0x00, 0xB9, 0x94, 0x84, 0xFF, 0x0F, 0xFC, 0x57, 0x00, 0xFF, 0x84, 0x0B, 0xF9, 0x50, 
0x84, 0xFF, 0x00, 0xC2, 0xAA, 0x00, 0xFF, 0x84, 0x50, 0xFD, 0x10, 0x84, 0xFF, 0x00, 0x79, 0xF4, 
0x09, 0xFF, 0x84, 0x9A, 0xCB, 0x00, 0x84, 0xFF, 0x00, 0x30, 0xFF, 0x4E, 0x00, 0x00, 0xFF, 0xFF, 
0xFF, 0xFF, 0xFF, 0xFF, 0xFF, 0xFF, 0x00, 0x00, 0x00, 0x00, 0xB5, 0xFE, 0x65, 0x50, 0x50, 0x50, 
0xE3, 0xBE, 0x00, 0x00, 0x00, 0x00, 0x21, 0xF6, 0x98, 0x00, 0x00, 0x46, 0xFF, 0x36, 0x00, 0x00, 
0x00, 0x00, 0x00, 0x79, 0xFD, 0x30, 0x01, 0xCA, 0xAD, 0x00, 0x00, 0x00, 0x00, 0x00, 0x00, 0x06, 
0xD6, 0xC2, 0x51, 0xFC, 0x27, 0x00, 0x00, 0x00, 0x00, 0x00, 0x00, 0x18, 0xA1, 0xFF, 0xEF, 0xD9, 
0x2F, 0x00, 0x00, 0x00, 0x00, 0x00, 0x21, 0xED, 0xF2, 0xE6, 0xFF, 0xDE, 0xFB, 0x3D, 0x00, 0x00, 
0x00, 0x00, 0x9A, 0xF6, 0x1E, 0x84, 0xFF, 0x02, 0xC4, 0xBB, 0x00, 0x00, 0x00, 0x03, 0xED, 0xAD, 
0x00, 0x84, 0xFF, 0x00, 0x6D, 0xFA, 0x0A, 0x00, 0x00, 0x34, 0xFF, 0x6C, 0x00, 0x84, 0xFF, 0x00, 
0x38, 0xFF, 0x41, 0x00, 0x00, 0x74, 0xFF, 0x30, 0x00, 0x84, 0xFF, 0x00, 0x09, 0xFB, 0x7B, 0x00, 
0x00, 0xB2, 0xF1, 0x02, 0x00, 0x84, 0xFF, 0x00, 0x00, 0xD1, 0xB5, 0x00, 0x02, 0xEE, 0xB6, 0x00, 
0x00, 0x84, 0xFF, 0x00, 0x00, 0x9E, 0xEE, 0x01, 0x00, 0xFF, 0xFF, 0xFF, 0xFF, 0xFF, 0xFF, 0xFF, 
0x00, 0x00, 0x9D, 0xF8, 0x5E, 0x50, 0x50, 0xCD, 0xAE, 0x00, 0x00, 0x0C, 0xDE, 0xA2, 0x00, 0x3D, 
0xF7, 0x21, 0x00, 0x00, 0x00, 0x3B, 0xFD, 0x5C, 0xD6, 0x84, 0x00, 0x00, 0x00, 0x04, 0x7E, 0xEF, 
0xFE, 0xFF, 0xAB, 0x16, 0x00, 0x00, 0x7D, 0xF2, 0x72, 0xFF, 0xB4, 0xCB, 0xAE, 0x00, 0x03, 0xE7, 
0x88, 0x00, 0xFF, 0x84, 0x41, 0xFD, 0x12, 0x3B, 0xFF, 0x3C, 0x00, 0xFF, 0x84, 0x08, 0xF8, 0x53, 
0x85, 0xF1, 0x04, 0x00, 0xFF, 0x84, 0x00, 0xC5, 0x97, 0xCF, 0xAF, 0x00, 0x00, 0xFF, 0x84, 0x00, 
0x8A, 0xDB, 0xFF, 0x84, 0x00, 0x00, 0xFF, 0xFF, 0xFF, 0xFF, 0xFF, 0xFF, 0xFF, 0xFF, 0x00, 0x00, 
0xFF, 0x84, 0x00, 0x00, 0xC6, 0xDF, 0x50, 0x50, 0x50, 0x62, 0xFE, 0xBB, 0x00, 0x00, 0xFF, 0x84, 
0x00, 0x00, 0x4E, 0xFF, 0x32, 0x00, 0x00, 0x88, 0xFE, 0x30, 0x00, 0x00, 0xFF, 0x84, 0x00, 0x00, 
0x02, 0xD7, 0xA5, 0x00, 0x16, 0xF4, 0xA1, 0x00, 0x00, 0x00, 0xFF, 0x84, 0x00, 0x00, 0x00, 0x60, 
0xFC, 0x1F, 0x8F, 0xF7, 0x1C, 0x00, 0x00, 0x00, 0xFF, 0x8C, 0x10, 0x10, 0x10, 0x15, 0xE7, 0xA6, 
0xF7, 0x86, 0x00, 0x00, 0x00, 0x00, 0xFF, 0xFF, 0xFF, 0xFF, 0xFF, 0xFF, 0xFF, 0xFF, 0xFF, 0xE1, 
0x7A, 0x00, 0x00, 0x00, 0xFF, 0xA3, 0x40, 0x40, 0x99, 0xF2, 0x5A, 0xFF, 0xA6, 0x86, 0xFF, 0x5C, 
0x00, 0x00, 0xFF, 0x84, 0x00, 0x01, 0xDD, 0x90, 0x00, 0xFF, 0x84, 0x00, 0xCA, 0xC9, 0x00, 0x00, 
0xFF, 0x84, 0x00, 0x2E, 0xFF, 0x50, 0x00, 0xFF, 0x84, 0x00, 0x80, 0xFF, 0x19, 0x00, 0xFF, 0x84, 
0x00, 0x72, 0xFF, 0x18, 0x00, 0xFF, 0x84, 0x00, 0x3C, 0xFF, 0x5E, 0x00, 0xFF, 0x84, 0x00, 0xB5, 
0xDE, 0x00, 0x00, 0xFF, 0x84, 0x00, 0x06, 0xF4, 0xA6, 0x00, 0xFF, 0x84, 0x06, 0xF4, 0xA5, 0x00, 
0x00, 0xFF, 0x84, 0x00, 0x00, 0xB5, 0xEA, 0x02, 0xFF, 0x84, 0x00, 0x00, 0xFF, 0xFF, 0xFF, 0xFF, 
0xFF, 0xFF, 0xFF, 0x00, 0xFF, 0x84, 0x00, 0x00, 0xAA, 0xCB, 0x50, 0x50, 0x62, 0xF9, 0x9A, 0x00, 
0xFF, 0x84, 0x00, 0x00, 0x1B, 0xF2, 0x46, 0x01, 0xB4, 0xD4, 0x09, 0x00, 0xFF, 0x8C, 0x10, 0x10, 
0x10, 0x7E, 0xE2, 0x86, 0xF7, 0x2C, 0x00, 0x00, 0xFF, 0xFF, 0xFF, 0xFF, 0xFF, 0xFF, 0xFF, 0xFF, 
0xF6, 0xA4, 0x0D, 0x00, 0xFF, 0xA3, 0x40, 0x40, 0xCF, 0xBB, 0xA7, 0xFF, 0x54, 0xE9, 0x96, 0x00, 
0xFF, 0x84, 0x00, 0x1E, 0xFE, 0x41, 0x84, 0xFF, 0x00, 0x7E, 0xF3, 0x07, 0xFF, 0x84, 0x00, 0x70, 
0xFA, 0x09, 0x84, 0xFF, 0x00, 0x33, 0xFF, 0x45, 0xFF, 0x84, 0x00, 0xC2, 0xCA, 0x00, 0x84, 0xFF, 
0x00, 0x02, 0xEB, 0x90, 0xFF, 0x84, 0x15, 0xFD, 0x91, 0x00, 0x84, 0xFF, 0x00, 0x00, 0xA8, 0xDA, 
0x00, 0x0F, 0x03, 0x00, 0x00, 0x08, 0x00, 0x00, 0xC1, 0x92, 0x00, 0x6C, 0xFD, 0x45, 0x00, 0x2A, 
0xFA, 0x61, 0xF9, 0x71, 0x17, 0x00, 0x02, 0xAA, 0xFF, 0xBF, 0x02, 0x00, 0x46, 0xDD, 0xFF, 0xFF, 
0xFF, 0xD0, 0x1A, 0x69, 0xCD, 0x50, 0x2C, 0x6B, 0xFB, 0xAA, 0x01, 0x06, 0x00, 0x00, 0x00, 0xA5, 
0xF2, 0x00, 0x00, 0x00, 0x00, 0x00, 0x89, 0xF9, 0x00, 0x00, 0x00, 0x00, 0x00, 0xBC, 0xC2, 0x00, 
0x0B, 0x15, 0x28, 0x90, 0xF5, 0x39, 0x00, 0x8C, 0xFF, 0xFF, 0xE3, 0x40, 0x00, 0x00, 0x25, 0x45, 
0x59, 0xB0, 0xFA, 0x52, 0x00, 0x00, 0x00, 0x00, 0x00, 0xBB, 0xD9, 0x00, 0x00, 0x00, 0x00, 0x00, 
0x8A, 0xFA, 0x00, 0x00, 0x00, 0x00, 0x00, 0xB6, 0xE2, 0x00, 0x1B, 0x49, 0x5B, 0xA1, 0xFF, 0x7A, 
0x71, 0xFD, 0xFF, 0xFC, 0xDA, 0x71, 0x02, 0xF2, 0xE1, 0x20, 0x01, 0x00, 0x00, 0x00, 0xEF, 0xE2, 
0x25, 0x10, 0x10, 0x0C, 0x00, 0x6D, 0xFC, 0xFF, 0xFF, 0xFF, 0xFF, 0x47, 0x00, 0x16, 0x3D, 0x40, 
0x40, 0x4A, 0x20, 0x09, 0x09, 0x00, 0x00, 0x06, 0x02, 0x59, 0xE3, 0x0F, 0x45, 0xF4, 0x81, 0x00, 
0xAF, 0x9D, 0xE8, 0x7D, 0x25, 0x3E, 0xBA, 0xFF, 0xEF, 0x51, 0x00, 0x3C, 0x83, 0x54, 0x97, 0xFF, 
0x45, 0x00, 0x00, 0x00, 0x08, 0xFF, 0x7E, 0x00, 0x04, 0x14, 0x75, 0xFE, 0x3D, 0x00, 0x40, 0xFF, 
0xFF, 0x81, 0x00, 0x00, 0x10, 0x41, 0x6E, 0xF6, 0x7A, 0x00, 0x00, 0x00, 0x00, 0x96, 0xEE, 0x00, 
0x00, 0x00, 0x00, 0x99, 0xF7, 0x00, 0x24, 0x4E, 0x7A, 0xF8, 0xB1, 0x74, 0xFF, 0xFF, 0xF5, 0xAE, 
0x16, 0xEF, 0xB6, 0x0C, 0x00, 0x00, 0x00, 0xF3, 0xB0, 0x15, 0x10, 0x0F, 0x01, 0x7B, 0xFF, 0xFF, 
0xFF, 0xFF, 0x82, 0x00, 0x20, 0x3F, 0x40, 0x43, 0x30, 0xFF, 0x84, 0x00, 0x00, 0xFF, 0x84, 0x00, 
0x00, 0xFF, 0x84, 0xFF, 0x84, 0x00, 0x00, 0xFF, 0x84, 0x00, 0x00, 0xFF, 0x84, 0xFF, 0x84, 0x00, 
0x00, 0xFF, 0x84, 0x00, 0x00, 0xFF, 0x84, 0xFF, 0x84, 0x00, 0x00, 0xFF, 0x84, 0x00, 0x00, 0xFF, 
0x84, 0xFD, 0x85, 0x00, 0x00, 0xFF, 0x84, 0x00, 0x01, 0xFF, 0x81, 0xED, 0x96, 0x00, 0x00, 0xFF, 
0x84, 0x00, 0x12, 0xFF, 0x6E, 0xBE, 0xD1, 0x00, 0x00, 0xFF, 0x84, 0x00, 0x4B, 0xFF, 0x3F, 0x5C, 
0xFF, 0x8A, 0x1C, 0xFF, 0x8D, 0x3D, 0xDB, 0xD9, 0x03, 0x00, 0x83, 0xF9, 0xFF, 0xFF, 0xFF, 0xFF, 
0xD7, 0x2A, 0x00, 0x00, 0x00, 0x0F, 0x39, 0xFF, 0xA2, 0x29, 0x01, 0x00, 0x00, 0x00, 0x00, 0x00, 
0x00, 0xFF, 0x84, 0x00, 0x00, 0x00, 0x00, 0x00, 0x00, 0x00, 0x00, 0xFF, 0x84, 0x00, 0x00, 0x00, 
0x00, 0x00, 0x00, 0x00, 0x00, 0xFF, 0x84, 0x00, 0x00, 0x00, 0x00, 0x00, 0x00, 0x00, 0x42, 0x80, 
0x00, 0x00, 0x00, 0x00, 0x00, 0x00, 0x00, 0x84, 0xFF, 0x00, 0x00, 0x00, 0x00, 0x00, 0x00, 0x00, 
0x84, 0xFF, 0x00, 0x00, 0x00, 0x00, 0x00, 0x00, 0x00, 0x84, 0xFF, 0x00, 0x00, 0x00, 0x00, 0x00, 
0x00, 0x00, 0x84, 0xFF, 0x00, 0x00, 0x00, 0x00, 0xFF, 0x84, 0x00, 0x84, 0xFF, 0x00, 0x66, 0xFE, 
0x0E, 0xFF, 0x84, 0x00, 0x84, 0xFF, 0x00, 0x39, 0xFF, 0x3F, 0xFF, 0x84, 0x00, 0x84, 0xFF, 0x00, 
0x1B, 0xFF, 0x63, 0xFF, 0x84, 0x00, 0x84, 0xFF, 0x00, 0x09, 0xFF, 0x7A, 0xFF, 0x84, 0x00, 0x84, 
0xFF, 0x00, 0x01, 0xFF, 0x82, 0xFD, 0x87, 0x00, 0x84, 0xFF, 0x00, 0x0A, 0xFF, 0x7B, 0xE7, 0x9F, 
0x00, 0x84, 0xFF, 0x00, 0x29, 0xFF, 0x5D, 0xB1, 0xE4, 0x06, 0x84, 0xFF, 0x00, 0x7B, 0xFE, 0x1E, 
0x41, 0xFE, 0xB3, 0xAD, 0xFF, 0x78, 0xF7, 0xA5, 0x00, 0x00, 0x58, 0xDB, 0xFF, 0xFF, 0xF1, 0x9D, 
0x0B, 0x00, 0x00, 0x00, 0x00, 0x84, 0xFF, 0x00, 0x00, 0x00, 0x00, 0x00, 0x00, 0x00, 0x84, 0xFF, 
0x00, 0x00, 0x00, 0x00, 0x00, 0x00, 0x00, 0x84, 0xFF, 0x00, 0x00, 0x00, 0x00, 0x00, 0x00, 0x00, 
0x84, 0xFF, 0x00, 0x00, 0x00, 0x00, 0x00, 0x0A, 0x8B, 0xE3, 0xFA, 0xE2, 0x82, 0x06, 0x00, 0x02, 
0xBC, 0xF8, 0x87, 0x54, 0x80, 0xF4, 0xA8, 0x00, 0x54, 0xFF, 0x58, 0x00, 0x00, 0x00, 0x4C, 0xFF, 
0x41, 0xAB, 0xDB, 0x01, 0x00, 0x00, 0x00, 0x00, 0xD4, 0x9E, 0xDC, 0xA0, 0x00, 0x00, 0x00, 0x00, 
0x00, 0x9D, 0xD5, 0xF7, 0x90, 0x10, 0x10, 0x10, 0x10, 0x10, 0x90, 0xF5, 0xFE, 0xFF, 0xFF, 0xFF, 
0xFF, 0xFF, 0xFF, 0xFF, 0xFE, 0xF3, 0xA5, 0x40, 0x40, 0x40, 0x40, 0x40, 0xA5, 0xF5, 0xD5, 0x9A, 
0x00, 0x00, 0x00, 0x00, 0x00, 0x9A, 0xD5, 0xA3, 0xD2, 0x00, 0x00, 0x00, 0x00, 0x00, 0xD4, 0x9A, 
0x45, 0xFF, 0x4B, 0x00, 0x00, 0x00, 0x4C, 0xFF, 0x3D, 0x00, 0xA9, 0xF6, 0x83, 0x55, 0x81, 0xF4, 
0xA2, 0x00, 0x00, 0x05, 0x81, 0xE3, 0xFE, 0xE0, 0x7E, 0x04, 0x00, 0x00, 0x53, 0xD9, 0xFC, 0xD6, 
0x4A, 0x00, 0x3B, 0xFD, 0xA2, 0x55, 0x9D, 0xFA, 0x2F, 0xAC, 0xD3, 0x01, 0x00, 0x00, 0xC8, 0xA0, 
0xE5, 0x99, 0x10, 0x10, 0x10, 0x93, 0xE1, 0xFD, 0xFF, 0xFF, 0xFF, 0xFF, 0xFF, 0xFB, 0xFB, 0xA5, 
0x40, 0x40, 0x40, 0xA5, 0xFB, 0xE1, 0x9F, 0x00, 0x00, 0x00, 0x9E, 0xE1, 0xA1, 0xE4, 0x06, 0x00, 
0x05, 0xE1, 0xA4, 0x2E, 0xFA, 0xAE, 0x57, 0xAD, 0xFB, 0x33, 0x00, 0x48, 0xD6, 0xFB, 0xD6, 0x4D, 
0x00, 0x53, 0xFF, 0x47, 0x00, 0x00, 0x00, 0x00, 0x42, 0xE8, 0xFB, 0x12, 0xFE, 0x87, 0x00, 0x00, 
0x00, 0x00, 0xD4, 0xDA, 0x5D, 0x00, 0xCD, 0xC7, 0x00, 0x00, 0x00, 0x28, 0xFF, 0x63, 0x00, 0x00, 
0x8B, 0xFB, 0x0C, 0x00, 0x00, 0x6A, 0xFF, 0x18, 0x00, 0x00, 0x47, 0xFF, 0x47, 0x00, 0x00, 0xA7, 
0xD7, 0x00, 0x00, 0x00, 0x0A, 0xFA, 0x87, 0x00, 0x00, 0xE4, 0x97, 0x00, 0x00, 0x00, 0x00, 0xC2, 
0xC7, 0x00, 0x23, 0xFF, 0x57, 0x00, 0x00, 0x00, 0x00, 0x80, 0xFB, 0x0C, 0x60, 0xFF, 0x18, 0x00, 
0x00, 0x00, 0x00, 0x3C, 0xFF, 0x47, 0xA0, 0xD7, 0x00, 0x00, 0x00, 0x00, 0x00, 0x06, 0xF4, 0x84, 
0xD7, 0x97, 0x00, 0x00, 0x00, 0x00, 0x00, 0x00, 0xB7, 0xBF, 0xFE, 0x57, 0x00, 0x00, 0x00, 0x00, 
0x00, 0x00, 0x74, 0xFC, 0xFF, 0x18, 0x00, 0x00, 0x00, 0x00, 0x00, 0x00, 0x31, 0xFF, 0xD8, 0x00, 
0x00, 0x00, 0x00, 0xD2, 0xBB, 0x00, 0x00, 0x00, 0x38, 0xE7, 0xC9, 0x8D, 0xF4, 0x05, 0x00, 0x00, 
0xBC, 0xD7, 0x49, 0x47, 0xFF, 0x36, 0x00, 0x0D, 0xFC, 0x6A, 0x00, 0x0A, 0xF9, 0x74, 0x00, 0x49, 
0xFF, 0x24, 0x00, 0x00, 0xBE, 0xB2, 0x00, 0x89, 0xE4, 0x00, 0x00, 0x00, 0x7A, 0xEE, 0x02, 0xC7, 
0xA0, 0x00, 0x00, 0x00, 0x35, 0xFF, 0x38, 0xFB, 0x60, 0x00, 0x00, 0x00, 0x02, 0xEE, 0x9F, 0xFF, 
0x1C, 0x00, 0x00, 0x00, 0x00, 0xAB, 0xF1, 0xDC, 0x00, 0x00, 0x00, 0x00, 0x00, 0x66, 0xFF, 0x99, 
0x00, 0x00, 0x00, 0x00, 0x2F, 0xFC, 0x6E, 0x77, 0xFC, 0x1F, 0x00, 0x00, 0x00, 0x00, 0x00, 0x74, 
0xE3, 0x0D, 0xC1, 0x9B, 0x00, 0x00, 0x00, 0x00, 0x00, 0x00, 0x95, 0x66, 0x11, 0xC5, 0x1F, 0x00, 
0x00, 0x00, 0x00, 0x00, 0x00, 0x00, 0x00, 0x00, 0x00, 0x00, 0x00, 0x53, 0xFF, 0x47, 0x00, 0x00, 
0x00, 0x00, 0x42, 0xE8, 0xFB, 0x12, 0xFE, 0x87, 0x00, 0x00, 0x00, 0x00, 0xD4, 0xDA, 0x5D, 0x00, 
0xCD, 0xC7, 0x00, 0x00, 0x00, 0x28, 0xFF, 0x63, 0x00, 0x00, 0x8B, 0xFB, 0x0C, 0x00, 0x00, 0x6A, 
0xFF, 0x18, 0x00, 0x00, 0x47, 0xFF, 0x47, 0x00, 0x00, 0xA7, 0xD7, 0x00, 0x00, 0x00, 0x0A, 0xFA, 
0x87, 0x00, 0x00, 0xE4, 0x97, 0x00, 0x00, 0x00, 0x00, 0xC2, 0xC7, 0x00, 0x23, 0xFF, 0x57, 0x00, 
0x00, 0x00, 0x00, 0x80, 0xFB, 0x0C, 0x60, 0xFF, 0x18, 0x00, 0x00, 0x00, 0x00, 0x3C, 0xFF, 0x47, 
0xA0, 0xD7, 0x00, 0x00, 0x00, 0x00, 0x00, 0x06, 0xF4, 0x84, 0xD7, 0x97, 0x00, 0x00, 0x00, 0x00, 
0x00, 0x00, 0xB7, 0xBF, 0xFE, 0x57, 0x00, 0x00, 0x00, 0x00, 0x00, 0x00, 0x74, 0xFC, 0xFF, 0x18, 
0x00, 0x00, 0x00, 0x00, 0x00, 0x00, 0x31, 0xFF, 0xD8, 0x00, 0x00, 0x00, 0x00, 0x6F, 0xFF, 0x2B, 
0xBB, 0xD5, 0x02, 0x00, 0x00, 0x02, 0xB7, 0xA7, 0x1E, 0xEA, 0x58, 0x00, 0x00, 0x00, 0x10, 0xC5, 
0x29, 0x36, 0xC1, 0x01, 0x00, 0x00, 0x00, 0x00, 0x00, 0x00, 0x00, 0x00, 0x00, 0xD2, 0xBB, 0x00, 
0x00, 0x00, 0x38, 0xE7, 0xC9, 0x8D, 0xF4, 0x05, 0x00, 0x00, 0xBC, 0xD7, 0x49, 0x47, 0xFF, 0x36, 
0x00, 0x0D, 0xFC, 0x6A, 0x00, 0x0A, 0xF9, 0x74, 0x00, 0x49, 0xFF, 0x24, 0x00, 0x00, 0xBE, 0xB2, 
0x00, 0x89, 0xE4, 0x00, 0x00, 0x00, 0x7A, 0xEE, 0x02, 0xC7, 0xA0, 0x00, 0x00, 0x00, 0x35, 0xFF, 
0x38, 0xFB, 0x60, 0x00, 0x00, 0x00, 0x02, 0xEE, 0x9F, 0xFF, 0x1C, 0x00, 0x00, 0x00, 0x00, 0xAB, 
0xF1, 0xDC, 0x00, 0x00, 0x00, 0x00, 0x00, 0x66, 0xFF, 0x99, 0x00, 0x00, 0x00, 0x00, 0x11, 0x9C, 
0xEC, 0xF9, 0xCD, 0x49, 0x00, 0x00, 0x00, 0x00, 0x00, 0x00, 0x00, 0x00, 0x00, 0x00, 0x04, 0xCB, 
0xF3, 0x79, 0x57, 0xAD, 0xFC, 0x43, 0x00, 0x00, 0x00, 0x00, 0x00, 0x00, 0x00, 0x00, 0x00, 0x5C, 
0xFF, 0x4D, 0x00, 0x00, 0x01, 0xBE, 0xD1, 0x00, 0x00, 0x00, 0x00, 0x00, 0x00, 0x00, 0x00, 0x00, 
0xAE, 0xDF, 0x00, 0x00, 0x00, 0x00, 0x56, 0xFF, 0x29, 0x8C, 0xF8, 0x09, 0x00, 0x00, 0x4C, 0xFF, 
0x40, 0xDF, 0xA8, 0x00, 0x00, 0x00, 0x00, 0x21, 0xFF, 0x5D, 0x41, 0xFF, 0x44, 0x00, 0x00, 0x8C, 
0xF3, 0x06, 0xF7, 0x8D, 0x00, 0x00, 0x00, 0x00, 0x09, 0xFF, 0x79, 0x06, 0xF2, 0x86, 0x00, 0x00, 
0xCC, 0xB0, 0x00, 0xFE, 0x86, 0x00, 0x00, 0x00, 0x00, 0x01, 0xFF, 0x82, 0x00, 0xAD, 0xCB, 0x00, 
0x0F, 0xFD, 0x68, 0x00, 0xF4, 0x8E, 0x00, 0x00, 0x00, 0x00, 0x0A, 0xFF, 0x78, 0x00, 0x63, 0xFD, 
0x0F, 0x4C, 0xFF, 0x20, 0x00, 0xD8, 0xA9, 0x00, 0x00, 0x00, 0x00, 0x25, 0xFF, 0x5B, 0x00, 0x1A, 
0xFF, 0x50, 0x8C, 0xD8, 0x00, 0x00, 0xA6, 0xE2, 0x01, 0x00, 0x00, 0x00, 0x5C, 0xFF, 0x2B, 0x00, 
0x00, 0xD0, 0x90, 0xCA, 0x90, 0x00, 0x00, 0x51, 0xFF, 0x52, 0x00, 0x00, 0x02, 0xC4, 0xD1, 0x00, 
0x00, 0x00, 0x86, 0xC7, 0xF9, 0x47, 0x00, 0x00, 0x02, 0xBB, 0xF3, 0x78, 0x59, 0xB2, 0xFC, 0x40, 
0x00, 0x00, 0x00, 0x3C, 0xFF, 0xF7, 0x09, 0x00, 0x00, 0x00, 0x0C, 0x94, 0xEC, 0xFC, 0xCB, 0x45, 
0x00, 0x00, 0x00, 0x00, 0x03, 0xF2, 0xB6, 0x00, 0x00, 0x00, 0x00, 0x00, 0x00, 0x00, 0x00, 0x00, 
0x00, 0x00, 0x00, 0x00, 0x00, 0x13, 0xFD, 0x6E, 0x00, 0x00, 0x00, 0x00, 0x00, 0x00, 0x00, 0x00, 
0x00, 0x00, 0x00, 0x00, 0x00, 0x00, 0x5F, 0xFF, 0x24, 0x00, 0x00, 0x00, 0x00, 0x00, 0x00, 0x00, 
0x00, 0x00, 0x00, 0x00, 0x00, 0x2F, 0x5E, 0xE4, 0xB9, 0x00, 0x00, 0x00, 0x00, 0x00, 0x00, 0x00, 
0x00, 0x00, 0x00, 0x00, 0x00, 0x00, 0x75, 0xFB, 0xC5, 0x1C, 0x00, 0x00, 0x00, 0x00, 0x00, 0x56, 
0xD8, 0xFA, 0xD6, 0x4C, 0x00, 0x10, 0xFC, 0x80, 0x00, 0x00, 0x00, 0xCC, 0xC0, 0x3B, 0xFE, 0xAB, 
0x58, 0xAD, 0xFB, 0x31, 0x00, 0xC1, 0xC4, 0x00, 0x00, 0x12, 0xFD, 0x79, 0xAB, 0xE3, 0x04, 0x00, 
0x06, 0xE4, 0xA4, 0x00, 0x77, 0xFA, 0x0A, 0x00, 0x50, 0xFF, 0x30, 0xE4, 0xA2, 0x00, 0x00, 0x00, 
0xA2, 0xE2, 0x00, 0x2D, 0xFF, 0x47, 0x00, 0x90, 0xE7, 0x01, 0xFC, 0x88, 0x00, 0x00, 0x00, 0x88, 
0xFC, 0x00, 0x00, 0xE2, 0x89, 0x00, 0xD3, 0xA2, 0x00, 0xFA, 0x88, 0x00, 0x00, 0x00, 0x88, 0xFA, 
0x00, 0x00, 0x99, 0xCC, 0x15, 0xFF, 0x59, 0x00, 0xDF, 0xA1, 0x00, 0x00, 0x00, 0xA2, 0xDE, 0x00, 
0x00, 0x50, 0xFE, 0x61, 0xFE, 0x14, 0x00, 0xA4, 0xE3, 0x05, 0x00, 0x06, 0xE4, 0xA0, 0x00, 0x00, 
0x0C, 0xF9, 0xCB, 0xCB, 0x00, 0x00, 0x31, 0xFB, 0xAC, 0x58, 0xAD, 0xFA, 0x2D, 0x00, 0x00, 0x00, 
0xBB, 0xFF, 0x82, 0x00, 0x00, 0x00, 0x4D, 0xD7, 0xFC, 0xD6, 0x4B, 0x00, 0x00, 0x00, 0x00, 0x74, 
0xFF, 0x3A, 0x00, 0x00, 0x00, 0x00, 0x00, 0x00, 0x00, 0x00, 0x00, 0x00, 0x00, 0x00, 0x8F, 0xEF, 
0x03, 0x00, 0x00, 0x00, 0x00, 0x00, 0x00, 0x00, 0x00, 0x00, 0x00, 0x00, 0x03, 0xDF, 0xA3, 0x00, 
0x00, 0x00, 0x00, 0x00, 0x00, 0x00, 0x00, 0x00, 0x00, 0x00, 0x59, 0x9A, 0xFF, 0x38, 0x00, 0x00, 
0x00, 0x00, 0x00, 0x00, 0x00, 0x00, 0x00, 0x00, 0x00, 0xF2, 0xEF, 0x70, 0x00, 0x00, 0x00, 0x00, 
0x00, 0x00, 0x00, 0x1E, 0xEA, 0x8B, 0x01, 0x00, 0x00, 0x00, 0x00, 0x11, 0xA8, 0xFD, 0xFF, 0xFF, 
0xE0, 0x4D, 0x00, 0x00, 0x02, 0xC3, 0xF5, 0x70, 0xE9, 0x9B, 0xAD, 0xFC, 0x42, 0x00, 0x53, 0xFF, 
0x58, 0x00, 0x00, 0x00, 0x03, 0xCD, 0xCD, 0x00, 0xAB, 0xE5, 0x02, 0x00, 0x00, 0x00, 0x00, 0x62, 
0xFF, 0x28, 0xDC, 0xAB, 0x00, 0x00, 0x00, 0x00, 0x00, 0x27, 0xFF, 0x5D, 0xF6, 0x8E, 0x00, 0x00, 
0x00, 0x00, 0x00, 0x0B, 0xFF, 0x79, 0xFE, 0x85, 0x00, 0x00, 0x00, 0x00, 0x00, 0x02, 0xFF, 0x82, 
0xF3, 0x8E, 0x00, 0x00, 0x00, 0x00, 0x00, 0x0A, 0xFF, 0x77, 0xD6, 0xA9, 0x00, 0x00, 0x00, 0x00, 
0x00, 0x27, 0xFF, 0x59, 0xA3, 0xE0, 0x01, 0x00, 0x00, 0x00, 0x00, 0x5F, 0xFF, 0x24, 0x4C, 0xFF, 
0x4D, 0x00, 0x00, 0x00, 0x03, 0xC9, 0xCA, 0x00, 0x01, 0xB7, 0xEE, 0x61, 0xE7, 0x99, 0xAA, 0xFB, 
0x3B, 0x00, 0x00, 0x0B, 0x9B, 0xF9, 0xFF, 0xFF, 0xD7, 0x44, 0x00, 0x00, 0x00, 0x00, 0x00, 0x18, 
0xE7, 0x84, 0x00, 0x00, 0x00, 0x00, 0x00, 0x00, 0x09, 0xBB, 0xBC, 0x06, 0x00, 0x00, 0x00, 0x62, 
0xF1, 0xFF, 0xFF, 0xE9, 0x4F, 0x00, 0x39, 0xFE, 0x9F, 0xC3, 0xC0, 0x9C, 0xFA, 0x2E, 0xA9, 0xE3, 
0x04, 0x00, 0x00, 0x03, 0xE0, 0xA1, 0xE2, 0xA1, 0x00, 0x00, 0x00, 0x00, 0xA0, 0xE1, 0xFB, 0x88, 
0x00, 0x00, 0x00, 0x00, 0x88, 0xFB, 0xFB, 0x89, 0x00, 0x00, 0x00, 0x00, 0x89, 0xFB, 0xDE, 0xA4, 
0x00, 0x00, 0x00, 0x00, 0xA3, 0xE0, 0x9E, 0xE8, 0x06, 0x00, 0x00, 0x06, 0xE6, 0x9F, 0x2E, 0xFA, 
0xA6, 0xC0, 0xC1, 0xA3, 0xFA, 0x2E, 0x00, 0x4F, 0xE9, 0xFF, 0xFF, 0xE7, 0x4F, 0x00, 0x00, 0x00, 
0x04, 0xB9, 0xB9, 0x04, 0x00, 0x00, 0x00, 0x00, 0x00, 0x00, 0x00, 0x0B, 0x01, 0x00, 0x00, 0x00, 
0x00, 0x00, 0x00, 0x00, 0x00, 0x00, 0x01, 0xB4, 0xFF, 0xE7, 0x87, 0x2F, 0x0A, 0x00, 0x00, 0x00, 
0x00, 0x00, 0x00, 0x2C, 0xFC, 0x55, 0x72, 0xD5, 0xFF, 0x8C, 0x00, 0x00, 0x00, 0x00, 0x00, 0x00, 
0x0E, 0x3A, 0x30, 0xBC, 0x2D, 0x24, 0x22, 0x00, 0x00, 0x00, 0x00, 0x00, 0x00, 0x00, 0x00, 0x23, 
0xD7, 0x78, 0x00, 0x00, 0x00, 0x00, 0x00, 0x00, 0x00, 0x00, 0x00, 0x00, 0x20, 0xBF, 0x35, 0x00, 
0x00, 0x00, 0x00, 0x00, 0x00, 0x00, 0x00, 0x00, 0x00, 0x3A, 0x29, 0x00, 0x00, 0x00, 0x00, 0x00, 
0x00, 0x00, 0x20, 0xBB, 0xFA, 0xE2, 0x57, 0x0B, 0xB5, 0xF8, 0xE9, 0x6E, 0x00, 0x00, 0x07, 0xD9, 
0xDF, 0x5F, 0x7E, 0x40, 0x00, 0x8E, 0x5C, 0x92, 0xFF, 0x5E, 0x00, 0x65, 0xFF, 0x38, 0x00, 0x00, 
0x00, 0x00, 0x00, 0x00, 0x00, 0xB4, 0xE0, 0x02, 0xB3, 0xDA, 0x00, 0x00, 0x00, 0x00, 0x00, 0x00, 
0x00, 0x00, 0x58, 0xFF, 0x33, 0xDF, 0xA6, 0x00, 0x00, 0x00, 0x00, 0x00, 0x00, 0x00, 0x00, 0x25, 
0xFF, 0x60, 0xF7, 0x8D, 0x00, 0x00, 0x00, 0x00, 0x00, 0x00, 0x00, 0x00, 0x0A, 0xFF, 0x7A, 0xFE, 
0x86, 0x00, 0x00, 0x00, 0x00, 0x00, 0x00, 0x00, 0x00, 0x02, 0xFF, 0x82, 0xF5, 0x8F, 0x00, 0x00, 
0x00, 0x78, 0xE8, 0x00, 0x00, 0x00, 0x0B, 0xFF, 0x79, 0xD9, 0xAD, 0x00, 0x00, 0x00, 0x84, 0xFF, 
0x00, 0x00, 0x00, 0x2A, 0xFF, 0x59, 0xA5, 0xE7, 0x02, 0x00, 0x00, 0x84, 0xFF, 0x00, 0x00, 0x00, 
0x65, 0xFF, 0x23, 0x52, 0xFF, 0x56, 0x00, 0x00, 0x84, 0xFF, 0x00, 0x00, 0x04, 0xCF, 0xCE, 0x00, 
0x02, 0xC6, 0xF1, 0x6F, 0x6B, 0xE3, 0xFF, 0x99, 0x57, 0xB1, 0xFE, 0x47, 0x00, 0x00, 0x14, 0xAC, 
0xF6, 0xEB, 0x94, 0x50, 0xD2, 0xFB, 0xDB, 0x55, 0x00, 0x00, 0x00, 0x00, 0x00, 0x00, 0x0A, 0x01, 
0x00, 0x00, 0x00, 0x00, 0x00, 0x00, 0x00, 0x02, 0xB7, 0xFF, 0xE6, 0x88, 0x32, 0x0A, 0x00, 0x00, 
0x00, 0x00, 0x30, 0xF6, 0x52, 0x75, 0xD4, 0xFF, 0x88, 0x00, 0x00, 0x00, 0x00, 0x0F, 0x36, 0x37, 
0xC0, 0x32, 0x24, 0x21, 0x00, 0x00, 0x00, 0x00, 0x00, 0x00, 0x19, 0xC5, 0x76, 0x00, 0x00, 0x00, 
0x00, 0x00, 0x00, 0x00, 0x00, 0x4A, 0xB2, 0x19, 0x00, 0x00, 0x00, 0x00, 0x00, 0x00, 0x00, 0x00, 
0x0D, 0x00, 0x00, 0x00, 0x00, 0x00, 0x00, 0x00, 0x7A, 0xEE, 0xF2, 0x62, 0x0C, 0xD4, 0xFC, 0xC5, 
0x25, 0x00, 0x4F, 0xFF, 0x93, 0x60, 0x2C, 0x00, 0x69, 0x5E, 0xE1, 0xD3, 0x02, 0xB3, 0xD6, 0x01, 
0x00, 0x00, 0x00, 0x00, 0x00, 0x57, 0xFF, 0x3A, 0xE7, 0x9D, 0x00, 0x00, 0x00, 0x00, 0x00, 0x00, 
0x19, 0xFF, 0x6B, 0xFC, 0x88, 0x00, 0x00, 0x29, 0x50, 0x00, 0x00, 0x04, 0xFF, 0x80, 0xFA, 0x89, 
0x00, 0x00, 0x84, 0xFF, 0x00, 0x00, 0x04, 0xFF, 0x80, 0xE2, 0xA3, 0x00, 0x00, 0x84, 0xFF, 0x00, 
0x00, 0x1E, 0xFF, 0x6A, 0xAC, 0xE5, 0x05, 0x00, 0x84, 0xFF, 0x00, 0x00, 0x62, 0xFF, 0x38, 0x47, 
0xFF, 0xA1, 0x5F, 0xDD, 0xFF, 0x95, 0x61, 0xE7, 0xCE, 0x01, 0x00, 0x76, 0xEE, 0xF3, 0x94, 0x47, 
0xD5, 0xFC, 0xC3, 0x24, 0x00, 0x00, 0x00, 0x00, 0x10, 0x10, 0x10, 0x10, 0x10, 0x10, 0x00, 0x00, 
0x00, 0x00, 0x00, 0x00, 0x00, 0xF8, 0xFF, 0xFF, 0xFF, 0xFF, 0xF8, 0x00, 0x00, 0x00, 0x00, 0x00, 
0x00, 0x00, 0xA6, 0x53, 0x7E, 0x88, 0x4E, 0xA7, 0x00, 0x00, 0x00, 0x00, 0x00, 0x00, 0x00, 0x0D, 
0x00, 0x05, 0x07, 0x00, 0x0C, 0x00, 0x00, 0x00, 0x00, 0xFC, 0x86, 0x00, 0x00, 0x00, 0xFF, 0x88, 
0x00, 0x00, 0x00, 0x02, 0xFF, 0x81, 0xF3, 0x8F, 0x00, 0x00, 0x00, 0xFF, 0x92, 0x00, 0x00, 0x00, 
0x0E, 0xFF, 0x76, 0xDE, 0xA2, 0x00, 0x00, 0x00, 0xF5, 0xA6, 0x00, 0x00, 0x00, 0x22, 0xFF, 0x62, 
0xC2, 0xBC, 0x00, 0x00, 0x00, 0xDC, 0xC4, 0x00, 0x00, 0x00, 0x41, 0xFF, 0x42, 0x9D, 0xE2, 0x00, 
0x00, 0x00, 0xD3, 0xE7, 0x00, 0x00, 0x00, 0x6B, 0xFF, 0x1A, 0x72, 0xFF, 0x0C, 0x00, 0x18, 0xFF, 
0xFF, 0x13, 0x00, 0x00, 0x9B, 0xE7, 0x00, 0x40, 0xFF, 0x3D, 0x00, 0x60, 0xFC, 0xFF, 0x47, 0x00, 
0x00, 0xD9, 0xAC, 0x00, 0x0A, 0xFB, 0x72, 0x00, 0xA8, 0xB0, 0xEB, 0x80, 0x00, 0x1C, 0xFF, 0x68, 
0x00, 0x00, 0xC6, 0xAF, 0x03, 0xED, 0x65, 0xA6, 0xC3, 0x00, 0x6C, 0xFE, 0x1B, 0x00, 0x00, 0x7E, 
0xEE, 0x3B, 0xFF, 0x1D, 0x56, 0xFD, 0x13, 0xC6, 0xC1, 0x00, 0x00, 0x00, 0x2F, 0xFF, 0xB4, 0xD3, 
0x00, 0x0C, 0xF4, 0x96, 0xFF, 0x5F, 0x00, 0x00, 0x00, 0x00, 0xD7, 0xFF, 0x8A, 0x00, 0x00, 0xA3, 
0xFF, 0xE8, 0x08, 0x00, 0x00, 0x00, 0x00, 0x78, 0xFF, 0x40, 0x00, 0x00, 0x39, 0xFF, 0x74, 0x00, 
0x00, 0x00, 0x00, 0x00, 0xF8, 0xFF, 0xFF, 0xFF, 0xFF, 0xF9, 0x00, 0x00, 0x00, 0x00, 0x00, 0xA6, 
0x6F, 0x66, 0xBD, 0x51, 0xA8, 0x00, 0x00, 0x00, 0x00, 0x00, 0x13, 0x00, 0x00, 0x12, 0x00, 0x0E, 
0x00, 0x00, 0x00, 0xFC, 0x88, 0x00, 0x00, 0x81, 0xFF, 0x04, 0x00, 0x00, 0x88, 0xFC, 0xF0, 0x93, 
0x00, 0x00, 0x74, 0xFF, 0x10, 0x00, 0x00, 0x97, 0xEC, 0xD7, 0xAA, 0x00, 0x00, 0x58, 0xFF, 0x29, 
0x00, 0x00, 0xB5, 0xCB, 0xB3, 0xCA, 0x00, 0x00, 0x38, 0xFF, 0x4B, 0x00, 0x00, 0xE4, 0x9B, 0x86, 
0xF2, 0x01, 0x00, 0x81, 0xFF, 0x73, 0x00, 0x1D, 0xFF, 0x5B, 0x50, 0xFF, 0x25, 0x05, 0xE7, 0xE6, 
0xA6, 0x00, 0x63, 0xFC, 0x13, 0x14, 0xFE, 0x5D, 0x56, 0xED, 0x64, 0xDE, 0x00, 0xB6, 0xB4, 0x00, 
0x00, 0xC9, 0x9E, 0xBB, 0x8E, 0x15, 0xFC, 0x3F, 0xFD, 0x4C, 0x00, 0x00, 0x75, 0xF0, 0xFD, 0x27, 
0x00, 0xBD, 0xE7, 0xD2, 0x01, 0x00, 0x00, 0x1B, 0xFD, 0xC0, 0x00, 0x00, 0x5F, 0xFF, 0x4A, 0x00, 
0x00, 0x00, 0x00, 0x5C, 0xCF, 0xFB, 0xF3, 0xC1, 0x39, 0x00, 0x7C, 0xFF, 0xA5, 0x58, 0x65, 0xB3, 
0x29, 0x28, 0xFC, 0x91, 0x00, 0x00, 0x00, 0x00, 0x00, 0x8E, 0xF9, 0x13, 0x00, 0x00, 0x00, 0x00, 
0x00, 0xD0, 0xBE, 0x00, 0x00, 0x00, 0x00, 0x00, 0x00, 0xF4, 0x94, 0x00, 0x00, 0x00, 0x00, 0x00, 
0x00, 0xFE, 0x86, 0x00, 0x00, 0x00, 0x00, 0x00, 0x00, 0xF4, 0x90, 0x00, 0x00, 0x00, 0x00, 0x00, 
0x00, 0xD7, 0xB5, 0x00, 0x00, 0x00, 0x00, 0x00, 0x00, 0xA0, 0xF3, 0x0B, 0x00, 0x00, 0x00, 0x00, 
0x00, 0x3D, 0xFF, 0x8C, 0x00, 0x00, 0x00, 0x00, 0x00, 0x00, 0x95, 0xFF, 0xA8, 0x5A, 0x5F, 0x4A, 
0x00, 0x00, 0x01, 0x63, 0xCF, 0xF9, 0xFF, 0x84, 0x00, 0x00, 0x00, 0x00, 0x00, 0x00, 0xFF, 0x84, 
0x00, 0x00, 0x00, 0x00, 0x00, 0x00, 0xFF, 0x84, 0x00, 0x00, 0x00, 0x00, 0x00, 0x00, 0xFF, 0x84, 
0x00, 0x00, 0x00, 0x00, 0x00, 0x00, 0xFF, 0x84, 0x00, 0x00, 0x4C, 0xD6, 0xFC, 0xE0, 0x43, 0x32, 
0xFB, 0xB2, 0x56, 0x7D, 0x1E, 0xA4, 0xE4, 0x06, 0x00, 0x00, 0x00, 0xE1, 0xA2, 0x00, 0x00, 0x00, 
0x00, 0xFB, 0x88, 0x00, 0x00, 0x00, 0x00, 0xFD, 0x88, 0x00, 0x00, 0x00, 0x00, 0xEA, 0x9F, 0x00, 
0x00, 0x00, 0x00, 0xBB, 0xE2, 0x05, 0x00, 0x00, 0x00, 0x53, 0xFF, 0xB2, 0x56, 0x75, 0x00, 0x00, 
0x6C, 0xE1, 0xFF, 0xFF, 0x00, 0x00, 0x00, 0x00, 0x84, 0xFF, 0x00, 0x00, 0x00, 0x00, 0x84, 0xFF, 
0x00, 0x00, 0x00, 0x00, 0x84, 0xFF, 0x00, 0x00, 0x00, 0x00, 0x84, 0xFF, 0x00, 0x00, 0x00, 0x00, 
0x00, 0x00, 0x01, 0x55, 0x07, 0x00, 0x00, 0x00, 0x00, 0x00, 0x00, 0x42, 0xFB, 0x19, 0x00, 0x00, 
0x00, 0x37, 0x91, 0x1E, 0xAA, 0xAB, 0x00, 0x00, 0x00, 0x00, 0x34, 0xC5, 0xFB, 0xFC, 0x5F, 0x00, 
0x00, 0x00, 0x00, 0x00, 0x00, 0x99, 0xF3, 0xFC, 0xB2, 0x19, 0x00, 0x00, 0x00, 0x02, 0xDF, 0x70, 
0x28, 0x95, 0x08, 0x01, 0x22, 0x00, 0x44, 0xF8, 0x13, 0x00, 0x00, 0x00, 0x32, 0xFD, 0xA8, 0xBC, 
0xA7, 0x00, 0x00, 0x00, 0x00, 0x00, 0x33, 0xB7, 0xFF, 0xCB, 0x45, 0x00, 0x00, 0x00, 0x00, 0x00, 
0x85, 0xD7, 0x95, 0xF5, 0x54, 0x00, 0x00, 0x00, 0x04, 0xE6, 0x6D, 0x00, 0x14, 0x09, 0x00, 0x00, 
0x00, 0x25, 0xD9, 0x10, 0x00, 0x00, 0x00, 0x00, 0x00, 0x1A, 0x30, 0x30, 0x67, 0xCF, 0xF0, 0xFF, 
0xFF, 0xFF, 0xEB, 0xBB, 0x55, 0x20, 0x20, 0x0F, 0x00, 0x00, 0x00, 0x02, 0x08, 0x00, 0x08, 0x2F, 
0x8C, 0xED, 0xFE, 0x8B, 0x70, 0xFF, 0xD5, 0x68, 0x6E, 0xF6, 0x1B, 0x27, 0x00, 0x00, 0x04, 0x40, 
0xC0, 0xAD, 0xF7, 0x3B, 0x7B, 0x9A, 0x00, 0x1C, 0xAB, 0xC2, 0x39, 0xF7, 0x9B, 0x7B, 0x1C, 0x00, 
0x00, 0x09, 0x01, 0x00, 0x00, 0x00, 0x84, 0xFF, 0xE2, 0x75, 0x1F, 0x02, 0xF1, 0x60, 0x7D, 0xEE, 
0xFF, 0x20, 0x40, 0x00, 0x00, 0x07, 0x36, 0x08, 0x00, 0x00, 0x00, 0x00, 0x00, 0x00, 0x00, 0x00, 
0x00, 0x05, 0x05, 0x00, 0x00, 0x00, 0x00, 0x00, 0x00, 0x00, 0x00, 0x00, 0x00, 0x00, 0x00, 0x00, 
0x00, 0x00, 0x00, 0x00, 0x6F, 0xF9, 0xF6, 0x60, 0x00, 0x00, 0x00, 0x00, 0x00, 0x00, 0x00, 0x00, 
0x00, 0x00, 0x00, 0x00, 0x00, 0x00, 0x00, 0x00, 0xDC, 0x50, 0x57, 0xDD, 0x01, 0x00, 0x00, 0x00, 
0x00, 0x00, 0x00, 0x00, 0x00, 0x00, 0x00, 0x05, 0x05, 0x00, 0x00, 0x00, 0x15, 0x00, 0x00, 0x16, 
0x01, 0x00, 0x00, 0x05, 0x05, 0x00, 0x00, 0x00, 0x00, 0x00, 0x6A, 0xF9, 0xF6, 0x62, 0x00, 0x00, 
0x00, 0x00, 0x00, 0x00, 0x00, 0x00, 0x69, 0xF9, 0xF7, 0x63, 0x00, 0x00, 0x00, 0x00, 0xDB, 0x53, 
0x5A, 0xDC, 0x00, 0x00, 0x00, 0x00, 0x00, 0x00, 0x00, 0x00, 0xE6, 0x5C, 0x50, 0xCF, 0x00, 0x00, 
0x00, 0x00, 0x1B, 0x00, 0x00, 0x1C, 0x00, 0x00, 0x00, 0x00, 0x00, 0x00, 0x00, 0x00, 0x20, 0x00, 
0x00, 0x18, 0x00, 0x00, 0x00, 0x00, 0x00, 0x00, 0x00, 0x00, 0x00, 0x00, 0x00, 0x00, 0x00, 0x00, 
0x00, 0x00, 0x00, 0x00, 0x00, 0x00, 0x00, 0x00, 0x00, 0x00, 0x0A, 0x00, 0x00, 0x00, 0x00, 0x00, 
0x00, 0x00, 0x00, 0x00, 0x00, 0x00, 0x00, 0x00, 0x00, 0x05, 0x05, 0x00, 0x13, 0xD3, 0xFF, 0xC1, 
0x0A, 0x00, 0x00, 0x00, 0x00, 0x00, 0x00, 0x00, 0x00, 0x00, 0x00, 0x00, 0x6A, 0xF9, 0xF6, 0x62, 
0x6D, 0x99, 0x45, 0xB4, 0x5A, 0x00, 0x00, 0x00, 0x00, 0x00, 0x00, 0x00, 0x00, 0x00, 0x00, 0x00, 
0xCC, 0x4C, 0x65, 0xE7, 0x10, 0x07, 0x00, 0x0B, 0x0E, 0x00, 0x00, 0x00, 0x00, 0x00, 0x00, 0x00, 
0x00, 0x00, 0x00, 0x00, 0x15, 0x00, 0x00, 0x1D, 0x00, 0x00, 0x00, 0x00, 0x00, 0x00, 0x00, 0x00, 
0x00, 0x00, 0x00, 0x00, 0x00, 0x00, 0x00, 0x00, 0x00, 0x00, 0x00, 0x00, 0x00, 0x00, 0x00, 0x05, 
0x05, 0x00, 0x00, 0x00, 0x00, 0x00, 0x00, 0x00, 0x00, 0x00, 0x00, 0x05, 0x05, 0x00, 0x00, 0x00, 
0x00, 0x00, 0x69, 0xF9, 0xF7, 0x67, 0x00, 0x00, 0x00, 0x00, 0x00, 0x00, 0x00, 0x00, 0x69, 0xF9, 
0xF7, 0x64, 0x00, 0x00, 0x00, 0x00, 0xDB, 0x53, 0x5A, 0xE1, 0x04, 0x00, 0x00, 0x00, 0x00, 0x00, 
0x00, 0x00, 0xE6, 0x5D, 0x50, 0xCF, 0x00, 0x00, 0x00, 0x00, 0x1C, 0x00, 0x00, 0x1B, 0x02, 0x00, 
0x00, 0x06, 0x04, 0x00, 0x00, 0x00, 0x20, 0x00, 0x00, 0x18, 0x00, 0x00, 0x00, 0x00, 0x00, 0x00, 
0x00, 0x00, 0x00, 0x00, 0x68, 0xF9, 0xF6, 0x5E, 0x00, 0x00, 0x00, 0x00, 0x00, 0x00, 0x00, 0x00, 
0x00, 0x00, 0x00, 0x00, 0x00, 0x00, 0x00, 0x00, 0xDA, 0x53, 0x5D, 0xDB, 0x00, 0x00, 0x00, 0x00, 
0x00, 0x00, 0x00, 0x00, 0x00, 0x00, 0x00, 0x00, 0x00, 0x00, 0x00, 0x00, 0x31, 0x00, 0x00, 0x32, 
0x00, 0x00, 0x00, 0x00, 0x00, 0x00, 0x00, 0x00, 0x00, 0x00, 0x00, 0x00, 0x00, 0x00, 0x00, 0x00, 
0x00, 0x18, 0xFA, 0x0E, 0x00, 0x00, 0x00, 0x00, 0x00, 0x00, 0x00, 0x00, 0x00, 0x00, 0x00, 0x00, 
0x00, 0x00, 0x00, 0x00, 0x00, 0x76, 0xD7, 0x00, 0x00, 0x00, 0x00, 0x00, 0x00, 0x00, 0x00, 0x00, 
0x00, 0x00, 0x00, 0x27, 0x0F, 0x00, 0x00, 0x00, 0x00, 0xCD, 0xA6, 0x00, 0x00, 0x00, 0x00, 0x00, 
0x00, 0x00, 0x00, 0x00, 0x00, 0x00, 0x00, 0xAC, 0x94, 0x00, 0x00, 0x00, 0x17, 0xFF, 0x7C, 0x00, 
0x00, 0x00, 0x00, 0x0F, 0x6C, 0x2B, 0x00, 0x00, 0x00, 0x00, 0x00, 0x4D, 0xFE, 0x3F, 0x00, 0x00, 
0x00, 0x00, 0x00, 0x00, 0x00, 0x11, 0x88, 0xF3, 0xDE, 0x41, 0x00, 0x00, 0x00, 0x00, 0x00, 0x01, 
0xCF, 0xD3, 0x01, 0x00, 0x00, 0x00, 0x00, 0x00, 0x00, 0x3A, 0xF3, 0x8B, 0x0A, 0x00, 0x00, 0x00, 
0x00, 0x00, 0x00, 0x00, 0x3C, 0x3A, 0x00, 0x00, 0x00, 0x00, 0x00, 0x00, 0x00, 0x00, 0x0F, 0x00, 
0x00, 0x00, 0x00, 0x00, 0x00, 0x00, 0x00, 0x00, 0x00, 0x00, 0x00, 0x00, 0x00, 0x00, 0x00, 0x00, 
0x00, 0x00, 0x00, 0x00, 0x00, 0x00, 0x00, 0x00, 0x07, 0x00, 0x00, 0x00, 0x00, 0x00, 0x00, 0x00, 
0x00, 0x00, 0x00, 0x00, 0x00, 0x00, 0x00, 0x00, 0x0F, 0x00, 0x00, 0x00, 0xF6, 0xCE, 0xA0, 0x79, 
0x00, 0x00, 0x00, 0x00, 0x00, 0x00, 0x00, 0x00, 0x00, 0x00, 0x00, 0x00, 0xFD, 0xC6, 0x71, 0x18, 
0x1A, 0x74, 0xC7, 0xFE, 0x00, 0x00, 0x00, 0x00, 0x00, 0x00, 0x00, 0x00, 0x00, 0x00, 0x00, 0x00, 
0x7C, 0xA7, 0xD6, 0xF9, 0x00, 0x00, 0x00, 0x10, 0x00, 0x00, 0x00, 0x00, 0x00, 0x00, 0x00, 0x00, 
0x00, 0x00, 0x00, 0x00, 0x00, 0x00, 0x00, 0x0C, 0x00, 0x00, 0x00, 0x00, 0x00, 0x00, 0x00, 0x00, 
0x00, 0x00, 0x00, 0x00, 0x00, 0x00, 0x00, 0x00, 0x00, 0x00, 0x00, 0x00, 0x00, 0x00, 0x00, 0x00, 
0x00, 0x00, 0x00, 0x00, 0x00, 0x00, 0x00, 0x00, 0x00, 0x00, 0x0E, 0x1B, 0x00, 0x00, 0x00, 0x00, 
0x00, 0x00, 0x00, 0x00, 0x46, 0xB3, 0x12, 0x00, 0x00, 0x00, 0x00, 0x00, 0x00, 0x01, 0xC3, 0xA8, 
0x00, 0x00, 0x00, 0x00, 0x00, 0x00, 0x16, 0xA3, 0xFF, 0xD9, 0x3C, 0x00, 0x00, 0x00, 0x00, 0x00, 
0x00, 0x00, 0x80, 0xFE, 0x26, 0x00, 0x00, 0x00, 0x00, 0x00, 0x6D, 0xC9, 0x5A, 0x03, 0x00, 0x00, 
0x00, 0x7D, 0xFF, 0x15, 0x00, 0x00, 0x06, 0xD7, 0x93, 0x00, 0x00, 0x00, 0x00, 0x00, 0x00, 0x00, 
0x00, 0x00, 0x00, 0x00, 0x00, 0xA9, 0xCE, 0x00, 0x00, 0x00, 0x00, 0x41, 0x71, 0x00, 0x00, 0x00, 
0x00, 0x00, 0x00, 0x00, 0x00, 0x00, 0x00, 0x00, 0x00, 0xDA, 0x79, 0x00, 0x00, 0x00, 0x00, 0x00, 
0x00, 0x00, 0x00, 0x00, 0x00, 0x00, 0x00, 0x00, 0x00, 0x00, 0x00, 0x00, 0x0F, 0xFA, 0x1C, 0x00, 
0x00, 0x00, 0x00, 0x00, 0x00, 0x00, 0x00, 0x00, 0x00, 0x81, 0xD2, 0x00, 0x00, 0x50, 0xFF, 0x06, 
0x00, 0x00, 0x00, 0x4A, 0xFE, 0x4A, 0x1D, 0xBA, 0xCF, 0x00, 0x00, 0x00, 0x00, 0x02, 0xAF, 0xFF, 
0xFF, 0xF1, 0x3E, 0x00, 0x00, 0x00, 0x00, 0x00, 0x00, 0x2A, 0x3C, 0x0D, 0x00, 0x00, 0x00, 0x00, 
0xFF, 0x84, 0x00, 0x00, 0x00, 0x00, 0xA6, 0xFF, 0x84, 0x00, 0xFF, 0x84, 0x00, 0x00, 0x00, 0x20, 
0xFC, 0xFF, 0x84, 0x00, 0xFF, 0x84, 0x00, 0x00, 0x00, 0x91, 0xEE, 0xF9, 0x84, 0x00, 0xFF, 0x84, 
0x00, 0x00, 0x11, 0xF4, 0x7F, 0xFF, 0x84, 0x00, 0xFF, 0x84, 0x00, 0x00, 0x7B, 0xF3, 0x12, 0xFF, 
0x84, 0x00, 0xFF, 0x84, 0x00, 0x08, 0xE7, 0x89, 0x00, 0xFF, 0x84, 0x00, 0xFF, 0x84, 0x00, 0x65, 
0xF7, 0x18, 0x00, 0xFF, 0x84, 0x00, 0xFF, 0x84, 0x02, 0xD8, 0x94, 0x00, 0x00, 0xFF, 0x84, 0x00, 
0xFF, 0x84, 0x4E, 0xFB, 0x1F, 0x00, 0x00, 0xFF, 0x84, 0x00, 0xFF, 0x84, 0xC4, 0x9E, 0x00, 0x00, 
0x00, 0xFF, 0x84, 0x00, 0xFF, 0xBE, 0xFD, 0x26, 0x00, 0x00, 0x00, 0xFF, 0x84, 0x00, 0xFF, 0xFF, 
0xA8, 0x00, 0x00, 0x00, 0x00, 0xFF, 0x84, 0x00, 0xFF, 0xFF, 0x2F, 0x00, 0x00, 0x00, 0x00, 0xFF, 
0xFF, 0xCF, 0x00, 0x00, 0x00, 0x00, 0x00, 0x00, 0x00, 0x02, 0xE9, 0x94, 0x00, 0x00, 0x00, 0x00, 
0x00, 0x00, 0x00, 0x3A, 0xFF, 0x5A, 0x00, 0x00, 0x00, 0x00, 0x00, 0x00, 0x00, 0x8A, 0xFF, 0x1F, 
0x00, 0x00, 0x00, 0x00, 0x00, 0x00, 0x00, 0xDA, 0xE5, 0x00, 0x3A, 0xFF, 0x10, 0x00, 0x71, 0xE1, 
0x00, 0x00, 0x0E, 0xFA, 0x74, 0x1E, 0xCB, 0xAF, 0x00, 0x00, 0x00, 0x7F, 0xFF, 0xFF, 0xED, 0x2F, 
0x00, 0x00, 0x00, 0x00, 0x21, 0x3B, 0x0D, 0x00, 0x00, 0x00, 0xFF, 0x84, 0x00, 0x00, 0x82, 0xFF, 
0x84, 0x00, 0xFF, 0x84, 0x00, 0x03, 0xE3, 0xFF, 0x84, 0x00, 0xFF, 0x84, 0x00, 0x49, 0xD6, 0xFF, 
0x84, 0x00, 0xFF, 0x84, 0x00, 0xAD, 0x6E, 0xFF, 0x84, 0x00, 0xFF, 0x84, 0x16, 0xF1, 0x11, 0xFF, 
0x84, 0x00, 0xFF, 0x84, 0x75, 0xA0, 0x00, 0xFF, 0x84, 0x00, 0xFF, 0x85, 0xD8, 0x3A, 0x00, 0xFF, 
0x84, 0x00, 0xFF, 0xBF, 0xD3, 0x00, 0x00, 0xFF, 0x84, 0x00, 0xFF, 0xFC, 0x6A, 0x00, 0x00, 0xFF, 
0x84, 0x00, 0xFF, 0xF5, 0x0F, 0x00, 0x00, 0xFF, 0xFF, 0xB9, 0x00, 0x00, 0x00, 0x00, 0x00, 0x00, 
0xDF, 0x84, 0x00, 0x00, 0x00, 0x00, 0x00, 0x25, 0xFF, 0x50, 0x00, 0x00, 0x00, 0x00, 0x00, 0x6B, 
0xFF, 0x1B, 0x00, 0x00, 0x00, 0x00, 0x00, 0xB1, 0xE7, 0x00, 0x00, 0x84, 0xFF, 0x00, 0x00, 0x00, 
0x00, 0x00, 0x10, 0x8C, 0xFF, 0x10, 0x10, 0x00, 0x00, 0x00, 0xFF, 0xFF, 0xFF, 0xFF, 0xFF, 0x00, 
0x00, 0x00, 0x40, 0xA3, 0xFF, 0x40, 0x40, 0x00, 0x00, 0x00, 0x00, 0x84, 0xFF, 0x00, 0x00, 0x00, 
0x00, 0x00, 0x00, 0x84, 0xFF, 0x10, 0x0B, 0x00, 0x00, 0x00, 0x00, 0x84, 0xFF, 0xFF, 0xFF, 0xEA, 
0x8A, 0x06, 0x00, 0x84, 0xFF, 0x40, 0x47, 0x87, 0xFE, 0x8E, 0x00, 0x84, 0xFF, 0x00, 0x00, 0x00, 
0xAA, 0xE8, 0x00, 0x84, 0xFF, 0x00, 0x00, 0x00, 0x88, 0xFC, 0x00, 0x84, 0xFF, 0x00, 0x00, 0x00, 
0xC0, 0xDB, 0x00, 0x84, 0xFF, 0x60, 0x68, 0xB2, 0xFF, 0x6E, 0x00, 0x84, 0xFF, 0xFF, 0xFA, 0xD5, 
0x69, 0x01, 0x00, 0xFF, 0x84, 0x00, 0x00, 0x00, 0x00, 0x00, 0x10, 0xFF, 0x8C, 0x10, 0x10, 0x00, 
0x00, 0x00, 0xFF, 0xFF, 0xFF, 0xFF, 0xFF, 0x00, 0x00, 0x00, 0x40, 0xFF, 0xA3, 0x40, 0x40, 0x00, 
0x00, 0x00, 0x00, 0xFF, 0x84, 0x00, 0x00, 0x00, 0x00, 0x00, 0x00, 0xFF, 0x84, 0x00, 0x00, 0x00, 
0x00, 0x00, 0x00, 0xFF, 0x84, 0x00, 0x00, 0x00, 0x00, 0x00, 0x00, 0xFF, 0x8C, 0x10, 0x09, 0x00, 
0x00, 0x00, 0x00, 0xFF, 0xFF, 0xFF, 0xFF, 0xDE, 0x62, 0x00, 0x00, 0xFF, 0xA3, 0x40, 0x4C, 0xB5, 
0xFF, 0x38, 0x00, 0xFF, 0x84, 0x00, 0x00, 0x13, 0xFF, 0x7C, 0x00, 0xFF, 0x84, 0x00, 0x00, 0x13, 
0xFF, 0x76, 0x00, 0xFF, 0x9F, 0x38, 0x44, 0xB4, 0xFC, 0x29, 0x00, 0xFF, 0xFF, 0xFF, 0xFB, 0xCF, 
0x4E, 0x00, 0xFF, 0xFF, 0xFF, 0xF2, 0xB2, 0x26, 0x00, 0xFF, 0xAB, 0x51, 0x74, 0xE9, 0xE1, 0x0A, 
0xFF, 0x84, 0x00, 0x00, 0x4A, 0xFF, 0x54, 0xFF, 0x84, 0x00, 0x00, 0x0A, 0xFF, 0x7A, 0xFF, 0x84, 
0x01, 0x16, 0x07, 0xFF, 0x7D, 0xFF, 0x84, 0x57, 0xC5, 0x3B, 0xFF, 0x58, 0xFF, 0x8C, 0x17, 0xEB, 
0xE7, 0xEB, 0x0D, 0xFF, 0xFF, 0xFF, 0xFF, 0xFC, 0x39, 0x00, 0xFF, 0xA3, 0x3F, 0x28, 0xC8, 0x65, 
0x00, 0xFF, 0x84, 0x00, 0x00, 0x2D, 0x39, 0x00, 0xFF, 0x84, 0x00, 0x00, 0x00, 0x00, 0x00, 0xFF, 
0x84, 0x00, 0x00, 0x00, 0x00, 0x00, 0xFF, 0x84, 0x00, 0x00, 0x00, 0x00, 0x00, 0xFF, 0x50, 0x91, 
0xF5, 0xEA, 0x71, 0x00, 0xFF, 0xDA, 0xA3, 0x58, 0xA8, 0xFF, 0x4C, 0xFF, 0xD5, 0x01, 0x00, 0x03, 
0xDD, 0xB3, 0xFF, 0x98, 0x00, 0x00, 0x00, 0x9D, 0xE7, 0xFF, 0x85, 0x00, 0x00, 0x00, 0x87, 0xFC, 
0xFF, 0x87, 0x00, 0x00, 0x00, 0x87, 0xFC, 0xFF, 0x9D, 0x00, 0x7C, 0x26, 0x9F, 0xE6, 0xFF, 0xDB, 
0x02, 0x91, 0xA1, 0xDD, 0xB1, 0xFF, 0xE8, 0xA3, 0x74, 0xFF, 0xFF, 0x47, 0xFF, 0x88, 0x97, 0xF5, 
0xF6, 0xB2, 0x00, 0xFF, 0x84, 0x00, 0x00, 0x24, 0xEE, 0x0B, 0xFF, 0x84, 0x00, 0x00, 0x00, 0x18, 
0x00, 0xFF, 0x84, 0x00, 0x00, 0x00, 0x00, 0x00, 0xFF, 0x84, 0x00, 0x00, 0x00, 0x00, 0x00, 0x00, 
0x00, 0x00, 0x00, 0xFF, 0x84, 0x00, 0x00, 0x00, 0x00, 0xFF, 0x84, 0x00, 0x00, 0x00, 0x00, 0xFF, 
0x84, 0xFF, 0xFF, 0xFF, 0xFF, 0xFF, 0x84, 0xFF, 0xAB, 0x50, 0x50, 0x50, 0x29, 0xFF, 0x84, 0x00, 
0x00, 0x00, 0x00, 0xFF, 0x84, 0x00, 0x00, 0x00, 0x00, 0xFF, 0x84, 0x00, 0x00, 0x00, 0x00, 0xFF, 
0x84, 0x00, 0x00, 0x00, 0x00, 0xFF, 0x84, 0x00, 0x00, 0x00, 0x00, 0xFF, 0x84, 0x00, 0x00, 0x00, 
0x00, 0xFF, 0x84, 0x00, 0x00, 0x00, 0x00, 0xFF, 0x84, 0x00, 0x00, 0x00, 0x00, 0xFF, 0x84, 0x00, 
0x00, 0x00, 0x00, 0xFF, 0x84, 0x00, 0x00, 0x00, 0x00, 0xFF, 0x84, 0x00, 0x00, 0x00, 0x00, 0x00, 
0x00, 0x00, 0xFF, 0x84, 0x00, 0x00, 0x00, 0xFF, 0x84, 0x00, 0x00, 0x00, 0xFF, 0x84, 0xFF, 0xFF, 
0xFF, 0xFF, 0x84, 0xFF, 0xAB, 0x50, 0x50, 0x29, 0xFF, 0x84, 0x00, 0x00, 0x00, 0xFF, 0x84, 0x00, 
0x00, 0x00, 0xFF, 0x84, 0x00, 0x00, 0x00, 0xFF, 0x84, 0x00, 0x00, 0x00, 0xFF, 0x84, 0x00, 0x00, 
0x00, 0xFF, 0x84, 0x00, 0x00, 0x00, 0xFF, 0x84, 0x00, 0x00, 0x00, 0xFF, 0x84, 0x00, 0x00, 0x00, 
0x00, 0xFF, 0xFF, 0xFF, 0xFF, 0xFF, 0xA0, 0x00, 0xFF, 0xAB, 0x50, 0x50, 0x50, 0x32, 0x00, 0xFF, 
0x84, 0x00, 0x00, 0x00, 0x00, 0x00, 0xFF, 0x84, 0x00, 0x00, 0x00, 0x00, 0x00, 0xFF, 0x84, 0x00, 
0x00, 0x00, 0x00, 0x10, 0xFF, 0x8C, 0x10, 0x10, 0x00, 0x00, 0xFF, 0xFF, 0xFF, 0xFF, 0xFF, 0x00, 
0x00, 0x40, 0xFF, 0xA3, 0x40, 0x40, 0x00, 0x00, 0x00, 0xFF, 0x84, 0x00, 0x00, 0x00, 0x00, 0x00, 
0xFF, 0x84, 0x00, 0x00, 0x00, 0x00, 0x00, 0xFF, 0x84, 0x00, 0x00, 0x00, 0x00, 0x00, 0xFF, 0x84, 
0x00, 0x00, 0x00, 0x00, 0x00, 0xFF, 0x84, 0x00, 0x00, 0x00, 0x00, 0x00, 0xFF, 0xFF, 0xFF, 0xFF, 
0xFF, 0x48, 0x00, 0xFF, 0xAB, 0x50, 0x50, 0x50, 0x17, 0x00, 0xFF, 0x84, 0x00, 0x00, 0x00, 0x00, 
0x00, 0xFF, 0x84, 0x00, 0x00, 0x00, 0x00, 0x10, 0xFF, 0x8C, 0x10, 0x10, 0x00, 0x00, 0xFF, 0xFF, 
0xFF, 0xFF, 0xFF, 0x00, 0x00, 0x40, 0xFF, 0xA3, 0x40, 0x40, 0x00, 0x00, 0x00, 0xFF, 0x84, 0x00, 
0x00, 0x00, 0x00, 0x00, 0xFF, 0x84, 0x00, 0x00, 0x00, 0x00, 0x00, 0xFF, 0x84, 0x00, 0x00, 0x00, 
0x00, 0xFF, 0xFF, 0xFF, 0xFF, 0xFF, 0x84, 0x00, 0xFF, 0xAB, 0x50, 0x50, 0x50, 0x29, 0x00, 0xFF, 
0x84, 0x00, 0x00, 0x00, 0x00, 0x00, 0xFF, 0x84, 0x00, 0x00, 0x00, 0x00, 0x00, 0xFF, 0x84, 0x0A, 
0x05, 0x00, 0x00, 0x00, 0xFF, 0xF9, 0xFF, 0xFB, 0xAF, 0x17, 0x00, 0xFF, 0xB1, 0x44, 0x69, 0xEC, 
0xD1, 0x06, 0xFF, 0x84, 0x00, 0x00, 0x3F, 0xFF, 0x64, 0xFF, 0x84, 0x00, 0x00, 0x00, 0xD2, 0xB9, 
0xFF, 0x84, 0x00, 0x00, 0x00, 0x9D, 0xE8, 0xFF, 0x84, 0x00, 0x00, 0x00, 0x88, 0xFD, 0xFF, 0x84, 
0x00, 0x00, 0x00, 0x8A, 0xF9, 0xFF, 0x84, 0x00, 0x00, 0x00, 0xA0, 0xE5, 0x00, 0x00, 0x00, 0x00, 
0x00, 0xD0, 0xBA, 0x00, 0x00, 0x00, 0x00, 0x31, 0xFF, 0x70, 0x00, 0x47, 0x63, 0x60, 0xE0, 0xE0, 
0x0C, 0x00, 0x55, 0xE9, 0xFB, 0xBE, 0x24, 0x00, 0xFF, 0xFF, 0xFF, 0xFF, 0x98, 0x00, 0xFF, 0xAE, 
0x50, 0x50, 0x30, 0x00, 0xFF, 0x88, 0x00, 0x00, 0x00, 0x00, 0xFF, 0x88, 0x0A, 0x01, 0x00, 0x00, 
0xFF, 0xF9, 0xFF, 0xE9, 0x65, 0x00, 0xFF, 0xB3, 0x48, 0xAC, 0xFF, 0x44, 0xFF, 0x88, 0x00, 0x05, 
0xE4, 0xAF, 0xFF, 0x88, 0x00, 0x00, 0xA2, 0xE6, 0xFF, 0x88, 0x00, 0x00, 0x89, 0xFC, 0xFF, 0x88, 
0x00, 0x00, 0x88, 0xFC, 0x00, 0x00, 0x00, 0x00, 0x9F, 0xE6, 0x00, 0x00, 0x00, 0x02, 0xDB, 0xB5, 
0x00, 0x64, 0x5C, 0x99, 0xFF, 0x54, 0x00, 0x73, 0xF1, 0xEF, 0x7D, 0x00, 0x0F, 0xEA, 0xB6, 0x00, 
0x00, 0x00, 0xFF, 0x84, 0x00, 0x00, 0x15, 0xF1, 0xAD, 0x00, 0x00, 0x69, 0xFF, 0x41, 0x00, 0x00, 
0xFF, 0x84, 0x00, 0x00, 0x9A, 0xF7, 0x21, 0x00, 0x00, 0x04, 0xD6, 0xCE, 0x02, 0x00, 0xFF, 0x84, 
0x00, 0x30, 0xFD, 0x84, 0x00, 0x00, 0x00, 0x00, 0x49, 0xFF, 0x5C, 0x00, 0xFF, 0x84, 0x00, 0xC2, 
0xE3, 0x0B, 0x00, 0x00, 0x00, 0x00, 0x00, 0xB9, 0xE0, 0x07, 0xFF, 0x84, 0x54, 0xFF, 0x59, 0x00, 
0x00, 0x00, 0x00, 0x00, 0x00, 0x2D, 0xFC, 0x74, 0xFF, 0x8D, 0xE0, 0xC3, 0x01, 0x00, 0x00, 0x00, 
0x00, 0x00, 0x00, 0x00, 0xBE, 0xE2, 0xFF, 0xE0, 0xFF, 0x53, 0x00, 0x00, 0x00, 0x00, 0x00, 0x00, 
0x00, 0x2F, 0xFD, 0x7A, 0xFF, 0x90, 0xE5, 0xBF, 0x00, 0x00, 0x00, 0x00, 0x00, 0x00, 0x00, 0xBE, 
0xE1, 0x09, 0xFF, 0x84, 0x5A, 0xFF, 0x4F, 0x00, 0x00, 0x00, 0x00, 0x00, 0x52, 0xFF, 0x5A, 0x00, 
0xFF, 0x84, 0x01, 0xC3, 0xDA, 0x05, 0x00, 0x00, 0x00, 0x07, 0xDC, 0xC8, 0x01, 0x00, 0xFF, 0x84, 
0x00, 0x30, 0xFD, 0x6E, 0x00, 0x00, 0x00, 0x78, 0xFF, 0x3A, 0x00, 0x00, 0xFF, 0x84, 0x00, 0x00, 
0x96, 0xEE, 0x11, 0x00, 0x17, 0xF3, 0xA9, 0x00, 0x00, 0x00, 0xFF, 0x84, 0x00, 0x00, 0x13, 0xED, 
0xFF, 0x84, 0x00, 0x00, 0x00, 0x00, 0x00, 0x00, 0x00, 0x00, 0x00, 0x00, 0x00, 0x00, 0xFF, 0x84, 
0x00, 0x00, 0x00, 0x00, 0x00, 0x00, 0x00, 0x00, 0x00, 0x00, 0x00, 0x00, 0xFF, 0x84, 0x00, 0x00, 
0x00, 0x00, 0x00, 0x00, 0x00, 0x00, 0x00, 0x00, 0x00, 0x00, 0xFF, 0x84, 0x00, 0x00, 0x00, 0x00, 
0x00, 0x00, 0x00, 0x00, 0x00, 0x00, 0x00, 0x00, 0xFF, 0x84, 0x21, 0xF8, 0x7C, 0x00, 0x00, 0xFF, 
0x84, 0x00, 0x13, 0xEF, 0x9D, 0x00, 0x00, 0x84, 0xF4, 0x19, 0x00, 0xFF, 0x84, 0x00, 0x91, 0xEF, 
0x15, 0x00, 0x00, 0x0B, 0xE3, 0x9E, 0x00, 0xFF, 0x84, 0x24, 0xFA, 0x6C, 0x00, 0x00, 0x00, 0x00, 
0x59, 0xFD, 0x30, 0xFF, 0x84, 0xAC, 0xD1, 0x03, 0x00, 0x00, 0x00, 0x00, 0x01, 0xC3, 0xBE, 0xFF, 
0xBF, 0xFF, 0x3D, 0x00, 0x00, 0x00, 0x00, 0x00, 0x05, 0xD3, 0xBA, 0xFF, 0xBD, 0xFF, 0x48, 0x00, 
0x00, 0x00, 0x00, 0x00, 0x78, 0xF9, 0x26, 0xFF, 0x84, 0xA2, 0xD6, 0x04, 0x00, 0x00, 0x00, 0x23, 
0xF6, 0x85, 0x00, 0xFF, 0x84, 0x19, 0xF3, 0x6D, 0x00, 0x00, 0x00, 0xBB, 0xE1, 0x0A, 0x00, 0xFF, 
0x84, 0x00, 0x75, 0xED, 0x11, 0x00, 0x5C, 0xFF, 0x52, 0x00, 0x00, 0xFF, 0x84, 0x00, 0x06, 0xD9, 
0xFF, 0x84, 0x00, 0x00, 0x00, 0x00, 0x00, 0x00, 0x00, 0x00, 0x00, 0x00, 0xFF, 0x84, 0x00, 0x00, 
0x00, 0x00, 0x00, 0x00, 0x00, 0x00, 0x00, 0x00, 0xFF, 0x84, 0x00, 0x00, 0x00, 0x00, 0x00, 0x00, 
0x00, 0x00, 0x00, 0x00, 0xFF, 0x84, 0x00, 0x00, 0x00, 0x00, 0x00, 0x00, 0x00, 0x00, 0x00, 0x00, 
0xFF, 0x84, 0x2F, 0xB2, 0xF1, 0xFC, 0xCF, 0x45, 0x00, 0xA9, 0xC3, 0x61, 0x5F, 0xD3, 0xF8, 0x21, 
0x12, 0x02, 0x00, 0x00, 0x29, 0xFF, 0x70, 0x00, 0x00, 0x00, 0x00, 0x04, 0xFF, 0x81, 0x00, 0x00, 
0x00, 0x00, 0x30, 0xFF, 0x57, 0x00, 0x0E, 0x13, 0x41, 0xD2, 0xD1, 0x07, 0x00, 0xDC, 0xFF, 0xFF, 
0xC9, 0x18, 0x00, 0x00, 0x37, 0x43, 0x6D, 0xE2, 0xD6, 0x0D, 0x00, 0x00, 0x00, 0x00, 0x33, 0xFF, 
0x62, 0x00, 0x00, 0x00, 0x00, 0x06, 0xFF, 0x82, 0x00, 0x00, 0x00, 0x00, 0x36, 0xFF, 0x65, 0xC5, 
0x75, 0x54, 0x6F, 0xE2, 0xEA, 0x12, 0xA5, 0xE5, 0xFF, 0xF3, 0xB3, 0x2A, 0x00, 0x00, 0x00, 0x82, 
0xAB, 0x02, 0x00, 0x00, 0x00, 0x00, 0x12, 0xFF, 0x58, 0x00, 0x00, 0x00, 0x17, 0x6B, 0xFF, 0x7B, 
0x00, 0x00, 0x00, 0x34, 0xF7, 0xDA, 0x23, 0x00, 0x00, 0x2B, 0xC2, 0xF8, 0xF1, 0x93, 0x03, 0x16, 
0x93, 0x56, 0x92, 0xFF, 0x5B, 0x00, 0x00, 0x00, 0x07, 0xFF, 0x7F, 0x00, 0x03, 0x14, 0x71, 0xFF, 
0x3C, 0x00, 0x2C, 0xFF, 0xFF, 0x9D, 0x01, 0x00, 0x0B, 0x41, 0x6A, 0xF4, 0x8A, 0x00, 0x00, 0x00, 
0x00, 0x8E, 0xF0, 0x02, 0x00, 0x00, 0x00, 0x91, 0xF6, 0x75, 0x92, 0x57, 0x74, 0xF4, 0xA7, 0x3D, 
0xCB, 0xFF, 0xF4, 0xA6, 0x12, 0x00, 0x00, 0x78, 0xB5, 0x04, 0x00, 0x00, 0x00, 0x0F, 0xFF, 0x5C, 
0x00, 0x00, 0x17, 0x6C, 0xFF, 0x7A, 0x00, 0x00, 0x34, 0xF7, 0xDA, 0x22, 0x00, 0xFF, 0x84, 0x00, 
0x00, 0x21, 0xF9, 0x94, 0x00, 0xFF, 0x84, 0x00, 0x00, 0xAC, 0xED, 0x13, 0x00, 0xFF, 0x84, 0x00, 
0x3E, 0xFF, 0x69, 0x00, 0x00, 0xFF, 0x84, 0x02, 0xD0, 0xD1, 0x03, 0x00, 0x00, 0xFF, 0x84, 0x64, 
0xFF, 0x3E, 0x00, 0x00, 0x00, 0xFF, 0x93, 0xE9, 0xA9, 0x00, 0x00, 0x00, 0x00, 0xFF, 0xE4, 0xFF, 
0x3E, 0x00, 0x00, 0x00, 0x00, 0xFF, 0x8E, 0xE2, 0xAD, 0x00, 0x00, 0x00, 0x00, 0xFF, 0x84, 0x55, 
0xFF, 0x3D, 0x00, 0x00, 0x00, 0xFF, 0x84, 0x00, 0xC0, 0xCC, 0x01, 0x00, 0x00, 0xFF, 0x84, 0x00, 
0x2E, 0xFC, 0x5E, 0x00, 0x00, 0xFF, 0x84, 0x00, 0x00, 0x94, 0xE3, 0x0A, 0x00, 0xFF, 0x84, 0x00, 
0x00, 0x11, 0xED, 0xFF, 0x84, 0x00, 0x00, 0x00, 0x00, 0x00, 0x00, 0xFF, 0x84, 0x00, 0x00, 0x00, 
0x00, 0x00, 0x00, 0xFF, 0x84, 0x00, 0x00, 0x00, 0x00, 0x00, 0x00, 0xFF, 0x84, 0x00, 0x00, 0x00, 
0x00, 0x00, 0x00, 0xFF, 0x84, 0xFF, 0x84, 0x00, 0x0F, 0xEA, 0xA7, 0x00, 0xFF, 0x84, 0x00, 0x89, 
0xF3, 0x1A, 0x00, 0xFF, 0x84, 0x21, 0xF9, 0x73, 0x00, 0x00, 0xFF, 0x84, 0xAA, 0xD4, 0x05, 0x00, 
0x00, 0xFF, 0xBE, 0xFF, 0x40, 0x00, 0x00, 0x00, 0xFF, 0xBD, 0xFE, 0x4E, 0x00, 0x00, 0x00, 0xFF, 
0x84, 0x9E, 0xDC, 0x06, 0x00, 0x00, 0xFF, 0x84, 0x15, 0xEF, 0x73, 0x00, 0x00, 0xFF, 0x84, 0x00, 
0x6A, 0xF1, 0x16, 0x00, 0xFF, 0x84, 0x00, 0x03, 0xCE, 0xFF, 0x84, 0x00, 0x00, 0x00, 0x00, 0x00, 
0xFF, 0x84, 0x00, 0x00, 0x00, 0x00, 0x00, 0xFF, 0x84, 0x00, 0x00, 0x00, 0x00, 0x00, 0xFF, 0x84, 
0x00, 0x00, 0x00, 0x00, 0x00, 0xFF, 0x84, 0xFF, 0x84, 0x00, 0x00, 0x05, 0xD0, 0xD3, 0x07, 0xFF, 
0x84, 0xFF, 0x84, 0x80, 0xFA, 0x30, 0x00, 0xFF, 0x84, 0xFF, 0xB5, 0xFB, 0x7C, 0x00, 0x00, 0xFF, 
0x84, 0xFF, 0xFF, 0xCA, 0x04, 0x00, 0x00, 0xFF, 0x84, 0xFF, 0xF7, 0x28, 0x00, 0x00, 0x00, 0xFF, 
0xB5, 0xFF, 0x92, 0x00, 0x00, 0x00, 0x00, 0xFF, 0xBE, 0xFF, 0x8F, 0x00, 0x00, 0x00, 0x00, 0xFF, 
0x84, 0xFF, 0xF1, 0x18, 0x00, 0x00, 0x00, 0xFF, 0x84, 0xFF, 0xFF, 0xA5, 0x00, 0x00, 0x00, 0xFF, 
0x84, 0xFF, 0xE9, 0xFF, 0x41, 0x00, 0x00, 0xFF, 0x84, 0xFF, 0x8A, 0xD8, 0xD8, 0x06, 0x00, 0xFF, 
0x84, 0x00, 0x00, 0x47, 0xFF, 0x7A, 0x00, 0xFF, 0x84, 0x00, 0x00, 0x00, 0xAF, 0xF6, 0x20, 0xFF, 
0x84, 0x00, 0x00, 0xA3, 0xEA, 0x11, 0xFF, 0x84, 0xFF, 0xBE, 0xFF, 0x62, 0x00, 0xFF, 0x84, 0xFF, 
0xFF, 0xC7, 0x02, 0x00, 0xFF, 0x84, 0xFF, 0xFD, 0x32, 0x00, 0x00, 0xFF, 0x95, 0xFF, 0xA3, 0x00, 
0x00, 0x00, 0xFF, 0xD9, 0xFF, 0x85, 0x00, 0x00, 0x00, 0xFF, 0x85, 0xFF, 0xE4, 0x13, 0x00, 0x00, 
0xFF, 0x84, 0xFF, 0xFF, 0xB3, 0x01, 0x00, 0xFF, 0x84, 0xFF, 0xC6, 0xFE, 0x70, 0x00, 0xFF, 0x84, 
0xFF, 0x84, 0x89, 0xFA, 0x33, 0x02, 0x0C, 0xFF, 0x8A, 0x0C, 0x01, 0x10, 0xE8, 0xB5, 0x00, 0x28, 
0xFF, 0xFF, 0xFF, 0xFF, 0x14, 0xA0, 0xF1, 0x1D, 0x00, 0x09, 0x3C, 0xFF, 0xA2, 0x3C, 0x4B, 0xFF, 
0x65, 0x00, 0x00, 0x00, 0x00, 0xFF, 0x84, 0x0D, 0xE1, 0xBA, 0x01, 0x00, 0x00, 0x00, 0x00, 0xFF, 
0x84, 0x96, 0xF2, 0x1E, 0x00, 0x00, 0x00, 0x00, 0x00, 0xFF, 0xC2, 0xFE, 0x67, 0x00, 0x00, 0x00, 
0x00, 0x00, 0x00, 0xFF, 0xB4, 0xFE, 0x78, 0x00, 0x00, 0x00, 0x00, 0x00, 0x00, 0xFF, 0x84, 0x9E, 
0xF3, 0x1A, 0x00, 0x00, 0x00, 0x00, 0x00, 0xFF, 0x84, 0x1A, 0xF5, 0xA2, 0x00, 0x00, 0x00, 0x00, 
0x00, 0xFF, 0x84, 0x00, 0x80, 0xFF, 0x39, 0x00, 0x00, 0x00, 0x00, 0xFF, 0x84, 0x00, 0x0B, 0xE5, 
0xCA, 0x02, 0x00, 0x00, 0x00, 0xFF, 0x84, 0x00, 0x00, 0x61, 0xFF, 0x61, 0x00, 0x00, 0x00, 0xFF, 
0x84, 0x00, 0x00, 0x02, 0xD0, 0xE9, 0x0D, 0x00, 0xFF, 0x84, 0x00, 0x00, 0x00, 0x00, 0x00, 0x10, 
0xFF, 0x8C, 0x10, 0x10, 0x00, 0x00, 0x00, 0xFF, 0xFF, 0xFF, 0xFF, 0xFF, 0x00, 0x00, 0x00, 0x40, 
0xFF, 0xA3, 0x40, 0x40, 0x00, 0x00, 0x00, 0x00, 0xFF, 0x84, 0x00, 0x03, 0xCA, 0xCC, 0x03, 0x00, 
0xFF, 0x84, 0x00, 0x6C, 0xFB, 0x2E, 0x00, 0x00, 0xFF, 0x84, 0x1C, 0xF2, 0x85, 0x00, 0x00, 0x00, 
0xFF, 0x84, 0xAF, 0xD9, 0x08, 0x00, 0x00, 0x00, 0xFF, 0xCE, 0xFF, 0x47, 0x00, 0x00, 0x00, 0x00, 
0xFF, 0xA6, 0xF6, 0x8D, 0x00, 0x00, 0x00, 0x00, 0xFF, 0x84, 0x7B, 0xFC, 0x30, 0x00, 0x00, 0x00, 
0xFF, 0x84, 0x06, 0xD8, 0xCC, 0x03, 0x00, 0x00, 0xFF, 0x84, 0x00, 0x41, 0xFF, 0x6F, 0x00, 0x00, 
0xFF, 0x84, 0x00, 0x00, 0xA2, 0xF3, 0x1D, 0x78, 0xFF, 0xFF, 0xFF, 0x84, 0x00, 0x00, 0x0D, 0xE3, 
0xBF, 0x01, 0x26, 0x50, 0x50, 0xFF, 0x84, 0x00, 0x00, 0x90, 0xF8, 0x25, 0x00, 0x00, 0x00, 0x00, 
0xFF, 0x84, 0x00, 0x33, 0xFD, 0x7A, 0x00, 0x00, 0x00, 0x00, 0x00, 0xFF, 0x84, 0x03, 0xCD, 0xD3, 
0x05, 0x00, 0x00, 0x00, 0x00, 0x00, 0xFF, 0x84, 0x70, 0xFE, 0x3A, 0x00, 0x00, 0x00, 0x00, 0x00, 
0x00, 0xFF, 0xA1, 0xF3, 0x94, 0x00, 0x00, 0x00, 0x00, 0x00, 0x00, 0x00, 0xFF, 0xD6, 0xFF, 0x53, 
0x00, 0x00, 0x00, 0x00, 0x00, 0x00, 0x00, 0xFF, 0x85, 0xC3, 0xDE, 0x0A, 0x00, 0x00, 0x00, 0x00, 
0x00, 0x00, 0xFF, 0x84, 0x31, 0xFD, 0x85, 0x00, 0x00, 0x00, 0x00, 0x00, 0x00, 0xFF, 0x84, 0x00, 
0x98, 0xFA, 0x27, 0x00, 0x00, 0x00, 0x00, 0x00, 0xFF, 0x84, 0x00, 0x13, 0xED, 0xBD, 0x00, 0x00, 
0x00, 0x00, 0x00, 0xFF, 0x84, 0x00, 0x00, 0x6A, 0xFF, 0x59, 0x00, 0x00, 0x00, 0x00, 0xFF, 0x84, 
0x00, 0x00, 0x03, 0xD1, 0xE8, 0x0F, 0x14, 0xFF, 0xFF, 0xFF, 0x84, 0x00, 0x06, 0xD8, 0xC1, 0x01, 
0x06, 0x50, 0x50, 0xFF, 0x84, 0x00, 0x7B, 0xF8, 0x27, 0x00, 0x00, 0x00, 0x00, 0xFF, 0x84, 0x21, 
0xF6, 0x7B, 0x00, 0x00, 0x00, 0x00, 0x00, 0xFF, 0x84, 0xB4, 0xD2, 0x05, 0x00, 0x00, 0x00, 0x00, 
0x00, 0xFF, 0xCE, 0xFF, 0x3C, 0x00, 0x00, 0x00, 0x00, 0x00, 0x00, 0xFF, 0xA6, 0xF7, 0x7D, 0x00, 
0x00, 0x00, 0x00, 0x00, 0x00, 0xFF, 0x84, 0x7E, 0xF9, 0x26, 0x00, 0x00, 0x00, 0x00, 0x00, 0xFF, 
0x84, 0x07, 0xDB, 0xBF, 0x01, 0x00, 0x00, 0x00, 0x00, 0xFF, 0x84, 0x00, 0x49, 0xFF, 0x60, 0x00, 
0x00, 0x00, 0x00, 0xFF, 0x84, 0x00, 0x00, 0xAE, 0xEC, 0x14, 0xFF, 0x84, 0x00, 0x00, 0x00, 0x00, 
0xFF, 0x84, 0x00, 0xFF, 0x84, 0x00, 0x00, 0x00, 0x00, 0xFF, 0x84, 0x00, 0xFF, 0x84, 0x00, 0x00, 
0x00, 0x00, 0xFF, 0x84, 0x00, 0xFF, 0x84, 0x00, 0x00, 0x00, 0x00, 0xFF, 0x84, 0x00, 0xFF, 0x84, 
0x00, 0x00, 0x00, 0x00, 0xFF, 0x84, 0x00, 0xFF, 0x8C, 0x10, 0x10, 0x10, 0x10, 0xFF, 0x84, 0x00, 
0xFF, 0xFF, 0xFF, 0xFF, 0xFF, 0xFF, 0xFF, 0x84, 0x00, 0xFF, 0xA3, 0x40, 0x40, 0x40, 0x40, 0xFF, 
0x84, 0x00, 0xFF, 0x84, 0x00, 0x00, 0x00, 0x00, 0xFF, 0x84, 0x00, 0xFF, 0x84, 0x00, 0x00, 0x00, 
0x00, 0xFF, 0x84, 0x00, 0xFF, 0x84, 0x00, 0x00, 0x00, 0x00, 0xFF, 0x84, 0x00, 0xFF, 0x84, 0x00, 
0x00, 0x00, 0x00, 0xFF, 0x84, 0x00, 0xFF, 0x84, 0x00, 0x00, 0x00, 0x00, 0xFF, 0xFF, 0xFF, 0x00, 
0x00, 0x00, 0x00, 0x00, 0x00, 0x00, 0x84, 0xFF, 0x00, 0x00, 0x00, 0x00, 0x00, 0x00, 0x00, 0x84, 
0xFF, 0x00, 0x00, 0x00, 0x00, 0x00, 0x00, 0x00, 0x84, 0xFF, 0x00, 0x00, 0x00, 0x00, 0x00, 0x00, 
0x00, 0x84, 0xFF, 0xFF, 0x84, 0x00, 0x00, 0x00, 0xFF, 0x84, 0x00, 0xFF, 0x84, 0x00, 0x00, 0x00, 
0xFF, 0x84, 0x00, 0xFF, 0x84, 0x00, 0x00, 0x00, 0xFF, 0x84, 0x00, 0xFF, 0x8C, 0x10, 0x10, 0x10, 
0xFF, 0x84, 0x00, 0xFF, 0xFF, 0xFF, 0xFF, 0xFF, 0xFF, 0x84, 0x00, 0xFF, 0xA3, 0x40, 0x40, 0x40, 
0xFF, 0x84, 0x00, 0xFF, 0x84, 0x00, 0x00, 0x00, 0xFF, 0x84, 0x00, 0xFF, 0x84, 0x00, 0x00, 0x00, 
0xFF, 0x84, 0x00, 0xFF, 0x84, 0x00, 0x00, 0x00, 0xFF, 0x84, 0x00, 0xFF, 0x84, 0x00, 0x00, 0x00, 
0xFF, 0xFF, 0x84, 0x00, 0x00, 0x00, 0x00, 0x00, 0x00, 0xFF, 0x84, 0x00, 0x00, 0x00, 0x00, 0x00, 
0x00, 0xFF, 0x84, 0x00, 0x00, 0x00, 0x00, 0x00, 0x00, 0xFF, 0x84, 0x00, 0x00, 0x00, 0x00, 0x00, 
0x00, 0xFF, 0x84, 0xFF, 0x84, 0x00, 0x00, 0x00, 0x00, 0xFF, 0xFF, 0xFF, 0xFF, 0xFF, 0x84, 0x00, 
0x00, 0x00, 0x00, 0xFF, 0xAB, 0x50, 0x50, 0xFF, 0x84, 0x00, 0x00, 0x00, 0x00, 0xFF, 0x84, 0x00, 
0x00, 0xFF, 0x84, 0x00, 0x00, 0x00, 0x00, 0xFF, 0x84, 0x00, 0x00, 0xFF, 0x84, 0x00, 0x00, 0x00, 
0x00, 0xFF, 0x84, 0x00, 0x00, 0xFF, 0x8C, 0x10, 0x10, 0x10, 0x10, 0xFF, 0x84, 0x00, 0x00, 0xFF, 
0xFF, 0xFF, 0xFF, 0xFF, 0xFF, 0xFF, 0x84, 0x00, 0x00, 0xFF, 0xA3, 0x40, 0x40, 0x40, 0x40, 0xFF, 
0x84, 0x00, 0x00, 0xFF, 0x84, 0x00, 0x00, 0x00, 0x00, 0xFF, 0x84, 0x00, 0x00, 0xFF, 0x84, 0x00, 
0x00, 0x00, 0x00, 0xFF, 0x84, 0x00, 0x00, 0xFF, 0x84, 0x00, 0x00, 0x00, 0x00, 0xFF, 0x84, 0x00, 
0x00, 0xFF, 0x84, 0x00, 0x00, 0x00, 0x00, 0xFF, 0x84, 0x00, 0x00, 0xFF, 0x84, 0x00, 0x00, 0x00, 
0x00, 0xFF, 0x84, 0x00, 0x00, 0xFF, 0x84, 0x00, 0x00, 0x00, 0xFF, 0xFF, 0xFF, 0x80, 0xFF, 0x84, 
0x00, 0x00, 0x00, 0xFF, 0xAB, 0x50, 0x28, 0xFF, 0x84, 0x00, 0x00, 0x00, 0xFF, 0x84, 0x00, 0x00, 
0xFF, 0x8C, 0x10, 0x10, 0x10, 0xFF, 0x84, 0x00, 0x00, 0xFF, 0xFF, 0xFF, 0xFF, 0xFF, 0xFF, 0x84, 
0x00, 0x00, 0xFF, 0xA3, 0x40, 0x40, 0x40, 0xFF, 0x84, 0x00, 0x00, 0xFF, 0x84, 0x00, 0x00, 0x00, 
0xFF, 0x84, 0x00, 0x00, 0xFF, 0x84, 0x00, 0x00, 0x00, 0xFF, 0x84, 0x00, 0x00, 0xFF, 0x84, 0x00, 
0x00, 0x00, 0xFF, 0x84, 0x00, 0x00, 0xFF, 0x84, 0x00, 0x00, 0x00, 0xFF, 0x84, 0x00, 0x00, 0xFF, 
0xFF, 0xFF, 0xFF, 0xFF, 0xFF, 0xFF, 0x00, 0x00, 0x00, 0x00, 0x00, 0x00, 0xFF, 0xAB, 0x50, 0x50, 
0x50, 0xAB, 0xFF, 0x00, 0x00, 0x00, 0x00, 0x00, 0x00, 0xFF, 0x84, 0x00, 0x00, 0x00, 0x84, 0xFF, 
0x00, 0x00, 0x00, 0x00, 0x00, 0x00, 0xFF, 0x84, 0x00, 0x00, 0x00, 0x84, 0xFF, 0x00, 0x00, 0x00, 
0x00, 0x00, 0x00, 0xFF, 0x84, 0x00, 0x00, 0x00, 0x84, 0xFF, 0x03, 0x0C, 0x00, 0x00, 0x00, 0x00, 
0xFF, 0x84, 0x00, 0x00, 0x00, 0x84, 0xFF, 0xFA, 0xFF, 0xE2, 0x5C, 0x00, 0x00, 0xFF, 0x84, 0x00, 
0x00, 0x00, 0x84, 0xFF, 0x51, 0x4A, 0xAB, 0xFF, 0x56, 0x00, 0xFF, 0x84, 0x00, 0x00, 0x00, 0x84, 
0xFF, 0x00, 0x00, 0x01, 0xBE, 0xE1, 0x03, 0xFF, 0x84, 0x00, 0x00, 0x00, 0x84, 0xFF, 0x00, 0x00, 
0x00, 0x52, 0xFF, 0x39, 0xFF, 0x84, 0x00, 0x00, 0x00, 0x84, 0xFF, 0x00, 0x00, 0x00, 0x1B, 0xFF, 
0x6B, 0xFF, 0x84, 0x00, 0x00, 0x00, 0x84, 0xFF, 0x00, 0x00, 0x00, 0x05, 0xFF, 0x80, 0xFF, 0x84, 
0x00, 0x00, 0x00, 0x84, 0xFF, 0x00, 0x00, 0x00, 0x06, 0xFF, 0x7D, 0xFF, 0x84, 0x00, 0x00, 0x00, 
0x84, 0xFF, 0x00, 0x00, 0x00, 0x1C, 0xFF, 0x67, 0x00, 0x00, 0x00, 0x00, 0x00, 0x00, 0x00, 0x00, 
0x00, 0x00, 0x4E, 0xFF, 0x3B, 0x00, 0x00, 0x00, 0x00, 0x00, 0x00, 0x00, 0x00, 0x00, 0x00, 0xB1, 
0xE8, 0x04, 0x00, 0x00, 0x00, 0x00, 0x00, 0x00, 0x0B, 0x80, 0x55, 0x9B, 0xFF, 0x68, 0x00, 0x00, 
0x00, 0x00, 0x00, 0x00, 0x00, 0x0A, 0xCF, 0xFA, 0xE8, 0x73, 0x00, 0x00, 0xFF, 0xFF, 0xFF, 0xFF, 
0xFF, 0xFF, 0x00, 0x00, 0x00, 0x00, 0x00, 0xFF, 0xAB, 0x50, 0x50, 0xAB, 0xFF, 0x00, 0x00, 0x00, 
0x00, 0x00, 0xFF, 0x84, 0x00, 0x00, 0x84, 0xFF, 0x00, 0x00, 0x00, 0x00, 0x00, 0xFF, 0x84, 0x00, 
0x00, 0x84, 0xFF, 0x04, 0x09, 0x00, 0x00, 0x00, 0xFF, 0x84, 0x00, 0x00, 0x84, 0xFF, 0xF8, 0xFF, 
0xD1, 0x43, 0x00, 0xFF, 0x84, 0x00, 0x00, 0x84, 0xFF, 0x52, 0x53, 0xC7, 0xF9, 0x2D, 0xFF, 0x84, 
0x00, 0x00, 0x84, 0xFF, 0x00, 0x00, 0x0F, 0xEF, 0xA3, 0xFF, 0x84, 0x00, 0x00, 0x84, 0xFF, 0x00, 
0x00, 0x00, 0xA8, 0xE2, 0xFF, 0x84, 0x00, 0x00, 0x84, 0xFF, 0x00, 0x00, 0x00, 0x8A, 0xFC, 0xFF, 
0x84, 0x00, 0x00, 0x84, 0xFF, 0x00, 0x00, 0x00, 0x89, 0xFC, 0x00, 0x00, 0x00, 0x00, 0x00, 0x00, 
0x00, 0x00, 0x00, 0xA4, 0xE3, 0x00, 0x00, 0x00, 0x00, 0x00, 0x00, 0x00, 0x00, 0x07, 0xE7, 0xAD, 
0x00, 0x00, 0x00, 0x00, 0x00, 0x1A, 0x81, 0x57, 0xB3, 0xFF, 0x40, 0x00, 0x00, 0x00, 0x00, 0x00, 
0x14, 0xCB, 0xFB, 0xE2, 0x61, 0x00, 0x00, 0x06, 0x86, 0xE6, 0xFC, 0xDA, 0x09, 0x00, 0x00, 0x00, 
0x00, 0xA9, 0xFA, 0x84, 0x53, 0x4F, 0x08, 0x02, 0x00, 0x00, 0x40, 0xFF, 0x6A, 0x00, 0x04, 0xA4, 
0xFE, 0xE8, 0x44, 0x00, 0x9E, 0xED, 0x05, 0x00, 0x6A, 0xFF, 0x64, 0xB3, 0xEB, 0x0A, 0xD5, 0xB3, 
0x00, 0x00, 0xC3, 0xC3, 0x00, 0x33, 0xFF, 0x4E, 0xF4, 0x92, 0x00, 0x00, 0xEF, 0x93, 0x00, 0x0B, 
0xFF, 0x76, 0xFF, 0x86, 0x00, 0x00, 0xFD, 0x86, 0x00, 0x02, 0xFF, 0x82, 0xF6, 0x8F, 0x00, 0x00, 
0xF5, 0x90, 0x00, 0x0E, 0xFF, 0x74, 0xD9, 0xB0, 0x00, 0x00, 0xD5, 0xB3, 0x00, 0x35, 0xFF, 0x4C, 
0x9D, 0xEE, 0x07, 0x00, 0x9A, 0xF0, 0x07, 0x81, 0xF6, 0x0D, 0x3C, 0xFF, 0x74, 0x00, 0x42, 0xFF, 
0x84, 0xEF, 0x90, 0x00, 0x00, 0x9E, 0xFD, 0x8E, 0x56, 0xEA, 0xFF, 0xE8, 0x23, 0x18, 0x00, 0x03, 
0x7A, 0xE0, 0xFC, 0xD5, 0xB5, 0xFE, 0xFF, 0xFF, 0x00, 0x00, 0x00, 0x00, 0x00, 0x00, 0x00, 0x15, 
0x3A, 0x35, 0x00, 0x42, 0xCE, 0xFB, 0xD4, 0x00, 0x00, 0x00, 0x00, 0x2C, 0xF9, 0xC0, 0x59, 0x4A, 
0x08, 0x02, 0x00, 0x00, 0x9F, 0xEE, 0x0D, 0x00, 0x98, 0xFE, 0xE5, 0x34, 0x00, 0xDD, 0xA8, 0x00, 
0x3E, 0xFF, 0x7F, 0xD9, 0xBF, 0x00, 0xF9, 0x8A, 0x00, 0x77, 0xFF, 0x0D, 0x91, 0xF4, 0x00, 0xFB, 
0x8A, 0x00, 0x81, 0xFF, 0x03, 0x87, 0xFB, 0x00, 0xE0, 0xAE, 0x00, 0x64, 0xFF, 0x1B, 0xA5, 0xD1, 
0x00, 0x9C, 0xF3, 0x14, 0x17, 0xF8, 0x72, 0xEE, 0x66, 0x00, 0x28, 0xF7, 0xCD, 0x5C, 0xC0, 0xFF, 
0xD6, 0x51, 0x28, 0x00, 0x3E, 0xCC, 0xFB, 0xE0, 0x9C, 0xE1, 0xFF, 0x80, 0x00, 0x00, 0x64, 0xD5, 
0xFC, 0xF0, 0xB7, 0x21, 0x00, 0x82, 0xFF, 0xA0, 0x56, 0x6A, 0xB8, 0x0D, 0x2C, 0xFE, 0x8B, 0x00, 
0x00, 0x00, 0x00, 0x00, 0x92, 0xF8, 0x11, 0x00, 0x00, 0x00, 0x00, 0x00, 0xD1, 0xBD, 0x00, 0x00, 
0x00, 0x00, 0x00, 0x00, 0xF4, 0x94, 0x00, 0x00, 0x00, 0x00, 0x00, 0x00, 0xFE, 0x86, 0x00, 0x00, 
0x00, 0x00, 0x00, 0x00, 0xF5, 0x90, 0x00, 0x00, 0x00, 0x00, 0x00, 0x00, 0xD5, 0xB6, 0x00, 0x00, 
0x00, 0x00, 0x00, 0x00, 0x9A, 0xF3, 0x0B, 0x00, 0x00, 0x00, 0x00, 0x00, 0x38, 0xFF, 0x89, 0x00, 
0x00, 0x00, 0x00, 0x00, 0x00, 0x95, 0xFF, 0xA4, 0x58, 0x60, 0x9F, 0x00, 0x00, 0x02, 0x73, 0xE5, 
0xFF, 0xF2, 0xBD, 0x00, 0x00, 0x00, 0x00, 0x20, 0xDC, 0x31, 0x00, 0x00, 0x00, 0x00, 0x00, 0x00, 
0x97, 0xD1, 0x00, 0x00, 0x00, 0x00, 0x00, 0x49, 0xC4, 0xF8, 0x00, 0x00, 0x00, 0x00, 0x00, 0xC5, 
0xF7, 0x80, 0x00, 0x00, 0x00, 0x4B, 0xD4, 0xFC, 0xE8, 0x61, 0x32, 0xFB, 0xBC, 0x58, 0x73, 0x3E, 
0xA4, 0xE9, 0x09, 0x00, 0x00, 0x00, 0xE1, 0xA4, 0x00, 0x00, 0x00, 0x00, 0xFB, 0x89, 0x00, 0x00, 
0x00, 0x00, 0xFC, 0x88, 0x00, 0x00, 0x00, 0x00, 0xE7, 0xA4, 0x00, 0x00, 0x00, 0x00, 0xAD, 0xE8, 
0x08, 0x00, 0x00, 0x00, 0x3E, 0xFE, 0xB6, 0x56, 0x71, 0x59, 0x00, 0x58, 0xE6, 0xFF, 0xDE, 0x4E, 
0x00, 0x00, 0x17, 0xE5, 0x45, 0x00, 0x00, 0x00, 0x00, 0x95, 0xDA, 0x00, 0x00, 0x00, 0x4D, 0xC7, 
0xF6, 0x00, 0x00, 0x00, 0xD5, 0xF6, 0x7C, 0x00, 0xFF, 0xFF, 0xFF, 0xFF, 0xFF, 0xFF, 0xFF, 0x50, 
0x50, 0x50, 0xFF, 0xAB, 0x50, 0x50, 0x00, 0x00, 0x00, 0xFF, 0x84, 0x00, 0x00, 0x00, 0x00, 0x00, 
0xFF, 0x84, 0x00, 0x00, 0x00, 0x00, 0x00, 0xFF, 0x84, 0x00, 0x00, 0x00, 0x00, 0x00, 0xFF, 0x84, 
0x00, 0x00, 0x00, 0x00, 0x00, 0xFF, 0x84, 0x00, 0x00, 0x00, 0x00, 0x00, 0xFF, 0x84, 0x00, 0x00, 
0x00, 0x00, 0x00, 0xFF, 0x84, 0x00, 0x00, 0x00, 0x00, 0x00, 0xFF, 0x84, 0x00, 0x00, 0x00, 0x00, 
0x00, 0xFF, 0x84, 0x00, 0x00, 0x00, 0x00, 0x00, 0xFF, 0x84, 0x00, 0x00, 0x00, 0x00, 0x00, 0xFF, 
0xFF, 0x84, 0x00, 0x00, 0x00, 0x00, 0x00, 0xFF, 0x84, 0x00, 0x00, 0x00, 0x00, 0x00, 0xFF, 0x84, 
0x00, 0x00, 0x00, 0x00, 0x00, 0xFF, 0x84, 0x00, 0x00, 0x00, 0x00, 0x00, 0xFF, 0x84, 0x00, 0xFF, 
0xFF, 0xFF, 0xFF, 0xFF, 0xFF, 0x50, 0x50, 0xFF, 0xAB, 0x50, 0x50, 0x00, 0x00, 0xFF, 0x84, 0x00, 
0x00, 0x00, 0x00, 0xFF, 0x84, 0x00, 0x00, 0x00, 0x00, 0xFF, 0x84, 0x00, 0x00, 0x00, 0x00, 0xFF, 
0x84, 0x00, 0x00, 0x00, 0x00, 0xFF, 0x84, 0x00, 0x00, 0x00, 0x00, 0xFF, 0x84, 0x00, 0x00, 0x00, 
0x00, 0xFF, 0x84, 0x00, 0x00, 0x00, 0x00, 0xFF, 0xFF, 0xFF, 0x00, 0x00, 0x00, 0x00, 0x84, 0xFF, 
0x00, 0x00, 0x00, 0x00, 0x84, 0xFF, 0x00, 0x00, 0x00, 0x00, 0x84, 0xFF, 0x00, 0x00, 0x00, 0x00, 
0x84, 0xFF, 0x00, 0x03, 0xE4, 0xBA, 0x00, 0x00, 0x00, 0x2E, 0xFF, 0x6A, 0x00, 0x84, 0xFD, 0x18, 
0x00, 0x00, 0x8A, 0xF6, 0x10, 0x00, 0x22, 0xFF, 0x71, 0x00, 0x02, 0xE4, 0xA3, 0x00, 0x00, 0x00, 
0xBE, 0xCB, 0x00, 0x42, 0xFF, 0x3F, 0x00, 0x00, 0x00, 0x5B, 0xFF, 0x27, 0x9E, 0xDA, 0x01, 0x00, 
0x00, 0x00, 0x08, 0xF0, 0x8B, 0xF2, 0x77, 0x00, 0x00, 0x00, 0x00, 0x00, 0x94, 0xFC, 0xFB, 0x18, 
0x00, 0x00, 0x00, 0x00, 0x00, 0x32, 0xFF, 0xB0, 0x00, 0x00, 0x00, 0x00, 0x00, 0x00, 0x00, 0xFF, 
0x84, 0x00, 0x00, 0x00, 0x00, 0x00, 0x00, 0x00, 0xFF, 0x84, 0x00, 0x00, 0x00, 0x00, 0x00, 0x00, 
0x00, 0xFF, 0x84, 0x00, 0x00, 0x00, 0x00, 0x00, 0x00, 0x00, 0xFF, 0x84, 0x00, 0x00, 0x00, 0x00, 
0x00, 0x00, 0x00, 0xFF, 0x84, 0x00, 0x00, 0x00, 0xA3, 0xE8, 0x01, 0x00, 0x00, 0x56, 0xFF, 0x37, 
0x59, 0xFF, 0x2D, 0x00, 0x00, 0x98, 0xE9, 0x02, 0x13, 0xFD, 0x70, 0x00, 0x00, 0xDC, 0xA0, 0x00, 
0x00, 0xC7, 0xB4, 0x00, 0x20, 0xFF, 0x55, 0x00, 0x00, 0x7D, 0xF2, 0x04, 0x64, 0xFA, 0x0F, 0x00, 
0x00, 0x34, 0xFF, 0x39, 0xA6, 0xBF, 0x00, 0x00, 0x00, 0x02, 0xE9, 0x75, 0xE9, 0x74, 0x00, 0x00, 
0x00, 0x00, 0xA1, 0xCD, 0xFF, 0x28, 0x00, 0x00, 0x00, 0x00, 0x58, 0xFF, 0xDE, 0x00, 0x00, 0x00, 
0x00, 0x00, 0x11, 0xFF, 0x96, 0x00, 0x00, 0x00, 0x00, 0x00, 0x00, 0xFF, 0x84, 0x00, 0x00, 0x00, 
0x00, 0x00, 0x00, 0xFF, 0x84, 0x00, 0x00, 0x00, 0x00, 0x00, 0x00, 0xFF, 0x84, 0x00, 0x00, 0x00, 
0x00, 0x00, 0x00, 0xFF, 0x84, 0x00, 0x00, 0x00, 0x08, 0xF0, 0xB4, 0x00, 0x00, 0x00, 0x87, 0xF3, 
0x08, 0x00, 0x98, 0xFA, 0x12, 0x00, 0x00, 0xD1, 0xAA, 0x00, 0x00, 0x38, 0xFF, 0x64, 0x00, 0x1A, 
0xFF, 0x5A, 0x00, 0x00, 0x00, 0xD8, 0xBC, 0x00, 0x62, 0xFA, 0x10, 0x00, 0x00, 0x00, 0x78, 0xFD, 
0x17, 0xAB, 0xBA, 0x00, 0x00, 0x00, 0x00, 0x1B, 0xFD, 0x70, 0xF0, 0x6A, 0x00, 0x00, 0x00, 0x00, 
0x00, 0xB8, 0xEC, 0xFF, 0x1B, 0x00, 0x00, 0x00, 0x00, 0x00, 0x58, 0xFF, 0xCA, 0x00, 0x00, 0x00, 
0x00, 0x00, 0x14, 0x1C, 0xFF, 0x93, 0x14, 0x00, 0x00, 0x00, 0x00, 0xFF, 0xFF, 0xFF, 0xFF, 0xFF, 
0x00, 0x00, 0x00, 0x00, 0x44, 0x44, 0xFF, 0xA5, 0x44, 0x00, 0x00, 0x00, 0x00, 0x00, 0x00, 0xFF, 
0x84, 0x00, 0x00, 0x00, 0x00, 0x00, 0x00, 0x00, 0xFF, 0x84, 0x00, 0x00, 0x00, 0xD2, 0xCB, 0x00, 
0x00, 0x00, 0x8D, 0xE4, 0x86, 0xFD, 0x10, 0x00, 0x00, 0xC5, 0xA4, 0x3A, 0xFF, 0x50, 0x00, 0x07, 
0xF8, 0x64, 0x03, 0xEB, 0x94, 0x00, 0x39, 0xFF, 0x24, 0x00, 0xA2, 0xD7, 0x00, 0x72, 0xE4, 0x00, 
0x00, 0x56, 0xFF, 0x1C, 0xAC, 0xA7, 0x00, 0x00, 0x10, 0xFA, 0x5F, 0xE7, 0x67, 0x00, 0x00, 0x00, 
0xBE, 0xB9, 0xFF, 0x27, 0x00, 0x00, 0x00, 0x72, 0xFD, 0xE7, 0x00, 0x00, 0x00, 0x00, 0x26, 0xFF, 
0xA7, 0x00, 0x00, 0x00, 0xFF, 0xFF, 0xFF, 0xFF, 0xFF, 0x00, 0x00, 0x30, 0x30, 0xFF, 0x9B, 0x30, 
0x00, 0x00, 0x00, 0x00, 0xFF, 0x84, 0x00, 0x00, 0x00, 0x00, 0x00, 0xFF, 0x84, 0x00, 0x00, 0x5B, 
0xFF, 0x4B, 0x00, 0x00, 0x13, 0xF8, 0x99, 0x00, 0x05, 0xE5, 0xB2, 0x00, 0x00, 0x6F, 0xFF, 0x2B, 
0x00, 0x00, 0x7A, 0xFC, 0x1C, 0x00, 0xD4, 0xBD, 0x00, 0x00, 0x00, 0x13, 0xF6, 0x7F, 0x3A, 0xFF, 
0x4E, 0x00, 0x00, 0x00, 0x00, 0x99, 0xE3, 0xA1, 0xDF, 0x02, 0x00, 0x00, 0x00, 0x00, 0x29, 0xFF, 
0xFF, 0x72, 0x00, 0x00, 0x00, 0x00, 0x00, 0x00, 0xDE, 0xFF, 0x1E, 0x00, 0x00, 0x00, 0x00, 0x00, 
0x42, 0xFF, 0xFE, 0x6D, 0x00, 0x00, 0x00, 0x00, 0x00, 0xBC, 0xD1, 0x9F, 0xD6, 0x01, 0x00, 0x00, 
0x00, 0x33, 0xFF, 0x5E, 0x33, 0xFF, 0x40, 0x00, 0x00, 0x00, 0xAF, 0xE5, 0x05, 0x00, 0xC7, 0xA9, 
0x00, 0x00, 0x28, 0xFE, 0x77, 0x00, 0x00, 0x59, 0xFB, 0x18, 0x00, 0xA0, 0xF3, 0x0F, 0x00, 0x00, 
0x06, 0xE9, 0xFF, 0x84, 0x00, 0x00, 0x00, 0x00, 0x00, 0x00, 0x00, 0xFF, 0x84, 0x00, 0x00, 0x00, 
0x00, 0x00, 0x00, 0x00, 0xFF, 0x84, 0x00, 0x00, 0x00, 0x00, 0x00, 0x00, 0x00, 0xFF, 0x84, 0x00, 
0x00, 0x00, 0x00, 0x00, 0x00, 0x00, 0xFF, 0x84, 0x6F, 0xFF, 0x33, 0x00, 0x05, 0xE4, 0xBE, 0x00, 
0x09, 0xEA, 0xA2, 0x00, 0x58, 0xFF, 0x43, 0x00, 0x00, 0x79, 0xF9, 0x17, 0xC6, 0xC9, 0x00, 0x00, 
0x00, 0x0E, 0xF0, 0xB3, 0xFF, 0x4E, 0x00, 0x00, 0x00, 0x00, 0x83, 0xFF, 0xD1, 0x01, 0x00, 0x00, 
0x00, 0x00, 0x7C, 0xFF, 0xB9, 0x00, 0x00, 0x00, 0x00, 0x11, 0xF0, 0xC7, 0xFF, 0x33, 0x00, 0x00, 
0x00, 0x84, 0xF5, 0x17, 0xCE, 0xAC, 0x00, 0x00, 0x16, 0xF4, 0x8F, 0x00, 0x50, 0xFE, 0x28, 0x00, 
0x8F, 0xF7, 0x19, 0x00, 0x01, 0xD1, 0xFF, 0x84, 0x00, 0x00, 0x00, 0x00, 0x00, 0x00, 0xFF, 0x84, 
0x00, 0x00, 0x00, 0x00, 0x00, 0x00, 0xFF, 0x84, 0x00, 0x00, 0x00, 0x00, 0x00, 0x00, 0xFF, 0x84, 
0x00, 0x00, 0x00, 0x00, 0x00, 0x00, 0xFF, 0x84, 0xFF, 0xFF, 0xFF, 0xFF, 0xFF, 0xFF, 0xFF, 0x00, 
0x84, 0xFF, 0x00, 0x00, 0x50, 0x50, 0xAB, 0xFF, 0x50, 0x50, 0x50, 0x00, 0x84, 0xFF, 0x00, 0x00, 
0x00, 0x00, 0x84, 0xFF, 0x00, 0x00, 0x00, 0x00, 0x84, 0xFF, 0x00, 0x00, 0x00, 0x00, 0x84, 0xFF, 
0x00, 0x00, 0x00, 0x00, 0x84, 0xFF, 0x00, 0x00, 0x00, 0x00, 0x84, 0xFF, 0x00, 0x00, 0x00, 0x00, 
0x84, 0xFF, 0x00, 0x00, 0x00, 0x00, 0x84, 0xFF, 0x00, 0x00, 0x00, 0x00, 0x84, 0xFF, 0x00, 0x00, 
0x00, 0x00, 0x84, 0xFF, 0x00, 0x00, 0x00, 0x00, 0x84, 0xFF, 0x00, 0x00, 0x00, 0x00, 0x84, 0xFF, 
0x00, 0x00, 0x00, 0x00, 0x84, 0xFF, 0x00, 0x00, 0x00, 0x00, 0x84, 0xFF, 0x00, 0x00, 0x00, 0x00, 
0x84, 0xFF, 0x00, 0x00, 0x00, 0x00, 0x84, 0xFF, 0x00, 0x00, 0x00, 0x00, 0x84, 0xFF, 0x00, 0x00, 
0x00, 0x00, 0x84, 0xFF, 0x00, 0x00, 0x00, 0x00, 0x84, 0xFF, 0x00, 0x00, 0x00, 0x00, 0x84, 0xFF, 
0x68, 0x68, 0x68, 0x68, 0xB6, 0xFF, 0x68, 0x36, 0x00, 0x00, 0x84, 0xFF, 0xFF, 0xFF, 0xFF, 0xFF, 
0xFF, 0xFF, 0xFF, 0x84, 0x00, 0x00, 0x00, 0x00, 0x00, 0x00, 0x00, 0x00, 0x00, 0x00, 0xFF, 0x84, 
0x00, 0x00, 0x00, 0x00, 0x00, 0x00, 0x00, 0x00, 0x00, 0x00, 0xFF, 0x84, 0x00, 0x00, 0x00, 0x00, 
0x00, 0x00, 0x00, 0x00, 0x00, 0x00, 0xFF, 0x84, 0x00, 0x00, 0x00, 0x00, 0x00, 0x00, 0x00, 0x00, 
0x00, 0x00, 0x98, 0x4E, 0xFF, 0xFF, 0xFF, 0xFF, 0xFF, 0xFF, 0x00, 0xFF, 0x84, 0x00, 0x50, 0x50, 
0xFF, 0xAB, 0x50, 0x50, 0x00, 0xFF, 0x84, 0x00, 0x00, 0x00, 0xFF, 0x84, 0x00, 0x00, 0x00, 0xFF, 
0x84, 0x00, 0x00, 0x00, 0xFF, 0x84, 0x00, 0x00, 0x00, 0xFF, 0x84, 0x00, 0x00, 0x00, 0xFF, 0x84, 
0x00, 0x00, 0x00, 0xFF, 0x84, 0x00, 0x00, 0x00, 0xFF, 0x84, 0x00, 0x00, 0x00, 0xFF, 0x84, 0x00, 
0x00, 0x00, 0xFF, 0x84, 0x00, 0x00, 0x00, 0xFF, 0x84, 0x00, 0x00, 0x00, 0xFF, 0x84, 0x00, 0x00, 
0x00, 0xFF, 0x84, 0x00, 0x00, 0x00, 0xFF, 0xAB, 0x50, 0x50, 0x50, 0xFF, 0xAB, 0x29, 0x00, 0x00, 
0xFF, 0xFF, 0xFF, 0xFF, 0xFF, 0xFF, 0xFF, 0x84, 0x00, 0x00, 0x00, 0x00, 0x00, 0x00, 0x00, 0x00, 
0xFF, 0x84, 0x00, 0x00, 0x00, 0x00, 0x00, 0x00, 0x00, 0x00, 0xFF, 0x84, 0x00, 0x00, 0x00, 0x00, 
0x00, 0x00, 0x00, 0x00, 0xFF, 0x84, 0x00, 0x00, 0x00, 0x00, 0x00, 0x00, 0x00, 0x00, 0xB0, 0x5B, 
0xFF, 0x84, 0x00, 0x00, 0x00, 0x00, 0xFF, 0x84, 0x00, 0xFF, 0x84, 0x00, 0x00, 0x00, 0x00, 0xFF, 
0x84, 0x00, 0xFF, 0x84, 0x00, 0x00, 0x00, 0x00, 0xFF, 0x84, 0x00, 0xFF, 0x84, 0x00, 0x00, 0x00, 
0x00, 0xFF, 0x84, 0x00, 0xFF, 0x84, 0x00, 0x00, 0x00, 0x00, 0xFF, 0x84, 0x00, 0xF9, 0x98, 0x00, 
0x00, 0x00, 0x00, 0xFF, 0x84, 0x00, 0xC6, 0xEE, 0x43, 0x22, 0x46, 0x9B, 0xFF, 0x84, 0x00, 0x38, 
0xEE, 0xFF, 0xFF, 0xFD, 0xB5, 0xFF, 0x84, 0x00, 0x00, 0x0D, 0x43, 0x40, 0x13, 0x00, 0xFF, 0x84, 
0x00, 0x00, 0x00, 0x00, 0x00, 0x00, 0x00, 0xFF, 0x84, 0x00, 0x00, 0x00, 0x00, 0x00, 0x00, 0x00, 
0xFF, 0x84, 0x00, 0x00, 0x00, 0x00, 0x00, 0x00, 0x00, 0xFF, 0x84, 0x00, 0x00, 0x00, 0x00, 0x00, 
0x00, 0x00, 0xFF, 0xFF, 0x84, 0x00, 0x00, 0x00, 0x00, 0x00, 0x00, 0x00, 0xFF, 0x84, 0x00, 0x00, 
0x00, 0x00, 0x00, 0x00, 0x00, 0xFF, 0x84, 0x00, 0x00, 0x00, 0x00, 0x00, 0x00, 0x00, 0xFF, 0x84, 
0x00, 0x00, 0x00, 0x00, 0x00, 0x00, 0x00, 0xFF, 0x84, 0xFF, 0x84, 0x00, 0x00, 0x00, 0xFF, 0x84, 
0x00, 0xFF, 0x84, 0x00, 0x00, 0x00, 0xFF, 0x84, 0x00, 0xFF, 0x84, 0x00, 0x00, 0x00, 0xFF, 0x84, 
0x00, 0xFF, 0x84, 0x00, 0x00, 0x00, 0xFF, 0x84, 0x00, 0xFC, 0x89, 0x00, 0x00, 0x05, 0xFF, 0x84, 
0x00, 0xD4, 0xD5, 0x21, 0x37, 0xC5, 0xFF, 0x84, 0x00, 0x53, 0xFB, 0xFF, 0xFB, 0x8F, 0xFF, 0x84, 
0x00, 0x00, 0x1A, 0x3C, 0x14, 0x00, 0xFF, 0x84, 0x00, 0x00, 0x00, 0x00, 0x00, 0x00, 0xFF, 0x84, 
0x00, 0x00, 0x00, 0x00, 0x00, 0x00, 0xFF, 0xFF, 0x84, 0x00, 0x00, 0x00, 0x00, 0x00, 0x00, 0xFF, 
0x84, 0x00, 0x00, 0x00, 0x00, 0x00, 0x00, 0xFF, 0x84, 0x00, 0x00, 0x00, 0x00, 0x00, 0x00, 0xFF, 
0x84, 0x00, 0x00, 0x00, 0x00, 0x00, 0x00, 0xFF, 0x84, 0xFF, 0x84, 0x00, 0x00, 0x00, 0x00, 0xFF, 
0x84, 0xFF, 0x84, 0x00, 0x00, 0x00, 0x00, 0xFF, 0x84, 0xFF, 0x84, 0x00, 0x00, 0x00, 0x00, 0xFF, 
0x84, 0xFF, 0x84, 0x00, 0x00, 0x00, 0x00, 0xFF, 0x84, 0xFF, 0x84, 0x00, 0xFF, 0x84, 0x00, 0xFF, 
0x84, 0xF9, 0x93, 0x00, 0xFF, 0x84, 0x00, 0xFF, 0x84, 0xC9, 0xE3, 0x2C, 0xFF, 0x99, 0x73, 0xFF, 
0x84, 0x3C, 0xED, 0xFF, 0xFF, 0xFF, 0xC9, 0xFF, 0x84, 0x00, 0x09, 0x35, 0xFF, 0x8D, 0x00, 0xFF, 
0x84, 0x00, 0x00, 0x00, 0xFF, 0x84, 0x00, 0xFF, 0x84, 0x00, 0x00, 0x00, 0xFF, 0x84, 0x00, 0xFF, 
0x84, 0x00, 0x00, 0x00, 0x00, 0x00, 0x00, 0xFF, 0x84, 0x00, 0x00, 0x00, 0x00, 0x00, 0x00, 0xFF, 
0x84, 0xFF, 0x84, 0x00, 0x00, 0x00, 0xFF, 0x84, 0xFF, 0x84, 0x00, 0x00, 0x00, 0xFF, 0x84, 0xFF, 
0x84, 0x00, 0x00, 0x00, 0xFF, 0x84, 0xFF, 0x84, 0x84, 0xFF, 0x00, 0xFF, 0x84, 0xFB, 0x88, 0x84, 
0xFF, 0x03, 0xFF, 0x84, 0xD6, 0xC8, 0x90, 0xFF, 0xA2, 0xFF, 0x84, 0x5D, 0xFE, 0xFF, 0xFF, 0xAC, 
0xFF, 0x84, 0x00, 0x1F, 0xA1, 0xFF, 0x00, 0xFF, 0x84, 0x00, 0x00, 0x84, 0xFF, 0x00, 0xFF, 0x84, 
0x00, 0x00, 0x00, 0x00, 0x00, 0xFF, 0x84, 0xFF, 0x84, 0x00, 0x00, 0x00, 0x00, 0x00, 0x00, 0xFF, 
0x84, 0x00, 0x00, 0x00, 0x00, 0x00, 0x00, 0xFF, 0x84, 0x00, 0x00, 0x00, 0x00, 0x00, 0x00, 0xFF, 
0x84, 0x00, 0x00, 0x00, 0x00, 0x00, 0x00, 0xFF, 0x84, 0x00, 0x01, 0x0C, 0x01, 0x00, 0x00, 0xFF, 
0xB7, 0xAF, 0xF1, 0xFF, 0xF0, 0x75, 0x00, 0xFF, 0xEA, 0x8B, 0x51, 0x48, 0xB4, 0xFF, 0x3A, 0xFF, 
0x84, 0x00, 0x00, 0x00, 0x1A, 0xFF, 0x78, 0xFF, 0x84, 0x00, 0x00, 0x00, 0x01, 0xFF, 0x84, 0xFF, 
0x84, 0x00, 0x00, 0x00, 0x00, 0xFF, 0x84, 0xFF, 0x84, 0x00, 0x00, 0x00, 0x00, 0xFF, 0x84, 0xFF, 
0x84, 0x00, 0x00, 0x00, 0x00, 0xFF, 0x84, 0xFF, 0x84, 0x00, 0x00, 0x00, 0x00, 0xFF, 0x84, 0xFF, 
0x84, 0x00, 0x00, 0x00, 0x00, 0x00, 0xFF, 0x84, 0x00, 0x00, 0x00, 0x00, 0x00, 0xFF, 0x84, 0x00, 
0x00, 0x00, 0x00, 0x00, 0xFF, 0x84, 0x00, 0x00, 0x00, 0x00, 0x00, 0xFF, 0x84, 0x99, 0xF5, 0xEC, 
0x75, 0x00, 0xFF, 0xE4, 0xA5, 0x56, 0xB4, 0xFF, 0x32, 0xFF, 0xD9, 0x02, 0x00, 0x1F, 0xFF, 0x73, 
0xFF, 0x9B, 0x00, 0x00, 0x02, 0xFF, 0x83, 0xFF, 0x87, 0x00, 0x00, 0x00, 0xFF, 0x84, 0xFF, 0x84, 
0x00, 0x00, 0x00, 0xFF, 0x84, 0xFF, 0x84, 0x00, 0x00, 0x00, 0xFF, 0x84, 0xFF, 0x84, 0x00, 0x00, 
0x00, 0xFF, 0x84, 0xFF, 0x84, 0x00, 0x00, 0x00, 0xFF, 0x84, 0xFF, 0x84, 0x00, 0x00, 0x00, 0xFF, 
0x84, 0x00, 0x00, 0x00, 0x00, 0x2D, 0xBC, 0xF8, 0xF1, 0xA6, 0x16, 0x00, 0x00, 0x00, 0x00, 0x26, 
0xF1, 0xC8, 0x5D, 0x6A, 0xE3, 0xD0, 0x05, 0x00, 0x00, 0x00, 0xB3, 0xD8, 0x09, 0x00, 0x00, 0x2F, 
0xFF, 0x5E, 0x00, 0x00, 0x17, 0xFE, 0x68, 0x00, 0x00, 0x00, 0x00, 0xC8, 0xAF, 0xDA, 0x8D, 0x52, 
0xFF, 0x22, 0x00, 0x00, 0x00, 0x00, 0x9A, 0xDF, 0xF9, 0xAD, 0x85, 0xFF, 0x1A, 0x14, 0x14, 0x14, 
0x14, 0x91, 0xF6, 0x9C, 0xFF, 0xFF, 0xFF, 0xFF, 0xFF, 0xFF, 0xFF, 0xFF, 0xFF, 0xFF, 0x00, 0x30, 
0xA3, 0xFF, 0x46, 0x44, 0x44, 0x44, 0x44, 0x44, 0x44, 0x00, 0x00, 0x6E, 0xFF, 0x18, 0x00, 0x00, 
0x00, 0x00, 0x00, 0x00, 0x00, 0x00, 0x3B, 0xFF, 0x53, 0x00, 0x00, 0x00, 0x00, 0x00, 0x00, 0x00, 
0x00, 0x02, 0xDA, 0xCD, 0x07, 0x00, 0x00, 0x00, 0x00, 0x00, 0x00, 0x00, 0x00, 0x40, 0xFA, 0xCD, 
0x66, 0x53, 0x6E, 0xAF, 0x53, 0x00, 0x00, 0x00, 0x00, 0x37, 0xB9, 0xF3, 0xFD, 0xE1, 0xA8, 0x25, 
0x00, 0x00, 0x00, 0x17, 0xB0, 0xF8, 0xEB, 0x79, 0x00, 0x00, 0x00, 0x00, 0xC3, 0xD7, 0x5D, 0x8C, 
0xFF, 0x5E, 0xA3, 0x72, 0x38, 0xFF, 0x39, 0x00, 0x00, 0xC1, 0xC4, 0xFB, 0xA8, 0x79, 0xFF, 0x17, 
0x10, 0x10, 0x93, 0xF3, 0xA7, 0xFF, 0xFF, 0xFF, 0xFF, 0xFF, 0xFF, 0xFF, 0xFF, 0x00, 0x28, 0x9F, 
0xFF, 0x43, 0x40, 0x40, 0x40, 0x40, 0x00, 0x00, 0x69, 0xFF, 0x1C, 0x00, 0x00, 0x00, 0x00, 0x00, 
0x00, 0x29, 0xFF, 0x6D, 0x00, 0x00, 0x00, 0x00, 0x00, 0x00, 0x00, 0xAD, 0xF6, 0x7A, 0x55, 0x81, 
0x7E, 0x00, 0x00, 0x00, 0x0C, 0x98, 0xEF, 0xFA, 0xD0, 0x4F, 0x00, 0x00, 0x00, 0x00, 0x35, 0xC1, 
0xF9, 0xF0, 0xA3, 0x15, 0x00, 0x00, 0x00, 0x00, 0x33, 0xF7, 0xC8, 0x5D, 0x6A, 0xE3, 0xCD, 0x05, 
0x00, 0x00, 0x00, 0xCA, 0xD8, 0x09, 0x00, 0x00, 0x2E, 0xFE, 0x5D, 0x00, 0x00, 0x2D, 0xFF, 0x68, 
0x00, 0x00, 0x00, 0x00, 0xC8, 0xAE, 0xDA, 0x8D, 0x67, 0xFF, 0x22, 0x00, 0x00, 0x00, 0x00, 0x99, 
0xDE, 0xF9, 0xAD, 0x8C, 0xFF, 0x1A, 0x14, 0x14, 0x14, 0x14, 0x91, 0xF6, 0x9C, 0xFF, 0xFF, 0xFF, 
0xFF, 0xFF, 0xFF, 0xFF, 0xFF, 0xFF, 0xFF, 0x00, 0x30, 0xA3, 0xFF, 0x46, 0x44, 0x44, 0x44, 0x44, 
0x44, 0x44, 0x00, 0x00, 0x72, 0xFF, 0x18, 0x00, 0x00, 0x00, 0x00, 0x00, 0x00, 0x00, 0x00, 0x46, 
0xFF, 0x53, 0x00, 0x00, 0x00, 0x00, 0x00, 0x00, 0x00, 0x00, 0x08, 0xEE, 0xCD, 0x07, 0x00, 0x00, 
0x00, 0x00, 0x00, 0x00, 0x00, 0x00, 0x6A, 0xFF, 0xCD, 0x66, 0x53, 0x6E, 0xAF, 0x53, 0x00, 0x00, 
0x00, 0x00, 0x66, 0xDD, 0xFF, 0xFF, 0xEB, 0xB1, 0x28, 0x00, 0x00, 0x00, 0x00, 0x00, 0x00, 0xFF, 
0x84, 0x00, 0x00, 0x00, 0x00, 0x00, 0x00, 0x00, 0x00, 0x00, 0xFF, 0x84, 0x00, 0x00, 0x00, 0x00, 
0x00, 0x00, 0x00, 0x00, 0x00, 0xFF, 0x84, 0x00, 0x00, 0x00, 0x00, 0x00, 0x00, 0x00, 0x00, 0x00, 
0x80, 0x42, 0x00, 0x00, 0x00, 0x00, 0x00, 0x00, 0x15, 0xB0, 0xF8, 0xEB, 0x79, 0x00, 0x00, 0x00, 
0x00, 0xC1, 0xD7, 0x5D, 0x8C, 0xFF, 0x5E, 0xA3, 0x72, 0x33, 0xFF, 0x39, 0x00, 0x00, 0xC1, 0xC4, 
0xFB, 0xA9, 0x76, 0xFF, 0x17, 0x10, 0x10, 0x93, 0xF3, 0xA7, 0xFF, 0xFF, 0xFF, 0xFF, 0xFF, 0xFF, 
0xFF, 0xFF, 0x00, 0x28, 0xA0, 0xFF, 0x43, 0x40, 0x40, 0x40, 0x40, 0x00, 0x00, 0x70, 0xFF, 0x1C, 
0x00, 0x00, 0x00, 0x00, 0x00, 0x00, 0x3D, 0xFF, 0x6D, 0x00, 0x00, 0x00, 0x00, 0x00, 0x00, 0x02, 
0xD1, 0xF6, 0x7A, 0x55, 0x81, 0x7E, 0x00, 0x00, 0x00, 0x1F, 0xBF, 0xFF, 0xFE, 0xDA, 0x55, 0x00, 
0x00, 0x00, 0x00, 0x00, 0xFF, 0x84, 0x00, 0x00, 0x00, 0x00, 0x00, 0x00, 0x00, 0xFF, 0x84, 0x00, 
0x00, 0x00, 0x00, 0x00, 0x00, 0x00, 0xFF, 0x84, 0x00, 0x00, 0x00, 0x00, 0x00, 0x00, 0x00, 0x80, 
0x42, 0x00, 0x00, 0xF9, 0xFF, 0xFF, 0xFC, 0x07, 0x99, 0xFF, 0x12, 0x00, 0x84, 0xFF, 0x00, 0x00, 
0x84, 0xFF, 0x00, 0x00, 0x84, 0xFF, 0x00, 0x00, 0x84, 0xFF, 0x00, 0x00, 0x84, 0xFF, 0x00, 0x00, 
0x84, 0xFF, 0x00, 0x00, 0x84, 0xFF, 0x00, 0x00, 0x84, 0xFF, 0x00, 0x00, 0x84, 0xFF, 0x00, 0x07, 
0x99, 0xFF, 0x12, 0xF9, 0xFF, 0xFF, 0xFC, 0x00, 0x00, 0x00, 0x01, 0xFA, 0x58, 0x00, 0x00, 0xDF, 
0x78, 0x00, 0x00, 0x00, 0x00, 0x00, 0x00, 0x00, 0xC6, 0xB8, 0x1A, 0x57, 0xFF, 0x42, 0x00, 0x00, 
0x00, 0x00, 0x00, 0x00, 0x00, 0x3F, 0xF3, 0xFF, 0xFF, 0xA6, 0x01, 0x00, 0x00, 0x00, 0x00, 0x00, 
0x00, 0x00, 0x00, 0x0F, 0x3C, 0x28, 0x00, 0x00, 0x00, 0x00, 0x00, 0x0D, 0xE9, 0xB9, 0x00, 0x00, 
0x00, 0xFF, 0x84, 0x00, 0x00, 0x30, 0xFD, 0x79, 0x00, 0x61, 0xFF, 0x4A, 0x00, 0x00, 0xFF, 0x84, 
0x00, 0x00, 0xC0, 0xDE, 0x07, 0x00, 0x02, 0xCA, 0xD6, 0x04, 0x00, 0xFF, 0x84, 0x00, 0x53, 0xFF, 
0x51, 0x00, 0x00, 0x00, 0x39, 0xFF, 0x6C, 0x00, 0xFF, 0x84, 0x07, 0xDD, 0xBD, 0x00, 0x00, 0x00, 
0x00, 0x00, 0xA1, 0xED, 0x11, 0xFF, 0x84, 0x78, 0xFC, 0x2C, 0x00, 0x00, 0x00, 0x00, 0x00, 0x1A, 
0xF3, 0x8E, 0xFF, 0x9B, 0xF2, 0x94, 0x00, 0x00, 0x00, 0x00, 0x00, 0x00, 0x00, 0xC3, 0xDE, 0xFF, 
0xDE, 0xFF, 0x49, 0x00, 0x00, 0x00, 0x00, 0x00, 0x00, 0x46, 0xFF, 0x60, 0xFF, 0x88, 0xD8, 0xCC, 
0x02, 0x00, 0x00, 0x00, 0x00, 0x03, 0xD1, 0xD3, 0x03, 0xFF, 0x84, 0x50, 0xFF, 0x5E, 0x00, 0x00, 
0x00, 0x00, 0x62, 0xFF, 0x4A, 0x00, 0xFF, 0x84, 0x00, 0xC3, 0xE2, 0x09, 0x00, 0x00, 0x0A, 0xE6, 
0xBD, 0x00, 0x00, 0xFF, 0x84, 0x00, 0x37, 0xFF, 0x7A, 0x00, 0x00, 0x7F, 0xFF, 0x33, 0x00, 0x00, 
0xFF, 0x84, 0x00, 0x00, 0xAA, 0xF3, 0x17, 0x19, 0xF4, 0xA6, 0x00, 0x00, 0x00, 0xFF, 0x84, 0x00, 
0x00, 0x24, 0xFA, 0x9A, 0x00, 0x00, 0x00, 0xF9, 0x56, 0x00, 0x00, 0xE0, 0x73, 0x00, 0x00, 0x00, 
0x00, 0x00, 0x00, 0xCC, 0xBA, 0x1A, 0x59, 0xFF, 0x36, 0x00, 0x00, 0x00, 0x00, 0x00, 0x00, 0x44, 
0xF3, 0xFF, 0xFF, 0x99, 0x00, 0x00, 0x00, 0x00, 0x00, 0x00, 0x00, 0x00, 0x0F, 0x3B, 0x25, 0x00, 
0x00, 0x00, 0x00, 0x00, 0x17, 0xF0, 0x8E, 0x00, 0x00, 0xFF, 0x84, 0x00, 0x0F, 0xE9, 0xA2, 0x00, 
0x00, 0x6D, 0xFA, 0x25, 0x00, 0xFF, 0x84, 0x00, 0x8D, 0xEF, 0x16, 0x00, 0x00, 0x03, 0xCF, 0xB2, 
0x00, 0xFF, 0x84, 0x28, 0xFB, 0x68, 0x00, 0x00, 0x00, 0x00, 0x39, 0xFE, 0x44, 0xFF, 0x84, 0xBC, 
0xC8, 0x02, 0x00, 0x00, 0x00, 0x00, 0x00, 0xA6, 0xD1, 0xFF, 0xD0, 0xFF, 0x35, 0x00, 0x00, 0x00, 
0x00, 0x00, 0x08, 0xDE, 0xA2, 0xFF, 0xA8, 0xFA, 0x77, 0x00, 0x00, 0x00, 0x00, 0x00, 0x80, 0xF6, 
0x1C, 0xFF, 0x84, 0x89, 0xF4, 0x1D, 0x00, 0x00, 0x00, 0x22, 0xF7, 0x7F, 0x00, 0xFF, 0x84, 0x0D, 
0xE9, 0xAC, 0x00, 0x00, 0x00, 0xB5, 0xE4, 0x0A, 0x00, 0xFF, 0x84, 0x00, 0x62, 0xFF, 0x47, 0x00, 
0x50, 0xFF, 0x5E, 0x00, 0x00, 0xFF, 0x84, 0x00, 0x02, 0xCC, 0xDB, 0x07, 0xFF, 0x84, 0x00, 0x00, 
0x13, 0xE2, 0xB4, 0x02, 0xFF, 0x84, 0x00, 0x02, 0xB7, 0xDC, 0x10, 0x00, 0xFF, 0x84, 0x00, 0x7B, 
0xF4, 0x2B, 0x00, 0x00, 0xFF, 0x84, 0x43, 0xFC, 0x55, 0x00, 0x00, 0x00, 0xFF, 0x9B, 0xE8, 0x93, 
0x00, 0x00, 0x00, 0x00, 0xFF, 0xFE, 0xFF, 0xFF, 0xE7, 0x67, 0x00, 0x00, 0xFF, 0xB8, 0x49, 0x55, 
0xC7, 0xFF, 0x63, 0x00, 0xFF, 0x84, 0x00, 0x00, 0x08, 0xD5, 0xEA, 0x05, 0xFF, 0x84, 0x00, 0x00, 
0x00, 0x63, 0xFF, 0x3F, 0xFF, 0x84, 0x00, 0x00, 0x00, 0x21, 0xFF, 0x6E, 0xFF, 0x84, 0x00, 0x00, 
0x00, 0x06, 0xFF, 0x81, 0xFF, 0x84, 0x00, 0x00, 0x00, 0x07, 0xFF, 0x7C, 0xFF, 0x84, 0x00, 0x00, 
0x00, 0x1D, 0xFF, 0x66, 0x00, 0x00, 0x00, 0x00, 0x00, 0x53, 0xFF, 0x39, 0x00, 0x00, 0x00, 0x00, 
0x00, 0xB9, 0xE5, 0x03, 0x00, 0x1D, 0x77, 0x55, 0xA0, 0xFF, 0x61, 0x00, 0x00, 0x1C, 0xD5, 0xFC, 
0xE2, 0x67, 0x00, 0x00, 0xFF, 0x84, 0x00, 0x0B, 0xDC, 0xBA, 0x02, 0xFF, 0x84, 0x00, 0x96, 0xE9, 
0x17, 0x00, 0xFF, 0x84, 0x44, 0xFD, 0x46, 0x00, 0x00, 0xFF, 0x92, 0xE2, 0x8F, 0x00, 0x00, 0x00, 
0xFF, 0xF9, 0xFF, 0xFF, 0xC4, 0x20, 0x00, 0xFF, 0xB7, 0x48, 0x6E, 0xF5, 0xCD, 0x01, 0xFF, 0x84, 
0x00, 0x00, 0x73, 0xFF, 0x38, 0xFF, 0x84, 0x00, 0x00, 0x23, 0xFF, 0x6B, 0xFF, 0x84, 0x00, 0x00, 
0x05, 0xFF, 0x80, 0xFF, 0x84, 0x00, 0x00, 0x04, 0xFF, 0x80, 0x00, 0x00, 0x00, 0x00, 0x1E, 0xFF, 
0x67, 0x00, 0x00, 0x00, 0x00, 0x63, 0xFF, 0x31, 0x00, 0x2C, 0x6E, 0x62, 0xEA, 0xC7, 0x00, 0x00, 
0x26, 0xD9, 0xFB, 0xC0, 0x1E, 0x00, 0x00, 0x00, 0x10, 0xFF, 0xFF, 0xFF, 0xFF, 0xFF, 0x84, 0x00, 
0x00, 0x00, 0x28, 0xFF, 0x87, 0x50, 0x50, 0xFF, 0x84, 0x00, 0x00, 0x00, 0x41, 0xFF, 0x3E, 0x00, 
0x00, 0xFF, 0x84, 0x00, 0x00, 0x00, 0x5A, 0xFF, 0x26, 0x00, 0x00, 0xFF, 0x84, 0x00, 0x00, 0x00, 
0x72, 0xFF, 0x0E, 0x00, 0x00, 0xFF, 0x84, 0x00, 0x00, 0x00, 0x8D, 0xF4, 0x00, 0x00, 0x00, 0xFF, 
0x84, 0x00, 0x00, 0x00, 0xAC, 0xDA, 0x00, 0x00, 0x00, 0xFF, 0x84, 0x00, 0x00, 0x00, 0xC8, 0xBF, 
0x00, 0x00, 0x00, 0xFF, 0x84, 0x00, 0x00, 0x00, 0xE8, 0xA4, 0x00, 0x00, 0x00, 0xFF, 0x84, 0x00, 
0x00, 0x0D, 0xFF, 0x7D, 0x00, 0x00, 0x00, 0xFF, 0x84, 0x00, 0x00, 0x47, 0xFF, 0x49, 0x00, 0x00, 
0x00, 0xFF, 0x84, 0x00, 0x4E, 0xC7, 0xEF, 0x0A, 0x00, 0x00, 0x00, 0xFF, 0xAB, 0x44, 0xFE, 0xEC, 
0x55, 0x00, 0x00, 0x00, 0x00, 0xFF, 0xFF, 0xB5, 0x00, 0x00, 0x00, 0x00, 0x00, 0x00, 0x00, 0x02, 
0xE9, 0x7B, 0x00, 0x00, 0x00, 0x00, 0x00, 0x00, 0x00, 0x3A, 0xFF, 0x42, 0x00, 0x00, 0x00, 0x00, 
0x00, 0x00, 0x00, 0x87, 0xFD, 0x0C, 0x00, 0x00, 0x00, 0x00, 0x00, 0x00, 0x00, 0x8A, 0x94, 0x00, 
0x00, 0x01, 0xFF, 0xFF, 0xFF, 0xFF, 0xFF, 0x00, 0x00, 0x00, 0x06, 0xFF, 0xAB, 0x50, 0xAB, 0xFF, 
0x00, 0x00, 0x00, 0x12, 0xFF, 0x7F, 0x00, 0x84, 0xFF, 0x00, 0x00, 0x00, 0x24, 0xFF, 0x76, 0x00, 
0x84, 0xFF, 0x00, 0x00, 0x00, 0x3C, 0xFF, 0x64, 0x00, 0x84, 0xFF, 0x00, 0x00, 0x00, 0x59, 0xFF, 
0x48, 0x00, 0x84, 0xFF, 0x00, 0x00, 0x00, 0x81, 0xFF, 0x21, 0x00, 0x84, 0xFF, 0x00, 0x00, 0x00, 
0xBB, 0xEA, 0x01, 0x00, 0x84, 0xFF, 0x00, 0x00, 0x65, 0xFD, 0x96, 0x00, 0x00, 0x84, 0xFF, 0x50, 
0x17, 0xFE, 0xCD, 0x16, 0x00, 0x00, 0x84, 0xFF, 0xFF, 0x26, 0x00, 0x00, 0x00, 0x00, 0x00, 0x00, 
0x63, 0xF1, 0x01, 0x00, 0x00, 0x00, 0x00, 0x00, 0x00, 0xAA, 0xBE, 0x00, 0x00, 0x00, 0x00, 0x00, 
0x00, 0x03, 0xEE, 0x8A, 0x00, 0x00, 0x00, 0x00, 0x00, 0x00, 0x1E, 0xB0, 0x40, 0x00, 0xFF, 0x84, 
0x00, 0x00, 0x00, 0x00, 0xFF, 0x84, 0xFF, 0x84, 0x00, 0x00, 0x00, 0x00, 0xFF, 0x84, 0xFF, 0x84, 
0x00, 0x00, 0x00, 0x00, 0xFF, 0x84, 0xFF, 0x84, 0x00, 0x00, 0x00, 0x00, 0xFF, 0x84, 0xFF, 0x8C, 
0x10, 0x10, 0x10, 0x10, 0xFF, 0x84, 0xFF, 0xFF, 0xFF, 0xFF, 0xFF, 0xFF, 0xFF, 0x84, 0xFF, 0xA3, 
0x40, 0x40, 0x40, 0x40, 0xFF, 0x84, 0xFF, 0x84, 0x00, 0x00, 0x00, 0x00, 0xFF, 0x84, 0xFF, 0x84, 
0x00, 0x00, 0x00, 0x00, 0xFF, 0x84, 0xFF, 0x84, 0x00, 0x00, 0x00, 0x00, 0xFF, 0x84, 0xFF, 0x84, 
0x00, 0x00, 0x00, 0x00, 0xFF, 0x84, 0xFF, 0x84, 0x00, 0x00, 0x00, 0x00, 0xFF, 0x84, 0xFF, 0x84, 
0x00, 0x00, 0x00, 0x07, 0xFF, 0x7F, 0x00, 0x00, 0x00, 0x00, 0x00, 0x27, 0xFF, 0x63, 0x00, 0x00, 
0x00, 0x00, 0x00, 0x77, 0xFF, 0x25, 0x00, 0x00, 0x6D, 0x57, 0x78, 0xF7, 0xAB, 0x00, 0x00, 0x00, 
0xA6, 0xF8, 0xF1, 0xA0, 0x0D, 0x00, 0xFF, 0x84, 0x00, 0x00, 0x00, 0xFF, 0x84, 0xFF, 0x84, 0x00, 
0x00, 0x00, 0xFF, 0x84, 0xFF, 0x84, 0x00, 0x00, 0x00, 0xFF, 0x84, 0xFF, 0x8C, 0x10, 0x10, 0x10, 
0xFF, 0x84, 0xFF, 0xFF, 0xFF, 0xFF, 0xFF, 0xFF, 0x84, 0xFF, 0xA3, 0x40, 0x40, 0x40, 0xFF, 0x84, 
0xFF, 0x84, 0x00, 0x00, 0x00, 0xFF, 0x84, 0xFF, 0x84, 0x00, 0x00, 0x00, 0xFF, 0x84, 0xFF, 0x84, 
0x00, 0x00, 0x00, 0xFF, 0x84, 0xFF, 0x84, 0x00, 0x00, 0x01, 0xFF, 0x83, 0x00, 0x00, 0x00, 0x00, 
0x0E, 0xFF, 0x76, 0x00, 0x00, 0x00, 0x00, 0x40, 0xFF, 0x4B, 0x00, 0x06, 0x80, 0x58, 0xCF, 0xE9, 
0x08, 0x00, 0x05, 0xCA, 0xFB, 0xD9, 0x3D, 0x00, 0xFF, 0x84, 0x00, 0x00, 0x00, 0x00, 0xFF, 0x84, 
0x00, 0xFF, 0x84, 0x00, 0x00, 0x00, 0x00, 0xFF, 0x84, 0x00, 0xFF, 0x84, 0x00, 0x00, 0x00, 0x00, 
0xFF, 0x84, 0x00, 0xFF, 0x84, 0x00, 0x00, 0x00, 0x00, 0xFF, 0x84, 0x00, 0xFF, 0x84, 0x00, 0x00, 
0x00, 0x00, 0xFF, 0x84, 0x00, 0xFF, 0x8C, 0x10, 0x10, 0x10, 0x10, 0xFF, 0x84, 0x00, 0xFF, 0xFF, 
0xFF, 0xFF, 0xFF, 0xFF, 0xFF, 0x84, 0x00, 0xFF, 0xA3, 0x40, 0x40, 0x40, 0x40, 0xFF, 0x84, 0x00, 
0xFF, 0x84, 0x00, 0x00, 0x00, 0x00, 0xFF, 0x84, 0x00, 0xFF, 0x84, 0x00, 0x00, 0x00, 0x00, 0xFF, 
0x84, 0x00, 0xFF, 0x84, 0x00, 0x00, 0x00, 0x00, 0xFF, 0x84, 0x00, 0xFF, 0x84, 0x00, 0x00, 0x00, 
0x00, 0xFF, 0x84, 0x00, 0xFF, 0x84, 0x00, 0x00, 0x00, 0x00, 0xFF, 0xFF, 0xC9, 0x00, 0x00, 0x00, 
0x00, 0x00, 0x00, 0x01, 0xE3, 0x8E, 0x00, 0x00, 0x00, 0x00, 0x00, 0x00, 0x2E, 0xFF, 0x57, 0x00, 
0x00, 0x00, 0x00, 0x00, 0x00, 0x77, 0xFF, 0x1D, 0x00, 0x00, 0x00, 0x00, 0x00, 0x00, 0xC0, 0xE4, 
0x00, 0xFF, 0x84, 0x00, 0x00, 0x00, 0xFF, 0x84, 0x00, 0xFF, 0x84, 0x00, 0x00, 0x00, 0xFF, 0x84, 
0x00, 0xFF, 0x84, 0x00, 0x00, 0x00, 0xFF, 0x84, 0x00, 0xFF, 0x8C, 0x10, 0x10, 0x10, 0xFF, 0x84, 
0x00, 0xFF, 0xFF, 0xFF, 0xFF, 0xFF, 0xFF, 0x84, 0x00, 0xFF, 0xA3, 0x40, 0x40, 0x40, 0xFF, 0x84, 
0x00, 0xFF, 0x84, 0x00, 0x00, 0x00, 0xFF, 0x84, 0x00, 0xFF, 0x84, 0x00, 0x00, 0x00, 0xFF, 0x84, 
0x00, 0xFF, 0x84, 0x00, 0x00, 0x00, 0xFF, 0x84, 0x00, 0xFF, 0x84, 0x00, 0x00, 0x00, 0xFF, 0xFF, 
0xB5, 0x00, 0x00, 0x00, 0x00, 0x00, 0x00, 0xDA, 0x81, 0x00, 0x00, 0x00, 0x00, 0x00, 0x1C, 0xFF, 
0x4C, 0x00, 0x00, 0x00, 0x00, 0x00, 0x5D, 0xFF, 0x17, 0x00, 0x00, 0x00, 0x00, 0x00, 0xA0, 0xE3, 
0x00, 0xFF, 0x84, 0x00, 0x00, 0x00, 0x00, 0xFF, 0x84, 0xFF, 0x84, 0x00, 0x00, 0x00, 0x00, 0xFF, 
0x84, 0xFF, 0x84, 0x00, 0x00, 0x00, 0x00, 0xFF, 0x84, 0xFF, 0x84, 0x00, 0x00, 0x00, 0x00, 0xFF, 
0x84, 0xFF, 0x84, 0x00, 0x00, 0x00, 0x00, 0xFF, 0x84, 0xF9, 0x98, 0x00, 0x00, 0x00, 0x00, 0xFF, 
0x84, 0xC6, 0xEE, 0x43, 0x22, 0x46, 0x9B, 0xFF, 0x84, 0x38, 0xEE, 0xFF, 0xFF, 0xFD, 0xB5, 0xFF, 
0x84, 0x00, 0x0D, 0x43, 0x40, 0x13, 0x00, 0xFF, 0x84, 0x00, 0x00, 0x00, 0x00, 0x00, 0x00, 0xFF, 
0x84, 0x00, 0x00, 0x00, 0x00, 0x00, 0x00, 0xFF, 0x84, 0x00, 0x00, 0x00, 0x00, 0x00, 0x00, 0xFF, 
0x84, 0x00, 0x00, 0x00, 0x00, 0x84, 0xFF, 0xFF, 0x84, 0x00, 0x00, 0x00, 0x00, 0x84, 0xFF, 0x00, 
0x00, 0x00, 0x00, 0x00, 0x00, 0x84, 0xFF, 0x00, 0x00, 0x00, 0x00, 0x00, 0x00, 0x84, 0xFF, 0x00, 
0x00, 0x00, 0x00, 0x00, 0x00, 0x84, 0xFF, 0x00, 0x00, 0xFF, 0x84, 0x00, 0x00, 0x00, 0xFF, 0x84, 
0xFF, 0x84, 0x00, 0x00, 0x00, 0xFF, 0x84, 0xFF, 0x84, 0x00, 0x00, 0x00, 0xFF, 0x84, 0xFF, 0x86, 
0x00, 0x00, 0x00, 0xFF, 0x84, 0xE1, 0xCA, 0x1D, 0x31, 0xAC, 0xFF, 0x84, 0x63, 0xFD, 0xFF, 0xFB, 
0x8F, 0xFF, 0x84, 0x00, 0x1C, 0x3C, 0x14, 0x00, 0xFF, 0x84, 0x00, 0x00, 0x00, 0x00, 0x00, 0xFF, 
0x84, 0x00, 0x00, 0x00, 0x00, 0x00, 0xFF, 0x84, 0x00, 0x00, 0x00, 0x00, 0xFF, 0xFF, 0x84, 0x00, 
0x00, 0x00, 0x00, 0xFF, 0x84, 0x00, 0x00, 0x00, 0x00, 0x00, 0xFF, 0x84, 0x00, 0x00, 0x00, 0x00, 
0x00, 0xFF, 0x84, 0x00, 0x00, 0x00, 0x00, 0x00, 0xFF, 0x84, 0x00, 0xFF, 0xFF, 0x6A, 0x00, 0x00, 
0x00, 0x00, 0x00, 0xDC, 0xFF, 0x84, 0x00, 0xFF, 0xFF, 0xAF, 0x00, 0x00, 0x00, 0x00, 0x21, 0xFF, 
0xFF, 0x84, 0x00, 0xFF, 0xDA, 0xF1, 0x03, 0x00, 0x00, 0x00, 0x66, 0xCB, 0xFF, 0x84, 0x00, 0xFF, 
0x98, 0xFE, 0x3A, 0x00, 0x00, 0x00, 0xAC, 0x82, 0xFF, 0x84, 0x00, 0xFF, 0x84, 0xCA, 0x7E, 0x00, 
0x00, 0x03, 0xEE, 0x3C, 0xFF, 0x84, 0x00, 0xFF, 0x84, 0x81, 0xC2, 0x00, 0x00, 0x37, 0xF0, 0x04, 
0xFF, 0x84, 0x00, 0xFF, 0x84, 0x39, 0xFA, 0x0C, 0x00, 0x7D, 0xAE, 0x00, 0xFF, 0x84, 0x00, 0xFF, 
0x84, 0x03, 0xED, 0x4D, 0x00, 0xC2, 0x67, 0x00, 0xFF, 0x84, 0x00, 0xFF, 0x84, 0x00, 0xA8, 0x92, 
0x0D, 0xFA, 0x1F, 0x00, 0xFF, 0x84, 0x00, 0xFF, 0x84, 0x00, 0x60, 0xD6, 0x4E, 0xD8, 0x00, 0x00, 
0xFF, 0x84, 0x00, 0xFF, 0x84, 0x00, 0x19, 0xFF, 0xAF, 0x92, 0x00, 0x00, 0xFF, 0x84, 0x00, 0xFF, 
0x84, 0x00, 0x00, 0xD0, 0xFF, 0x4B, 0x00, 0x00, 0xFF, 0x84, 0x00, 0xFF, 0x84, 0x00, 0x00, 0x87, 
0xF9, 0x0B, 0x00, 0x00, 0xFF, 0xFF, 0xCB, 0x00, 0x00, 0x00, 0x00, 0x00, 0x00, 0x00, 0x00, 0x00, 
0x02, 0xE9, 0x92, 0x00, 0x00, 0x00, 0x00, 0x00, 0x00, 0x00, 0x00, 0x00, 0x3A, 0xFF, 0x58, 0x00, 
0x00, 0x00, 0x00, 0x00, 0x00, 0x00, 0x00, 0x00, 0x87, 0xFF, 0x1E, 0x00, 0x00, 0x00, 0x00, 0x00, 
0x00, 0x00, 0x00, 0x00, 0xD6, 0xE5, 0x00, 0xFF, 0xFF, 0x60, 0x00, 0x00, 0x00, 0xCC, 0xFF, 0x84, 
0x00, 0xFF, 0xFF, 0xA0, 0x00, 0x00, 0x0F, 0xFD, 0xFF, 0x84, 0x00, 0xFF, 0xE4, 0xE0, 0x00, 0x00, 
0x4F, 0xEA, 0xF8, 0x84, 0x00, 0xFF, 0xA0, 0xFF, 0x1D, 0x00, 0x90, 0xA4, 0xFF, 0x84, 0x00, 0xFF, 
0x84, 0xD6, 0x5C, 0x00, 0xD0, 0x5E, 0xFF, 0x84, 0x00, 0xFF, 0x84, 0x91, 0x9C, 0x12, 0xFD, 0x19, 
0xFF, 0x84, 0x00, 0xFF, 0x84, 0x4B, 0xDC, 0x51, 0xD2, 0x00, 0xFF, 0x84, 0x00, 0xFF, 0x84, 0x0C, 
0xFA, 0xB0, 0x8C, 0x00, 0xFF, 0x84, 0x00, 0xFF, 0x84, 0x00, 0xC1, 0xFF, 0x46, 0x00, 0xFF, 0x84, 
0x00, 0xFF, 0x84, 0x00, 0x7B, 0xF7, 0x08, 0x00, 0xFF, 0xFF, 0xB5, 0x00, 0x00, 0x00, 0x00, 0x00, 
0x00, 0x00, 0x01, 0xE7, 0x80, 0x00, 0x00, 0x00, 0x00, 0x00, 0x00, 0x00, 0x2E, 0xFF, 0x4A, 0x00, 
0x00, 0x00, 0x00, 0x00, 0x00, 0x00, 0x73, 0xFF, 0x14, 0x00, 0x00, 0x00, 0x00, 0x00, 0x00, 0x00, 
0xBA, 0xDF, 0x00, 0xF9, 0xFF, 0xFF, 0xFC, 0x07, 0x99, 0xFF, 0x12, 0x00, 0x84, 0xFF, 0x00, 0x00, 
0x84, 0xFF, 0x00, 0x00, 0x84, 0xFF, 0x00, 0x00, 0x84, 0xFF, 0x00, 0x00, 0x84, 0xFF, 0x00, 0x00, 
0x84, 0xFF, 0x00, 0x00, 0x84, 0xFF, 0x00, 0x00, 0x84, 0xFF, 0x00, 0x00, 0x84, 0xFF, 0x00, 0x07, 
0x99, 0xFF, 0x12, 0xF9, 0xFF, 0xFF, 0xFC, 0x00, 0x00, 0xFA, 0x3D, 0x00, 0x3F, 0xF9, 0x00, 0x00, 
0x00, 0x00, 0xD1, 0x9E, 0x19, 0xA3, 0xCA, 0x00, 0x00, 0x00, 0x00, 0x51, 0xFA, 0xFF, 0xF6, 0x44, 
0x00, 0x00, 0x00, 0x00, 0x00, 0x17, 0x3D, 0x14, 0x00, 0x00, 0x00, 0x00, 0x00, 0x00, 0x64, 0xFF, 
0x75, 0x00, 0x00, 0x00, 0x00, 0x00, 0x00, 0xA9, 0xF7, 0xB9, 0x00, 0x00, 0x00, 0x00, 0x00, 0x01, 
0xEA, 0xB1, 0xF6, 0x06, 0x00, 0x00, 0x00, 0x00, 0x2C, 0xFF, 0x56, 0xFF, 0x3F, 0x00, 0x00, 0x00, 
0x00, 0x70, 0xF6, 0x06, 0xEC, 0x82, 0x00, 0x00, 0x00, 0x00, 0xB1, 0xC2, 0x00, 0xB4, 0xC4, 0x00, 
0x00, 0x00, 0x03, 0xF1, 0x8A, 0x00, 0x7B, 0xFB, 0x0C, 0x00, 0x00, 0x36, 0xFF, 0x6B, 0x20, 0x5D, 
0xFF, 0x4B, 0x00, 0x00, 0x7A, 0xFF, 0xFF, 0xFF, 0xFF, 0xFF, 0x8E, 0x00, 0x00, 0xBC, 0xE6, 0x50, 
0x50, 0x50, 0xD8, 0xD1, 0x00, 0x08, 0xF6, 0xA4, 0x00, 0x00, 0x00, 0x8C, 0xFF, 0x15, 0x40, 0xFF, 
0x60, 0x00, 0x00, 0x00, 0x4A, 0xFF, 0x57, 0x84, 0xFF, 0x20, 0x00, 0x00, 0x00, 0x0C, 0xFA, 0x9B, 
0x75, 0xD4, 0x00, 0x00, 0x96, 0xBF, 0x4B, 0xFD, 0x42, 0x28, 0xE5, 0x85, 0x03, 0xB9, 0xFF, 0xFF, 
0xD9, 0x15, 0x00, 0x01, 0x2E, 0x36, 0x05, 0x00, 0x0C, 0x96, 0xE6, 0xFB, 0xC8, 0x22, 0x05, 0xB0, 
0x67, 0x64, 0xF2, 0xB1, 0x00, 0x00, 0x00, 0x00, 0x99, 0xEF, 0x00, 0x00, 0x03, 0x0F, 0x8D, 0xFF, 
0x14, 0xAD, 0xF9, 0xFF, 0xFF, 0xFF, 0xAB, 0xF8, 0x74, 0x43, 0xA3, 0xFF, 0xF3, 0x9C, 0x00, 0x00, 
0x8B, 0xFF, 0xF7, 0x8F, 0x00, 0x00, 0xC1, 0xFF, 0xBD, 0xE9, 0x5E, 0x92, 0xD6, 0xFF, 0x2A, 0xD7, 
0xF7, 0x9E, 0x40, 0xFF, 0x00, 0x00, 0x00, 0x06, 0x01, 0x00, 0x06, 0x00, 0x00, 0x00, 0x00, 0x00, 
0x00, 0xE9, 0x6E, 0x00, 0xE9, 0x6C, 0x00, 0x00, 0x00, 0x00, 0x00, 0x29, 0x0D, 0x00, 0x29, 0x0C, 
0x00, 0x00, 0x00, 0x00, 0x00, 0x00, 0x00, 0x00, 0x00, 0x00, 0x00, 0x00, 0x00, 0x00, 0x00, 0x00, 
0xB2, 0xFF, 0x5E, 0x00, 0x00, 0x00, 0x00, 0x00, 0x00, 0x04, 0xF2, 0xF7, 0xA3, 0x00, 0x00, 0x00, 
0x00, 0x00, 0x00, 0x3B, 0xFF, 0xAC, 0xE8, 0x01, 0x00, 0x00, 0x00, 0x00, 0x00, 0x81, 0xF6, 0x4E, 
0xFF, 0x2D, 0x00, 0x00, 0x00, 0x00, 0x00, 0xC5, 0xBC, 0x0F, 0xFD, 0x72, 0x00, 0x00, 0x00, 0x00, 
0x0F, 0xFC, 0x7F, 0x00, 0xCF, 0xB6, 0x00, 0x00, 0x00, 0x00, 0x4E, 0xFF, 0x40, 0x00, 0x90, 0xF6, 
0x06, 0x00, 0x00, 0x00, 0x93, 0xFD, 0x2A, 0x20, 0x6D, 0xFF, 0x41, 0x00, 0x00, 0x00, 0xD7, 0xFF, 
0xFF, 0xFF, 0xFF, 0xFF, 0x86, 0x00, 0x00, 0x1C, 0xFF, 0xA8, 0x50, 0x50, 0x50, 0xE1, 0xCB, 0x00, 
0x00, 0x61, 0xFF, 0x46, 0x00, 0x00, 0x00, 0x98, 0xFD, 0x12, 0x00, 0xA4, 0xF8, 0x09, 0x00, 0x00, 
0x00, 0x50, 0xFF, 0x55, 0x01, 0xE9, 0xBA, 0x00, 0x00, 0x00, 0x00, 0x0D, 0xFA, 0x99, 0x00, 0xE3, 
0x68, 0x00, 0xE3, 0x68, 0x00, 0x38, 0x14, 0x00, 0x38, 0x12, 0x00, 0x00, 0x00, 0x00, 0x00, 0x00, 
0x10, 0x99, 0xE8, 0xFB, 0xC6, 0x21, 0x0A, 0xB2, 0x66, 0x65, 0xF2, 0xB1, 0x00, 0x00, 0x00, 0x00, 
0x99, 0xEF, 0x00, 0x00, 0x03, 0x0F, 0x8D, 0xFF, 0x14, 0xAD, 0xF9, 0xFF, 0xFF, 0xFF, 0xAB, 0xF8, 
0x74, 0x43, 0xA3, 0xFF, 0xF3, 0x9C, 0x00, 0x00, 0x8B, 0xFF, 0xF7, 0x8F, 0x00, 0x00, 0xC1, 0xFF, 
0xBD, 0xE9, 0x5E, 0x92, 0xD5, 0xFF, 0x2A, 0xD7, 0xF7, 0xA1, 0x37, 0xFF, 0x00, 0x00, 0x00, 0x00, 
0xAB, 0xFF, 0xFF, 0xFF, 0xFF, 0xFF, 0xFF, 0x80, 0x00, 0x00, 0x00, 0x0B, 0xF5, 0x96, 0xFF, 0xAB, 
0x50, 0x50, 0x50, 0x28, 0x00, 0x00, 0x00, 0x55, 0xFF, 0x27, 0xFF, 0x84, 0x00, 0x00, 0x00, 0x00, 
0x00, 0x00, 0x00, 0xAC, 0xDA, 0x00, 0xFF, 0x84, 0x00, 0x00, 0x00, 0x00, 0x00, 0x00, 0x0B, 0xF6, 
0x90, 0x00, 0xFF, 0x84, 0x00, 0x00, 0x00, 0x00, 0x00, 0x00, 0x57, 0xFF, 0x44, 0x00, 0xFF, 0x8C, 
0x10, 0x10, 0x10, 0x04, 0x00, 0x00, 0xAC, 0xF3, 0x06, 0x00, 0xFF, 0xFF, 0xFF, 0xFF, 0xFF, 0x38, 
0x00, 0x0B, 0xF6, 0xB5, 0x10, 0x10, 0xFF, 0xA3, 0x40, 0x40, 0x40, 0x0E, 0x00, 0x57, 0xFF, 0xFF, 
0xFF, 0xFF, 0xFF, 0x84, 0x00, 0x00, 0x00, 0x00, 0x00, 0xAD, 0xF7, 0x44, 0x40, 0x40, 0xFF, 0x84, 
0x00, 0x00, 0x00, 0x00, 0x0C, 0xF7, 0xAE, 0x00, 0x00, 0x00, 0xFF, 0x84, 0x00, 0x00, 0x00, 0x00, 
0x58, 0xFF, 0x54, 0x00, 0x00, 0x00, 0xFF, 0xAB, 0x50, 0x50, 0x50, 0x28, 0xAD, 0xF3, 0x09, 0x00, 
0x00, 0x00, 0xFF, 0xFF, 0xFF, 0xFF, 0xFF, 0x80, 0x13, 0x9C, 0xEB, 0xF8, 0xA9, 0x11, 0xA1, 0xF6, 
0xEB, 0x78, 0x00, 0x0D, 0xB2, 0x64, 0x69, 0xF4, 0xE2, 0xD7, 0x5D, 0x8D, 0xFF, 0x5B, 0x00, 0x00, 
0x00, 0x00, 0x9D, 0xFF, 0x3A, 0x00, 0x00, 0xC3, 0xC4, 0x00, 0x00, 0x04, 0x0F, 0x8D, 0xFF, 0x17, 
0x10, 0x10, 0x93, 0xF3, 0x12, 0xAB, 0xFA, 0xFF, 0xFF, 0xFF, 0xFF, 0xFF, 0xFF, 0xFF, 0xFF, 0xAA, 
0xF8, 0x72, 0x43, 0xA3, 0xFF, 0x43, 0x40, 0x40, 0x40, 0x40, 0xF4, 0x9B, 0x00, 0x00, 0x8B, 0xFF, 
0x1A, 0x00, 0x00, 0x00, 0x00, 0xF8, 0x8F, 0x00, 0x00, 0xC4, 0xFF, 0x66, 0x00, 0x00, 0x00, 0x00, 
0xBD, 0xE9, 0x5E, 0x90, 0xCC, 0xA0, 0xF1, 0x74, 0x57, 0x82, 0x7E, 0x28, 0xD3, 0xFA, 0xBE, 0x1D, 
0x09, 0x91, 0xED, 0xFA, 0xD0, 0x4F, 0xFA, 0x5C, 0x00, 0x31, 0xF9, 0x00, 0xD1, 0xB6, 0x18, 0x95, 
0xCA, 0x00, 0x51, 0xFA, 0xFF, 0xF6, 0x44, 0x00, 0x00, 0x17, 0x3D, 0x14, 0x00, 0x00, 0xFF, 0xFF, 
0xFF, 0xFF, 0xFF, 0x0C, 0xFF, 0xAB, 0x50, 0x50, 0x50, 0x04, 0xFF, 0x84, 0x00, 0x00, 0x00, 0x00, 
0xFF, 0x84, 0x00, 0x00, 0x00, 0x00, 0xFF, 0x84, 0x00, 0x00, 0x00, 0x00, 0xFF, 0x8C, 0x10, 0x10, 
0x0D, 0x00, 0xFF, 0xFF, 0xFF, 0xFF, 0xD4, 0x00, 0xFF, 0xA3, 0x40, 0x40, 0x35, 0x00, 0xFF, 0x84, 
0x00, 0x00, 0x00, 0x00, 0xFF, 0x84, 0x00, 0x00, 0x00, 0x00, 0xFF, 0x84, 0x00, 0x00, 0x00, 0x00, 
0xFF, 0xAB, 0x50, 0x50, 0x50, 0x04, 0xFF, 0xFF, 0xFF, 0xFF, 0xFF, 0x0C, 0x66, 0xED, 0x00, 0x00, 
0x5F, 0xFC, 0x01, 0x2F, 0xFF, 0x5D, 0x1D, 0xC3, 0xC9, 0x00, 0x00, 0x9B, 0xFF, 0xFF, 0xF1, 0x3B, 
0x00, 0x00, 0x00, 0x25, 0x3B, 0x0F, 0x00, 0x00, 0x00, 0x5B, 0xDE, 0xFB, 0xC3, 0x26, 0x00, 0x3C, 
0xFE, 0x8E, 0x5D, 0xDA, 0xDC, 0x05, 0xAB, 0xC1, 0x00, 0x00, 0x43, 0xFF, 0x4B, 0xE3, 0x8B, 0x00, 
0x00, 0x0B, 0xFF, 0x79, 0xFC, 0xFF, 0xFF, 0xFF, 0xFF, 0xFF, 0x84, 0xFC, 0x9E, 0x30, 0x30, 0x30, 
0x30, 0x19, 0xE3, 0xA1, 0x00, 0x00, 0x00, 0x00, 0x00, 0xA5, 0xE8, 0x0A, 0x00, 0x00, 0x00, 0x00, 
0x32, 0xFB, 0xBF, 0x5A, 0x66, 0xBA, 0x04, 0x00, 0x49, 0xD2, 0xFC, 0xE9, 0x9C, 0x02, 0x25, 0xA9, 
0xE5, 0xFD, 0xF2, 0xB6, 0x31, 0x00, 0x00, 0x55, 0xBA, 0x76, 0x54, 0x69, 0xD0, 0xF6, 0x33, 0x00, 
0x01, 0x00, 0x00, 0x00, 0x00, 0x09, 0xD2, 0xC6, 0x00, 0x00, 0x00, 0x00, 0x00, 0x00, 0x00, 0x5C, 
0xFF, 0x25, 0x00, 0x00, 0x00, 0x00, 0x00, 0x00, 0x1C, 0xFF, 0x5D, 0x10, 0x10, 0x10, 0x10, 0x10, 
0x10, 0x14, 0xFF, 0x7A, 0xFF, 0xFF, 0xFF, 0xFF, 0xFF, 0xFF, 0xFF, 0xFF, 0x82, 0xF9, 0xA5, 0x40, 
0x40, 0x40, 0x40, 0x42, 0xFF, 0x79, 0xE2, 0x97, 0x00, 0x00, 0x00, 0x00, 0x19, 0xFF, 0x59, 0xB3, 
0xC5, 0x00, 0x00, 0x00, 0x00, 0x53, 0xFF, 0x1E, 0x63, 0xFE, 0x2F, 0x00, 0x00, 0x05, 0xC9, 0xBD, 
0x00, 0x07, 0xD4, 0xE5, 0x6C, 0x5B, 0xC1, 0xF5, 0x2D, 0x00, 0x00, 0x19, 0xAA, 0xF2, 0xF8, 0xBE, 
0x31, 0x00, 0x00, 0x52, 0xD0, 0xFA, 0xEF, 0x9A, 0x0B, 0x00, 0x83, 0x82, 0x56, 0x7E, 0xF8, 0xAC, 
0x00, 0x00, 0x00, 0x00, 0x00, 0x74, 0xFF, 0x29, 0x00, 0x00, 0x00, 0x00, 0x22, 0xFF, 0x65, 0x10, 
0x10, 0x10, 0x10, 0x15, 0xFF, 0x80, 0xFF, 0xFF, 0xFF, 0xFF, 0xFF, 0xFF, 0x7F, 0xF6, 0xA9, 0x40, 
0x40, 0x44, 0xFF, 0x65, 0xC9, 0xBA, 0x00, 0x00, 0x35, 0xFF, 0x2B, 0x5F, 0xFF, 0x85, 0x5C, 0xD6, 
0xBA, 0x00, 0x00, 0x77, 0xE9, 0xF8, 0xAF, 0x14, 0x00, 0x00, 0x00, 0x07, 0x00, 0x00, 0x06, 0x00, 
0x00, 0x00, 0x00, 0x65, 0xEB, 0x00, 0x6D, 0xE9, 0x00, 0x00, 0x00, 0x00, 0x0B, 0x2B, 0x00, 0x0D, 
0x2B, 0x00, 0x00, 0x00, 0x00, 0x00, 0x00, 0x00, 0x00, 0x00, 0x00, 0x00, 0x00, 0x25, 0xA9, 0xE5, 
0xFD, 0xF2, 0xB6, 0x31, 0x00, 0x00, 0x55, 0xBA, 0x76, 0x54, 0x69, 0xD0, 0xF6, 0x33, 0x00, 0x01, 
0x00, 0x00, 0x00, 0x00, 0x09, 0xD2, 0xC6, 0x00, 0x00, 0x00, 0x00, 0x00, 0x00, 0x00, 0x5C, 0xFF, 
0x25, 0x00, 0x00, 0x00, 0x00, 0x00, 0x00, 0x1C, 0xFF, 0x5D, 0x10, 0x10, 0x10, 0x10, 0x10, 0x10, 
0x14, 0xFF, 0x7A, 0xFF, 0xFF, 0xFF, 0xFF, 0xFF, 0xFF, 0xFF, 0xFF, 0x82, 0xF9, 0xA5, 0x40, 0x40, 
0x40, 0x40, 0x42, 0xFF, 0x79, 0xE2, 0x97, 0x00, 0x00, 0x00, 0x00, 0x19, 0xFF, 0x59, 0xB3, 0xC5, 
0x00, 0x00, 0x00, 0x00, 0x53, 0xFF, 0x1E, 0x63, 0xFE, 0x2F, 0x00, 0x00, 0x05, 0xC9, 0xBD, 0x00, 
0x07, 0xD4, 0xE5, 0x6C, 0x5B, 0xC1, 0xF5, 0x2D, 0x00, 0x00, 0x19, 0xAA, 0xF2, 0xF8, 0xBE, 0x31, 
0x00, 0x00, 0x00, 0xE3, 0x6A, 0x00, 0xE3, 0x68, 0x00, 0x00, 0x38, 0x15, 0x00, 0x38, 0x12, 0x00, 
0x00, 0x00, 0x00, 0x00, 0x00, 0x00, 0x00, 0x49, 0xCE, 0xFA, 0xF0, 0x9C, 0x0C, 0x00, 0x7B, 0x86, 
0x57, 0x7B, 0xF7, 0xAC, 0x00, 0x00, 0x00, 0x00, 0x00, 0x74, 0xFF, 0x29, 0x00, 0x00, 0x00, 0x00, 
0x21, 0xFF, 0x65, 0x10, 0x10, 0x10, 0x10, 0x15, 0xFF, 0x80, 0xFF, 0xFF, 0xFF, 0xFF, 0xFF, 0xFF, 
0x7F, 0xF6, 0xA9, 0x40, 0x40, 0x44, 0xFF, 0x65, 0xC9, 0xBA, 0x00, 0x00, 0x35, 0xFF, 0x2B, 0x5F, 
0xFF, 0x85, 0x5C, 0xD6, 0xBA, 0x00, 0x00, 0x77, 0xE9, 0xF8, 0xAF, 0x14, 0x00, 0x00, 0x00, 0x00, 
0x00, 0x06, 0x01, 0x00, 0x06, 0x00, 0x00, 0x00, 0x00, 0x00, 0x00, 0x00, 0x00, 0x00, 0xE9, 0x6D, 
0x00, 0xE9, 0x6C, 0x00, 0x00, 0x00, 0x00, 0x00, 0x00, 0x00, 0x00, 0x29, 0x0D, 0x00, 0x29, 0x0C, 
0x00, 0x00, 0x00, 0x00, 0x00, 0x00, 0x00, 0x00, 0x00, 0x00, 0x00, 0x00, 0x00, 0x00, 0x00, 0x00, 
0x00, 0x76, 0xFF, 0x3A, 0x00, 0x00, 0x7C, 0xFF, 0x08, 0x00, 0x00, 0xBF, 0xDF, 0x07, 0x06, 0xDB, 
0xC9, 0x01, 0x00, 0x7C, 0xFF, 0x08, 0x00, 0x4E, 0xFF, 0x53, 0x00, 0x00, 0x4C, 0xFF, 0x5D, 0x00, 
0x7C, 0xFF, 0x08, 0x05, 0xD9, 0xBE, 0x00, 0x00, 0x00, 0x00, 0xB8, 0xE4, 0x0A, 0x7C, 0xFF, 0x08, 
0x6B, 0xFD, 0x2E, 0x00, 0x00, 0x00, 0x00, 0x27, 0xFA, 0x80, 0x7C, 0xFF, 0x17, 0xEB, 0x97, 0x00, 
0x00, 0x00, 0x00, 0x00, 0x00, 0x8D, 0xF6, 0x98, 0xFF, 0x91, 0xEF, 0x14, 0x00, 0x00, 0x00, 0x00, 
0x00, 0x00, 0x43, 0xFF, 0xDD, 0xFF, 0xDE, 0xBA, 0x00, 0x00, 0x00, 0x00, 0x00, 0x00, 0x01, 0xC5, 
0xDE, 0x82, 0xFF, 0x64, 0xFF, 0x3E, 0x00, 0x00, 0x00, 0x00, 0x00, 0x54, 0xFF, 0x58, 0x7C, 0xFF, 
0x0A, 0xD1, 0xCA, 0x01, 0x00, 0x00, 0x00, 0x06, 0xDC, 0xCA, 0x01, 0x7C, 0xFF, 0x08, 0x4B, 0xFF, 
0x5A, 0x00, 0x00, 0x00, 0x70, 0xFF, 0x3F, 0x00, 0x7C, 0xFF, 0x08, 0x00, 0xC2, 0xE1, 0x07, 0x00, 
0x11, 0xEE, 0xB3, 0x00, 0x00, 0x7C, 0xFF, 0x08, 0x00, 0x3A, 0xFF, 0x76, 0x00, 0x8D, 0xFC, 0x2A, 
0x00, 0x00, 0x7C, 0xFF, 0x08, 0x00, 0x00, 0xB1, 0xF1, 0x15, 0x00, 0x00, 0x00, 0x00, 0xE3, 0x6A, 
0x00, 0xE3, 0x68, 0x00, 0x00, 0x00, 0x00, 0x00, 0x00, 0x00, 0x38, 0x15, 0x00, 0x38, 0x12, 0x00, 
0x00, 0x00, 0x00, 0x00, 0x00, 0x00, 0x00, 0x00, 0x00, 0x00, 0x00, 0x00, 0x00, 0x00, 0x00, 0x7B, 
0xF8, 0x21, 0x00, 0x7C, 0xFF, 0x00, 0x00, 0x78, 0xFA, 0x28, 0x00, 0x06, 0xD9, 0xAA, 0x00, 0x7C, 
0xFF, 0x00, 0x1C, 0xF4, 0x85, 0x00, 0x00, 0x00, 0x45, 0xFF, 0x3B, 0x7C, 0xFF, 0x00, 0xA7, 0xDE, 
0x0A, 0x00, 0x00, 0x00, 0x00, 0xA9, 0xC9, 0x7D, 0xFF, 0x3E, 0xFF, 0x4A, 0x00, 0x00, 0x00, 0x00, 
0x00, 0x1B, 0xFB, 0xD2, 0xFF, 0xD0, 0xB5, 0x00, 0x00, 0x00, 0x00, 0x00, 0x00, 0x56, 0xFC, 0xA6, 
0xFF, 0xA1, 0xE8, 0x0F, 0x00, 0x00, 0x00, 0x00, 0x0D, 0xE3, 0x97, 0x7C, 0xFF, 0x1A, 0xF3, 0x91, 
0x00, 0x00, 0x00, 0x00, 0x8C, 0xF1, 0x16, 0x7C, 0xFF, 0x00, 0x78, 0xFC, 0x30, 0x00, 0x00, 0x2C, 
0xFB, 0x77, 0x00, 0x7C, 0xFF, 0x00, 0x07, 0xDC, 0xC6, 0x01, 0x01, 0xC1, 0xDF, 0x07, 0x00, 0x7C, 
0xFF, 0x00, 0x00, 0x4E, 0xFF, 0x62, 0x00, 0x06, 0x01, 0x00, 0x06, 0x00, 0x00, 0x00, 0xE9, 0x6D, 
0x00, 0xE9, 0x6C, 0x00, 0x00, 0x29, 0x0D, 0x00, 0x29, 0x0C, 0x00, 0x00, 0x00, 0x00, 0x00, 0x00, 
0x00, 0x00, 0x2F, 0xB2, 0xF1, 0xFD, 0xD5, 0x5B, 0x00, 0x92, 0xB6, 0x62, 0x5B, 0xC2, 0xFF, 0x3A, 
0x02, 0x00, 0x00, 0x00, 0x15, 0xFF, 0x7D, 0x00, 0x00, 0x00, 0x00, 0x15, 0xFF, 0x6B, 0x00, 0x0C, 
0x13, 0x33, 0xB8, 0xE2, 0x13, 0x00, 0xC0, 0xFF, 0xFF, 0xC7, 0x18, 0x00, 0x00, 0x30, 0x43, 0x72, 
0xEE, 0xC2, 0x04, 0x00, 0x00, 0x00, 0x00, 0x4D, 0xFF, 0x4F, 0x00, 0x00, 0x00, 0x00, 0x09, 0xFF, 
0x7D, 0x00, 0x00, 0x00, 0x00, 0x0C, 0xFF, 0x7C, 0x05, 0x00, 0x00, 0x00, 0x4D, 0xFF, 0x4E, 0xDC, 
0x7C, 0x54, 0x75, 0xEC, 0xD4, 0x05, 0x9E, 0xE3, 0xFD, 0xF0, 0xA7, 0x1A, 0x00, 0x00, 0xE3, 0x68, 
0x00, 0xE3, 0x68, 0x00, 0x00, 0x38, 0x14, 0x00, 0x38, 0x12, 0x00, 0x00, 0x00, 0x00, 0x00, 0x00, 
0x00, 0x00, 0x1F, 0xB8, 0xF2, 0xF9, 0xC5, 0x2F, 0x00, 0x05, 0x97, 0x61, 0x5F, 0xE4, 0xD4, 0x00, 
0x00, 0x00, 0x00, 0x00, 0x8D, 0xFB, 0x00, 0x00, 0x00, 0x0E, 0x30, 0xDA, 0xAF, 0x00, 0x00, 0x00, 
0xE4, 0xFF, 0xE0, 0x21, 0x00, 0x00, 0x00, 0x39, 0x4F, 0xBD, 0xE9, 0x1A, 0x00, 0x00, 0x00, 0x00, 
0x14, 0xFF, 0x72, 0x02, 0x00, 0x00, 0x00, 0x18, 0xFF, 0x78, 0x77, 0x9B, 0x5D, 0x5B, 0xC5, 0xFB, 
0x29, 0x3C, 0xC4, 0xF6, 0xFB, 0xCD, 0x48, 0x00, 0x00, 0xFF, 0xFF, 0xFF, 0xFF, 0xFF, 0xFF, 0x00, 
0x00, 0x50, 0x50, 0x50, 0x5D, 0xF5, 0xB5, 0x00, 0x00, 0x00, 0x00, 0x02, 0xB2, 0xDC, 0x10, 0x00, 
0x00, 0x00, 0x00, 0x86, 0xF5, 0x2E, 0x00, 0x00, 0x00, 0x00, 0x57, 0xFF, 0x5F, 0x00, 0x00, 0x00, 
0x00, 0x00, 0xB4, 0xFF, 0xFF, 0xC9, 0x2F, 0x00, 0x00, 0x00, 0x2D, 0x44, 0x73, 0xEE, 0xE7, 0x0D, 
0x00, 0x00, 0x00, 0x00, 0x00, 0x49, 0xFF, 0x5A, 0x00, 0x00, 0x00, 0x00, 0x00, 0x07, 0xFF, 0x7E, 
0x00, 0x00, 0x00, 0x00, 0x00, 0x0E, 0xFF, 0x77, 0x0E, 0x00, 0x00, 0x00, 0x00, 0x5A, 0xFF, 0x44, 
0x7F, 0xB7, 0x68, 0x54, 0x82, 0xF3, 0xC6, 0x02, 0x35, 0xB8, 0xEE, 0xFD, 0xE4, 0x92, 0x0F, 0x00, 
0x00, 0xFF, 0xFF, 0xFF, 0xFF, 0xFF, 0xFF, 0x00, 0x50, 0x50, 0x50, 0x82, 0xFF, 0xB4, 0x00, 0x00, 
0x00, 0x05, 0xD0, 0xE7, 0x16, 0x00, 0x00, 0x00, 0x79, 0xFE, 0x44, 0x00, 0x00, 0x00, 0x27, 0xF8, 
0x89, 0x00, 0x00, 0x00, 0x00, 0xBF, 0xEF, 0x39, 0x01, 0x00, 0x00, 0x00, 0xCB, 0xEC, 0xFF, 0xBD, 
0x0D, 0x00, 0x00, 0x00, 0x01, 0x57, 0xFC, 0x93, 0x00, 0x00, 0x00, 0x00, 0x00, 0xAD, 0xE5, 0x00, 
0x00, 0x00, 0x00, 0x00, 0x88, 0xFD, 0x00, 0x00, 0x00, 0x00, 0x00, 0x9A, 0xEC, 0x00, 0x00, 0x00, 
0x00, 0x0C, 0xE7, 0xAB, 0x6E, 0x91, 0x59, 0x61, 0xCB, 0xF6, 0x2C, 0x47, 0xCF, 0xF9, 0xF5, 0xBB, 
0x33, 0x00, 0x00, 0x00, 0x10, 0x10, 0x10, 0x10, 0x10, 0x00, 0x00, 0x00, 0xFF, 0xFF, 0xFF, 0xFF, 
0xFF, 0x00, 0x00, 0x00, 0x40, 0x40, 0x40, 0x40, 0x40, 0x00, 0xFF, 0x84, 0x00, 0x00, 0x00, 0x00, 
0x50, 0xFF, 0xFF, 0x84, 0x00, 0x00, 0x00, 0x02, 0xD1, 0xFF, 0xFF, 0x84, 0x00, 0x00, 0x00, 0x57, 
0xE7, 0xF8, 0xFF, 0x84, 0x00, 0x00, 0x02, 0xD6, 0x74, 0xFE, 0xFF, 0x84, 0x00, 0x00, 0x5B, 0xEE, 
0x0D, 0xFF, 0xFF, 0x84, 0x00, 0x03, 0xD9, 0x81, 0x00, 0xFF, 0xFF, 0x84, 0x00, 0x60, 0xF4, 0x12, 
0x00, 0xFF, 0xFF, 0x84, 0x05, 0xDC, 0x8D, 0x00, 0x00, 0xFF, 0xFF, 0x84, 0x64, 0xF8, 0x19, 0x00, 
0x00, 0xFF, 0xFF, 0x8A, 0xDF, 0x98, 0x00, 0x00, 0x00, 0xFF, 0xFF, 0xE5, 0xFC, 0x22, 0x00, 0x00, 
0x00, 0xFF, 0xFF, 0xFF, 0xA3, 0x00, 0x00, 0x00, 0x00, 0xFF, 0xFF, 0xFE, 0x2A, 0x00, 0x00, 0x00, 
0x00, 0xFF, 0x00, 0x10, 0x10, 0x10, 0x10, 0x10, 0x00, 0x00, 0xFF, 0xFF, 0xFF, 0xFF, 0xFF, 0x00, 
0x00, 0x40, 0x40, 0x40, 0x40, 0x40, 0x00, 0xFF, 0x84, 0x00, 0x00, 0x82, 0xFF, 0x84, 0xFF, 0x84, 
0x00, 0x04, 0xE4, 0xFF, 0x84, 0xFF, 0x84, 0x00, 0x4E, 0xCE, 0xFF, 0x84, 0xFF, 0x84, 0x00, 0xB3, 
0x69, 0xFF, 0x84, 0xFF, 0x84, 0x1C, 0xF2, 0x0E, 0xFF, 0x84, 0xFF, 0x84, 0x7E, 0x9E, 0x00, 0xFF, 
0x84, 0xFF, 0x87, 0xE2, 0x38, 0x00, 0xFF, 0x84, 0xFF, 0xCE, 0xD3, 0x00, 0x00, 0xFF, 0x84, 0xFF, 
0xFF, 0x6D, 0x00, 0x00, 0xFF, 0x84, 0xFF, 0xF6, 0x10, 0x00, 0x00, 0xFF, 0x84, 0x00, 0x00, 0x06, 
0x01, 0x00, 0x06, 0x00, 0x00, 0x00, 0x00, 0xE9, 0x6D, 0x00, 0xE9, 0x6C, 0x00, 0x00, 0x00, 0x29, 
0x0D, 0x00, 0x29, 0x0C, 0x00, 0x00, 0x00, 0x00, 0x00, 0x00, 0x00, 0x00, 0x00, 0xFF, 0x84, 0x00, 
0x00, 0x00, 0x00, 0xC8, 0xFF, 0xFF, 0x84, 0x00, 0x00, 0x00, 0x3E, 0xFF, 0xFF, 0xFF, 0x84, 0x00, 
0x00, 0x00, 0xB3, 0xE4, 0xFF, 0xFF, 0x84, 0x00, 0x00, 0x2C, 0xF7, 0x8F, 0xFF, 0xFF, 0x84, 0x00, 
0x00, 0xA1, 0x9E, 0x7C, 0xFF, 0xFF, 0x84, 0x00, 0x1E, 0xFB, 0x2F, 0x7C, 0xFF, 0xFF, 0x84, 0x00, 
0x8E, 0xBE, 0x00, 0x7C, 0xFF, 0xFF, 0x84, 0x11, 0xF3, 0x4F, 0x00, 0x7C, 0xFF, 0xFF, 0x84, 0x7C, 
0xDF, 0x03, 0x00, 0x7C, 0xFF, 0xFF, 0x8D, 0xEA, 0x72, 0x00, 0x00, 0x7C, 0xFF, 0xFF, 0xE5, 0xF3, 
0x0F, 0x00, 0x00, 0x7C, 0xFF, 0xFF, 0xFF, 0x94, 0x00, 0x00, 0x00, 0x7C, 0xFF, 0xFF, 0xFE, 0x24, 
0x00, 0x00, 0x00, 0x7C, 0xFF, 0x00, 0xE3, 0x68, 0x00, 0xE3, 0x68, 0x00, 0x00, 0x38, 0x14, 0x00, 
0x38, 0x12, 0x00, 0x00, 0x00, 0x00, 0x00, 0x00, 0x00, 0x00, 0xFF, 0x84, 0x00, 0x00, 0x7B, 0xFF, 
0x84, 0xFF, 0x84, 0x00, 0x02, 0xE0, 0xFF, 0x84, 0xFF, 0x84, 0x00, 0x49, 0xCE, 0xFF, 0x84, 0xFF, 
0x84, 0x00, 0xAF, 0x66, 0xFF, 0x84, 0xFF, 0x84, 0x1A, 0xEF, 0x0D, 0xFF, 0x84, 0xFF, 0x84, 0x7C, 
0x98, 0x00, 0xFF, 0x84, 0xFF, 0x86, 0xE0, 0x32, 0x00, 0xFF, 0x84, 0xFF, 0xCD, 0xCA, 0x00, 0x00, 
0xFF, 0x84, 0xFF, 0xFF, 0x62, 0x00, 0x00, 0xFF, 0x84, 0xFF, 0xF1, 0x0B, 0x00, 0x00, 0xFF, 0x84, 
0x00, 0x00, 0x06, 0x01, 0x00, 0x06, 0x00, 0x00, 0x00, 0x00, 0x00, 0xE9, 0x6D, 0x00, 0xE9, 0x6C, 
0x00, 0x00, 0x00, 0x00, 0x29, 0x0D, 0x00, 0x29, 0x0C, 0x00, 0x00, 0x00, 0x00, 0x00, 0x00, 0x00, 
0x00, 0x00, 0x00, 0x00, 0x00, 0x0A, 0x8B, 0xE4, 0xFA, 0xE2, 0x83, 0x06, 0x00, 0x02, 0xBC, 0xF9, 
0x88, 0x54, 0x81, 0xF6, 0xA8, 0x00, 0x54, 0xFF, 0x61, 0x00, 0x00, 0x00, 0x58, 0xFF, 0x41, 0xAB, 
0xE6, 0x02, 0x00, 0x00, 0x00, 0x01, 0xE3, 0x9E, 0xDC, 0xAB, 0x00, 0x00, 0x00, 0x00, 0x00, 0xA9, 
0xD5, 0xF7, 0x8E, 0x00, 0x00, 0x00, 0x00, 0x00, 0x8E, 0xF5, 0xFE, 0x86, 0x00, 0x00, 0x00, 0x00, 
0x00, 0x85, 0xFE, 0xF3, 0x8F, 0x00, 0x00, 0x00, 0x00, 0x00, 0x8E, 0xF5, 0xD5, 0xAC, 0x00, 0x00, 
0x00, 0x00, 0x00, 0xAB, 0xD7, 0xA3, 0xE8, 0x03, 0x00, 0x00, 0x00, 0x01, 0xE4, 0x9F, 0x45, 0xFF, 
0x65, 0x00, 0x00, 0x00, 0x5A, 0xFF, 0x40, 0x00, 0xA9, 0xFA, 0x8A, 0x56, 0x84, 0xF8, 0xA4, 0x00, 
0x00, 0x05, 0x81, 0xE2, 0xFE, 0xE1, 0x7F, 0x04, 0x00, 0x00, 0xE3, 0x68, 0x00, 0xE3, 0x68, 0x00, 
0x00, 0x38, 0x14, 0x00, 0x38, 0x12, 0x00, 0x00, 0x00, 0x00, 0x00, 0x00, 0x00, 0x00, 0x00, 0x56, 
0xD8, 0xFA, 0xD6, 0x4C, 0x00, 0x3B, 0xFE, 0xAB, 0x58, 0xAD, 0xFB, 0x31, 0xAB, 0xE3, 0x04, 0x00, 
0x06, 0xE4, 0xA4, 0xE4, 0xA2, 0x00, 0x00, 0x00, 0xA2, 0xE2, 0xFC, 0x88, 0x00, 0x00, 0x00, 0x88, 
0xFC, 0xFA, 0x88, 0x00, 0x00, 0x00, 0x88, 0xFA, 0xDF, 0xA1, 0x00, 0x00, 0x00, 0xA2, 0xDE, 0xA4, 
0xE3, 0x05, 0x00, 0x06, 0xE4, 0xA0, 0x31, 0xFB, 0xAC, 0x58, 0xAD, 0xFA, 0x2D, 0x00, 0x4D, 0xD7, 
0xFC, 0xD6, 0x4B, 0x00, 0x00, 0x0A, 0x8B, 0xE3, 0xFA, 0xE2, 0x82, 0x06, 0x00, 0x02, 0xBC, 0xF8, 
0x87, 0x54, 0x80, 0xF4, 0xA8, 0x00, 0x54, 0xFF, 0x58, 0x00, 0x00, 0x00, 0x4C, 0xFF, 0x41, 0xAB, 
0xDB, 0x01, 0x00, 0x00, 0x00, 0x00, 0xD4, 0x9E, 0xDC, 0xA0, 0x00, 0x00, 0x00, 0x00, 0x00, 0x9D, 
0xD5, 0xF7, 0x90, 0x10, 0x10, 0x10, 0x10, 0x10, 0x90, 0xF5, 0xFE, 0xFF, 0xFF, 0xFF, 0xFF, 0xFF, 
0xFF, 0xFF, 0xFE, 0xF3, 0xA5, 0x40, 0x40, 0x40, 0x40, 0x40, 0xA5, 0xF5, 0xD5, 0x9A, 0x00, 0x00, 
0x00, 0x00, 0x00, 0x9A, 0xD5, 0xA3, 0xD2, 0x00, 0x00, 0x00, 0x00, 0x00, 0xD4, 0x9A, 0x45, 0xFF, 
0x4B, 0x00, 0x00, 0x00, 0x4C, 0xFF, 0x3D, 0x00, 0xA9, 0xF6, 0x83, 0x55, 0x81, 0xF4, 0xA2, 0x00, 
0x00, 0x05, 0x81, 0xE3, 0xFE, 0xE0, 0x7E, 0x04, 0x00, 0x00, 0x53, 0xD9, 0xFC, 0xD6, 0x4A, 0x00, 
0x3B, 0xFD, 0xA2, 0x55, 0x9D, 0xFA, 0x2F, 0xAC, 0xD3, 0x01, 0x00, 0x00, 0xC8, 0xA0, 0xE5, 0x99, 
0x10, 0x10, 0x10, 0x93, 0xE1, 0xFD, 0xFF, 0xFF, 0xFF, 0xFF, 0xFF, 0xFB, 0xFB, 0xA5, 0x40, 0x40, 
0x40, 0xA5, 0xFB, 0xE1, 0x9F, 0x00, 0x00, 0x00, 0x9E, 0xE1, 0xA1, 0xE4, 0x06, 0x00, 0x05, 0xE1, 
0xA4, 0x2E, 0xFA, 0xAE, 0x57, 0xAD, 0xFB, 0x33, 0x00, 0x48, 0xD6, 0xFB, 0xD6, 0x4D, 0x00, 0x00, 
0x00, 0x06, 0x01, 0x00, 0x06, 0x00, 0x00, 0x00, 0x00, 0x00, 0xE9, 0x6E, 0x00, 0xE9, 0x6C, 0x00, 
0x00, 0x00, 0x00, 0x2A, 0x0D, 0x00, 0x2B, 0x0D, 0x00, 0x00, 0x00, 0x00, 0x00, 0x00, 0x00, 0x00, 
0x00, 0x00, 0x00, 0x00, 0x0A, 0x8B, 0xE3, 0xFA, 0xE2, 0x82, 0x06, 0x00, 0x02, 0xBC, 0xF8, 0x87, 
0x54, 0x80, 0xF4, 0xA8, 0x00, 0x54, 0xFF, 0x58, 0x00, 0x00, 0x00, 0x4C, 0xFF, 0x41, 0xAB, 0xDB, 
0x01, 0x00, 0x00, 0x00, 0x00, 0xD4, 0x9E, 0xDC, 0xA0, 0x00, 0x00, 0x00, 0x00, 0x00, 0x9D, 0xD5, 
0xF7, 0x90, 0x10, 0x10, 0x10, 0x10, 0x10, 0x90, 0xF5, 0xFE, 0xFF, 0xFF, 0xFF, 0xFF, 0xFF, 0xFF, 
0xFF, 0xFE, 0xF3, 0xA5, 0x40, 0x40, 0x40, 0x40, 0x40, 0xA5, 0xF5, 0xD5, 0x9A, 0x00, 0x00, 0x00, 
0x00, 0x00, 0x9A, 0xD5, 0xA3, 0xD2, 0x00, 0x00, 0x00, 0x00, 0x00, 0xD4, 0x9A, 0x45, 0xFF, 0x4B, 
0x00, 0x00, 0x00, 0x4C, 0xFF, 0x3D, 0x00, 0xA9, 0xF6, 0x83, 0x55, 0x81, 0xF4, 0xA2, 0x00, 0x00, 
0x05, 0x81, 0xE3, 0xFE, 0xE0, 0x7E, 0x04, 0x00, 0x00, 0x68, 0xE3, 0x00, 0xE3, 0x68, 0x00, 0x00, 
0x12, 0x3A, 0x00, 0x38, 0x12, 0x00, 0x00, 0x00, 0x00, 0x00, 0x00, 0x00, 0x00, 0x00, 0x53, 0xD9, 
0xFC, 0xD6, 0x4A, 0x00, 0x3B, 0xFD, 0xA4, 0x56, 0x9D, 0xFA, 0x2F, 0xAC, 0xD6, 0x02, 0x00, 0x00, 
0xC8, 0xA0, 0xE5, 0x9C, 0x10, 0x10, 0x10, 0x93, 0xE1, 0xFD, 0xFF, 0xFF, 0xFF, 0xFF, 0xFF, 0xFB, 
0xFB, 0xA5, 0x40, 0x40, 0x40, 0xA5, 0xFB, 0xE1, 0x9F, 0x00, 0x00, 0x00, 0x9E, 0xE1, 0xA1, 0xE4, 
0x06, 0x00, 0x05, 0xE1, 0xA4, 0x2E, 0xFA, 0xAE, 0x57, 0xAD, 0xFB, 0x33, 0x00, 0x48, 0xD6, 0xFB, 
0xD6, 0x4D, 0x00, 0x00, 0x06, 0x01, 0x00, 0x06, 0x00, 0x00, 0x00, 0x00, 0xE9, 0x6E, 0x00, 0xE9, 
0x6C, 0x00, 0x00, 0x00, 0x2A, 0x0D, 0x00, 0x2A, 0x0D, 0x00, 0x00, 0x00, 0x00, 0x00, 0x00, 0x00, 
0x00, 0x00, 0x00, 0x13, 0xA7, 0xEA, 0xFC, 0xDC, 0x74, 0x02, 0x00, 0x0A, 0xA7, 0x63, 0x56, 0x96, 
0xFD, 0x9A, 0x00, 0x00, 0x00, 0x00, 0x00, 0x00, 0x66, 0xFF, 0x3B, 0x00, 0x00, 0x00, 0x00, 0x00, 
0x01, 0xD9, 0x9D, 0x00, 0x01, 0x10, 0x10, 0x10, 0x10, 0x9E, 0xD8, 0x00, 0x14, 0xFF, 0xFF, 0xFF, 
0xFF, 0xFF, 0xF6, 0x00, 0x05, 0x40, 0x40, 0x40, 0x40, 0xA6, 0xFE, 0x00, 0x00, 0x00, 0x00, 0x00, 
0x00, 0x98, 0xF4, 0x00, 0x00, 0x00, 0x00, 0x00, 0x00, 0xBF, 0xD5, 0x00, 0x00, 0x00, 0x00, 0x00, 
0x11, 0xF9, 0x9A, 0x00, 0x00, 0x00, 0x00, 0x00, 0x8F, 0xFF, 0x3B, 0x00, 0xAA, 0x65, 0x56, 0xA1, 
0xFF, 0x9C, 0x00, 0x00, 0xB8, 0xF0, 0xFC, 0xDE, 0x78, 0x03, 0x00, 0xE3, 0x68, 0x00, 0xE3, 0x68, 
0x00, 0x38, 0x14, 0x00, 0x38, 0x12, 0x00, 0x00, 0x00, 0x00, 0x00, 0x00, 0x00, 0xA2, 0xF2, 0xF6, 
0xA8, 0x14, 0x00, 0x62, 0x61, 0x66, 0xE6, 0xBC, 0x00, 0x00, 0x00, 0x00, 0x4F, 0xFF, 0x2E, 0x00, 
0x0E, 0x10, 0x1A, 0xFF, 0x67, 0x00, 0xE0, 0xFF, 0xFF, 0xFF, 0x80, 0x00, 0x38, 0x40, 0x43, 0xFF, 
0x80, 0x00, 0x00, 0x00, 0x1C, 0xFF, 0x66, 0x00, 0x00, 0x00, 0x6B, 0xFF, 0x2B, 0xA2, 0x5A, 0x72, 
0xF3, 0xB3, 0x00, 0xB6, 0xF6, 0xF1, 0xA0, 0x0F, 0x00, 0x00, 0x00, 0x10, 0x10, 0x10, 0x10, 0x10, 
0x00, 0x00, 0x00, 0x00, 0xFF, 0xFF, 0xFF, 0xFF, 0xFF, 0x00, 0x00, 0x00, 0x00, 0x40, 0x40, 0x40, 
0x40, 0x40, 0x00, 0x00, 0x00, 0x00, 0x00, 0x00, 0x00, 0x00, 0x00, 0x00, 0x00, 0xBA, 0xF2, 0x0C, 
0x00, 0x00, 0x00, 0x19, 0xFE, 0x84, 0x54, 0xFF, 0x62, 0x00, 0x00, 0x00, 0x6C, 0xFF, 0x2C, 0x05, 
0xEA, 0xC5, 0x00, 0x00, 0x00, 0xC2, 0xD4, 0x00, 0x00, 0x8A, 0xFF, 0x29, 0x00, 0x1A, 0xFE, 0x7C, 
0x00, 0x00, 0x26, 0xFF, 0x8D, 0x00, 0x6D, 0xFF, 0x23, 0x00, 0x00, 0x00, 0xBF, 0xEB, 0x05, 0xC3, 
0xCA, 0x00, 0x00, 0x00, 0x00, 0x5A, 0xFF, 0x62, 0xFE, 0x72, 0x00, 0x00, 0x00, 0x00, 0x08, 0xED, 
0xE5, 0xFE, 0x1C, 0x00, 0x00, 0x00, 0x00, 0x00, 0x8F, 0xFF, 0xC2, 0x00, 0x00, 0x00, 0x00, 0x00, 
0x00, 0x68, 0xFF, 0x68, 0x00, 0x00, 0x00, 0x00, 0x00, 0x02, 0xD0, 0xF2, 0x0F, 0x00, 0x00, 0x00, 
0x4D, 0x77, 0xAE, 0xFF, 0x7A, 0x00, 0x00, 0x00, 0x00, 0x6D, 0xF8, 0xEF, 0x8B, 0x03, 0x00, 0x00, 
0x00, 0x00, 0x00, 0x00, 0x10, 0x10, 0x10, 0x10, 0x10, 0x00, 0x00, 0x00, 0x00, 0xFF, 0xFF, 0xFF, 
0xFF, 0xFF, 0x00, 0x00, 0x00, 0x00, 0x40, 0x40, 0x40, 0x40, 0x40, 0x00, 0x00, 0x00, 0x00, 0x00, 
0x00, 0x00, 0x00, 0x00, 0x00, 0x00, 0x11, 0xFB, 0x99, 0x00, 0x00, 0x00, 0x51, 0xFF, 0x42, 0x00, 
0xBA, 0xE2, 0x00, 0x00, 0x00, 0x9A, 0xF0, 0x04, 0x00, 0x6A, 0xFF, 0x2D, 0x00, 0x01, 0xE3, 0xA7, 
0x00, 0x00, 0x18, 0xFE, 0x79, 0x00, 0x2E, 0xFF, 0x5A, 0x00, 0x00, 0x00, 0xC6, 0xC1, 0x00, 0x79, 
0xFC, 0x11, 0x00, 0x00, 0x00, 0x76, 0xFC, 0x12, 0xC0, 0xBF, 0x00, 0x00, 0x00, 0x00, 0x23, 0xFF, 
0x65, 0xFA, 0x72, 0x00, 0x00, 0x00, 0x00, 0x00, 0xD2, 0xD2, 0xFF, 0x26, 0x00, 0x00, 0x00, 0x00, 
0x00, 0x82, 0xFF, 0xD8, 0x00, 0x00, 0x00, 0x00, 0x00, 0x00, 0x39, 0xFF, 0x8B, 0x00, 0x00, 0x00, 
0x00, 0x00, 0x00, 0x62, 0xFF, 0x3E, 0x00, 0x00, 0x00, 0x00, 0x00, 0x00, 0xBA, 0xE8, 0x03, 0x00, 
0x00, 0x00, 0x00, 0x59, 0x88, 0xFF, 0x77, 0x00, 0x00, 0x00, 0x00, 0x00, 0xF2, 0xF5, 0x94, 0x04, 
0x00, 0x00, 0x00, 0x00, 0x00, 0x00, 0x06, 0x01, 0x00, 0x06, 0x00, 0x00, 0x00, 0x00, 0x00, 0xE9, 
0x6D, 0x00, 0xE9, 0x6C, 0x00, 0x00, 0x00, 0x00, 0x29, 0x0D, 0x00, 0x29, 0x0C, 0x00, 0x00, 0x00, 
0x00, 0x00, 0x00, 0x00, 0x00, 0x00, 0x00, 0x00, 0xBC, 0xFC, 0x16, 0x00, 0x00, 0x00, 0x7A, 0xFF, 
0x1E, 0x58, 0xFF, 0x6E, 0x00, 0x00, 0x00, 0xC7, 0xCA, 0x00, 0x08, 0xEF, 0xC9, 0x00, 0x00, 0x15, 
0xFE, 0x76, 0x00, 0x00, 0x94, 0xFF, 0x25, 0x00, 0x5F, 0xFF, 0x23, 0x00, 0x00, 0x32, 0xFF, 0x81, 
0x00, 0xAC, 0xCE, 0x00, 0x00, 0x00, 0x00, 0xD0, 0xDB, 0x07, 0xF3, 0x7B, 0x00, 0x00, 0x00, 0x00, 
0x6D, 0xFF, 0x70, 0xFF, 0x27, 0x00, 0x00, 0x00, 0x00, 0x13, 0xF9, 0xE8, 0xD3, 0x00, 0x00, 0x00, 
0x00, 0x00, 0x00, 0xA9, 0xFF, 0x7F, 0x00, 0x00, 0x00, 0x00, 0x00, 0x00, 0x82, 0xFF, 0x2A, 0x00, 
0x00, 0x00, 0x00, 0x00, 0x06, 0xE1, 0xC6, 0x00, 0x00, 0x00, 0x00, 0x4D, 0x77, 0xB9, 0xFF, 0x49, 
0x00, 0x00, 0x00, 0x00, 0x6E, 0xF9, 0xE9, 0x6F, 0x00, 0x00, 0x00, 0x00, 0x00, 0x00, 0x00, 0xE3, 
0x68, 0x00, 0xE3, 0x68, 0x00, 0x00, 0x00, 0x38, 0x14, 0x00, 0x38, 0x12, 0x00, 0x00, 0x00, 0x00, 
0x00, 0x00, 0x00, 0x00, 0x00, 0x13, 0xFD, 0x7E, 0x00, 0x00, 0x00, 0xD4, 0xB4, 0x00, 0xC5, 0xC1, 
0x00, 0x00, 0x18, 0xFF, 0x6D, 0x00, 0x7B, 0xFA, 0x0B, 0x00, 0x57, 0xFF, 0x26, 0x00, 0x30, 0xFF, 
0x4A, 0x00, 0x9B, 0xDE, 0x00, 0x00, 0x01, 0xE6, 0x8C, 0x00, 0xDC, 0x96, 0x00, 0x00, 0x00, 0x9C, 
0xD1, 0x1C, 0xFF, 0x50, 0x00, 0x00, 0x00, 0x51, 0xFF, 0x70, 0xFA, 0x0D, 0x00, 0x00, 0x00, 0x0D, 
0xFA, 0xD7, 0xC0, 0x00, 0x00, 0x00, 0x00, 0x00, 0xBD, 0xFF, 0x7A, 0x00, 0x00, 0x00, 0x00, 0x00, 
0x7C, 0xFF, 0x32, 0x00, 0x00, 0x00, 0x00, 0x00, 0xA0, 0xE9, 0x01, 0x00, 0x00, 0x00, 0x00, 0x05, 
0xE9, 0x9D, 0x00, 0x00, 0x00, 0x00, 0x59, 0xA1, 0xFF, 0x34, 0x00, 0x00, 0x00, 0x00, 0xF2, 0xEF, 
0x6C, 0x00, 0x00, 0x00, 0x00, 0x00, 0x00, 0x00, 0x04, 0xDD, 0xB8, 0x32, 0xFF, 0x65, 0x00, 0x00, 
0x00, 0x61, 0xE8, 0x1B, 0xB1, 0xAE, 0x01, 0x00, 0x00, 0x03, 0xC3, 0x31, 0x32, 0xC0, 0x0C, 0x00, 
0x00, 0x00, 0x00, 0x00, 0x00, 0x00, 0x00, 0x00, 0x00, 0x3D, 0xFF, 0x5D, 0x00, 0x00, 0x00, 0x2E, 
0xFF, 0x6A, 0x01, 0xDF, 0xB7, 0x00, 0x00, 0x00, 0x7D, 0xFF, 0x1B, 0x00, 0x84, 0xFC, 0x16, 0x00, 
0x00, 0xCA, 0xC7, 0x00, 0x00, 0x27, 0xFF, 0x6D, 0x00, 0x19, 0xFF, 0x76, 0x00, 0x00, 0x00, 0xC9, 
0xC7, 0x00, 0x66, 0xFF, 0x26, 0x00, 0x00, 0x00, 0x6C, 0xFF, 0x23, 0xB3, 0xD2, 0x00, 0x00, 0x00, 
0x00, 0x15, 0xFB, 0x7A, 0xF6, 0x82, 0x00, 0x00, 0x00, 0x00, 0x00, 0xB3, 0xE8, 0xFF, 0x2E, 0x00, 
0x00, 0x00, 0x00, 0x00, 0x55, 0xFF, 0xDE, 0x00, 0x00, 0x00, 0x00, 0x00, 0x00, 0x32, 0xFF, 0x8A, 
0x00, 0x00, 0x00, 0x00, 0x00, 0x00, 0x91, 0xFF, 0x2A, 0x00, 0x00, 0x00, 0x00, 0x88, 0x89, 0xFB, 
0xAF, 0x00, 0x00, 0x00, 0x00, 0x00, 0xE8, 0xF9, 0xB5, 0x14, 0x00, 0x00, 0x00, 0x00, 0x00, 0x00, 
0x00, 0x45, 0xFF, 0x52, 0x97, 0xED, 0x13, 0x00, 0x00, 0x00, 0xC6, 0x9E, 0x1E, 0xF7, 0x4B, 0x00, 
0x00, 0x00, 0x44, 0xB0, 0x06, 0x8E, 0x6E, 0x00, 0x00, 0x00, 0x00, 0x00, 0x00, 0x00, 0x00, 0x00, 
0x00, 0x00, 0x12, 0xFD, 0x85, 0x00, 0x00, 0x00, 0xCD, 0xC0, 0x00, 0x00, 0xC3, 0xC8, 0x00, 0x00, 
0x12, 0xFE, 0x79, 0x00, 0x00, 0x77, 0xFD, 0x0F, 0x00, 0x52, 0xFF, 0x30, 0x00, 0x00, 0x2C, 0xFF, 
0x4E, 0x00, 0x94, 0xE7, 0x01, 0x00, 0x00, 0x00, 0xE0, 0x91, 0x00, 0xD7, 0xA2, 0x00, 0x00, 0x00, 
0x00, 0x95, 0xD5, 0x19, 0xFF, 0x59, 0x00, 0x00, 0x00, 0x00, 0x49, 0xFF, 0x6F, 0xFE, 0x14, 0x00, 
0x00, 0x00, 0x00, 0x09, 0xF5, 0xD7, 0xCB, 0x00, 0x00, 0x00, 0x00, 0x00, 0x00, 0xB3, 0xFF, 0x82, 
0x00, 0x00, 0x00, 0x00, 0x00, 0x00, 0x70, 0xFF, 0x3A, 0x00, 0x00, 0x00, 0x00, 0x00, 0x00, 0x94, 
0xEF, 0x03, 0x00, 0x00, 0x00, 0x00, 0x00, 0x03, 0xE2, 0xA5, 0x00, 0x00, 0x00, 0x00, 0x00, 0x59, 
0x9C, 0xFF, 0x3A, 0x00, 0x00, 0x00, 0x00, 0x00, 0xF2, 0xEF, 0x71, 0x00, 0x00, 0x00, 0x00, 0x00, 
0x00, 0x00, 0x07, 0x00, 0x00, 0x06, 0x00, 0x00, 0x00, 0x6E, 0xEA, 0x00, 0x6D, 0xE8, 0x00, 0x00, 
0x00, 0x0D, 0x2B, 0x00, 0x0D, 0x29, 0x00, 0x00, 0x00, 0x00, 0x00, 0x00, 0x00, 0x00, 0x00, 0x00, 
0xFF, 0x84, 0x00, 0x00, 0x00, 0x00, 0xFF, 0x84, 0xFF, 0x84, 0x00, 0x00, 0x00, 0x00, 0xFF, 0x84, 
0xFF, 0x84, 0x00, 0x00, 0x00, 0x00, 0xFF, 0x84, 0xFF, 0x84, 0x00, 0x00, 0x00, 0x00, 0xFF, 0x84, 
0xFF, 0x84, 0x00, 0x00, 0x00, 0x00, 0xFF, 0x84, 0xF9, 0x98, 0x00, 0x00, 0x00, 0x00, 0xFF, 0x84, 
0xC6, 0xEE, 0x43, 0x22, 0x46, 0x9B, 0xFF, 0x84, 0x38, 0xEE, 0xFF, 0xFF, 0xFD, 0xB5, 0xFF, 0x84, 
0x00, 0x0D, 0x43, 0x40, 0x13, 0x00, 0xFF, 0x84, 0x00, 0x00, 0x00, 0x00, 0x00, 0x00, 0xFF, 0x84, 
0x00, 0x00, 0x00, 0x00, 0x00, 0x00, 0xFF, 0x84, 0x00, 0x00, 0x00, 0x00, 0x00, 0x00, 0xFF, 0x84, 
0x00, 0x00, 0x00, 0x00, 0x00, 0x00, 0xFF, 0x84, 0x00, 0xE3, 0x6A, 0x00, 0xE3, 0x68, 0x00, 0x00, 
0x38, 0x15, 0x00, 0x38, 0x12, 0x00, 0x00, 0x00, 0x00, 0x00, 0x00, 0x00, 0x00, 0xFF, 0x84, 0x00, 
0x00, 0x00, 0xFF, 0x84, 0xFF, 0x84, 0x00, 0x00, 0x00, 0xFF, 0x84, 0xFF, 0x84, 0x00, 0x00, 0x00, 
0xFF, 0x84, 0xFF, 0x84, 0x00, 0x00, 0x00, 0xFF, 0x84, 0xFA, 0x89, 0x00, 0x00, 0x05, 0xFF, 0x84, 
0xD1, 0xD4, 0x1C, 0x32, 0xC3, 0xFF, 0x84, 0x51, 0xFA, 0xFF, 0xFB, 0x8F, 0xFF, 0x84, 0x00, 0x17, 
0x38, 0x13, 0x00, 0xFF, 0x84, 0x00, 0x00, 0x00, 0x00, 0x00, 0xFF, 0x84, 0x00, 0x00, 0x00, 0x00, 
0x00, 0xFF, 0x84, 0xFF, 0xFF, 0xFF, 0xFF, 0xFF, 0xD0, 0xFF, 0xAB, 0x50, 0x50, 0x50, 0x41, 0xFF, 
0x84, 0x00, 0x00, 0x00, 0x00, 0xFF, 0x84, 0x00, 0x00, 0x00, 0x00, 0xFF, 0x84, 0x00, 0x00, 0x00, 
0x00, 0xFF, 0x84, 0x00, 0x00, 0x00, 0x00, 0xFF, 0x84, 0x00, 0x00, 0x00, 0x00, 0xFF, 0x84, 0x00, 
0x00, 0x00, 0x00, 0xFF, 0x84, 0x00, 0x00, 0x00, 0x00, 0xFF, 0x84, 0x00, 0x00, 0x00, 0x00, 0xFF, 
0x84, 0x00, 0x00, 0x00, 0x00, 0xFF, 0x84, 0x00, 0x00, 0x00, 0x00, 0xFF, 0xFF, 0xFF, 0x00, 0x00, 
0x00, 0x00, 0x84, 0xFF, 0x00, 0x00, 0x00, 0x00, 0x84, 0xFF, 0x00, 0x00, 0x00, 0x00, 0x84, 0xFF, 
0x00, 0x00, 0x00, 0x00, 0x84, 0xFF, 0x00, 0x00, 0x00, 0xFF, 0xFF, 0xFF, 0xFF, 0x94, 0xFF, 0xAB, 
0x50, 0x50, 0x2E, 0xFF, 0x84, 0x00, 0x00, 0x00, 0xFF, 0x84, 0x00, 0x00, 0x00, 0xFF, 0x84, 0x00, 
0x00, 0x00, 0xFF, 0x84, 0x00, 0x00, 0x00, 0xFF, 0x84, 0x00, 0x00, 0x00, 0xFF, 0x84, 0x00, 0x00, 
0x00, 0xFF, 0x84, 0x00, 0x00, 0x00, 0xFF, 0xFF, 0x84, 0x00, 0x00, 0x00, 0xFF, 0x84, 0x00, 0x00, 
0x00, 0xFF, 0x84, 0x00, 0x00, 0x00, 0xFF, 0x84, 0x00, 0x00, 0x00, 0xFF, 0x84, 0x00, 0x00, 0x00, 
0x00, 0x00, 0x06, 0x01, 0x00, 0x06, 0x00, 0x00, 0x00, 0x00, 0x00, 0x00, 0xE9, 0x6D, 0x00, 0xE9, 
0x6C, 0x00, 0x00, 0x00, 0x00, 0x00, 0x29, 0x0D, 0x00, 0x29, 0x0C, 0x00, 0x00, 0x00, 0x00, 0x00, 
0x00, 0x00, 0x00, 0x00, 0x00, 0x00, 0x00, 0xFF, 0x84, 0x00, 0x00, 0x00, 0x00, 0x00, 0x00, 0x84, 
0xFF, 0xFF, 0x84, 0x00, 0x00, 0x00, 0x00, 0x00, 0x00, 0x84, 0xFF, 0xFF, 0x84, 0x00, 0x00, 0x00, 
0x00, 0x00, 0x00, 0x84, 0xFF, 0xFF, 0x84, 0x00, 0x00, 0x00, 0x00, 0x00, 0x00, 0x84, 0xFF, 0xFF, 
0x84, 0x00, 0x00, 0x00, 0x00, 0x00, 0x00, 0x84, 0xFF, 0xFF, 0x8C, 0x0F, 0x05, 0x00, 0x00, 0x00, 
0x00, 0x84, 0xFF, 0xFF, 0xFF, 0xFF, 0xFD, 0xC8, 0x3C, 0x00, 0x00, 0x84, 0xFF, 0xFF, 0xA3, 0x41, 
0x59, 0xCE, 0xF4, 0x1C, 0x00, 0x84, 0xFF, 0xFF, 0x84, 0x00, 0x00, 0x27, 0xFF, 0x6C, 0x00, 0x84, 
0xFF, 0xFF, 0x84, 0x00, 0x00, 0x05, 0xFF, 0x80, 0x00, 0x84, 0xFF, 0xFF, 0x84, 0x00, 0x00, 0x3B, 
0xFF, 0x61, 0x00, 0x84, 0xFF, 0xFF, 0xB3, 0x61, 0x7A, 0xE7, 0xE5, 0x0F, 0x00, 0x84, 0xFF, 0xFF, 
0xFF, 0xFF, 0xF2, 0xB0, 0x25, 0x00, 0x00, 0x84, 0xFF, 0x00, 0x00, 0xE3, 0x68, 0x00, 0xE3, 0x68, 
0x00, 0x00, 0x00, 0x00, 0x38, 0x14, 0x00, 0x38, 0x12, 0x00, 0x00, 0x00, 0x00, 0x00, 0x00, 0x00, 
0x00, 0x00, 0x00, 0x00, 0xFF, 0x84, 0x00, 0x00, 0x00, 0x00, 0x00, 0x84, 0xFF, 0xFF, 0x84, 0x00, 
0x00, 0x00, 0x00, 0x00, 0x84, 0xFF, 0xFF, 0x84, 0x00, 0x00, 0x00, 0x00, 0x00, 0x84, 0xFF, 0xFF, 
0x8C, 0x10, 0x05, 0x00, 0x00, 0x00, 0x84, 0xFF, 0xFF, 0xFF, 0xFF, 0xFE, 0xC1, 0x22, 0x00, 0x84, 
0xFF, 0xFF, 0xA3, 0x40, 0x64, 0xF1, 0xBC, 0x00, 0x84, 0xFF, 0xFF, 0x84, 0x00, 0x00, 0x96, 0xF9, 
0x00, 0x84, 0xFF, 0xFF, 0x84, 0x00, 0x00, 0x95, 0xF2, 0x00, 0x84, 0xFF, 0xFF, 0x9F, 0x38, 0x5D, 
0xF1, 0xAC, 0x00, 0x84, 0xFF, 0xFF, 0xFF, 0xFF, 0xF2, 0xAB, 0x15, 0x00, 0x84, 0xFF, 0x00, 0xFF, 
0xFF, 0xFF, 0xFF, 0xFF, 0xA0, 0x00, 0xFF, 0xAB, 0x50, 0x50, 0x50, 0x32, 0x00, 0xFF, 0x84, 0x00, 
0x00, 0x00, 0x00, 0x00, 0xFF, 0x84, 0x00, 0x00, 0x00, 0x00, 0x00, 0xFF, 0x84, 0x00, 0x00, 0x00, 
0x00, 0x10, 0xFF, 0x8C, 0x10, 0x10, 0x00, 0x00, 0xFF, 0xFF, 0xFF, 0xFF, 0xFF, 0x00, 0x00, 0x40, 
0xFF, 0xA3, 0x40, 0x40, 0x00, 0x00, 0x00, 0xFF, 0x84, 0x00, 0x00, 0x00, 0x00, 0x00, 0xFF, 0x84, 
0x00, 0x00, 0x00, 0x00, 0x00, 0xFF, 0x84, 0x00, 0x00, 0x00, 0x00, 0x00, 0xFF, 0xAB, 0x50, 0x00, 
0x00, 0x00, 0x00, 0xFF, 0xFF, 0xFF, 0x00, 0x00, 0x00, 0x00, 0x00, 0x7C, 0xFF, 0x00, 0x00, 0x00, 
0x00, 0x1B, 0xA3, 0xF3, 0x00, 0x00, 0x00, 0x00, 0xFF, 0xFF, 0x93, 0x00, 0x00, 0x00, 0x00, 0x2F, 
0x32, 0x01, 0x00, 0x00, 0x00, 0x00, 0xFF, 0xFF, 0xFF, 0xFF, 0xFF, 0x48, 0x00, 0xFF, 0xAB, 0x50, 
0x50, 0x50, 0x17, 0x00, 0xFF, 0x84, 0x00, 0x00, 0x00, 0x00, 0x00, 0xFF, 0x84, 0x00, 0x00, 0x00, 
0x00, 0x10, 0xFF, 0x8C, 0x10, 0x10, 0x00, 0x00, 0xFF, 0xFF, 0xFF, 0xFF, 0xFF, 0x00, 0x00, 0x40, 
0xFF, 0xA3, 0x40, 0x40, 0x00, 0x00, 0x00, 0xFF, 0x84, 0x00, 0x00, 0x00, 0x00, 0x00, 0xFF, 0x92, 
0x1C, 0x00, 0x00, 0x00, 0x00, 0xFF, 0xFF, 0xFF, 0x00, 0x00, 0x00, 0x00, 0x00, 0x84, 0xFF, 0x00, 
0x00, 0x00, 0x00, 0x17, 0xA6, 0xF4, 0x00, 0x00, 0x00, 0x00, 0xFF, 0xFF, 0x95, 0x00, 0x00, 0x00, 
0x00, 0x2A, 0x2D, 0x00, 0x00, 0x00, 0x00, 0x2F, 0xFF, 0x71, 0x00, 0x00, 0x0C, 0xF2, 0x96, 0x00, 
0x00, 0xBB, 0xD9, 0x01, 0x00, 0x63, 0xFF, 0x29, 0x00, 0x00, 0x48, 0xFF, 0x43, 0x00, 0xC6, 0xBC, 
0x00, 0x00, 0x00, 0x01, 0xD4, 0xAD, 0x2C, 0xFF, 0x4E, 0x00, 0x00, 0x00, 0x00, 0x61, 0xFC, 0xAB, 
0xDF, 0x03, 0x00, 0x00, 0x00, 0x00, 0x06, 0xE6, 0xFF, 0x74, 0x00, 0x00, 0x00, 0x00, 0x00, 0x00, 
0xC4, 0xFF, 0x3F, 0x00, 0x00, 0x00, 0x00, 0x00, 0x33, 0xFF, 0xEE, 0x9E, 0x00, 0x00, 0x00, 0x00, 
0x00, 0xA6, 0xD8, 0x6C, 0xF6, 0x0F, 0x00, 0x00, 0x00, 0x1F, 0xFC, 0x6A, 0x10, 0xF6, 0x6D, 0x00, 
0x00, 0x00, 0x8E, 0xF1, 0x0D, 0x00, 0xA4, 0xD3, 0x00, 0x00, 0x0F, 0xF3, 0x8F, 0x00, 0x00, 0x41, 
0xFF, 0x7E, 0x36, 0x77, 0xFE, 0x24, 0x00, 0x00, 0x01, 0xDD, 0xFF, 0x84, 0x00, 0x00, 0x00, 0x00, 
0x00, 0x00, 0x00, 0xFF, 0x84, 0x00, 0x00, 0x00, 0x00, 0x00, 0x11, 0x31, 0xFF, 0x75, 0x00, 0x00, 
0x00, 0x00, 0x00, 0x80, 0xFF, 0xF0, 0x24, 0x00, 0x00, 0x00, 0x00, 0x00, 0x12, 0x3B, 0x14, 0x00, 
0x5C, 0xFF, 0x3E, 0x00, 0x08, 0xEC, 0xA6, 0x00, 0x03, 0xDB, 0xB2, 0x00, 0x62, 0xFF, 0x2E, 0x00, 
0x00, 0x60, 0xFE, 0x28, 0xD3, 0xB3, 0x00, 0x00, 0x00, 0x04, 0xDC, 0xCF, 0xFF, 0x38, 0x00, 0x00, 
0x00, 0x00, 0x63, 0xFF, 0xBF, 0x00, 0x00, 0x00, 0x00, 0x00, 0x84, 0xFF, 0xD0, 0x01, 0x00, 0x00, 
0x00, 0x12, 0xF2, 0xA2, 0xFF, 0x48, 0x00, 0x00, 0x00, 0x84, 0xF3, 0x10, 0xBA, 0xBE, 0x00, 0x00, 
0x10, 0xF1, 0x8D, 0x00, 0x4B, 0xFF, 0x64, 0x27, 0x80, 0xFB, 0x1B, 0x00, 0x02, 0xDB, 0xFF, 0x84, 
0x00, 0x00, 0x00, 0x00, 0x00, 0x00, 0xFF, 0x84, 0x00, 0x00, 0x00, 0x00, 0x12, 0x32, 0xFF, 0x79, 
0x00, 0x00, 0x00, 0x00, 0x80, 0xFF, 0xF3, 0x27, 0x00, 0x00, 0x00, 0x00, 0x11, 0x3B, 0x13, 0x00, 
0x5E, 0xFF, 0x3B, 0x00, 0x00, 0x3F, 0xFF, 0x59, 0x0A, 0xF0, 0x96, 0x00, 0x00, 0x9C, 0xEC, 0x07, 
0x00, 0x96, 0xED, 0x06, 0x08, 0xF0, 0x8D, 0x00, 0x00, 0x32, 0xFF, 0x4F, 0x56, 0xFF, 0x28, 0x00, 
0x00, 0x00, 0xCE, 0xAB, 0xB3, 0xC1, 0x00, 0x00, 0x00, 0x14, 0x79, 0xF8, 0xFB, 0x6C, 0x14, 0x00, 
0x00, 0xFF, 0xFF, 0xFF, 0xFF, 0xFF, 0xFF, 0x00, 0x00, 0x44, 0x8B, 0xFE, 0xFF, 0x82, 0x44, 0x00, 
0x00, 0x00, 0xC7, 0xB5, 0xC2, 0xB7, 0x00, 0x00, 0x00, 0x3D, 0xFF, 0x45, 0x5A, 0xFF, 0x2B, 0x00, 
0x00, 0xB3, 0xD5, 0x01, 0x07, 0xEB, 0x9A, 0x00, 0x2C, 0xFF, 0x65, 0x00, 0x00, 0x8C, 0xF7, 0x13, 
0xA1, 0xEC, 0x09, 0x00, 0x00, 0x25, 0xFF, 0x7A, 0x28, 0xFD, 0x87, 0x00, 0x00, 0x87, 0xFC, 0x27, 
0x00, 0x9E, 0xF2, 0x12, 0x12, 0xF2, 0x98, 0x00, 0x00, 0x1F, 0xF9, 0x82, 0x83, 0xF4, 0x19, 0x00, 
0x00, 0x04, 0x94, 0xF0, 0xF0, 0x85, 0x04, 0x00, 0x00, 0xFF, 0xFF, 0xFF, 0xFF, 0xFF, 0xFF, 0x00, 
0x00, 0x34, 0x97, 0xFD, 0xFF, 0x8B, 0x34, 0x00, 0x00, 0x05, 0xE2, 0xAC, 0xB6, 0xD9, 0x02, 0x00, 
0x00, 0x60, 0xFF, 0x3A, 0x44, 0xFF, 0x55, 0x00, 0x02, 0xD7, 0xC8, 0x00, 0x01, 0xD3, 0xD0, 0x01, 
0x51, 0xFF, 0x56, 0x00, 0x00, 0x61, 0xFF, 0x49, 0x00, 0x23, 0x4E, 0x6F, 0x74, 0x6F, 0x20, 0x53, 
0x61, 0x6E, 0x73, 0x20, 0x44, 0x69, 0x73, 0x70, 0x6C, 0x61, 0x79, 0x20, 0x43, 0x6F, 0x6E, 0x64, 
0x65, 0x6E, 0x73, 0x65, 0x64, 0x20, 0x52, 0x65, 0x67, 0x75, 0x6C, 0x61, 0x72, 0x00, 0x20, 0x4E, 
0x6F, 0x74, 0x6F, 0x53, 0x61, 0x6E, 0x73, 0x44, 0x69, 0x73, 0x70, 0x6C, 0x61, 0x79, 0x43, 0x6F, 
0x6E, 0x64, 0x65, 0x6E, 0x73, 0x65, 0x64, 0x2D, 0x52, 0x65, 0x67, 0x75, 0x6C, 0x61, 0x72, 0x01
};
#else
extern const uint8_t NotoSansDisplayCondExt18[] PROGMEM;
#endif
