/* The font vlw file can be converted to a byte array using:

   https://tomeko.net/online_tools/file_to_hex.php?lang=en

   Paste the byte array into a sketch tab and add two lines
   at the start with a unique font name:

                const uint8_t  fontName[] PROGMEM = {

   At the end add:

        };

   See example below. Include the tab in the main sketch, e.g.:

        #include "NotoSans18.h"
*/


#pragma once

// See ui/resources/FontRegistry.h for why this is guarded: the array is
// ~240 KB and must be defined in exactly one translation unit (Fonts.cpp).
// Every other includer only sees the extern declaration.
#ifdef NERDBOX_DEFINE_FONT_DATA
extern const uint8_t  NotoSans18[] PROGMEM = {
0x00, 0x00, 0x01, 0x0B, 0x00, 0x00, 0x00, 0x0B, 0x00, 0x00, 0x00, 0x12, 0x00, 0x00, 0x00, 0x00, 
0x00, 0x00, 0x00, 0x0E, 0x00, 0x00, 0x00, 0x05, 0x00, 0x00, 0x00, 0x21, 0x00, 0x00, 0x00, 0x0E, 
0x00, 0x00, 0x00, 0x03, 0x00, 0x00, 0x00, 0x05, 0x00, 0x00, 0x00, 0x0D, 0x00, 0x00, 0x00, 0x01, 
0x00, 0x00, 0x00, 0x00, 0x00, 0x00, 0x00, 0x22, 0x00, 0x00, 0x00, 0x05, 0x00, 0x00, 0x00, 0x06, 
0x00, 0x00, 0x00, 0x07, 0x00, 0x00, 0x00, 0x0D, 0x00, 0x00, 0x00, 0x01, 0x00, 0x00, 0x00, 0x00, 
0x00, 0x00, 0x00, 0x23, 0x00, 0x00, 0x00, 0x0D, 0x00, 0x00, 0x00, 0x0C, 0x00, 0x00, 0x00, 0x0C, 
0x00, 0x00, 0x00, 0x0D, 0x00, 0x00, 0x00, 0x00, 0x00, 0x00, 0x00, 0x00, 0x00, 0x00, 0x00, 0x24, 
0x00, 0x00, 0x00, 0x10, 0x00, 0x00, 0x00, 0x09, 0x00, 0x00, 0x00, 0x0A, 0x00, 0x00, 0x00, 0x0E, 
0x00, 0x00, 0x00, 0x01, 0x00, 0x00, 0x00, 0x00, 0x00, 0x00, 0x00, 0x25, 0x00, 0x00, 0x00, 0x0F, 
0x00, 0x00, 0x00, 0x0F, 0x00, 0x00, 0x00, 0x0F, 0x00, 0x00, 0x00, 0x0E, 0x00, 0x00, 0x00, 0x00, 
0x00, 0x00, 0x00, 0x00, 0x00, 0x00, 0x00, 0x26, 0x00, 0x00, 0x00, 0x0F, 0x00, 0x00, 0x00, 0x0E, 
0x00, 0x00, 0x00, 0x0D, 0x00, 0x00, 0x00, 0x0E, 0x00, 0x00, 0x00, 0x00, 0x00, 0x00, 0x00, 0x00, 
0x00, 0x00, 0x00, 0x27, 0x00, 0x00, 0x00, 0x05, 0x00, 0x00, 0x00, 0x02, 0x00, 0x00, 0x00, 0x04, 
0x00, 0x00, 0x00, 0x0D, 0x00, 0x00, 0x00, 0x01, 0x00, 0x00, 0x00, 0x00, 0x00, 0x00, 0x00, 0x28, 
0x00, 0x00, 0x00, 0x10, 0x00, 0x00, 0x00, 0x05, 0x00, 0x00, 0x00, 0x05, 0x00, 0x00, 0x00, 0x0D, 
0x00, 0x00, 0x00, 0x00, 0x00, 0x00, 0x00, 0x00, 0x00, 0x00, 0x00, 0x29, 0x00, 0x00, 0x00, 0x10, 
0x00, 0x00, 0x00, 0x05, 0x00, 0x00, 0x00, 0x05, 0x00, 0x00, 0x00, 0x0D, 0x00, 0x00, 0x00, 0x00, 
0x00, 0x00, 0x00, 0x00, 0x00, 0x00, 0x00, 0x2A, 0x00, 0x00, 0x00, 0x09, 0x00, 0x00, 0x00, 0x0A, 
0x00, 0x00, 0x00, 0x0A, 0x00, 0x00, 0x00, 0x0E, 0x00, 0x00, 0x00, 0x00, 0x00, 0x00, 0x00, 0x00, 
0x00, 0x00, 0x00, 0x2B, 0x00, 0x00, 0x00, 0x09, 0x00, 0x00, 0x00, 0x0A, 0x00, 0x00, 0x00, 0x0A, 
0x00, 0x00, 0x00, 0x0B, 0x00, 0x00, 0x00, 0x00, 0x00, 0x00, 0x00, 0x00, 0x00, 0x00, 0x00, 0x2C, 
0x00, 0x00, 0x00, 0x06, 0x00, 0x00, 0x00, 0x04, 0x00, 0x00, 0x00, 0x05, 0x00, 0x00, 0x00, 0x03, 
0x00, 0x00, 0x00, 0x00, 0x00, 0x00, 0x00, 0x00, 0x00, 0x00, 0x00, 0x2D, 0x00, 0x00, 0x00, 0x02, 
0x00, 0x00, 0x00, 0x06, 0x00, 0x00, 0x00, 0x06, 0x00, 0x00, 0x00, 0x06, 0x00, 0x00, 0x00, 0x00, 
0x00, 0x00, 0x00, 0x00, 0x00, 0x00, 0x00, 0x2E, 0x00, 0x00, 0x00, 0x04, 0x00, 0x00, 0x00, 0x03, 
0x00, 0x00, 0x00, 0x05, 0x00, 0x00, 0x00, 0x03, 0x00, 0x00, 0x00, 0x01, 0x00, 0x00, 0x00, 0x00, 
0x00, 0x00, 0x00, 0x2F, 0x00, 0x00, 0x00, 0x0D, 0x00, 0x00, 0x00, 0x07, 0x00, 0x00, 0x00, 0x07, 
0x00, 0x00, 0x00, 0x0D, 0x00, 0x00, 0x00, 0x00, 0x00, 0x00, 0x00, 0x00, 0x00, 0x00, 0x00, 0x30, 
0x00, 0x00, 0x00, 0x0F, 0x00, 0x00, 0x00, 0x0A, 0x00, 0x00, 0x00, 0x0A, 0x00, 0x00, 0x00, 0x0E, 
0x00, 0x00, 0x00, 0x00, 0x00, 0x00, 0x00, 0x00, 0x00, 0x00, 0x00, 0x31, 0x00, 0x00, 0x00, 0x0D, 
0x00, 0x00, 0x00, 0x06, 0x00, 0x00, 0x00, 0x0A, 0x00, 0x00, 0x00, 0x0D, 0x00, 0x00, 0x00, 0x01, 
0x00, 0x00, 0x00, 0x00, 0x00, 0x00, 0x00, 0x32, 0x00, 0x00, 0x00, 0x0E, 0x00, 0x00, 0x00, 0x0A, 
0x00, 0x00, 0x00, 0x0A, 0x00, 0x00, 0x00, 0x0E, 0x00, 0x00, 0x00, 0x00, 0x00, 0x00, 0x00, 0x00, 
0x00, 0x00, 0x00, 0x33, 0x00, 0x00, 0x00, 0x0F, 0x00, 0x00, 0x00, 0x0A, 0x00, 0x00, 0x00, 0x0A, 
0x00, 0x00, 0x00, 0x0E, 0x00, 0x00, 0x00, 0x00, 0x00, 0x00, 0x00, 0x00, 0x00, 0x00, 0x00, 0x34, 
0x00, 0x00, 0x00, 0x0D, 0x00, 0x00, 0x00, 0x0A, 0x00, 0x00, 0x00, 0x0A, 0x00, 0x00, 0x00, 0x0D, 
0x00, 0x00, 0x00, 0x00, 0x00, 0x00, 0x00, 0x00, 0x00, 0x00, 0x00, 0x35, 0x00, 0x00, 0x00, 0x0E, 
0x00, 0x00, 0x00, 0x09, 0x00, 0x00, 0x00, 0x0A, 0x00, 0x00, 0x00, 0x0D, 0x00, 0x00, 0x00, 0x01, 
0x00, 0x00, 0x00, 0x00, 0x00, 0x00, 0x00, 0x36, 0x00, 0x00, 0x00, 0x0F, 0x00, 0x00, 0x00, 0x09, 
0x00, 0x00, 0x00, 0x0A, 0x00, 0x00, 0x00, 0x0E, 0x00, 0x00, 0x00, 0x01, 0x00, 0x00, 0x00, 0x00, 
0x00, 0x00, 0x00, 0x37, 0x00, 0x00, 0x00, 0x0D, 0x00, 0x00, 0x00, 0x0A, 0x00, 0x00, 0x00, 0x0A, 
0x00, 0x00, 0x00, 0x0D, 0x00, 0x00, 0x00, 0x00, 0x00, 0x00, 0x00, 0x00, 0x00, 0x00, 0x00, 0x38, 
0x00, 0x00, 0x00, 0x0F, 0x00, 0x00, 0x00, 0x0A, 0x00, 0x00, 0x00, 0x0A, 0x00, 0x00, 0x00, 0x0E, 
0x00, 0x00, 0x00, 0x00, 0x00, 0x00, 0x00, 0x00, 0x00, 0x00, 0x00, 0x39, 0x00, 0x00, 0x00, 0x0E, 
0x00, 0x00, 0x00, 0x0A, 0x00, 0x00, 0x00, 0x0A, 0x00, 0x00, 0x00, 0x0D, 0x00, 0x00, 0x00, 0x00, 
0x00, 0x00, 0x00, 0x00, 0x00, 0x00, 0x00, 0x3A, 0x00, 0x00, 0x00, 0x0B, 0x00, 0x00, 0x00, 0x03, 
0x00, 0x00, 0x00, 0x05, 0x00, 0x00, 0x00, 0x0A, 0x00, 0x00, 0x00, 0x01, 0x00, 0x00, 0x00, 0x00, 
0x00, 0x00, 0x00, 0x3B, 0x00, 0x00, 0x00, 0x0D, 0x00, 0x00, 0x00, 0x04, 0x00, 0x00, 0x00, 0x05, 
0x00, 0x00, 0x00, 0x0A, 0x00, 0x00, 0x00, 0x00, 0x00, 0x00, 0x00, 0x00, 0x00, 0x00, 0x00, 0x3C, 
0x00, 0x00, 0x00, 0x09, 0x00, 0x00, 0x00, 0x0A, 0x00, 0x00, 0x00, 0x0A, 0x00, 0x00, 0x00, 0x0B, 
0x00, 0x00, 0x00, 0x00, 0x00, 0x00, 0x00, 0x00, 0x00, 0x00, 0x00, 0x3D, 0x00, 0x00, 0x00, 0x06, 
0x00, 0x00, 0x00, 0x09, 0x00, 0x00, 0x00, 0x0A, 0x00, 0x00, 0x00, 0x09, 0x00, 0x00, 0x00, 0x01, 
0x00, 0x00, 0x00, 0x00, 0x00, 0x00, 0x00, 0x3E, 0x00, 0x00, 0x00, 0x09, 0x00, 0x00, 0x00, 0x0A, 
0x00, 0x00, 0x00, 0x0A, 0x00, 0x00, 0x00, 0x0B, 0x00, 0x00, 0x00, 0x00, 0x00, 0x00, 0x00, 0x00, 
0x00, 0x00, 0x00, 0x3F, 0x00, 0x00, 0x00, 0x0F, 0x00, 0x00, 0x00, 0x08, 0x00, 0x00, 0x00, 0x08, 
0x00, 0x00, 0x00, 0x0E, 0x00, 0x00, 0x00, 0x00, 0x00, 0x00, 0x00, 0x00, 0x00, 0x00, 0x00, 0x40, 
0x00, 0x00, 0x00, 0x0F, 0x00, 0x00, 0x00, 0x0F, 0x00, 0x00, 0x00, 0x10, 0x00, 0x00, 0x00, 0x0D, 
0x00, 0x00, 0x00, 0x01, 0x00, 0x00, 0x00, 0x00, 0x00, 0x00, 0x00, 0x41, 0x00, 0x00, 0x00, 0x0D, 
0x00, 0x00, 0x00, 0x0C, 0x00, 0x00, 0x00, 0x0C, 0x00, 0x00, 0x00, 0x0D, 0x00, 0x00, 0x00, 0x00, 
0x00, 0x00, 0x00, 0x00, 0x00, 0x00, 0x00, 0x42, 0x00, 0x00, 0x00, 0x0D, 0x00, 0x00, 0x00, 0x0A, 
0x00, 0x00, 0x00, 0x0C, 0x00, 0x00, 0x00, 0x0D, 0x00, 0x00, 0x00, 0x01, 0x00, 0x00, 0x00, 0x00, 
0x00, 0x00, 0x00, 0x43, 0x00, 0x00, 0x00, 0x0F, 0x00, 0x00, 0x00, 0x0A, 0x00, 0x00, 0x00, 0x0B, 
0x00, 0x00, 0x00, 0x0E, 0x00, 0x00, 0x00, 0x01, 0x00, 0x00, 0x00, 0x00, 0x00, 0x00, 0x00, 0x44, 
0x00, 0x00, 0x00, 0x0D, 0x00, 0x00, 0x00, 0x0C, 0x00, 0x00, 0x00, 0x0D, 0x00, 0x00, 0x00, 0x0D, 
0x00, 0x00, 0x00, 0x01, 0x00, 0x00, 0x00, 0x00, 0x00, 0x00, 0x00, 0x45, 0x00, 0x00, 0x00, 0x0D, 
0x00, 0x00, 0x00, 0x08, 0x00, 0x00, 0x00, 0x0A, 0x00, 0x00, 0x00, 0x0D, 0x00, 0x00, 0x00, 0x01, 
0x00, 0x00, 0x00, 0x00, 0x00, 0x00, 0x00, 0x46, 0x00, 0x00, 0x00, 0x0D, 0x00, 0x00, 0x00, 0x08, 
0x00, 0x00, 0x00, 0x09, 0x00, 0x00, 0x00, 0x0D, 0x00, 0x00, 0x00, 0x01, 0x00, 0x00, 0x00, 0x00, 
0x00, 0x00, 0x00, 0x47, 0x00, 0x00, 0x00, 0x0F, 0x00, 0x00, 0x00, 0x0B, 0x00, 0x00, 0x00, 0x0D, 
0x00, 0x00, 0x00, 0x0E, 0x00, 0x00, 0x00, 0x01, 0x00, 0x00, 0x00, 0x00, 0x00, 0x00, 0x00, 0x48, 
0x00, 0x00, 0x00, 0x0D, 0x00, 0x00, 0x00, 0x0B, 0x00, 0x00, 0x00, 0x0D, 0x00, 0x00, 0x00, 0x0D, 
0x00, 0x00, 0x00, 0x01, 0x00, 0x00, 0x00, 0x00, 0x00, 0x00, 0x00, 0x49, 0x00, 0x00, 0x00, 0x0D, 
0x00, 0x00, 0x00, 0x06, 0x00, 0x00, 0x00, 0x06, 0x00, 0x00, 0x00, 0x0D, 0x00, 0x00, 0x00, 0x00, 
0x00, 0x00, 0x00, 0x00, 0x00, 0x00, 0x00, 0x4A, 0x00, 0x00, 0x00, 0x11, 0x00, 0x00, 0x00, 0x06, 
0x00, 0x00, 0x00, 0x05, 0x00, 0x00, 0x00, 0x0D, 0xFF, 0xFF, 0xFF, 0xFE, 0x00, 0x00, 0x00, 0x00, 
0x00, 0x00, 0x00, 0x4B, 0x00, 0x00, 0x00, 0x0D, 0x00, 0x00, 0x00, 0x0B, 0x00, 0x00, 0x00, 0x0B, 
0x00, 0x00, 0x00, 0x0D, 0x00, 0x00, 0x00, 0x01, 0x00, 0x00, 0x00, 0x00, 0x00, 0x00, 0x00, 0x4C, 
0x00, 0x00, 0x00, 0x0D, 0x00, 0x00, 0x00, 0x08, 0x00, 0x00, 0x00, 0x09, 0x00, 0x00, 0x00, 0x0D, 
0x00, 0x00, 0x00, 0x01, 0x00, 0x00, 0x00, 0x00, 0x00, 0x00, 0x00, 0x4D, 0x00, 0x00, 0x00, 0x0D, 
0x00, 0x00, 0x00, 0x0E, 0x00, 0x00, 0x00, 0x10, 0x00, 0x00, 0x00, 0x0D, 0x00, 0x00, 0x00, 0x01, 
0x00, 0x00, 0x00, 0x00, 0x00, 0x00, 0x00, 0x4E, 0x00, 0x00, 0x00, 0x0D, 0x00, 0x00, 0x00, 0x0B, 
0x00, 0x00, 0x00, 0x0E, 0x00, 0x00, 0x00, 0x0D, 0x00, 0x00, 0x00, 0x01, 0x00, 0x00, 0x00, 0x00, 
0x00, 0x00, 0x00, 0x4F, 0x00, 0x00, 0x00, 0x0F, 0x00, 0x00, 0x00, 0x0C, 0x00, 0x00, 0x00, 0x0E, 
0x00, 0x00, 0x00, 0x0E, 0x00, 0x00, 0x00, 0x01, 0x00, 0x00, 0x00, 0x00, 0x00, 0x00, 0x00, 0x50, 
0x00, 0x00, 0x00, 0x0D, 0x00, 0x00, 0x00, 0x09, 0x00, 0x00, 0x00, 0x0B, 0x00, 0x00, 0x00, 0x0D, 
0x00, 0x00, 0x00, 0x01, 0x00, 0x00, 0x00, 0x00, 0x00, 0x00, 0x00, 0x51, 0x00, 0x00, 0x00, 0x12, 
0x00, 0x00, 0x00, 0x0C, 0x00, 0x00, 0x00, 0x0E, 0x00, 0x00, 0x00, 0x0E, 0x00, 0x00, 0x00, 0x01, 
0x00, 0x00, 0x00, 0x00, 0x00, 0x00, 0x00, 0x52, 0x00, 0x00, 0x00, 0x0D, 0x00, 0x00, 0x00, 0x0A, 
0x00, 0x00, 0x00, 0x0B, 0x00, 0x00, 0x00, 0x0D, 0x00, 0x00, 0x00, 0x01, 0x00, 0x00, 0x00, 0x00, 
0x00, 0x00, 0x00, 0x53, 0x00, 0x00, 0x00, 0x0F, 0x00, 0x00, 0x00, 0x0A, 0x00, 0x00, 0x00, 0x0A, 
0x00, 0x00, 0x00, 0x0E, 0x00, 0x00, 0x00, 0x00, 0x00, 0x00, 0x00, 0x00, 0x00, 0x00, 0x00, 0x54, 
0x00, 0x00, 0x00, 0x0D, 0x00, 0x00, 0x00, 0x0A, 0x00, 0x00, 0x00, 0x0A, 0x00, 0x00, 0x00, 0x0D, 
0x00, 0x00, 0x00, 0x00, 0x00, 0x00, 0x00, 0x00, 0x00, 0x00, 0x00, 0x55, 0x00, 0x00, 0x00, 0x0E, 
0x00, 0x00, 0x00, 0x0B, 0x00, 0x00, 0x00, 0x0D, 0x00, 0x00, 0x00, 0x0D, 0x00, 0x00, 0x00, 0x01, 
0x00, 0x00, 0x00, 0x00, 0x00, 0x00, 0x00, 0x56, 0x00, 0x00, 0x00, 0x0D, 0x00, 0x00, 0x00, 0x0B, 
0x00, 0x00, 0x00, 0x0B, 0x00, 0x00, 0x00, 0x0D, 0x00, 0x00, 0x00, 0x00, 0x00, 0x00, 0x00, 0x00, 
0x00, 0x00, 0x00, 0x57, 0x00, 0x00, 0x00, 0x0D, 0x00, 0x00, 0x00, 0x11, 0x00, 0x00, 0x00, 0x11, 
0x00, 0x00, 0x00, 0x0D, 0x00, 0x00, 0x00, 0x00, 0x00, 0x00, 0x00, 0x00, 0x00, 0x00, 0x00, 0x58, 
0x00, 0x00, 0x00, 0x0D, 0x00, 0x00, 0x00, 0x0B, 0x00, 0x00, 0x00, 0x0B, 0x00, 0x00, 0x00, 0x0D, 
0x00, 0x00, 0x00, 0x00, 0x00, 0x00, 0x00, 0x00, 0x00, 0x00, 0x00, 0x59, 0x00, 0x00, 0x00, 0x0D, 
0x00, 0x00, 0x00, 0x0B, 0x00, 0x00, 0x00, 0x0A, 0x00, 0x00, 0x00, 0x0D, 0x00, 0x00, 0x00, 0x00, 
0x00, 0x00, 0x00, 0x00, 0x00, 0x00, 0x00, 0x5A, 0x00, 0x00, 0x00, 0x0D, 0x00, 0x00, 0x00, 0x0A, 
0x00, 0x00, 0x00, 0x0A, 0x00, 0x00, 0x00, 0x0D, 0x00, 0x00, 0x00, 0x00, 0x00, 0x00, 0x00, 0x00, 
0x00, 0x00, 0x00, 0x5B, 0x00, 0x00, 0x00, 0x10, 0x00, 0x00, 0x00, 0x05, 0x00, 0x00, 0x00, 0x06, 
0x00, 0x00, 0x00, 0x0D, 0x00, 0x00, 0x00, 0x01, 0x00, 0x00, 0x00, 0x00, 0x00, 0x00, 0x00, 0x5C, 
0x00, 0x00, 0x00, 0x0D, 0x00, 0x00, 0x00, 0x07, 0x00, 0x00, 0x00, 0x07, 0x00, 0x00, 0x00, 0x0D, 
0x00, 0x00, 0x00, 0x00, 0x00, 0x00, 0x00, 0x00, 0x00, 0x00, 0x00, 0x5D, 0x00, 0x00, 0x00, 0x10, 
0x00, 0x00, 0x00, 0x05, 0x00, 0x00, 0x00, 0x06, 0x00, 0x00, 0x00, 0x0D, 0x00, 0x00, 0x00, 0x00, 
0x00, 0x00, 0x00, 0x00, 0x00, 0x00, 0x00, 0x5E, 0x00, 0x00, 0x00, 0x09, 0x00, 0x00, 0x00, 0x0A, 
0x00, 0x00, 0x00, 0x0A, 0x00, 0x00, 0x00, 0x0D, 0x00, 0x00, 0x00, 0x00, 0x00, 0x00, 0x00, 0x00, 
0x00, 0x00, 0x00, 0x5F, 0x00, 0x00, 0x00, 0x02, 0x00, 0x00, 0x00, 0x0A, 0x00, 0x00, 0x00, 0x08, 
0xFF, 0xFF, 0xFF, 0xFF, 0xFF, 0xFF, 0xFF, 0xFF, 0x00, 0x00, 0x00, 0x00, 0x00, 0x00, 0x00, 0x60, 
0x00, 0x00, 0x00, 0x04, 0x00, 0x00, 0x00, 0x05, 0x00, 0x00, 0x00, 0x05, 0x00, 0x00, 0x00, 0x0E, 
0x00, 0x00, 0x00, 0x00, 0x00, 0x00, 0x00, 0x00, 0x00, 0x00, 0x00, 0x61, 0x00, 0x00, 0x00, 0x0B, 
0x00, 0x00, 0x00, 0x09, 0x00, 0x00, 0x00, 0x0A, 0x00, 0x00, 0x00, 0x0A, 0x00, 0x00, 0x00, 0x00, 
0x00, 0x00, 0x00, 0x00, 0x00, 0x00, 0x00, 0x62, 0x00, 0x00, 0x00, 0x0F, 0x00, 0x00, 0x00, 0x0A, 
0x00, 0x00, 0x00, 0x0B, 0x00, 0x00, 0x00, 0x0E, 0x00, 0x00, 0x00, 0x01, 0x00, 0x00, 0x00, 0x00, 
0x00, 0x00, 0x00, 0x63, 0x00, 0x00, 0x00, 0x0B, 0x00, 0x00, 0x00, 0x07, 0x00, 0x00, 0x00, 0x09, 
0x00, 0x00, 0x00, 0x0A, 0x00, 0x00, 0x00, 0x01, 0x00, 0x00, 0x00, 0x00, 0x00, 0x00, 0x00, 0x64, 
0x00, 0x00, 0x00, 0x0F, 0x00, 0x00, 0x00, 0x0A, 0x00, 0x00, 0x00, 0x0B, 0x00, 0x00, 0x00, 0x0E, 
0x00, 0x00, 0x00, 0x00, 0x00, 0x00, 0x00, 0x00, 0x00, 0x00, 0x00, 0x65, 0x00, 0x00, 0x00, 0x0B, 
0x00, 0x00, 0x00, 0x09, 0x00, 0x00, 0x00, 0x0A, 0x00, 0x00, 0x00, 0x0A, 0x00, 0x00, 0x00, 0x01, 
0x00, 0x00, 0x00, 0x00, 0x00, 0x00, 0x00, 0x66, 0x00, 0x00, 0x00, 0x0E, 0x00, 0x00, 0x00, 0x07, 
0x00, 0x00, 0x00, 0x06, 0x00, 0x00, 0x00, 0x0E, 0x00, 0x00, 0x00, 0x00, 0x00, 0x00, 0x00, 0x00, 
0x00, 0x00, 0x00, 0x67, 0x00, 0x00, 0x00, 0x0F, 0x00, 0x00, 0x00, 0x0A, 0x00, 0x00, 0x00, 0x0B, 
0x00, 0x00, 0x00, 0x0A, 0x00, 0x00, 0x00, 0x00, 0x00, 0x00, 0x00, 0x00, 0x00, 0x00, 0x00, 0x68, 
0x00, 0x00, 0x00, 0x0E, 0x00, 0x00, 0x00, 0x09, 0x00, 0x00, 0x00, 0x0B, 0x00, 0x00, 0x00, 0x0E, 
0x00, 0x00, 0x00, 0x01, 0x00, 0x00, 0x00, 0x00, 0x00, 0x00, 0x00, 0x69, 0x00, 0x00, 0x00, 0x0E, 
0x00, 0x00, 0x00, 0x03, 0x00, 0x00, 0x00, 0x05, 0x00, 0x00, 0x00, 0x0E, 0x00, 0x00, 0x00, 0x01, 
0x00, 0x00, 0x00, 0x00, 0x00, 0x00, 0x00, 0x6A, 0x00, 0x00, 0x00, 0x13, 0x00, 0x00, 0x00, 0x05, 
0x00, 0x00, 0x00, 0x05, 0x00, 0x00, 0x00, 0x0E, 0xFF, 0xFF, 0xFF, 0xFF, 0x00, 0x00, 0x00, 0x00, 
0x00, 0x00, 0x00, 0x6B, 0x00, 0x00, 0x00, 0x0E, 0x00, 0x00, 0x00, 0x09, 0x00, 0x00, 0x00, 0x0A, 
0x00, 0x00, 0x00, 0x0E, 0x00, 0x00, 0x00, 0x01, 0x00, 0x00, 0x00, 0x00, 0x00, 0x00, 0x00, 0x6C, 
0x00, 0x00, 0x00, 0x0E, 0x00, 0x00, 0x00, 0x03, 0x00, 0x00, 0x00, 0x05, 0x00, 0x00, 0x00, 0x0E, 
0x00, 0x00, 0x00, 0x01, 0x00, 0x00, 0x00, 0x00, 0x00, 0x00, 0x00, 0x6D, 0x00, 0x00, 0x00, 0x0A, 
0x00, 0x00, 0x00, 0x0F, 0x00, 0x00, 0x00, 0x11, 0x00, 0x00, 0x00, 0x0A, 0x00, 0x00, 0x00, 0x01, 
0x00, 0x00, 0x00, 0x00, 0x00, 0x00, 0x00, 0x6E, 0x00, 0x00, 0x00, 0x0A, 0x00, 0x00, 0x00, 0x09, 
0x00, 0x00, 0x00, 0x0B, 0x00, 0x00, 0x00, 0x0A, 0x00, 0x00, 0x00, 0x01, 0x00, 0x00, 0x00, 0x00, 
0x00, 0x00, 0x00, 0x6F, 0x00, 0x00, 0x00, 0x0B, 0x00, 0x00, 0x00, 0x09, 0x00, 0x00, 0x00, 0x0B, 
0x00, 0x00, 0x00, 0x0A, 0x00, 0x00, 0x00, 0x01, 0x00, 0x00, 0x00, 0x00, 0x00, 0x00, 0x00, 0x70, 
0x00, 0x00, 0x00, 0x0F, 0x00, 0x00, 0x00, 0x0A, 0x00, 0x00, 0x00, 0x0B, 0x00, 0x00, 0x00, 0x0A, 
0x00, 0x00, 0x00, 0x01, 0x00, 0x00, 0x00, 0x00, 0x00, 0x00, 0x00, 0x71, 0x00, 0x00, 0x00, 0x0F, 
0x00, 0x00, 0x00, 0x0A, 0x00, 0x00, 0x00, 0x0B, 0x00, 0x00, 0x00, 0x0A, 0x00, 0x00, 0x00, 0x00, 
0x00, 0x00, 0x00, 0x00, 0x00, 0x00, 0x00, 0x72, 0x00, 0x00, 0x00, 0x0A, 0x00, 0x00, 0x00, 0x07, 
0x00, 0x00, 0x00, 0x07, 0x00, 0x00, 0x00, 0x0A, 0x00, 0x00, 0x00, 0x01, 0x00, 0x00, 0x00, 0x00, 
0x00, 0x00, 0x00, 0x73, 0x00, 0x00, 0x00, 0x0B, 0x00, 0x00, 0x00, 0x08, 0x00, 0x00, 0x00, 0x09, 
0x00, 0x00, 0x00, 0x0A, 0x00, 0x00, 0x00, 0x00, 0x00, 0x00, 0x00, 0x00, 0x00, 0x00, 0x00, 0x74, 
0x00, 0x00, 0x00, 0x0D, 0x00, 0x00, 0x00, 0x07, 0x00, 0x00, 0x00, 0x07, 0x00, 0x00, 0x00, 0x0C, 
0x00, 0x00, 0x00, 0x00, 0x00, 0x00, 0x00, 0x00, 0x00, 0x00, 0x00, 0x75, 0x00, 0x00, 0x00, 0x0B, 
0x00, 0x00, 0x00, 0x09, 0x00, 0x00, 0x00, 0x0B, 0x00, 0x00, 0x00, 0x0A, 0x00, 0x00, 0x00, 0x01, 
0x00, 0x00, 0x00, 0x00, 0x00, 0x00, 0x00, 0x76, 0x00, 0x00, 0x00, 0x0A, 0x00, 0x00, 0x00, 0x0A, 
0x00, 0x00, 0x00, 0x09, 0x00, 0x00, 0x00, 0x0A, 0x00, 0x00, 0x00, 0x00, 0x00, 0x00, 0x00, 0x00, 
0x00, 0x00, 0x00, 0x77, 0x00, 0x00, 0x00, 0x0A, 0x00, 0x00, 0x00, 0x0E, 0x00, 0x00, 0x00, 0x0E, 
0x00, 0x00, 0x00, 0x0A, 0x00, 0x00, 0x00, 0x00, 0x00, 0x00, 0x00, 0x00, 0x00, 0x00, 0x00, 0x78, 
0x00, 0x00, 0x00, 0x0A, 0x00, 0x00, 0x00, 0x0A, 0x00, 0x00, 0x00, 0x0A, 0x00, 0x00, 0x00, 0x0A, 
0x00, 0x00, 0x00, 0x00, 0x00, 0x00, 0x00, 0x00, 0x00, 0x00, 0x00, 0x79, 0x00, 0x00, 0x00, 0x0F, 
0x00, 0x00, 0x00, 0x0A, 0x00, 0x00, 0x00, 0x09, 0x00, 0x00, 0x00, 0x0A, 0x00, 0x00, 0x00, 0x00, 
0x00, 0x00, 0x00, 0x00, 0x00, 0x00, 0x00, 0x7A, 0x00, 0x00, 0x00, 0x0A, 0x00, 0x00, 0x00, 0x08, 
0x00, 0x00, 0x00, 0x08, 0x00, 0x00, 0x00, 0x0A, 0x00, 0x00, 0x00, 0x00, 0x00, 0x00, 0x00, 0x00, 
0x00, 0x00, 0x00, 0x7B, 0x00, 0x00, 0x00, 0x10, 0x00, 0x00, 0x00, 0x07, 0x00, 0x00, 0x00, 0x07, 
0x00, 0x00, 0x00, 0x0D, 0x00, 0x00, 0x00, 0x00, 0x00, 0x00, 0x00, 0x00, 0x00, 0x00, 0x00, 0x7C, 
0x00, 0x00, 0x00, 0x13, 0x00, 0x00, 0x00, 0x02, 0x00, 0x00, 0x00, 0x0A, 0x00, 0x00, 0x00, 0x0E, 
0x00, 0x00, 0x00, 0x04, 0x00, 0x00, 0x00, 0x00, 0x00, 0x00, 0x00, 0x7D, 0x00, 0x00, 0x00, 0x10, 
0x00, 0x00, 0x00, 0x07, 0x00, 0x00, 0x00, 0x07, 0x00, 0x00, 0x00, 0x0D, 0x00, 0x00, 0x00, 0x00, 
0x00, 0x00, 0x00, 0x00, 0x00, 0x00, 0x00, 0x7E, 0x00, 0x00, 0x00, 0x03, 0x00, 0x00, 0x00, 0x0A, 
0x00, 0x00, 0x00, 0x0A, 0x00, 0x00, 0x00, 0x08, 0x00, 0x00, 0x00, 0x00, 0x00, 0x00, 0x00, 0x00, 
0x00, 0x00, 0x00, 0xA0, 0x00, 0x00, 0x00, 0x01, 0x00, 0x00, 0x00, 0x01, 0x00, 0x00, 0x00, 0x05, 
0x00, 0x00, 0x00, 0x24, 0xFF, 0xFF, 0xFF, 0xEE, 0x00, 0x00, 0x00, 0x00, 0x00, 0x00, 0x00, 0xA1, 
0x00, 0x00, 0x00, 0x0E, 0x00, 0x00, 0x00, 0x03, 0x00, 0x00, 0x00, 0x05, 0x00, 0x00, 0x00, 0x0A, 
0x00, 0x00, 0x00, 0x01, 0x00, 0x00, 0x00, 0x00, 0x00, 0x00, 0x00, 0xA2, 0x00, 0x00, 0x00, 0x0F, 
0x00, 0x00, 0x00, 0x08, 0x00, 0x00, 0x00, 0x0A, 0x00, 0x00, 0x00, 0x0E, 0x00, 0x00, 0x00, 0x01, 
0x00, 0x00, 0x00, 0x00, 0x00, 0x00, 0x00, 0xA3, 0x00, 0x00, 0x00, 0x0D, 0x00, 0x00, 0x00, 0x0A, 
0x00, 0x00, 0x00, 0x0A, 0x00, 0x00, 0x00, 0x0D, 0x00, 0x00, 0x00, 0x00, 0x00, 0x00, 0x00, 0x00, 
0x00, 0x00, 0x00, 0xA4, 0x00, 0x00, 0x00, 0x09, 0x00, 0x00, 0x00, 0x09, 0x00, 0x00, 0x00, 0x0A, 
0x00, 0x00, 0x00, 0x0B, 0x00, 0x00, 0x00, 0x01, 0x00, 0x00, 0x00, 0x00, 0x00, 0x00, 0x00, 0xA5, 
0x00, 0x00, 0x00, 0x0D, 0x00, 0x00, 0x00, 0x0A, 0x00, 0x00, 0x00, 0x0A, 0x00, 0x00, 0x00, 0x0D, 
0x00, 0x00, 0x00, 0x00, 0x00, 0x00, 0x00, 0x00, 0x00, 0x00, 0x00, 0xA6, 0x00, 0x00, 0x00, 0x13, 
0x00, 0x00, 0x00, 0x02, 0x00, 0x00, 0x00, 0x0A, 0x00, 0x00, 0x00, 0x0E, 0x00, 0x00, 0x00, 0x04, 
0x00, 0x00, 0x00, 0x00, 0x00, 0x00, 0x00, 0xA7, 0x00, 0x00, 0x00, 0x0F, 0x00, 0x00, 0x00, 0x08, 
0x00, 0x00, 0x00, 0x09, 0x00, 0x00, 0x00, 0x0E, 0x00, 0x00, 0x00, 0x01, 0x00, 0x00, 0x00, 0x00, 
0x00, 0x00, 0x00, 0xA8, 0x00, 0x00, 0x00, 0x03, 0x00, 0x00, 0x00, 0x06, 0x00, 0x00, 0x00, 0x0A, 
0x00, 0x00, 0x00, 0x0E, 0x00, 0x00, 0x00, 0x02, 0x00, 0x00, 0x00, 0x00, 0x00, 0x00, 0x00, 0xA9, 
0x00, 0x00, 0x00, 0x0F, 0x00, 0x00, 0x00, 0x0F, 0x00, 0x00, 0x00, 0x0F, 0x00, 0x00, 0x00, 0x0E, 
0x00, 0x00, 0x00, 0x00, 0x00, 0x00, 0x00, 0x00, 0x00, 0x00, 0x00, 0xAA, 0x00, 0x00, 0x00, 0x07, 
0x00, 0x00, 0x00, 0x06, 0x00, 0x00, 0x00, 0x06, 0x00, 0x00, 0x00, 0x0D, 0x00, 0x00, 0x00, 0x00, 
0x00, 0x00, 0x00, 0x00, 0x00, 0x00, 0x00, 0xAB, 0x00, 0x00, 0x00, 0x08, 0x00, 0x00, 0x00, 0x09, 
0x00, 0x00, 0x00, 0x09, 0x00, 0x00, 0x00, 0x09, 0x00, 0x00, 0x00, 0x00, 0x00, 0x00, 0x00, 0x00, 
0x00, 0x00, 0x00, 0xAC, 0x00, 0x00, 0x00, 0x05, 0x00, 0x00, 0x00, 0x0A, 0x00, 0x00, 0x00, 0x0A, 
0x00, 0x00, 0x00, 0x07, 0x00, 0x00, 0x00, 0x00, 0x00, 0x00, 0x00, 0x00, 0x00, 0x00, 0x00, 0xAD, 
0x00, 0x00, 0x00, 0x02, 0x00, 0x00, 0x00, 0x06, 0x00, 0x00, 0x00, 0x06, 0x00, 0x00, 0x00, 0x06, 
0x00, 0x00, 0x00, 0x00, 0x00, 0x00, 0x00, 0x00, 0x00, 0x00, 0x00, 0xAE, 0x00, 0x00, 0x00, 0x0F, 
0x00, 0x00, 0x00, 0x0F, 0x00, 0x00, 0x00, 0x0F, 0x00, 0x00, 0x00, 0x0E, 0x00, 0x00, 0x00, 0x00, 
0x00, 0x00, 0x00, 0x00, 0x00, 0x00, 0x00, 0xAF, 0x00, 0x00, 0x00, 0x02, 0x00, 0x00, 0x00, 0x0B, 
0x00, 0x00, 0x00, 0x09, 0x00, 0x00, 0x00, 0x0F, 0xFF, 0xFF, 0xFF, 0xFF, 0x00, 0x00, 0x00, 0x00, 
0x00, 0x00, 0x00, 0xB0, 0x00, 0x00, 0x00, 0x07, 0x00, 0x00, 0x00, 0x06, 0x00, 0x00, 0x00, 0x08, 
0x00, 0x00, 0x00, 0x0E, 0x00, 0x00, 0x00, 0x01, 0x00, 0x00, 0x00, 0x00, 0x00, 0x00, 0x00, 0xB1, 
0x00, 0x00, 0x00, 0x0B, 0x00, 0x00, 0x00, 0x0A, 0x00, 0x00, 0x00, 0x0A, 0x00, 0x00, 0x00, 0x0B, 
0x00, 0x00, 0x00, 0x00, 0x00, 0x00, 0x00, 0x00, 0x00, 0x00, 0x00, 0xB4, 0x00, 0x00, 0x00, 0x04, 
0x00, 0x00, 0x00, 0x05, 0x00, 0x00, 0x00, 0x05, 0x00, 0x00, 0x00, 0x0E, 0x00, 0x00, 0x00, 0x00, 
0x00, 0x00, 0x00, 0x00, 0x00, 0x00, 0x00, 0xB5, 0x00, 0x00, 0x00, 0x0F, 0x00, 0x00, 0x00, 0x09, 
0x00, 0x00, 0x00, 0x0B, 0x00, 0x00, 0x00, 0x0A, 0x00, 0x00, 0x00, 0x01, 0x00, 0x00, 0x00, 0x00, 
0x00, 0x00, 0x00, 0xB6, 0x00, 0x00, 0x00, 0x11, 0x00, 0x00, 0x00, 0x09, 0x00, 0x00, 0x00, 0x0C, 
0x00, 0x00, 0x00, 0x0E, 0x00, 0x00, 0x00, 0x01, 0x00, 0x00, 0x00, 0x00, 0x00, 0x00, 0x00, 0xB7, 
0x00, 0x00, 0x00, 0x04, 0x00, 0x00, 0x00, 0x03, 0x00, 0x00, 0x00, 0x05, 0x00, 0x00, 0x00, 0x08, 
0x00, 0x00, 0x00, 0x01, 0x00, 0x00, 0x00, 0x00, 0x00, 0x00, 0x00, 0xB8, 0x00, 0x00, 0x00, 0x05, 
0x00, 0x00, 0x00, 0x04, 0x00, 0x00, 0x00, 0x04, 0x00, 0x00, 0x00, 0x00, 0x00, 0x00, 0x00, 0x00, 
0x00, 0x00, 0x00, 0x00, 0x00, 0x00, 0x00, 0xBA, 0x00, 0x00, 0x00, 0x07, 0x00, 0x00, 0x00, 0x07, 
0x00, 0x00, 0x00, 0x07, 0x00, 0x00, 0x00, 0x0D, 0x00, 0x00, 0x00, 0x00, 0x00, 0x00, 0x00, 0x00, 
0x00, 0x00, 0x00, 0xBB, 0x00, 0x00, 0x00, 0x08, 0x00, 0x00, 0x00, 0x09, 0x00, 0x00, 0x00, 0x09, 
0x00, 0x00, 0x00, 0x09, 0x00, 0x00, 0x00, 0x00, 0x00, 0x00, 0x00, 0x00, 0x00, 0x00, 0x00, 0xBF, 
0x00, 0x00, 0x00, 0x0E, 0x00, 0x00, 0x00, 0x08, 0x00, 0x00, 0x00, 0x08, 0x00, 0x00, 0x00, 0x0A, 
0x00, 0x00, 0x00, 0x00, 0x00, 0x00, 0x00, 0x00, 0x00, 0x00, 0x00, 0xC0, 0x00, 0x00, 0x00, 0x11, 
0x00, 0x00, 0x00, 0x0C, 0x00, 0x00, 0x00, 0x0C, 0x00, 0x00, 0x00, 0x11, 0x00, 0x00, 0x00, 0x00, 
0x00, 0x00, 0x00, 0x00, 0x00, 0x00, 0x00, 0xC1, 0x00, 0x00, 0x00, 0x11, 0x00, 0x00, 0x00, 0x0C, 
0x00, 0x00, 0x00, 0x0C, 0x00, 0x00, 0x00, 0x11, 0x00, 0x00, 0x00, 0x00, 0x00, 0x00, 0x00, 0x00, 
0x00, 0x00, 0x00, 0xC2, 0x00, 0x00, 0x00, 0x11, 0x00, 0x00, 0x00, 0x0C, 0x00, 0x00, 0x00, 0x0C, 
0x00, 0x00, 0x00, 0x11, 0x00, 0x00, 0x00, 0x00, 0x00, 0x00, 0x00, 0x00, 0x00, 0x00, 0x00, 0xC3, 
0x00, 0x00, 0x00, 0x11, 0x00, 0x00, 0x00, 0x0C, 0x00, 0x00, 0x00, 0x0C, 0x00, 0x00, 0x00, 0x11, 
0x00, 0x00, 0x00, 0x00, 0x00, 0x00, 0x00, 0x00, 0x00, 0x00, 0x00, 0xC4, 0x00, 0x00, 0x00, 0x11, 
0x00, 0x00, 0x00, 0x0C, 0x00, 0x00, 0x00, 0x0C, 0x00, 0x00, 0x00, 0x11, 0x00, 0x00, 0x00, 0x00, 
0x00, 0x00, 0x00, 0x00, 0x00, 0x00, 0x00, 0xC5, 0x00, 0x00, 0x00, 0x10, 0x00, 0x00, 0x00, 0x0C, 
0x00, 0x00, 0x00, 0x0C, 0x00, 0x00, 0x00, 0x10, 0x00, 0x00, 0x00, 0x00, 0x00, 0x00, 0x00, 0x00, 
0x00, 0x00, 0x00, 0xC6, 0x00, 0x00, 0x00, 0x0D, 0x00, 0x00, 0x00, 0x0F, 0x00, 0x00, 0x00, 0x10, 
0x00, 0x00, 0x00, 0x0D, 0x00, 0x00, 0x00, 0x00, 0x00, 0x00, 0x00, 0x00, 0x00, 0x00, 0x00, 0xC7, 
0x00, 0x00, 0x00, 0x13, 0x00, 0x00, 0x00, 0x0A, 0x00, 0x00, 0x00, 0x0B, 0x00, 0x00, 0x00, 0x0E, 
0x00, 0x00, 0x00, 0x01, 0x00, 0x00, 0x00, 0x00, 0x00, 0x00, 0x00, 0xC8, 0x00, 0x00, 0x00, 0x11, 
0x00, 0x00, 0x00, 0x08, 0x00, 0x00, 0x00, 0x0A, 0x00, 0x00, 0x00, 0x11, 0x00, 0x00, 0x00, 0x01, 
0x00, 0x00, 0x00, 0x00, 0x00, 0x00, 0x00, 0xC9, 0x00, 0x00, 0x00, 0x11, 0x00, 0x00, 0x00, 0x08, 
0x00, 0x00, 0x00, 0x0A, 0x00, 0x00, 0x00, 0x11, 0x00, 0x00, 0x00, 0x01, 0x00, 0x00, 0x00, 0x00, 
0x00, 0x00, 0x00, 0xCA, 0x00, 0x00, 0x00, 0x11, 0x00, 0x00, 0x00, 0x08, 0x00, 0x00, 0x00, 0x0A, 
0x00, 0x00, 0x00, 0x11, 0x00, 0x00, 0x00, 0x01, 0x00, 0x00, 0x00, 0x00, 0x00, 0x00, 0x00, 0xCB, 
0x00, 0x00, 0x00, 0x11, 0x00, 0x00, 0x00, 0x08, 0x00, 0x00, 0x00, 0x0A, 0x00, 0x00, 0x00, 0x11, 
0x00, 0x00, 0x00, 0x01, 0x00, 0x00, 0x00, 0x00, 0x00, 0x00, 0x00, 0xCC, 0x00, 0x00, 0x00, 0x11, 
0x00, 0x00, 0x00, 0x06, 0x00, 0x00, 0x00, 0x06, 0x00, 0x00, 0x00, 0x11, 0x00, 0x00, 0x00, 0x00, 
0x00, 0x00, 0x00, 0x00, 0x00, 0x00, 0x00, 0xCD, 0x00, 0x00, 0x00, 0x11, 0x00, 0x00, 0x00, 0x06, 
0x00, 0x00, 0x00, 0x06, 0x00, 0x00, 0x00, 0x11, 0x00, 0x00, 0x00, 0x00, 0x00, 0x00, 0x00, 0x00, 
0x00, 0x00, 0x00, 0xCE, 0x00, 0x00, 0x00, 0x11, 0x00, 0x00, 0x00, 0x07, 0x00, 0x00, 0x00, 0x06, 
0x00, 0x00, 0x00, 0x11, 0xFF, 0xFF, 0xFF, 0xFF, 0x00, 0x00, 0x00, 0x00, 0x00, 0x00, 0x00, 0xCF, 
0x00, 0x00, 0x00, 0x11, 0x00, 0x00, 0x00, 0x06, 0x00, 0x00, 0x00, 0x06, 0x00, 0x00, 0x00, 0x11, 
0x00, 0x00, 0x00, 0x00, 0x00, 0x00, 0x00, 0x00, 0x00, 0x00, 0x00, 0xD1, 0x00, 0x00, 0x00, 0x11, 
0x00, 0x00, 0x00, 0x0B, 0x00, 0x00, 0x00, 0x0E, 0x00, 0x00, 0x00, 0x11, 0x00, 0x00, 0x00, 0x01, 
0x00, 0x00, 0x00, 0x00, 0x00, 0x00, 0x00, 0xD2, 0x00, 0x00, 0x00, 0x12, 0x00, 0x00, 0x00, 0x0C, 
0x00, 0x00, 0x00, 0x0E, 0x00, 0x00, 0x00, 0x11, 0x00, 0x00, 0x00, 0x01, 0x00, 0x00, 0x00, 0x00, 
0x00, 0x00, 0x00, 0xD3, 0x00, 0x00, 0x00, 0x12, 0x00, 0x00, 0x00, 0x0C, 0x00, 0x00, 0x00, 0x0E, 
0x00, 0x00, 0x00, 0x11, 0x00, 0x00, 0x00, 0x01, 0x00, 0x00, 0x00, 0x00, 0x00, 0x00, 0x00, 0xD4, 
0x00, 0x00, 0x00, 0x12, 0x00, 0x00, 0x00, 0x0C, 0x00, 0x00, 0x00, 0x0E, 0x00, 0x00, 0x00, 0x11, 
0x00, 0x00, 0x00, 0x01, 0x00, 0x00, 0x00, 0x00, 0x00, 0x00, 0x00, 0xD5, 0x00, 0x00, 0x00, 0x12, 
0x00, 0x00, 0x00, 0x0C, 0x00, 0x00, 0x00, 0x0E, 0x00, 0x00, 0x00, 0x11, 0x00, 0x00, 0x00, 0x01, 
0x00, 0x00, 0x00, 0x00, 0x00, 0x00, 0x00, 0xD6, 0x00, 0x00, 0x00, 0x12, 0x00, 0x00, 0x00, 0x0C, 
0x00, 0x00, 0x00, 0x0E, 0x00, 0x00, 0x00, 0x11, 0x00, 0x00, 0x00, 0x01, 0x00, 0x00, 0x00, 0x00, 
0x00, 0x00, 0x00, 0xD7, 0x00, 0x00, 0x00, 0x09, 0x00, 0x00, 0x00, 0x09, 0x00, 0x00, 0x00, 0x0A, 
0x00, 0x00, 0x00, 0x0B, 0x00, 0x00, 0x00, 0x01, 0x00, 0x00, 0x00, 0x00, 0x00, 0x00, 0x00, 0xD8, 
0x00, 0x00, 0x00, 0x0F, 0x00, 0x00, 0x00, 0x0C, 0x00, 0x00, 0x00, 0x0E, 0x00, 0x00, 0x00, 0x0E, 
0x00, 0x00, 0x00, 0x01, 0x00, 0x00, 0x00, 0x00, 0x00, 0x00, 0x00, 0xD9, 0x00, 0x00, 0x00, 0x12, 
0x00, 0x00, 0x00, 0x0B, 0x00, 0x00, 0x00, 0x0D, 0x00, 0x00, 0x00, 0x11, 0x00, 0x00, 0x00, 0x01, 
0x00, 0x00, 0x00, 0x00, 0x00, 0x00, 0x00, 0xDA, 0x00, 0x00, 0x00, 0x12, 0x00, 0x00, 0x00, 0x0B, 
0x00, 0x00, 0x00, 0x0D, 0x00, 0x00, 0x00, 0x11, 0x00, 0x00, 0x00, 0x01, 0x00, 0x00, 0x00, 0x00, 
0x00, 0x00, 0x00, 0xDB, 0x00, 0x00, 0x00, 0x12, 0x00, 0x00, 0x00, 0x0B, 0x00, 0x00, 0x00, 0x0D, 
0x00, 0x00, 0x00, 0x11, 0x00, 0x00, 0x00, 0x01, 0x00, 0x00, 0x00, 0x00, 0x00, 0x00, 0x00, 0xDC, 
0x00, 0x00, 0x00, 0x12, 0x00, 0x00, 0x00, 0x0B, 0x00, 0x00, 0x00, 0x0D, 0x00, 0x00, 0x00, 0x11, 
0x00, 0x00, 0x00, 0x01, 0x00, 0x00, 0x00, 0x00, 0x00, 0x00, 0x00, 0xDD, 0x00, 0x00, 0x00, 0x11, 
0x00, 0x00, 0x00, 0x0B, 0x00, 0x00, 0x00, 0x0A, 0x00, 0x00, 0x00, 0x11, 0x00, 0x00, 0x00, 0x00, 
0x00, 0x00, 0x00, 0x00, 0x00, 0x00, 0x00, 0xDF, 0x00, 0x00, 0x00, 0x0F, 0x00, 0x00, 0x00, 0x0A, 
0x00, 0x00, 0x00, 0x0B, 0x00, 0x00, 0x00, 0x0E, 0x00, 0x00, 0x00, 0x01, 0x00, 0x00, 0x00, 0x00, 
0x00, 0x00, 0x00, 0xE0, 0x00, 0x00, 0x00, 0x0F, 0x00, 0x00, 0x00, 0x09, 0x00, 0x00, 0x00, 0x0A, 
0x00, 0x00, 0x00, 0x0E, 0x00, 0x00, 0x00, 0x00, 0x00, 0x00, 0x00, 0x00, 0x00, 0x00, 0x00, 0xE1, 
0x00, 0x00, 0x00, 0x0F, 0x00, 0x00, 0x00, 0x09, 0x00, 0x00, 0x00, 0x0A, 0x00, 0x00, 0x00, 0x0E, 
0x00, 0x00, 0x00, 0x00, 0x00, 0x00, 0x00, 0x00, 0x00, 0x00, 0x00, 0xE2, 0x00, 0x00, 0x00, 0x0F, 
0x00, 0x00, 0x00, 0x09, 0x00, 0x00, 0x00, 0x0A, 0x00, 0x00, 0x00, 0x0E, 0x00, 0x00, 0x00, 0x00, 
0x00, 0x00, 0x00, 0x00, 0x00, 0x00, 0x00, 0xE3, 0x00, 0x00, 0x00, 0x0F, 0x00, 0x00, 0x00, 0x09, 
0x00, 0x00, 0x00, 0x0A, 0x00, 0x00, 0x00, 0x0E, 0x00, 0x00, 0x00, 0x00, 0x00, 0x00, 0x00, 0x00, 
0x00, 0x00, 0x00, 0xE4, 0x00, 0x00, 0x00, 0x0F, 0x00, 0x00, 0x00, 0x09, 0x00, 0x00, 0x00, 0x0A, 
0x00, 0x00, 0x00, 0x0E, 0x00, 0x00, 0x00, 0x00, 0x00, 0x00, 0x00, 0x00, 0x00, 0x00, 0x00, 0xE5, 
0x00, 0x00, 0x00, 0x10, 0x00, 0x00, 0x00, 0x09, 0x00, 0x00, 0x00, 0x0A, 0x00, 0x00, 0x00, 0x0F, 
0x00, 0x00, 0x00, 0x00, 0x00, 0x00, 0x00, 0x00, 0x00, 0x00, 0x00, 0xE6, 0x00, 0x00, 0x00, 0x0B, 
0x00, 0x00, 0x00, 0x0F, 0x00, 0x00, 0x00, 0x10, 0x00, 0x00, 0x00, 0x0A, 0x00, 0x00, 0x00, 0x00, 
0x00, 0x00, 0x00, 0x00, 0x00, 0x00, 0x00, 0xE7, 0x00, 0x00, 0x00, 0x0F, 0x00, 0x00, 0x00, 0x07, 
0x00, 0x00, 0x00, 0x09, 0x00, 0x00, 0x00, 0x0A, 0x00, 0x00, 0x00, 0x01, 0x00, 0x00, 0x00, 0x00, 
0x00, 0x00, 0x00, 0xE8, 0x00, 0x00, 0x00, 0x0F, 0x00, 0x00, 0x00, 0x09, 0x00, 0x00, 0x00, 0x0A, 
0x00, 0x00, 0x00, 0x0E, 0x00, 0x00, 0x00, 0x01, 0x00, 0x00, 0x00, 0x00, 0x00, 0x00, 0x00, 0xE9, 
0x00, 0x00, 0x00, 0x0F, 0x00, 0x00, 0x00, 0x09, 0x00, 0x00, 0x00, 0x0A, 0x00, 0x00, 0x00, 0x0E, 
0x00, 0x00, 0x00, 0x01, 0x00, 0x00, 0x00, 0x00, 0x00, 0x00, 0x00, 0xEA, 0x00, 0x00, 0x00, 0x0F, 
0x00, 0x00, 0x00, 0x09, 0x00, 0x00, 0x00, 0x0A, 0x00, 0x00, 0x00, 0x0E, 0x00, 0x00, 0x00, 0x01, 
0x00, 0x00, 0x00, 0x00, 0x00, 0x00, 0x00, 0xEB, 0x00, 0x00, 0x00, 0x0F, 0x00, 0x00, 0x00, 0x09, 
0x00, 0x00, 0x00, 0x0A, 0x00, 0x00, 0x00, 0x0E, 0x00, 0x00, 0x00, 0x01, 0x00, 0x00, 0x00, 0x00, 
0x00, 0x00, 0x00, 0xEC, 0x00, 0x00, 0x00, 0x0E, 0x00, 0x00, 0x00, 0x05, 0x00, 0x00, 0x00, 0x05, 
0x00, 0x00, 0x00, 0x0E, 0xFF, 0xFF, 0xFF, 0xFF, 0x00, 0x00, 0x00, 0x00, 0x00, 0x00, 0x00, 0xED, 
0x00, 0x00, 0x00, 0x0E, 0x00, 0x00, 0x00, 0x05, 0x00, 0x00, 0x00, 0x05, 0x00, 0x00, 0x00, 0x0E, 
0x00, 0x00, 0x00, 0x01, 0x00, 0x00, 0x00, 0x00, 0x00, 0x00, 0x00, 0xEE, 0x00, 0x00, 0x00, 0x0E, 
0x00, 0x00, 0x00, 0x07, 0x00, 0x00, 0x00, 0x05, 0x00, 0x00, 0x00, 0x0E, 0xFF, 0xFF, 0xFF, 0xFF, 
0x00, 0x00, 0x00, 0x00, 0x00, 0x00, 0x00, 0xEF, 0x00, 0x00, 0x00, 0x0E, 0x00, 0x00, 0x00, 0x06, 
0x00, 0x00, 0x00, 0x05, 0x00, 0x00, 0x00, 0x0E, 0xFF, 0xFF, 0xFF, 0xFF, 0x00, 0x00, 0x00, 0x00, 
0x00, 0x00, 0x00, 0xF1, 0x00, 0x00, 0x00, 0x0E, 0x00, 0x00, 0x00, 0x09, 0x00, 0x00, 0x00, 0x0B, 
0x00, 0x00, 0x00, 0x0E, 0x00, 0x00, 0x00, 0x01, 0x00, 0x00, 0x00, 0x00, 0x00, 0x00, 0x00, 0xF2, 
0x00, 0x00, 0x00, 0x0F, 0x00, 0x00, 0x00, 0x09, 0x00, 0x00, 0x00, 0x0B, 0x00, 0x00, 0x00, 0x0E, 
0x00, 0x00, 0x00, 0x01, 0x00, 0x00, 0x00, 0x00, 0x00, 0x00, 0x00, 0xF3, 0x00, 0x00, 0x00, 0x0F, 
0x00, 0x00, 0x00, 0x09, 0x00, 0x00, 0x00, 0x0B, 0x00, 0x00, 0x00, 0x0E, 0x00, 0x00, 0x00, 0x01, 
0x00, 0x00, 0x00, 0x00, 0x00, 0x00, 0x00, 0xF4, 0x00, 0x00, 0x00, 0x0F, 0x00, 0x00, 0x00, 0x09, 
0x00, 0x00, 0x00, 0x0B, 0x00, 0x00, 0x00, 0x0E, 0x00, 0x00, 0x00, 0x01, 0x00, 0x00, 0x00, 0x00, 
0x00, 0x00, 0x00, 0xF5, 0x00, 0x00, 0x00, 0x0F, 0x00, 0x00, 0x00, 0x09, 0x00, 0x00, 0x00, 0x0B, 
0x00, 0x00, 0x00, 0x0E, 0x00, 0x00, 0x00, 0x01, 0x00, 0x00, 0x00, 0x00, 0x00, 0x00, 0x00, 0xF6, 
0x00, 0x00, 0x00, 0x0F, 0x00, 0x00, 0x00, 0x09, 0x00, 0x00, 0x00, 0x0B, 0x00, 0x00, 0x00, 0x0E, 
0x00, 0x00, 0x00, 0x01, 0x00, 0x00, 0x00, 0x00, 0x00, 0x00, 0x00, 0xF7, 0x00, 0x00, 0x00, 0x09, 
0x00, 0x00, 0x00, 0x0A, 0x00, 0x00, 0x00, 0x0A, 0x00, 0x00, 0x00, 0x0B, 0x00, 0x00, 0x00, 0x00, 
0x00, 0x00, 0x00, 0x00, 0x00, 0x00, 0x00, 0xF8, 0x00, 0x00, 0x00, 0x0C, 0x00, 0x00, 0x00, 0x09, 
0x00, 0x00, 0x00, 0x0B, 0x00, 0x00, 0x00, 0x0B, 0x00, 0x00, 0x00, 0x01, 0x00, 0x00, 0x00, 0x00, 
0x00, 0x00, 0x00, 0xF9, 0x00, 0x00, 0x00, 0x0F, 0x00, 0x00, 0x00, 0x09, 0x00, 0x00, 0x00, 0x0B, 
0x00, 0x00, 0x00, 0x0E, 0x00, 0x00, 0x00, 0x01, 0x00, 0x00, 0x00, 0x00, 0x00, 0x00, 0x00, 0xFA, 
0x00, 0x00, 0x00, 0x0F, 0x00, 0x00, 0x00, 0x09, 0x00, 0x00, 0x00, 0x0B, 0x00, 0x00, 0x00, 0x0E, 
0x00, 0x00, 0x00, 0x01, 0x00, 0x00, 0x00, 0x00, 0x00, 0x00, 0x00, 0xFB, 0x00, 0x00, 0x00, 0x0F, 
0x00, 0x00, 0x00, 0x09, 0x00, 0x00, 0x00, 0x0B, 0x00, 0x00, 0x00, 0x0E, 0x00, 0x00, 0x00, 0x01, 
0x00, 0x00, 0x00, 0x00, 0x00, 0x00, 0x00, 0xFC, 0x00, 0x00, 0x00, 0x0F, 0x00, 0x00, 0x00, 0x09, 
0x00, 0x00, 0x00, 0x0B, 0x00, 0x00, 0x00, 0x0E, 0x00, 0x00, 0x00, 0x01, 0x00, 0x00, 0x00, 0x00, 
0x00, 0x00, 0x00, 0xFD, 0x00, 0x00, 0x00, 0x13, 0x00, 0x00, 0x00, 0x0A, 0x00, 0x00, 0x00, 0x09, 
0x00, 0x00, 0x00, 0x0E, 0x00, 0x00, 0x00, 0x00, 0x00, 0x00, 0x00, 0x00, 0x00, 0x00, 0x00, 0xFF, 
0x00, 0x00, 0x00, 0x13, 0x00, 0x00, 0x00, 0x0A, 0x00, 0x00, 0x00, 0x09, 0x00, 0x00, 0x00, 0x0E, 
0x00, 0x00, 0x00, 0x00, 0x00, 0x00, 0x00, 0x00, 0x00, 0x00, 0x01, 0x02, 0x00, 0x00, 0x00, 0x11, 
0x00, 0x00, 0x00, 0x0C, 0x00, 0x00, 0x00, 0x0C, 0x00, 0x00, 0x00, 0x11, 0x00, 0x00, 0x00, 0x00, 
0x00, 0x00, 0x00, 0x00, 0x00, 0x00, 0x01, 0x03, 0x00, 0x00, 0x00, 0x0F, 0x00, 0x00, 0x00, 0x09, 
0x00, 0x00, 0x00, 0x0A, 0x00, 0x00, 0x00, 0x0E, 0x00, 0x00, 0x00, 0x00, 0x00, 0x00, 0x00, 0x00, 
0x00, 0x00, 0x01, 0x04, 0x00, 0x00, 0x00, 0x11, 0x00, 0x00, 0x00, 0x0C, 0x00, 0x00, 0x00, 0x0C, 
0x00, 0x00, 0x00, 0x0D, 0x00, 0x00, 0x00, 0x00, 0x00, 0x00, 0x00, 0x00, 0x00, 0x00, 0x01, 0x05, 
0x00, 0x00, 0x00, 0x0E, 0x00, 0x00, 0x00, 0x09, 0x00, 0x00, 0x00, 0x0A, 0x00, 0x00, 0x00, 0x0A, 
0x00, 0x00, 0x00, 0x00, 0x00, 0x00, 0x00, 0x00, 0x00, 0x00, 0x01, 0x06, 0x00, 0x00, 0x00, 0x12, 
0x00, 0x00, 0x00, 0x0A, 0x00, 0x00, 0x00, 0x0B, 0x00, 0x00, 0x00, 0x11, 0x00, 0x00, 0x00, 0x01, 
0x00, 0x00, 0x00, 0x00, 0x00, 0x00, 0x01, 0x07, 0x00, 0x00, 0x00, 0x0F, 0x00, 0x00, 0x00, 0x07, 
0x00, 0x00, 0x00, 0x09, 0x00, 0x00, 0x00, 0x0E, 0x00, 0x00, 0x00, 0x01, 0x00, 0x00, 0x00, 0x00, 
0x00, 0x00, 0x01, 0x0C, 0x00, 0x00, 0x00, 0x12, 0x00, 0x00, 0x00, 0x0A, 0x00, 0x00, 0x00, 0x0B, 
0x00, 0x00, 0x00, 0x11, 0x00, 0x00, 0x00, 0x01, 0x00, 0x00, 0x00, 0x00, 0x00, 0x00, 0x01, 0x0D, 
0x00, 0x00, 0x00, 0x0F, 0x00, 0x00, 0x00, 0x07, 0x00, 0x00, 0x00, 0x09, 0x00, 0x00, 0x00, 0x0E, 
0x00, 0x00, 0x00, 0x01, 0x00, 0x00, 0x00, 0x00, 0x00, 0x00, 0x01, 0x0E, 0x00, 0x00, 0x00, 0x11, 
0x00, 0x00, 0x00, 0x0C, 0x00, 0x00, 0x00, 0x0D, 0x00, 0x00, 0x00, 0x11, 0x00, 0x00, 0x00, 0x01, 
0x00, 0x00, 0x00, 0x00, 0x00, 0x00, 0x01, 0x0F, 0x00, 0x00, 0x00, 0x0F, 0x00, 0x00, 0x00, 0x0D, 
0x00, 0x00, 0x00, 0x0B, 0x00, 0x00, 0x00, 0x0E, 0x00, 0x00, 0x00, 0x00, 0x00, 0x00, 0x00, 0x00, 
0x00, 0x00, 0x01, 0x10, 0x00, 0x00, 0x00, 0x0D, 0x00, 0x00, 0x00, 0x0D, 0x00, 0x00, 0x00, 0x0D, 
0x00, 0x00, 0x00, 0x0D, 0x00, 0x00, 0x00, 0x00, 0x00, 0x00, 0x00, 0x00, 0x00, 0x00, 0x01, 0x11, 
0x00, 0x00, 0x00, 0x0F, 0x00, 0x00, 0x00, 0x0B, 0x00, 0x00, 0x00, 0x0B, 0x00, 0x00, 0x00, 0x0E, 
0x00, 0x00, 0x00, 0x00, 0x00, 0x00, 0x00, 0x00, 0x00, 0x00, 0x01, 0x18, 0x00, 0x00, 0x00, 0x11, 
0x00, 0x00, 0x00, 0x08, 0x00, 0x00, 0x00, 0x0A, 0x00, 0x00, 0x00, 0x0D, 0x00, 0x00, 0x00, 0x01, 
0x00, 0x00, 0x00, 0x00, 0x00, 0x00, 0x01, 0x19, 0x00, 0x00, 0x00, 0x0E, 0x00, 0x00, 0x00, 0x09, 
0x00, 0x00, 0x00, 0x0A, 0x00, 0x00, 0x00, 0x0A, 0x00, 0x00, 0x00, 0x01, 0x00, 0x00, 0x00, 0x00, 
0x00, 0x00, 0x01, 0x1A, 0x00, 0x00, 0x00, 0x11, 0x00, 0x00, 0x00, 0x08, 0x00, 0x00, 0x00, 0x0A, 
0x00, 0x00, 0x00, 0x11, 0x00, 0x00, 0x00, 0x01, 0x00, 0x00, 0x00, 0x00, 0x00, 0x00, 0x01, 0x1B, 
0x00, 0x00, 0x00, 0x0F, 0x00, 0x00, 0x00, 0x09, 0x00, 0x00, 0x00, 0x0A, 0x00, 0x00, 0x00, 0x0E, 
0x00, 0x00, 0x00, 0x01, 0x00, 0x00, 0x00, 0x00, 0x00, 0x00, 0x01, 0x31, 0x00, 0x00, 0x00, 0x0A, 
0x00, 0x00, 0x00, 0x03, 0x00, 0x00, 0x00, 0x05, 0x00, 0x00, 0x00, 0x0A, 0x00, 0x00, 0x00, 0x01, 
0x00, 0x00, 0x00, 0x00, 0x00, 0x00, 0x01, 0x39, 0x00, 0x00, 0x00, 0x11, 0x00, 0x00, 0x00, 0x08, 
0x00, 0x00, 0x00, 0x09, 0x00, 0x00, 0x00, 0x11, 0x00, 0x00, 0x00, 0x01, 0x00, 0x00, 0x00, 0x00, 
0x00, 0x00, 0x01, 0x3A, 0x00, 0x00, 0x00, 0x12, 0x00, 0x00, 0x00, 0x05, 0x00, 0x00, 0x00, 0x05, 
0x00, 0x00, 0x00, 0x12, 0x00, 0x00, 0x00, 0x01, 0x00, 0x00, 0x00, 0x00, 0x00, 0x00, 0x01, 0x3D, 
0x00, 0x00, 0x00, 0x0D, 0x00, 0x00, 0x00, 0x08, 0x00, 0x00, 0x00, 0x09, 0x00, 0x00, 0x00, 0x0D, 
0x00, 0x00, 0x00, 0x01, 0x00, 0x00, 0x00, 0x00, 0x00, 0x00, 0x01, 0x3E, 0x00, 0x00, 0x00, 0x0E, 
0x00, 0x00, 0x00, 0x06, 0x00, 0x00, 0x00, 0x05, 0x00, 0x00, 0x00, 0x0E, 0x00, 0x00, 0x00, 0x01, 
0x00, 0x00, 0x00, 0x00, 0x00, 0x00, 0x01, 0x41, 0x00, 0x00, 0x00, 0x0D, 0x00, 0x00, 0x00, 0x09, 
0x00, 0x00, 0x00, 0x09, 0x00, 0x00, 0x00, 0x0D, 0x00, 0x00, 0x00, 0x00, 0x00, 0x00, 0x00, 0x00, 
0x00, 0x00, 0x01, 0x42, 0x00, 0x00, 0x00, 0x0E, 0x00, 0x00, 0x00, 0x06, 0x00, 0x00, 0x00, 0x05, 
0x00, 0x00, 0x00, 0x0E, 0xFF, 0xFF, 0xFF, 0xFF, 0x00, 0x00, 0x00, 0x00, 0x00, 0x00, 0x01, 0x43, 
0x00, 0x00, 0x00, 0x11, 0x00, 0x00, 0x00, 0x0B, 0x00, 0x00, 0x00, 0x0E, 0x00, 0x00, 0x00, 0x11, 
0x00, 0x00, 0x00, 0x01, 0x00, 0x00, 0x00, 0x00, 0x00, 0x00, 0x01, 0x44, 0x00, 0x00, 0x00, 0x0E, 
0x00, 0x00, 0x00, 0x09, 0x00, 0x00, 0x00, 0x0B, 0x00, 0x00, 0x00, 0x0E, 0x00, 0x00, 0x00, 0x01, 
0x00, 0x00, 0x00, 0x00, 0x00, 0x00, 0x01, 0x47, 0x00, 0x00, 0x00, 0x11, 0x00, 0x00, 0x00, 0x0B, 
0x00, 0x00, 0x00, 0x0E, 0x00, 0x00, 0x00, 0x11, 0x00, 0x00, 0x00, 0x01, 0x00, 0x00, 0x00, 0x00, 
0x00, 0x00, 0x01, 0x48, 0x00, 0x00, 0x00, 0x0E, 0x00, 0x00, 0x00, 0x09, 0x00, 0x00, 0x00, 0x0B, 
0x00, 0x00, 0x00, 0x0E, 0x00, 0x00, 0x00, 0x01, 0x00, 0x00, 0x00, 0x00, 0x00, 0x00, 0x01, 0x50, 
0x00, 0x00, 0x00, 0x12, 0x00, 0x00, 0x00, 0x0C, 0x00, 0x00, 0x00, 0x0E, 0x00, 0x00, 0x00, 0x11, 
0x00, 0x00, 0x00, 0x01, 0x00, 0x00, 0x00, 0x00, 0x00, 0x00, 0x01, 0x51, 0x00, 0x00, 0x00, 0x0F, 
0x00, 0x00, 0x00, 0x09, 0x00, 0x00, 0x00, 0x0B, 0x00, 0x00, 0x00, 0x0E, 0x00, 0x00, 0x00, 0x01, 
0x00, 0x00, 0x00, 0x00, 0x00, 0x00, 0x01, 0x52, 0x00, 0x00, 0x00, 0x0F, 0x00, 0x00, 0x00, 0x0F, 
0x00, 0x00, 0x00, 0x11, 0x00, 0x00, 0x00, 0x0E, 0x00, 0x00, 0x00, 0x01, 0x00, 0x00, 0x00, 0x00, 
0x00, 0x00, 0x01, 0x53, 0x00, 0x00, 0x00, 0x0B, 0x00, 0x00, 0x00, 0x11, 0x00, 0x00, 0x00, 0x11, 
0x00, 0x00, 0x00, 0x0A, 0x00, 0x00, 0x00, 0x00, 0x00, 0x00, 0x00, 0x00, 0x00, 0x00, 0x01, 0x54, 
0x00, 0x00, 0x00, 0x11, 0x00, 0x00, 0x00, 0x0A, 0x00, 0x00, 0x00, 0x0B, 0x00, 0x00, 0x00, 0x11, 
0x00, 0x00, 0x00, 0x01, 0x00, 0x00, 0x00, 0x00, 0x00, 0x00, 0x01, 0x55, 0x00, 0x00, 0x00, 0x0E, 
0x00, 0x00, 0x00, 0x07, 0x00, 0x00, 0x00, 0x07, 0x00, 0x00, 0x00, 0x0E, 0x00, 0x00, 0x00, 0x01, 
0x00, 0x00, 0x00, 0x00, 0x00, 0x00, 0x01, 0x58, 0x00, 0x00, 0x00, 0x11, 0x00, 0x00, 0x00, 0x0A, 
0x00, 0x00, 0x00, 0x0B, 0x00, 0x00, 0x00, 0x11, 0x00, 0x00, 0x00, 0x01, 0x00, 0x00, 0x00, 0x00, 
0x00, 0x00, 0x01, 0x59, 0x00, 0x00, 0x00, 0x0E, 0x00, 0x00, 0x00, 0x07, 0x00, 0x00, 0x00, 0x07, 
0x00, 0x00, 0x00, 0x0E, 0x00, 0x00, 0x00, 0x01, 0x00, 0x00, 0x00, 0x00, 0x00, 0x00, 0x01, 0x5A, 
0x00, 0x00, 0x00, 0x12, 0x00, 0x00, 0x00, 0x0A, 0x00, 0x00, 0x00, 0x0A, 0x00, 0x00, 0x00, 0x11, 
0x00, 0x00, 0x00, 0x00, 0x00, 0x00, 0x00, 0x00, 0x00, 0x00, 0x01, 0x5B, 0x00, 0x00, 0x00, 0x0F, 
0x00, 0x00, 0x00, 0x08, 0x00, 0x00, 0x00, 0x09, 0x00, 0x00, 0x00, 0x0E, 0x00, 0x00, 0x00, 0x00, 
0x00, 0x00, 0x00, 0x00, 0x00, 0x00, 0x01, 0x5E, 0x00, 0x00, 0x00, 0x13, 0x00, 0x00, 0x00, 0x0A, 
0x00, 0x00, 0x00, 0x0A, 0x00, 0x00, 0x00, 0x0E, 0x00, 0x00, 0x00, 0x00, 0x00, 0x00, 0x00, 0x00, 
0x00, 0x00, 0x01, 0x5F, 0x00, 0x00, 0x00, 0x0F, 0x00, 0x00, 0x00, 0x08, 0x00, 0x00, 0x00, 0x09, 
0x00, 0x00, 0x00, 0x0A, 0x00, 0x00, 0x00, 0x00, 0x00, 0x00, 0x00, 0x00, 0x00, 0x00, 0x01, 0x60, 
0x00, 0x00, 0x00, 0x12, 0x00, 0x00, 0x00, 0x0A, 0x00, 0x00, 0x00, 0x0A, 0x00, 0x00, 0x00, 0x11, 
0x00, 0x00, 0x00, 0x00, 0x00, 0x00, 0x00, 0x00, 0x00, 0x00, 0x01, 0x61, 0x00, 0x00, 0x00, 0x0F, 
0x00, 0x00, 0x00, 0x08, 0x00, 0x00, 0x00, 0x09, 0x00, 0x00, 0x00, 0x0E, 0x00, 0x00, 0x00, 0x00, 
0x00, 0x00, 0x00, 0x00, 0x00, 0x00, 0x01, 0x62, 0x00, 0x00, 0x00, 0x12, 0x00, 0x00, 0x00, 0x0A, 
0x00, 0x00, 0x00, 0x0A, 0x00, 0x00, 0x00, 0x0D, 0x00, 0x00, 0x00, 0x00, 0x00, 0x00, 0x00, 0x00, 
0x00, 0x00, 0x01, 0x63, 0x00, 0x00, 0x00, 0x11, 0x00, 0x00, 0x00, 0x07, 0x00, 0x00, 0x00, 0x07, 
0x00, 0x00, 0x00, 0x0C, 0x00, 0x00, 0x00, 0x00, 0x00, 0x00, 0x00, 0x00, 0x00, 0x00, 0x01, 0x64, 
0x00, 0x00, 0x00, 0x11, 0x00, 0x00, 0x00, 0x0A, 0x00, 0x00, 0x00, 0x0A, 0x00, 0x00, 0x00, 0x11, 
0x00, 0x00, 0x00, 0x00, 0x00, 0x00, 0x00, 0x00, 0x00, 0x00, 0x01, 0x65, 0x00, 0x00, 0x00, 0x0F, 
0x00, 0x00, 0x00, 0x09, 0x00, 0x00, 0x00, 0x07, 0x00, 0x00, 0x00, 0x0E, 0x00, 0x00, 0x00, 0x00, 
0x00, 0x00, 0x00, 0x00, 0x00, 0x00, 0x01, 0x6E, 0x00, 0x00, 0x00, 0x13, 0x00, 0x00, 0x00, 0x0B, 
0x00, 0x00, 0x00, 0x0D, 0x00, 0x00, 0x00, 0x12, 0x00, 0x00, 0x00, 0x01, 0x00, 0x00, 0x00, 0x00, 
0x00, 0x00, 0x01, 0x6F, 0x00, 0x00, 0x00, 0x10, 0x00, 0x00, 0x00, 0x09, 0x00, 0x00, 0x00, 0x0B, 
0x00, 0x00, 0x00, 0x0F, 0x00, 0x00, 0x00, 0x01, 0x00, 0x00, 0x00, 0x00, 0x00, 0x00, 0x01, 0x70, 
0x00, 0x00, 0x00, 0x12, 0x00, 0x00, 0x00, 0x0B, 0x00, 0x00, 0x00, 0x0D, 0x00, 0x00, 0x00, 0x11, 
0x00, 0x00, 0x00, 0x01, 0x00, 0x00, 0x00, 0x00, 0x00, 0x00, 0x01, 0x71, 0x00, 0x00, 0x00, 0x0F, 
0x00, 0x00, 0x00, 0x09, 0x00, 0x00, 0x00, 0x0B, 0x00, 0x00, 0x00, 0x0E, 0x00, 0x00, 0x00, 0x01, 
0x00, 0x00, 0x00, 0x00, 0x00, 0x00, 0x01, 0x78, 0x00, 0x00, 0x00, 0x11, 0x00, 0x00, 0x00, 0x0B, 
0x00, 0x00, 0x00, 0x0A, 0x00, 0x00, 0x00, 0x11, 0x00, 0x00, 0x00, 0x00, 0x00, 0x00, 0x00, 0x00, 
0x00, 0x00, 0x01, 0x79, 0x00, 0x00, 0x00, 0x11, 0x00, 0x00, 0x00, 0x0A, 0x00, 0x00, 0x00, 0x0A, 
0x00, 0x00, 0x00, 0x11, 0x00, 0x00, 0x00, 0x00, 0x00, 0x00, 0x00, 0x00, 0x00, 0x00, 0x01, 0x7A, 
0x00, 0x00, 0x00, 0x0E, 0x00, 0x00, 0x00, 0x08, 0x00, 0x00, 0x00, 0x08, 0x00, 0x00, 0x00, 0x0E, 
0x00, 0x00, 0x00, 0x00, 0x00, 0x00, 0x00, 0x00, 0x00, 0x00, 0x01, 0x7B, 0x00, 0x00, 0x00, 0x11, 
0x00, 0x00, 0x00, 0x0A, 0x00, 0x00, 0x00, 0x0A, 0x00, 0x00, 0x00, 0x11, 0x00, 0x00, 0x00, 0x00, 
0x00, 0x00, 0x00, 0x00, 0x00, 0x00, 0x01, 0x7C, 0x00, 0x00, 0x00, 0x0E, 0x00, 0x00, 0x00, 0x08, 
0x00, 0x00, 0x00, 0x08, 0x00, 0x00, 0x00, 0x0E, 0x00, 0x00, 0x00, 0x00, 0x00, 0x00, 0x00, 0x00, 
0x00, 0x00, 0x01, 0x7D, 0x00, 0x00, 0x00, 0x11, 0x00, 0x00, 0x00, 0x0A, 0x00, 0x00, 0x00, 0x0A, 
0x00, 0x00, 0x00, 0x11, 0x00, 0x00, 0x00, 0x00, 0x00, 0x00, 0x00, 0x00, 0x00, 0x00, 0x01, 0x7E, 
0x00, 0x00, 0x00, 0x0E, 0x00, 0x00, 0x00, 0x08, 0x00, 0x00, 0x00, 0x08, 0x00, 0x00, 0x00, 0x0E, 
0x00, 0x00, 0x00, 0x00, 0x00, 0x00, 0x00, 0x00, 0x00, 0x00, 0x01, 0x92, 0x00, 0x00, 0x00, 0x13, 
0x00, 0x00, 0x00, 0x0A, 0x00, 0x00, 0x00, 0x07, 0x00, 0x00, 0x00, 0x0E, 0xFF, 0xFF, 0xFF, 0xFF, 
0x00, 0x00, 0x00, 0x00, 0x00, 0x00, 0x02, 0xC6, 0x00, 0x00, 0x00, 0x04, 0x00, 0x00, 0x00, 0x07, 
0x00, 0x00, 0x00, 0x08, 0x00, 0x00, 0x00, 0x0E, 0x00, 0x00, 0x00, 0x00, 0x00, 0x00, 0x00, 0x00, 
0x00, 0x00, 0x02, 0xC7, 0x00, 0x00, 0x00, 0x04, 0x00, 0x00, 0x00, 0x07, 0x00, 0x00, 0x00, 0x08, 
0x00, 0x00, 0x00, 0x0E, 0x00, 0x00, 0x00, 0x00, 0x00, 0x00, 0x00, 0x00, 0x00, 0x00, 0x02, 0xD8, 
0x00, 0x00, 0x00, 0x04, 0x00, 0x00, 0x00, 0x07, 0x00, 0x00, 0x00, 0x07, 0x00, 0x00, 0x00, 0x0E, 
0x00, 0x00, 0x00, 0x00, 0x00, 0x00, 0x00, 0x00, 0x00, 0x00, 0x02, 0xD9, 0x00, 0x00, 0x00, 0x03, 
0x00, 0x00, 0x00, 0x03, 0x00, 0x00, 0x00, 0x03, 0x00, 0x00, 0x00, 0x0E, 0x00, 0x00, 0x00, 0x00, 
0x00, 0x00, 0x00, 0x00, 0x00, 0x00, 0x02, 0xDA, 0x00, 0x00, 0x00, 0x05, 0x00, 0x00, 0x00, 0x05, 
0x00, 0x00, 0x00, 0x05, 0x00, 0x00, 0x00, 0x0F, 0x00, 0x00, 0x00, 0x00, 0x00, 0x00, 0x00, 0x00, 
0x00, 0x00, 0x02, 0xDB, 0x00, 0x00, 0x00, 0x05, 0x00, 0x00, 0x00, 0x04, 0x00, 0x00, 0x00, 0x04, 
0x00, 0x00, 0x00, 0x01, 0x00, 0x00, 0x00, 0x00, 0x00, 0x00, 0x00, 0x00, 0x00, 0x00, 0x02, 0xDC, 
0x00, 0x00, 0x00, 0x04, 0x00, 0x00, 0x00, 0x08, 0x00, 0x00, 0x00, 0x08, 0x00, 0x00, 0x00, 0x0E, 
0x00, 0x00, 0x00, 0x00, 0x00, 0x00, 0x00, 0x00, 0x00, 0x00, 0x02, 0xDD, 0x00, 0x00, 0x00, 0x04, 
0x00, 0x00, 0x00, 0x08, 0x00, 0x00, 0x00, 0x08, 0x00, 0x00, 0x00, 0x0E, 0x00, 0x00, 0x00, 0x00, 
0x00, 0x00, 0x00, 0x00, 0x00, 0x00, 0x03, 0xA9, 0x00, 0x00, 0x00, 0x0E, 0x00, 0x00, 0x00, 0x0D, 
0x00, 0x00, 0x00, 0x0D, 0x00, 0x00, 0x00, 0x0E, 0x00, 0x00, 0x00, 0x00, 0x00, 0x00, 0x00, 0x00, 
0x00, 0x00, 0x03, 0xC0, 0x00, 0x00, 0x00, 0x0B, 0x00, 0x00, 0x00, 0x0C, 0x00, 0x00, 0x00, 0x0C, 
0x00, 0x00, 0x00, 0x0A, 0x00, 0x00, 0x00, 0x00, 0x00, 0x00, 0x00, 0x00, 0x00, 0x00, 0x20, 0x13, 
0x00, 0x00, 0x00, 0x02, 0x00, 0x00, 0x00, 0x09, 0x00, 0x00, 0x00, 0x09, 0x00, 0x00, 0x00, 0x06, 
0x00, 0x00, 0x00, 0x00, 0x00, 0x00, 0x00, 0x00, 0x00, 0x00, 0x20, 0x14, 0x00, 0x00, 0x00, 0x02, 
0x00, 0x00, 0x00, 0x12, 0x00, 0x00, 0x00, 0x12, 0x00, 0x00, 0x00, 0x06, 0x00, 0x00, 0x00, 0x00, 
0x00, 0x00, 0x00, 0x00, 0x00, 0x00, 0x20, 0x18, 0x00, 0x00, 0x00, 0x05, 0x00, 0x00, 0x00, 0x03, 
0x00, 0x00, 0x00, 0x03, 0x00, 0x00, 0x00, 0x0D, 0x00, 0x00, 0x00, 0x00, 0x00, 0x00, 0x00, 0x00, 
0x00, 0x00, 0x20, 0x19, 0x00, 0x00, 0x00, 0x05, 0x00, 0x00, 0x00, 0x03, 0x00, 0x00, 0x00, 0x03, 
0x00, 0x00, 0x00, 0x0D, 0x00, 0x00, 0x00, 0x00, 0x00, 0x00, 0x00, 0x00, 0x00, 0x00, 0x20, 0x1A, 
0x00, 0x00, 0x00, 0x05, 0x00, 0x00, 0x00, 0x03, 0x00, 0x00, 0x00, 0x05, 0x00, 0x00, 0x00, 0x02, 
0x00, 0x00, 0x00, 0x00, 0x00, 0x00, 0x00, 0x00, 0x00, 0x00, 0x20, 0x1C, 0x00, 0x00, 0x00, 0x05, 
0x00, 0x00, 0x00, 0x07, 0x00, 0x00, 0x00, 0x06, 0x00, 0x00, 0x00, 0x0D, 0x00, 0x00, 0x00, 0x00, 
0x00, 0x00, 0x00, 0x00, 0x00, 0x00, 0x20, 0x1D, 0x00, 0x00, 0x00, 0x05, 0x00, 0x00, 0x00, 0x07, 
0x00, 0x00, 0x00, 0x06, 0x00, 0x00, 0x00, 0x0D, 0x00, 0x00, 0x00, 0x00, 0x00, 0x00, 0x00, 0x00, 
0x00, 0x00, 0x20, 0x1E, 0x00, 0x00, 0x00, 0x05, 0x00, 0x00, 0x00, 0x07, 0x00, 0x00, 0x00, 0x07, 
0x00, 0x00, 0x00, 0x02, 0x00, 0x00, 0x00, 0x00, 0x00, 0x00, 0x00, 0x00, 0x00, 0x00, 0x20, 0x20, 
0x00, 0x00, 0x00, 0x0E, 0x00, 0x00, 0x00, 0x08, 0x00, 0x00, 0x00, 0x09, 0x00, 0x00, 0x00, 0x0E, 
0x00, 0x00, 0x00, 0x01, 0x00, 0x00, 0x00, 0x00, 0x00, 0x00, 0x20, 0x21, 0x00, 0x00, 0x00, 0x0E, 
0x00, 0x00, 0x00, 0x08, 0x00, 0x00, 0x00, 0x09, 0x00, 0x00, 0x00, 0x0E, 0x00, 0x00, 0x00, 0x01, 
0x00, 0x00, 0x00, 0x00, 0x00, 0x00, 0x20, 0x22, 0x00, 0x00, 0x00, 0x05, 0x00, 0x00, 0x00, 0x05, 
0x00, 0x00, 0x00, 0x07, 0x00, 0x00, 0x00, 0x09, 0x00, 0x00, 0x00, 0x01, 0x00, 0x00, 0x00, 0x00, 
0x00, 0x00, 0x20, 0x26, 0x00, 0x00, 0x00, 0x04, 0x00, 0x00, 0x00, 0x0C, 0x00, 0x00, 0x00, 0x0E, 
0x00, 0x00, 0x00, 0x03, 0x00, 0x00, 0x00, 0x01, 0x00, 0x00, 0x00, 0x00, 0x00, 0x00, 0x20, 0x30, 
0x00, 0x00, 0x00, 0x0F, 0x00, 0x00, 0x00, 0x15, 0x00, 0x00, 0x00, 0x15, 0x00, 0x00, 0x00, 0x0E, 
0x00, 0x00, 0x00, 0x00, 0x00, 0x00, 0x00, 0x00, 0x00, 0x00, 0x20, 0x39, 0x00, 0x00, 0x00, 0x08, 
0x00, 0x00, 0x00, 0x05, 0x00, 0x00, 0x00, 0x06, 0x00, 0x00, 0x00, 0x09, 0x00, 0x00, 0x00, 0x00, 
0x00, 0x00, 0x00, 0x00, 0x00, 0x00, 0x20, 0x3A, 0x00, 0x00, 0x00, 0x08, 0x00, 0x00, 0x00, 0x05, 
0x00, 0x00, 0x00, 0x06, 0x00, 0x00, 0x00, 0x09, 0x00, 0x00, 0x00, 0x00, 0x00, 0x00, 0x00, 0x00, 
0x00, 0x00, 0x20, 0x44, 0x00, 0x00, 0x00, 0x0D, 0x00, 0x00, 0x00, 0x0A, 0x00, 0x00, 0x00, 0x02, 
0x00, 0x00, 0x00, 0x0D, 0xFF, 0xFF, 0xFF, 0xFC, 0x00, 0x00, 0x00, 0x00, 0x00, 0x00, 0x20, 0xAC, 
0x00, 0x00, 0x00, 0x0E, 0x00, 0x00, 0x00, 0x0B, 0x00, 0x00, 0x00, 0x0A, 0x00, 0x00, 0x00, 0x0D, 
0x00, 0x00, 0x00, 0x00, 0x00, 0x00, 0x00, 0x00, 0x00, 0x00, 0x21, 0x22, 0x00, 0x00, 0x00, 0x07, 
0x00, 0x00, 0x00, 0x0D, 0x00, 0x00, 0x00, 0x0E, 0x00, 0x00, 0x00, 0x0D, 0x00, 0x00, 0x00, 0x00, 
0x00, 0x00, 0x00, 0x00, 0x00, 0x00, 0xFB, 0x01, 0x00, 0x00, 0x00, 0x0E, 0x00, 0x00, 0x00, 0x0A, 
0x00, 0x00, 0x00, 0x0B, 0x00, 0x00, 0x00, 0x0E, 0x00, 0x00, 0x00, 0x00, 0x00, 0x00, 0x00, 0x00, 
0x00, 0x00, 0xFB, 0x02, 0x00, 0x00, 0x00, 0x0E, 0x00, 0x00, 0x00, 0x0A, 0x00, 0x00, 0x00, 0x0B, 
0x00, 0x00, 0x00, 0x0E, 0x00, 0x00, 0x00, 0x00, 0x00, 0x00, 0x00, 0x00, 0x74, 0xDC, 0x51, 0x7B, 
0xFF, 0x52, 0x6F, 0xFF, 0x46, 0x62, 0xFF, 0x39, 0x55, 0xFF, 0x2C, 0x49, 0xFF, 0x20, 0x3C, 0xFF, 
0x13, 0x30, 0xFF, 0x07, 0x23, 0xFA, 0x00, 0x09, 0x5A, 0x00, 0x03, 0x20, 0x00, 0x92, 0xFF, 0x63, 
0x98, 0xFF, 0x69, 0x08, 0x33, 0x01, 0xAF, 0xB9, 0x00, 0x6E, 0xDC, 0x1E, 0xBA, 0xC5, 0x00, 0x6E, 
0xFF, 0x11, 0xA6, 0xB1, 0x00, 0x5A, 0xFB, 0x01, 0x92, 0x9D, 0x00, 0x46, 0xE9, 0x00, 0x66, 0x6F, 
0x00, 0x29, 0xAB, 0x00, 0x00, 0x00, 0x00, 0x00, 0x86, 0x96, 0x00, 0x00, 0x9F, 0x70, 0x00, 0x00, 
0x00, 0x00, 0x00, 0x00, 0xCA, 0x82, 0x00, 0x00, 0xE7, 0x56, 0x00, 0x00, 0x00, 0x00, 0x00, 0x03, 
0xF6, 0x52, 0x00, 0x18, 0xFF, 0x26, 0x00, 0x00, 0x00, 0x07, 0x08, 0x2F, 0xFF, 0x29, 0x08, 0x4E, 
0xF5, 0x0A, 0x08, 0x01, 0x00, 0xE4, 0xFF, 0xFF, 0xFF, 0xFF, 0xFF, 0xFF, 0xFF, 0xFF, 0xFF, 0x28, 
0x00, 0x23, 0x28, 0x9F, 0xBF, 0x28, 0x28, 0xC4, 0xA0, 0x28, 0x28, 0x06, 0x00, 0x00, 0x00, 0xBD, 
0x86, 0x00, 0x00, 0xE7, 0x60, 0x00, 0x00, 0x00, 0x00, 0x00, 0x01, 0xEF, 0x55, 0x00, 0x1A, 0xFF, 
0x2E, 0x00, 0x00, 0x00, 0x87, 0xF8, 0xF8, 0xFF, 0xF9, 0xF8, 0xF9, 0xFF, 0xF8, 0xF8, 0x87, 0x00, 
0x20, 0x3C, 0x80, 0xF1, 0x3C, 0x3C, 0xA0, 0xD2, 0x3C, 0x3C, 0x20, 0x00, 0x00, 0x00, 0x83, 0xC3, 
0x00, 0x00, 0xB0, 0x98, 0x00, 0x00, 0x00, 0x00, 0x00, 0x00, 0xB2, 0x93, 0x00, 0x00, 0xE2, 0x66, 
0x00, 0x00, 0x00, 0x00, 0x00, 0x00, 0xE1, 0x63, 0x00, 0x13, 0xFF, 0x34, 0x00, 0x00, 0x00, 0x00, 
0x00, 0x00, 0x00, 0x4C, 0x76, 0x00, 0x00, 0x00, 0x00, 0x00, 0x00, 0x00, 0x78, 0xB9, 0x03, 0x00, 
0x00, 0x00, 0x03, 0x79, 0xE1, 0xFF, 0xFF, 0xFC, 0xD9, 0x77, 0x00, 0x7E, 0xFF, 0x95, 0xA6, 0xCA, 
0x66, 0xA0, 0x7A, 0x00, 0xD1, 0xBA, 0x00, 0x74, 0xB4, 0x00, 0x00, 0x00, 0x00, 0xC7, 0xDA, 0x08, 
0x74, 0xB4, 0x00, 0x00, 0x00, 0x00, 0x54, 0xFE, 0xE0, 0xC6, 0xB8, 0x00, 0x00, 0x00, 0x00, 0x00, 
0x3C, 0xB9, 0xFC, 0xFF, 0xD8, 0x71, 0x06, 0x00, 0x00, 0x00, 0x00, 0x77, 0xDB, 0xBC, 0xFF, 0xC1, 
0x01, 0x00, 0x00, 0x00, 0x74, 0xB4, 0x00, 0x7B, 0xFF, 0x34, 0x00, 0x00, 0x00, 0x74, 0xB4, 0x00, 
0x5F, 0xFF, 0x2F, 0xBE, 0x8E, 0x65, 0x9D, 0xD1, 0x88, 0xEF, 0xC6, 0x03, 0x9C, 0xEB, 0xFF, 0xFF, 
0xFF, 0xDF, 0x8B, 0x10, 0x00, 0x00, 0x00, 0x08, 0x82, 0xB5, 0x00, 0x00, 0x00, 0x00, 0x00, 0x00, 
0x00, 0x74, 0xB4, 0x00, 0x00, 0x00, 0x00, 0x00, 0x00, 0x00, 0x05, 0x08, 0x00, 0x00, 0x00, 0x00, 
0x00, 0x00, 0x00, 0x02, 0x00, 0x00, 0x00, 0x00, 0x00, 0x00, 0x00, 0x00, 0x00, 0x00, 0x00, 0x00, 
0x23, 0xCE, 0xFE, 0xCF, 0x24, 0x00, 0x00, 0x00, 0x04, 0xC0, 0x6D, 0x00, 0x00, 0x00, 0x00, 0xAC, 
0xBF, 0x27, 0xB4, 0xB4, 0x00, 0x00, 0x00, 0x69, 0xEB, 0x0F, 0x00, 0x00, 0x00, 0x01, 0xF8, 0x58, 
0x00, 0x44, 0xFD, 0x0C, 0x00, 0x0D, 0xE9, 0x6D, 0x00, 0x00, 0x00, 0x00, 0x14, 0xFF, 0x3B, 0x00, 
0x24, 0xFF, 0x27, 0x00, 0x85, 0xDA, 0x05, 0x00, 0x00, 0x00, 0x00, 0x13, 0xFF, 0x3C, 0x00, 0x25, 
0xFF, 0x26, 0x1C, 0xF6, 0x51, 0x00, 0x00, 0x00, 0x00, 0x00, 0x00, 0xF5, 0x59, 0x00, 0x45, 0xFD, 
0x0C, 0xA1, 0xC3, 0x22, 0xB8, 0xDC, 0x99, 0x08, 0x00, 0x00, 0xA3, 0xC3, 0x2F, 0xB9, 0xB9, 0x30, 
0xFC, 0x36, 0xBD, 0xBE, 0x54, 0xE1, 0x81, 0x00, 0x00, 0x1C, 0xC8, 0xFE, 0xD2, 0x29, 0xBB, 0xA8, 
0x14, 0xFE, 0x3C, 0x00, 0x6E, 0xE1, 0x00, 0x00, 0x00, 0x00, 0x02, 0x00, 0x4A, 0xF8, 0x21, 0x32, 
0xFF, 0x19, 0x00, 0x48, 0xFE, 0x05, 0x00, 0x00, 0x00, 0x00, 0x03, 0xD4, 0x8C, 0x00, 0x36, 0xFF, 
0x15, 0x00, 0x43, 0xFF, 0x0A, 0x00, 0x00, 0x00, 0x00, 0x66, 0xED, 0x10, 0x00, 0x1C, 0xFF, 0x2D, 
0x00, 0x5E, 0xF0, 0x00, 0x00, 0x00, 0x00, 0x0B, 0xE7, 0x70, 0x00, 0x00, 0x00, 0xD1, 0x8B, 0x0A, 
0xBE, 0xA7, 0x00, 0x00, 0x00, 0x00, 0x81, 0xDC, 0x06, 0x00, 0x00, 0x00, 0x44, 0xF2, 0xFE, 0xE4, 
0x28, 0x00, 0x00, 0x00, 0x00, 0x00, 0x00, 0x00, 0x00, 0x00, 0x00, 0x00, 0x0C, 0x29, 0x05, 0x00, 
0x00, 0x00, 0x00, 0x00, 0x00, 0x00, 0x04, 0x00, 0x00, 0x00, 0x00, 0x00, 0x00, 0x00, 0x00, 0x00, 
0x00, 0x06, 0x8C, 0xE9, 0xFE, 0xE2, 0x6C, 0x00, 0x00, 0x00, 0x00, 0x00, 0x00, 0x00, 0x00, 0x83, 
0xFE, 0x7E, 0x4A, 0xAB, 0xFF, 0x49, 0x00, 0x00, 0x00, 0x00, 0x00, 0x00, 0x00, 0xC9, 0xC2, 0x00, 
0x00, 0x0B, 0xFF, 0x89, 0x00, 0x00, 0x00, 0x00, 0x00, 0x00, 0x00, 0xBA, 0xDD, 0x01, 0x00, 0x2F, 
0xFF, 0x71, 0x00, 0x00, 0x00, 0x00, 0x00, 0x00, 0x00, 0x4C, 0xFF, 0x79, 0x2A, 0xDA, 0xDE, 0x0E, 
0x00, 0x00, 0x00, 0x00, 0x00, 0x00, 0x00, 0x00, 0x96, 0xFE, 0xF9, 0xC2, 0x1A, 0x00, 0x00, 0x00, 
0x00, 0x00, 0x00, 0x00, 0x00, 0x4A, 0xE8, 0xF9, 0xFF, 0x72, 0x00, 0x00, 0x00, 0x22, 0x6C, 0x1D, 
0x00, 0x00, 0x4C, 0xFC, 0xB5, 0x16, 0xA4, 0xFF, 0x79, 0x00, 0x00, 0x8B, 0xF9, 0x0F, 0x00, 0x00, 
0xD6, 0xDE, 0x06, 0x00, 0x02, 0x9E, 0xFF, 0x82, 0x0E, 0xE7, 0xB0, 0x00, 0x00, 0x04, 0xFD, 0xA6, 
0x00, 0x00, 0x00, 0x01, 0x99, 0xFF, 0xD7, 0xFC, 0x35, 0x00, 0x00, 0x00, 0xF1, 0xD4, 0x03, 0x00, 
0x00, 0x00, 0x06, 0xD8, 0xFF, 0xBF, 0x00, 0x00, 0x00, 0x00, 0x90, 0xFF, 0xB2, 0x4D, 0x41, 0x6E, 
0xD6, 0xFA, 0xB6, 0xFF, 0x98, 0x01, 0x00, 0x00, 0x05, 0x82, 0xF2, 0xFF, 0xFF, 0xFA, 0xB5, 0x32, 
0x00, 0x84, 0xFF, 0x9E, 0x02, 0x00, 0x00, 0x00, 0x02, 0x1F, 0x25, 0x0A, 0x00, 0x00, 0x00, 0x00, 
0x00, 0x00, 0x00, 0xAF, 0xB9, 0xBA, 0xC5, 0xA6, 0xB1, 0x92, 0x9D, 0x66, 0x6F, 0x00, 0x00, 0x09, 
0xC3, 0x82, 0x00, 0x00, 0x8F, 0xEE, 0x15, 0x00, 0x19, 0xFA, 0x83, 0x00, 0x00, 0x80, 0xFD, 0x1E, 
0x00, 0x00, 0xCC, 0xCF, 0x00, 0x00, 0x0A, 0xFB, 0x95, 0x00, 0x00, 0x2A, 0xFF, 0x70, 0x00, 0x00, 
0x3D, 0xFF, 0x5D, 0x00, 0x00, 0x40, 0xFF, 0x5C, 0x00, 0x00, 0x2D, 0xFF, 0x6F, 0x00, 0x00, 0x0E, 
0xFD, 0x92, 0x00, 0x00, 0x00, 0xD2, 0xCC, 0x00, 0x00, 0x00, 0x88, 0xFC, 0x1B, 0x00, 0x00, 0x1E, 
0xFC, 0x81, 0x00, 0x00, 0x00, 0x94, 0xED, 0x14, 0x00, 0x00, 0x09, 0xC0, 0x7D, 0x2A, 0xDA, 0x47, 
0x00, 0x00, 0x00, 0x9E, 0xE4, 0x10, 0x00, 0x00, 0x21, 0xFE, 0x7B, 0x00, 0x00, 0x00, 0xB7, 0xE3, 
0x03, 0x00, 0x00, 0x6B, 0xFF, 0x33, 0x00, 0x00, 0x2F, 0xFF, 0x6E, 0x00, 0x00, 0x0A, 0xFF, 0x91, 
0x00, 0x00, 0x00, 0xF6, 0xA4, 0x00, 0x00, 0x00, 0xF5, 0xA7, 0x00, 0x00, 0x08, 0xFF, 0x94, 0x00, 
0x00, 0x2C, 0xFF, 0x74, 0x00, 0x00, 0x69, 0xFF, 0x39, 0x00, 0x00, 0xB4, 0xEA, 0x05, 0x00, 0x1F, 
0xFD, 0x82, 0x00, 0x00, 0x9C, 0xE6, 0x13, 0x00, 0x27, 0xD6, 0x46, 0x00, 0x00, 0x00, 0x00, 0x00, 
0x00, 0xA3, 0x85, 0x00, 0x00, 0x00, 0x00, 0x00, 0x00, 0x00, 0x00, 0xD7, 0xAC, 0x00, 0x00, 0x00, 
0x00, 0x01, 0x11, 0x00, 0x00, 0xBC, 0x91, 0x00, 0x00, 0x13, 0x00, 0x1F, 0xFC, 0xC4, 0x7A, 0xBD, 
0xA2, 0x85, 0xCE, 0xF9, 0x04, 0x1B, 0x85, 0x9B, 0xB6, 0xFF, 0xFA, 0xAE, 0x98, 0x82, 0x0C, 0x00, 
0x00, 0x00, 0x8E, 0xD0, 0xF0, 0x67, 0x00, 0x00, 0x00, 0x00, 0x00, 0x4C, 0xFE, 0x5A, 0x83, 0xF7, 
0x30, 0x00, 0x00, 0x00, 0x02, 0xCB, 0xE5, 0x05, 0x13, 0xF3, 0xAD, 0x00, 0x00, 0x00, 0x00, 0x05, 
0x2F, 0x00, 0x00, 0x32, 0x02, 0x00, 0x00, 0x00, 0x00, 0x00, 0x00, 0x5C, 0x8C, 0x00, 0x00, 0x00, 
0x00, 0x00, 0x00, 0x00, 0x00, 0x84, 0xC8, 0x00, 0x00, 0x00, 0x00, 0x00, 0x00, 0x00, 0x00, 0x84, 
0xC8, 0x00, 0x00, 0x00, 0x00, 0x00, 0x00, 0x00, 0x00, 0x84, 0xC8, 0x00, 0x00, 0x00, 0x00, 0x17, 
0xFC, 0xFC, 0xFC, 0xFE, 0xFF, 0xFC, 0xFC, 0xFC, 0x5A, 0x07, 0x4C, 0x4C, 0x4C, 0xA8, 0xD8, 0x4C, 
0x4C, 0x4C, 0x1B, 0x00, 0x00, 0x00, 0x00, 0x84, 0xC8, 0x00, 0x00, 0x00, 0x00, 0x00, 0x00, 0x00, 
0x00, 0x84, 0xC8, 0x00, 0x00, 0x00, 0x00, 0x00, 0x00, 0x00, 0x00, 0x84, 0xC8, 0x00, 0x00, 0x00, 
0x00, 0x00, 0x08, 0x18, 0x08, 0x00, 0x74, 0xFF, 0x52, 0x00, 0xA3, 0xF6, 0x0A, 0x00, 0xD9, 0xA7, 
0x00, 0x14, 0xFF, 0x3E, 0x00, 0x13, 0x51, 0x00, 0x00, 0x26, 0x88, 0x88, 0x88, 0x88, 0x0A, 0x3F, 
0xE0, 0xE0, 0xE0, 0xE0, 0x11, 0x03, 0x20, 0x00, 0x92, 0xFF, 0x63, 0x98, 0xFF, 0x69, 0x08, 0x33, 
0x01, 0x00, 0x00, 0x00, 0x00, 0x2A, 0xDC, 0x4E, 0x00, 0x00, 0x00, 0x00, 0x89, 0xF5, 0x0D, 0x00, 
0x00, 0x00, 0x03, 0xE5, 0xA3, 0x00, 0x00, 0x00, 0x00, 0x48, 0xFF, 0x43, 0x00, 0x00, 0x00, 0x00, 
0xA7, 0xE2, 0x02, 0x00, 0x00, 0x00, 0x0F, 0xF7, 0x85, 0x00, 0x00, 0x00, 0x00, 0x65, 0xFF, 0x27, 
0x00, 0x00, 0x00, 0x00, 0xC5, 0xC7, 0x00, 0x00, 0x00, 0x00, 0x24, 0xFF, 0x67, 0x00, 0x00, 0x00, 
0x00, 0x83, 0xF8, 0x10, 0x00, 0x00, 0x00, 0x01, 0xE0, 0xA9, 0x00, 0x00, 0x00, 0x00, 0x41, 0xFF, 
0x4A, 0x00, 0x00, 0x00, 0x00, 0xA0, 0xE7, 0x03, 0x00, 0x00, 0x00, 0x00, 0x00, 0x00, 0x00, 0x00, 
0x00, 0x03, 0x00, 0x00, 0x00, 0x00, 0x00, 0x00, 0x27, 0xB4, 0xF4, 0xFD, 0xCC, 0x43, 0x00, 0x00, 
0x00, 0x13, 0xE3, 0xDF, 0x67, 0x5A, 0xC2, 0xF9, 0x34, 0x00, 0x00, 0x7D, 0xFD, 0x28, 0x00, 0x00, 
0x08, 0xDF, 0xB9, 0x00, 0x00, 0xCD, 0xC7, 0x00, 0x00, 0x00, 0x00, 0x84, 0xFC, 0x11, 0x03, 0xF9, 
0x97, 0x00, 0x00, 0x00, 0x00, 0x52, 0xFF, 0x3F, 0x12, 0xFF, 0x80, 0x00, 0x00, 0x00, 0x00, 0x39, 
0xFF, 0x5B, 0x1D, 0xFF, 0x79, 0x00, 0x00, 0x00, 0x00, 0x32, 0xFF, 0x64, 0x16, 0xFF, 0x7F, 0x00, 
0x00, 0x00, 0x00, 0x38, 0xFF, 0x5A, 0x03, 0xFA, 0x93, 0x00, 0x00, 0x00, 0x00, 0x4D, 0xFF, 0x46, 
0x00, 0xD0, 0xBF, 0x00, 0x00, 0x00, 0x00, 0x7B, 0xFF, 0x17, 0x00, 0x83, 0xFA, 0x1B, 0x00, 0x00, 
0x02, 0xD2, 0xCD, 0x00, 0x00, 0x17, 0xEC, 0xCC, 0x47, 0x39, 0xA5, 0xFF, 0x51, 0x00, 0x00, 0x00, 
0x36, 0xD6, 0xFF, 0xFF, 0xEE, 0x67, 0x00, 0x00, 0x00, 0x00, 0x00, 0x00, 0x1E, 0x22, 0x03, 0x00, 
0x00, 0x00, 0x00, 0x00, 0x00, 0x68, 0xDB, 0x55, 0x00, 0x09, 0xA1, 0xFA, 0xFF, 0x64, 0x1C, 0xCF, 
0xEA, 0x5A, 0xFF, 0x64, 0x0B, 0xA7, 0x1F, 0x27, 0xFF, 0x64, 0x00, 0x00, 0x00, 0x28, 0xFF, 0x64, 
0x00, 0x00, 0x00, 0x28, 0xFF, 0x64, 0x00, 0x00, 0x00, 0x28, 0xFF, 0x64, 0x00, 0x00, 0x00, 0x28, 
0xFF, 0x64, 0x00, 0x00, 0x00, 0x28, 0xFF, 0x64, 0x00, 0x00, 0x00, 0x28, 0xFF, 0x64, 0x00, 0x00, 
0x00, 0x28, 0xFF, 0x64, 0x00, 0x00, 0x00, 0x28, 0xFF, 0x64, 0x00, 0x00, 0x00, 0x28, 0xFF, 0x64, 
0x00, 0x00, 0x00, 0x00, 0x01, 0x00, 0x00, 0x00, 0x00, 0x00, 0x00, 0x03, 0x6F, 0xD3, 0xFB, 0xF3, 
0xC6, 0x47, 0x00, 0x00, 0x00, 0xB1, 0xF9, 0x97, 0x5B, 0x66, 0xD3, 0xFE, 0x4D, 0x00, 0x00, 0x30, 
0x2A, 0x00, 0x00, 0x00, 0x14, 0xF4, 0xB9, 0x00, 0x00, 0x00, 0x00, 0x00, 0x00, 0x00, 0x00, 0xD0, 
0xD1, 0x00, 0x00, 0x00, 0x00, 0x00, 0x00, 0x00, 0x03, 0xED, 0xAC, 0x00, 0x00, 0x00, 0x00, 0x00, 
0x00, 0x00, 0x60, 0xFF, 0x4A, 0x00, 0x00, 0x00, 0x00, 0x00, 0x00, 0x29, 0xF1, 0xA8, 0x00, 0x00, 
0x00, 0x00, 0x00, 0x00, 0x1F, 0xE2, 0xC4, 0x0A, 0x00, 0x00, 0x00, 0x00, 0x00, 0x1D, 0xDE, 0xCE, 
0x0F, 0x00, 0x00, 0x00, 0x00, 0x00, 0x1C, 0xDC, 0xCE, 0x12, 0x00, 0x00, 0x00, 0x00, 0x00, 0x1B, 
0xDB, 0xCB, 0x11, 0x00, 0x00, 0x00, 0x00, 0x00, 0x0D, 0xDA, 0xFA, 0x7F, 0x70, 0x70, 0x70, 0x70, 
0x70, 0x28, 0x24, 0xFF, 0xFF, 0xFF, 0xFF, 0xFF, 0xFF, 0xFF, 0xFF, 0x5C, 0x00, 0x00, 0x00, 0x00, 
0x02, 0x01, 0x00, 0x00, 0x00, 0x00, 0x00, 0x21, 0x92, 0xDF, 0xFD, 0xFC, 0xD2, 0x61, 0x00, 0x00, 
0x04, 0xDB, 0xE6, 0x81, 0x54, 0x61, 0xC4, 0xFF, 0x57, 0x00, 0x00, 0x25, 0x09, 0x00, 0x00, 0x00, 
0x09, 0xE9, 0xBF, 0x00, 0x00, 0x00, 0x00, 0x00, 0x00, 0x00, 0x00, 0xD0, 0xD1, 0x00, 0x00, 0x00, 
0x00, 0x00, 0x00, 0x00, 0x31, 0xFB, 0x90, 0x00, 0x00, 0x00, 0x12, 0x50, 0x5E, 0x8C, 0xF0, 0xB1, 
0x0E, 0x00, 0x00, 0x00, 0x3C, 0xFF, 0xFF, 0xFF, 0xC3, 0x56, 0x00, 0x00, 0x00, 0x00, 0x02, 0x0C, 
0x17, 0x35, 0x8F, 0xFF, 0x9D, 0x00, 0x00, 0x00, 0x00, 0x00, 0x00, 0x00, 0x00, 0x9B, 0xFF, 0x1E, 
0x00, 0x00, 0x00, 0x00, 0x00, 0x00, 0x00, 0x71, 0xFF, 0x3A, 0x00, 0x00, 0x00, 0x00, 0x00, 0x00, 
0x00, 0xB5, 0xFB, 0x15, 0x2E, 0xC0, 0x6A, 0x42, 0x2F, 0x4A, 0xAA, 0xFF, 0x92, 0x00, 0x18, 0xB6, 
0xFA, 0xFF, 0xFF, 0xFF, 0xE2, 0x77, 0x03, 0x00, 0x00, 0x00, 0x07, 0x1E, 0x2A, 0x18, 0x00, 0x00, 
0x00, 0x00, 0x00, 0x00, 0x00, 0x00, 0x00, 0x09, 0xCB, 0xEC, 0x0E, 0x00, 0x00, 0x00, 0x00, 0x00, 
0x00, 0x92, 0xF8, 0xFF, 0x10, 0x00, 0x00, 0x00, 0x00, 0x00, 0x46, 0xFC, 0x9A, 0xFF, 0x10, 0x00, 
0x00, 0x00, 0x00, 0x12, 0xE5, 0x8C, 0x73, 0xFF, 0x10, 0x00, 0x00, 0x00, 0x00, 0xAA, 0xD1, 0x07, 
0x77, 0xFF, 0x10, 0x00, 0x00, 0x00, 0x5E, 0xF8, 0x2C, 0x00, 0x78, 0xFF, 0x10, 0x00, 0x00, 0x1F, 
0xF1, 0x70, 0x00, 0x00, 0x78, 0xFF, 0x10, 0x00, 0x02, 0xC1, 0xBA, 0x01, 0x00, 0x00, 0x78, 0xFF, 
0x10, 0x00, 0x6F, 0xFE, 0x72, 0x58, 0x58, 0x58, 0xA6, 0xFF, 0x62, 0x52, 0xA0, 0xFF, 0xFF, 0xFF, 
0xFF, 0xFF, 0xFF, 0xFF, 0xFF, 0xF0, 0x0C, 0x14, 0x14, 0x14, 0x14, 0x14, 0x82, 0xFF, 0x22, 0x12, 
0x00, 0x00, 0x00, 0x00, 0x00, 0x00, 0x78, 0xFF, 0x10, 0x00, 0x00, 0x00, 0x00, 0x00, 0x00, 0x00, 
0x78, 0xFF, 0x10, 0x00, 0x18, 0xDC, 0xDC, 0xDC, 0xDC, 0xDC, 0xDC, 0x52, 0x00, 0x30, 0xFF, 0xB3, 
0x98, 0x98, 0x98, 0x98, 0x39, 0x00, 0x44, 0xFF, 0x34, 0x00, 0x00, 0x00, 0x00, 0x00, 0x00, 0x59, 
0xFF, 0x1E, 0x00, 0x00, 0x00, 0x00, 0x00, 0x00, 0x6D, 0xFF, 0x09, 0x00, 0x00, 0x00, 0x00, 0x00, 
0x00, 0x82, 0xFE, 0xC3, 0xDB, 0xD0, 0xA8, 0x38, 0x00, 0x00, 0x38, 0xA7, 0x88, 0x7B, 0x94, 0xE6, 
0xFF, 0x6F, 0x00, 0x00, 0x00, 0x00, 0x00, 0x00, 0x0A, 0xD3, 0xF7, 0x0D, 0x00, 0x00, 0x00, 0x00, 
0x00, 0x00, 0x71, 0xFF, 0x3A, 0x00, 0x00, 0x00, 0x00, 0x00, 0x00, 0x6C, 0xFF, 0x35, 0x00, 0x00, 
0x00, 0x00, 0x00, 0x01, 0xBC, 0xF3, 0x08, 0xB1, 0x76, 0x4A, 0x34, 0x50, 0xB7, 0xFF, 0x72, 0x00, 
0x93, 0xF3, 0xFF, 0xFF, 0xFF, 0xDE, 0x65, 0x00, 0x00, 0x00, 0x02, 0x18, 0x2B, 0x1A, 0x00, 0x00, 
0x00, 0x00, 0x00, 0x00, 0x00, 0x00, 0x00, 0x02, 0x01, 0x00, 0x00, 0x00, 0x00, 0x21, 0x98, 0xE2, 
0xFB, 0xFC, 0x69, 0x00, 0x00, 0x3B, 0xF1, 0xDF, 0x78, 0x4E, 0x50, 0x32, 0x00, 0x0A, 0xE5, 0xC8, 
0x0B, 0x00, 0x00, 0x00, 0x00, 0x00, 0x68, 0xFF, 0x3E, 0x00, 0x00, 0x00, 0x00, 0x00, 0x00, 0xB3, 
0xDE, 0x00, 0x00, 0x04, 0x00, 0x00, 0x00, 0x00, 0xD8, 0xB4, 0x57, 0xD8, 0xFE, 0xF4, 0xA5, 0x15, 
0x00, 0xEE, 0xDF, 0xD0, 0x59, 0x3E, 0x74, 0xF4, 0xCD, 0x02, 0xFD, 0xE3, 0x0E, 0x00, 0x00, 0x00, 
0x6C, 0xFF, 0x43, 0xEF, 0xA0, 0x00, 0x00, 0x00, 0x00, 0x2A, 0xFF, 0x6C, 0xCB, 0xBA, 0x00, 0x00, 
0x00, 0x00, 0x32, 0xFF, 0x67, 0x7C, 0xFA, 0x25, 0x00, 0x00, 0x00, 0x77, 0xFF, 0x33, 0x0C, 0xDF, 
0xDC, 0x53, 0x33, 0x73, 0xF5, 0xBA, 0x00, 0x00, 0x1E, 0xBB, 0xFF, 0xFF, 0xFC, 0xA6, 0x0F, 0x00, 
0x00, 0x00, 0x00, 0x12, 0x29, 0x0E, 0x00, 0x00, 0x00, 0x2C, 0xDC, 0xDC, 0xDC, 0xDC, 0xDC, 0xDC, 
0xDC, 0xDC, 0x59, 0x1E, 0x98, 0x98, 0x98, 0x98, 0x98, 0x98, 0xBF, 0xFF, 0x51, 0x00, 0x00, 0x00, 
0x00, 0x00, 0x00, 0x00, 0xB4, 0xE2, 0x04, 0x00, 0x00, 0x00, 0x00, 0x00, 0x00, 0x2A, 0xFE, 0x73, 
0x00, 0x00, 0x00, 0x00, 0x00, 0x00, 0x00, 0xA0, 0xF1, 0x0E, 0x00, 0x00, 0x00, 0x00, 0x00, 0x00, 
0x1B, 0xFA, 0x8D, 0x00, 0x00, 0x00, 0x00, 0x00, 0x00, 0x00, 0x8C, 0xFB, 0x1F, 0x00, 0x00, 0x00, 
0x00, 0x00, 0x00, 0x0F, 0xF2, 0xA7, 0x00, 0x00, 0x00, 0x00, 0x00, 0x00, 0x00, 0x79, 0xFF, 0x35, 
0x00, 0x00, 0x00, 0x00, 0x00, 0x00, 0x07, 0xE7, 0xC1, 0x00, 0x00, 0x00, 0x00, 0x00, 0x00, 0x00, 
0x65, 0xFF, 0x4E, 0x00, 0x00, 0x00, 0x00, 0x00, 0x00, 0x02, 0xD8, 0xD9, 0x02, 0x00, 0x00, 0x00, 
0x00, 0x00, 0x00, 0x51, 0xFF, 0x69, 0x00, 0x00, 0x00, 0x00, 0x00, 0x00, 0x00, 0x00, 0x00, 0x00, 
0x01, 0x00, 0x00, 0x00, 0x00, 0x00, 0x00, 0x47, 0xC4, 0xF9, 0xF9, 0xD5, 0x6D, 0x02, 0x00, 0x00, 
0x40, 0xFC, 0xC4, 0x57, 0x4D, 0x9C, 0xFF, 0x8B, 0x00, 0x00, 0xA0, 0xF3, 0x0A, 0x00, 0x00, 0x00, 
0xBA, 0xEA, 0x00, 0x00, 0xA2, 0xE8, 0x00, 0x00, 0x00, 0x00, 0xA7, 0xEB, 0x00, 0x00, 0x51, 0xFF, 
0x7A, 0x00, 0x00, 0x33, 0xF5, 0x82, 0x00, 0x00, 0x00, 0x80, 0xFE, 0xC4, 0x96, 0xF7, 0x91, 0x01, 
0x00, 0x00, 0x00, 0x1F, 0xD0, 0xFD, 0xFF, 0xDE, 0x38, 0x00, 0x00, 0x00, 0x2F, 0xF1, 0xB8, 0x23, 
0x36, 0xBA, 0xFE, 0x70, 0x00, 0x01, 0xDA, 0xCB, 0x02, 0x00, 0x00, 0x00, 0x9D, 0xFD, 0x25, 0x17, 
0xFF, 0x7C, 0x00, 0x00, 0x00, 0x00, 0x37, 0xFF, 0x5B, 0x0B, 0xFC, 0x9F, 0x00, 0x00, 0x00, 0x00, 
0x5C, 0xFF, 0x47, 0x00, 0xA6, 0xFD, 0x7B, 0x29, 0x20, 0x5B, 0xEA, 0xD8, 0x06, 0x00, 0x0A, 0x8A, 
0xF3, 0xFF, 0xFF, 0xFC, 0xA5, 0x1B, 0x00, 0x00, 0x00, 0x00, 0x01, 0x1B, 0x24, 0x05, 0x00, 0x00, 
0x00, 0x00, 0x00, 0x3E, 0xC1, 0xF8, 0xF5, 0xB9, 0x31, 0x00, 0x00, 0x00, 0x40, 0xFC, 0xCC, 0x64, 
0x60, 0xCE, 0xF4, 0x30, 0x00, 0x00, 0xC7, 0xE1, 0x09, 0x00, 0x00, 0x0B, 0xD8, 0xC1, 0x00, 0x05, 
0xFE, 0x92, 0x00, 0x00, 0x00, 0x00, 0x6A, 0xFE, 0x19, 0x12, 0xFF, 0x81, 0x00, 0x00, 0x00, 0x00, 
0x44, 0xFF, 0x43, 0x02, 0xF0, 0xB3, 0x00, 0x00, 0x00, 0x00, 0x81, 0xFF, 0x55, 0x00, 0x8D, 0xFE, 
0x76, 0x1D, 0x1D, 0x79, 0xEB, 0xFF, 0x47, 0x00, 0x07, 0x99, 0xFB, 0xFF, 0xFE, 0xB5, 0x6D, 0xFF, 
0x30, 0x00, 0x00, 0x00, 0x0E, 0x2A, 0x15, 0x00, 0x7B, 0xFE, 0x11, 0x00, 0x00, 0x00, 0x00, 0x00, 
0x00, 0x00, 0xC5, 0xCC, 0x00, 0x00, 0x00, 0x00, 0x00, 0x00, 0x00, 0x5A, 0xFF, 0x5D, 0x00, 0x00, 
0x0D, 0x3F, 0x23, 0x39, 0x8E, 0xFB, 0xAA, 0x00, 0x00, 0x00, 0x28, 0xFF, 0xFF, 0xFF, 0xE1, 0x76, 
0x02, 0x00, 0x00, 0x00, 0x00, 0x1C, 0x2B, 0x16, 0x01, 0x00, 0x00, 0x00, 0x00, 0x65, 0xDB, 0x3E, 
0xA9, 0xFF, 0x7B, 0x2B, 0x7F, 0x15, 0x00, 0x00, 0x00, 0x00, 0x00, 0x00, 0x00, 0x00, 0x00, 0x00, 
0x00, 0x00, 0x03, 0x20, 0x00, 0x92, 0xFF, 0x63, 0x98, 0xFF, 0x69, 0x08, 0x33, 0x01, 0x00, 0x6C, 
0xDA, 0x37, 0x00, 0xB1, 0xFF, 0x70, 0x00, 0x2F, 0x7E, 0x12, 0x00, 0x00, 0x00, 0x00, 0x00, 0x00, 
0x00, 0x00, 0x00, 0x00, 0x00, 0x00, 0x00, 0x00, 0x00, 0x00, 0x00, 0x0C, 0x18, 0x04, 0x00, 0xA2, 
0xFF, 0x29, 0x00, 0xCF, 0xD7, 0x00, 0x09, 0xFB, 0x7D, 0x00, 0x3F, 0xFB, 0x1A, 0x00, 0x21, 0x44, 
0x00, 0x00, 0x00, 0x00, 0x00, 0x00, 0x00, 0x00, 0x00, 0x10, 0x80, 0x51, 0x00, 0x00, 0x00, 0x00, 
0x00, 0x10, 0x81, 0xF0, 0xDB, 0x34, 0x00, 0x00, 0x00, 0x11, 0x82, 0xF0, 0xCF, 0x57, 0x02, 0x00, 
0x00, 0x11, 0x83, 0xF1, 0xC2, 0x49, 0x00, 0x00, 0x00, 0x00, 0x11, 0xF1, 0xED, 0x43, 0x00, 0x00, 
0x00, 0x00, 0x00, 0x00, 0x05, 0x73, 0xDF, 0xED, 0x8A, 0x20, 0x00, 0x00, 0x00, 0x00, 0x00, 0x00, 
0x03, 0x54, 0xC4, 0xFD, 0xB2, 0x46, 0x01, 0x00, 0x00, 0x00, 0x00, 0x00, 0x00, 0x34, 0xA5, 0xFA, 
0xD8, 0x36, 0x00, 0x00, 0x00, 0x00, 0x00, 0x00, 0x00, 0x1A, 0x86, 0x4F, 0xC0, 0xC4, 0xC4, 0xC4, 
0xC4, 0xC4, 0xC4, 0xC4, 0x31, 0x81, 0x84, 0x84, 0x84, 0x84, 0x84, 0x84, 0x84, 0x21, 0x00, 0x00, 
0x00, 0x00, 0x00, 0x00, 0x00, 0x00, 0x00, 0x2F, 0x30, 0x30, 0x30, 0x30, 0x30, 0x30, 0x30, 0x0C, 
0xFC, 0xFF, 0xFF, 0xFF, 0xFF, 0xFF, 0xFF, 0xFF, 0x40, 0x17, 0x18, 0x18, 0x18, 0x18, 0x18, 0x18, 
0x18, 0x06, 0x15, 0xA4, 0x27, 0x00, 0x00, 0x00, 0x00, 0x00, 0x00, 0x00, 0x0B, 0xBD, 0xFC, 0xA4, 
0x28, 0x00, 0x00, 0x00, 0x00, 0x00, 0x00, 0x00, 0x37, 0xB1, 0xFB, 0xA5, 0x28, 0x00, 0x00, 0x00, 
0x00, 0x00, 0x00, 0x00, 0x2C, 0xA5, 0xF9, 0xA6, 0x29, 0x00, 0x00, 0x00, 0x00, 0x00, 0x00, 0x00, 
0x23, 0xCA, 0xFD, 0x4D, 0x00, 0x00, 0x00, 0x00, 0x0B, 0x66, 0xD0, 0xF3, 0x93, 0x1A, 0x00, 0x00, 
0x27, 0x90, 0xF0, 0xE0, 0x73, 0x0F, 0x00, 0x00, 0x0C, 0xBB, 0xFE, 0xC5, 0x54, 0x03, 0x00, 0x00, 
0x00, 0x00, 0x15, 0xA6, 0x35, 0x00, 0x00, 0x00, 0x00, 0x00, 0x00, 0x00, 0x00, 0x00, 0x00, 0x01, 
0x00, 0x00, 0x00, 0x00, 0x3C, 0xA7, 0xDE, 0xFB, 0xED, 0xAD, 0x22, 0x00, 0x7E, 0xD0, 0x85, 0x65, 
0x7F, 0xEC, 0xD8, 0x08, 0x04, 0x00, 0x00, 0x00, 0x00, 0x56, 0xFF, 0x3B, 0x00, 0x00, 0x00, 0x00, 
0x00, 0x3C, 0xFF, 0x4E, 0x00, 0x00, 0x00, 0x00, 0x00, 0xA2, 0xF2, 0x15, 0x00, 0x00, 0x00, 0x01, 
0x93, 0xFD, 0x58, 0x00, 0x00, 0x00, 0x00, 0x97, 0xF7, 0x51, 0x00, 0x00, 0x00, 0x00, 0x38, 0xFF, 
0x50, 0x00, 0x00, 0x00, 0x00, 0x00, 0x6F, 0xDB, 0x00, 0x00, 0x00, 0x00, 0x00, 0x00, 0x2E, 0x4B, 
0x00, 0x00, 0x00, 0x00, 0x00, 0x00, 0x09, 0x19, 0x00, 0x00, 0x00, 0x00, 0x00, 0x00, 0xC2, 0xFD, 
0x2F, 0x00, 0x00, 0x00, 0x00, 0x00, 0xC8, 0xFF, 0x33, 0x00, 0x00, 0x00, 0x00, 0x00, 0x12, 0x2A, 
0x00, 0x00, 0x00, 0x00, 0x00, 0x00, 0x00, 0x00, 0x3F, 0x91, 0xC1, 0xD4, 0xC4, 0x9D, 0x43, 0x01, 
0x00, 0x00, 0x00, 0x00, 0x00, 0x1A, 0xBD, 0xFA, 0xAC, 0x7A, 0x60, 0x6F, 0xA5, 0xF5, 0xB6, 0x15, 
0x00, 0x00, 0x00, 0x1A, 0xE2, 0xBD, 0x19, 0x00, 0x00, 0x00, 0x00, 0x00, 0x1F, 0xC9, 0xC6, 0x05, 
0x00, 0x00, 0xBE, 0xBF, 0x04, 0x00, 0x01, 0x38, 0x55, 0x43, 0x1D, 0x00, 0x15, 0xE6, 0x6F, 0x00, 
0x43, 0xFB, 0x20, 0x00, 0x20, 0xCF, 0xF2, 0xCE, 0xE5, 0xFF, 0x2F, 0x00, 0x7E, 0xD4, 0x00, 0x9B, 
0xBA, 0x00, 0x00, 0xCB, 0xC4, 0x0E, 0x00, 0x37, 0xFF, 0x24, 0x00, 0x3D, 0xFE, 0x06, 0xD3, 0x7C, 
0x00, 0x31, 0xFF, 0x43, 0x00, 0x00, 0x44, 0xFF, 0x17, 0x00, 0x27, 0xFF, 0x1C, 0xEA, 0x62, 0x00, 
0x54, 0xFF, 0x17, 0x00, 0x00, 0x58, 0xFF, 0x0A, 0x00, 0x3D, 0xFF, 0x09, 0xE6, 0x62, 0x00, 0x40, 
0xFF, 0x26, 0x00, 0x00, 0x8E, 0xFF, 0x09, 0x00, 0x6E, 0xD2, 0x00, 0xCB, 0x83, 0x00, 0x09, 0xE6, 
0xAA, 0x22, 0x4C, 0xE0, 0xE1, 0x61, 0x32, 0xE4, 0x5F, 0x00, 0x89, 0xCF, 0x00, 0x00, 0x38, 0xD1, 
0xFC, 0xD6, 0x3D, 0x4D, 0xED, 0xF5, 0x7E, 0x00, 0x00, 0x26, 0xF9, 0x5D, 0x00, 0x00, 0x00, 0x01, 
0x00, 0x00, 0x00, 0x00, 0x01, 0x00, 0x00, 0x00, 0x00, 0x6D, 0xF9, 0x70, 0x07, 0x00, 0x00, 0x00, 
0x00, 0x0B, 0x2B, 0x00, 0x00, 0x00, 0x00, 0x00, 0x00, 0x56, 0xE9, 0xEE, 0xB5, 0x9E, 0xAB, 0xC8, 
0xF7, 0x9F, 0x00, 0x00, 0x00, 0x00, 0x00, 0x00, 0x00, 0x04, 0x4A, 0x7B, 0x93, 0x8B, 0x72, 0x39, 
0x01, 0x00, 0x00, 0x00, 0x00, 0x00, 0x00, 0x00, 0x00, 0x25, 0xE7, 0x98, 0x00, 0x00, 0x00, 0x00, 
0x00, 0x00, 0x00, 0x00, 0x00, 0x88, 0xFC, 0xF6, 0x10, 0x00, 0x00, 0x00, 0x00, 0x00, 0x00, 0x00, 
0x04, 0xE7, 0x9A, 0xFC, 0x6A, 0x00, 0x00, 0x00, 0x00, 0x00, 0x00, 0x00, 0x4F, 0xFF, 0x3A, 0xB9, 
0xCD, 0x00, 0x00, 0x00, 0x00, 0x00, 0x00, 0x00, 0xB3, 0xDC, 0x00, 0x5B, 0xFF, 0x30, 0x00, 0x00, 
0x00, 0x00, 0x00, 0x19, 0xFC, 0x7C, 0x00, 0x0A, 0xF2, 0x93, 0x00, 0x00, 0x00, 0x00, 0x00, 0x7A, 
0xFD, 0x1E, 0x00, 0x00, 0x9E, 0xEE, 0x08, 0x00, 0x00, 0x00, 0x01, 0xDC, 0xE3, 0x6C, 0x6C, 0x6C, 
0x9C, 0xFF, 0x5A, 0x00, 0x00, 0x00, 0x41, 0xFF, 0xFF, 0xFF, 0xFF, 0xFF, 0xFF, 0xFF, 0xBD, 0x00, 
0x00, 0x00, 0xA4, 0xF1, 0x0D, 0x04, 0x04, 0x04, 0x04, 0x8D, 0xFE, 0x21, 0x00, 0x10, 0xF6, 0x99, 
0x00, 0x00, 0x00, 0x00, 0x00, 0x29, 0xFF, 0x83, 0x00, 0x6B, 0xFF, 0x37, 0x00, 0x00, 0x00, 0x00, 
0x00, 0x00, 0xC5, 0xE3, 0x03, 0xCE, 0xD5, 0x00, 0x00, 0x00, 0x00, 0x00, 0x00, 0x00, 0x62, 0xFF, 
0x4A, 0x37, 0xDC, 0xDC, 0xDC, 0xD9, 0xCD, 0xAB, 0x61, 0x05, 0x00, 0x40, 0xFF, 0xB3, 0x88, 0x8A, 
0x9D, 0xDD, 0xFF, 0xB9, 0x00, 0x40, 0xFF, 0x5C, 0x00, 0x00, 0x00, 0x02, 0xB5, 0xFF, 0x2F, 0x40, 
0xFF, 0x5C, 0x00, 0x00, 0x00, 0x00, 0x6C, 0xFF, 0x41, 0x40, 0xFF, 0x5C, 0x00, 0x00, 0x00, 0x00, 
0xA1, 0xF4, 0x13, 0x40, 0xFF, 0x99, 0x60, 0x60, 0x6B, 0xA6, 0xEE, 0x54, 0x00, 0x40, 0xFF, 0xFA, 
0xF8, 0xF8, 0xFE, 0xFA, 0x8B, 0x25, 0x00, 0x40, 0xFF, 0x5C, 0x00, 0x00, 0x03, 0x32, 0xCA, 0xF6, 
0x2F, 0x40, 0xFF, 0x5C, 0x00, 0x00, 0x00, 0x00, 0x2A, 0xFF, 0x9D, 0x40, 0xFF, 0x5C, 0x00, 0x00, 
0x00, 0x00, 0x0E, 0xFF, 0xB5, 0x40, 0xFF, 0x5C, 0x00, 0x00, 0x00, 0x00, 0x60, 0xFF, 0x8C, 0x40, 
0xFF, 0x99, 0x60, 0x60, 0x67, 0x97, 0xF8, 0xE9, 0x1C, 0x40, 0xFF, 0xFF, 0xFF, 0xFF, 0xF7, 0xD7, 
0x90, 0x18, 0x00, 0x00, 0x00, 0x00, 0x00, 0x00, 0x00, 0x02, 0x00, 0x00, 0x00, 0x00, 0x00, 0x0A, 
0x6E, 0xCC, 0xF1, 0xFD, 0xE8, 0xBA, 0x52, 0x00, 0x1D, 0xD0, 0xFF, 0xBC, 0x77, 0x6E, 0x90, 0xD9, 
0x72, 0x02, 0xC5, 0xFB, 0x56, 0x00, 0x00, 0x00, 0x00, 0x00, 0x03, 0x53, 0xFF, 0x88, 0x00, 0x00, 
0x00, 0x00, 0x00, 0x00, 0x00, 0xA5, 0xFF, 0x1B, 0x00, 0x00, 0x00, 0x00, 0x00, 0x00, 0x00, 0xCE, 
0xE5, 0x00, 0x00, 0x00, 0x00, 0x00, 0x00, 0x00, 0x00, 0xE2, 0xD3, 0x00, 0x00, 0x00, 0x00, 0x00, 
0x00, 0x00, 0x00, 0xD4, 0xDF, 0x00, 0x00, 0x00, 0x00, 0x00, 0x00, 0x00, 0x00, 0xB4, 0xFD, 0x0E, 
0x00, 0x00, 0x00, 0x00, 0x00, 0x00, 0x00, 0x6D, 0xFF, 0x66, 0x00, 0x00, 0x00, 0x00, 0x00, 0x00, 
0x00, 0x12, 0xEA, 0xEA, 0x24, 0x00, 0x00, 0x00, 0x00, 0x00, 0x00, 0x00, 0x4C, 0xF7, 0xF1, 0x88, 
0x4C, 0x42, 0x59, 0x8B, 0x38, 0x00, 0x00, 0x34, 0xB2, 0xFC, 0xFF, 0xFF, 0xFF, 0xE0, 0x37, 0x00, 
0x00, 0x00, 0x00, 0x06, 0x22, 0x2B, 0x18, 0x00, 0x00, 0x37, 0xDC, 0xDC, 0xDC, 0xDA, 0xC7, 0xA5, 
0x54, 0x05, 0x00, 0x00, 0x00, 0x40, 0xFF, 0xB3, 0x88, 0x8A, 0x9E, 0xD9, 0xFF, 0xCD, 0x24, 0x00, 
0x00, 0x40, 0xFF, 0x5C, 0x00, 0x00, 0x00, 0x00, 0x55, 0xF4, 0xD8, 0x0C, 0x00, 0x40, 0xFF, 0x5C, 
0x00, 0x00, 0x00, 0x00, 0x00, 0x61, 0xFF, 0x75, 0x00, 0x40, 0xFF, 0x5C, 0x00, 0x00, 0x00, 0x00, 
0x00, 0x03, 0xEE, 0xCE, 0x00, 0x40, 0xFF, 0x5C, 0x00, 0x00, 0x00, 0x00, 0x00, 0x00, 0xBF, 0xF2, 
0x00, 0x40, 0xFF, 0x5C, 0x00, 0x00, 0x00, 0x00, 0x00, 0x00, 0xB0, 0xFF, 0x06, 0x40, 0xFF, 0x5C, 
0x00, 0x00, 0x00, 0x00, 0x00, 0x00, 0xBF, 0xF8, 0x00, 0x40, 0xFF, 0x5C, 0x00, 0x00, 0x00, 0x00, 
0x00, 0x03, 0xEF, 0xCD, 0x00, 0x40, 0xFF, 0x5C, 0x00, 0x00, 0x00, 0x00, 0x00, 0x60, 0xFF, 0x7D, 
0x00, 0x40, 0xFF, 0x5C, 0x00, 0x00, 0x00, 0x00, 0x47, 0xF2, 0xE3, 0x10, 0x00, 0x40, 0xFF, 0x9C, 
0x64, 0x6A, 0x83, 0xC5, 0xFF, 0xDE, 0x2D, 0x00, 0x00, 0x40, 0xFF, 0xFF, 0xFF, 0xFC, 0xEB, 0xBE, 
0x6E, 0x0B, 0x00, 0x00, 0x00, 0x37, 0xDC, 0xDC, 0xDC, 0xDC, 0xDC, 0xDC, 0xCA, 0x40, 0xFF, 0xB8, 
0x90, 0x90, 0x90, 0x90, 0x84, 0x40, 0xFF, 0x5C, 0x00, 0x00, 0x00, 0x00, 0x00, 0x40, 0xFF, 0x5C, 
0x00, 0x00, 0x00, 0x00, 0x00, 0x40, 0xFF, 0x5C, 0x00, 0x00, 0x00, 0x00, 0x00, 0x40, 0xFF, 0xA1, 
0x6C, 0x6C, 0x6C, 0x6C, 0x41, 0x40, 0xFF, 0xFD, 0xFC, 0xFC, 0xFC, 0xFC, 0x99, 0x40, 0xFF, 0x5C, 
0x00, 0x00, 0x00, 0x00, 0x00, 0x40, 0xFF, 0x5C, 0x00, 0x00, 0x00, 0x00, 0x00, 0x40, 0xFF, 0x5C, 
0x00, 0x00, 0x00, 0x00, 0x00, 0x40, 0xFF, 0x5C, 0x00, 0x00, 0x00, 0x00, 0x00, 0x40, 0xFF, 0xA1, 
0x6C, 0x6C, 0x6C, 0x6C, 0x63, 0x40, 0xFF, 0xFF, 0xFF, 0xFF, 0xFF, 0xFF, 0xEC, 0x37, 0xDC, 0xDC, 
0xDC, 0xDC, 0xDC, 0xDC, 0xCA, 0x40, 0xFF, 0xB8, 0x90, 0x90, 0x90, 0x90, 0x84, 0x40, 0xFF, 0x5C, 
0x00, 0x00, 0x00, 0x00, 0x00, 0x40, 0xFF, 0x5C, 0x00, 0x00, 0x00, 0x00, 0x00, 0x40, 0xFF, 0x5C, 
0x00, 0x00, 0x00, 0x00, 0x00, 0x40, 0xFF, 0x5C, 0x00, 0x00, 0x00, 0x00, 0x00, 0x40, 0xFF, 0xEB, 
0xE0, 0xE0, 0xE0, 0xE0, 0x85, 0x40, 0xFF, 0xB5, 0x8C, 0x8C, 0x8C, 0x8C, 0x53, 0x40, 0xFF, 0x5C, 
0x00, 0x00, 0x00, 0x00, 0x00, 0x40, 0xFF, 0x5C, 0x00, 0x00, 0x00, 0x00, 0x00, 0x40, 0xFF, 0x5C, 
0x00, 0x00, 0x00, 0x00, 0x00, 0x40, 0xFF, 0x5C, 0x00, 0x00, 0x00, 0x00, 0x00, 0x40, 0xFF, 0x5C, 
0x00, 0x00, 0x00, 0x00, 0x00, 0x00, 0x00, 0x00, 0x00, 0x00, 0x00, 0x02, 0x00, 0x00, 0x00, 0x00, 
0x00, 0x00, 0x00, 0x52, 0xB3, 0xE5, 0xFC, 0xF4, 0xDA, 0x9D, 0x33, 0x00, 0x0E, 0xB2, 0xFF, 0xD0, 
0x84, 0x6A, 0x7F, 0xA6, 0xF0, 0x40, 0x00, 0xAB, 0xFE, 0x6D, 0x00, 0x00, 0x00, 0x00, 0x00, 0x06, 
0x00, 0x42, 0xFF, 0x92, 0x00, 0x00, 0x00, 0x00, 0x00, 0x00, 0x00, 0x00, 0x9F, 0xFF, 0x1D, 0x00, 
0x00, 0x00, 0x00, 0x00, 0x00, 0x00, 0x00, 0xCB, 0xE2, 0x00, 0x00, 0x00, 0x00, 0x00, 0x00, 0x00, 
0x00, 0x00, 0xE1, 0xD0, 0x00, 0x00, 0x00, 0x00, 0x86, 0xC8, 0xC8, 0xC8, 0x99, 0xD2, 0xDF, 0x00, 
0x00, 0x00, 0x00, 0x70, 0xA8, 0xA8, 0xF2, 0xC4, 0xB2, 0xFC, 0x11, 0x00, 0x00, 0x00, 0x00, 0x00, 
0x00, 0xD8, 0xC4, 0x66, 0xFF, 0x6B, 0x00, 0x00, 0x00, 0x00, 0x00, 0x00, 0xD8, 0xC4, 0x0D, 0xE1, 
0xEF, 0x34, 0x00, 0x00, 0x00, 0x00, 0x00, 0xD8, 0xC4, 0x00, 0x3B, 0xEF, 0xF7, 0x9C, 0x56, 0x3D, 
0x41, 0x65, 0xEC, 0xC4, 0x00, 0x00, 0x25, 0xA3, 0xF6, 0xFF, 0xFF, 0xFF, 0xFE, 0xD4, 0x77, 0x00, 
0x00, 0x00, 0x00, 0x03, 0x1C, 0x2D, 0x24, 0x0B, 0x00, 0x00, 0x37, 0xDC, 0x4F, 0x00, 0x00, 0x00, 
0x00, 0x00, 0x0A, 0xDC, 0x7F, 0x40, 0xFF, 0x5C, 0x00, 0x00, 0x00, 0x00, 0x00, 0x0C, 0xFF, 0x94, 
0x40, 0xFF, 0x5C, 0x00, 0x00, 0x00, 0x00, 0x00, 0x0C, 0xFF, 0x94, 0x40, 0xFF, 0x5C, 0x00, 0x00, 
0x00, 0x00, 0x00, 0x0C, 0xFF, 0x94, 0x40, 0xFF, 0x5C, 0x00, 0x00, 0x00, 0x00, 0x00, 0x0C, 0xFF, 
0x94, 0x40, 0xFF, 0xA1, 0x6C, 0x6C, 0x6C, 0x6C, 0x6C, 0x72, 0xFF, 0x94, 0x40, 0xFF, 0xFF, 0xFF, 
0xFF, 0xFF, 0xFF, 0xFF, 0xFF, 0xFF, 0x94, 0x40, 0xFF, 0x5C, 0x00, 0x00, 0x00, 0x00, 0x00, 0x0C, 
0xFF, 0x94, 0x40, 0xFF, 0x5C, 0x00, 0x00, 0x00, 0x00, 0x00, 0x0C, 0xFF, 0x94, 0x40, 0xFF, 0x5C, 
0x00, 0x00, 0x00, 0x00, 0x00, 0x0C, 0xFF, 0x94, 0x40, 0xFF, 0x5C, 0x00, 0x00, 0x00, 0x00, 0x00, 
0x0C, 0xFF, 0x94, 0x40, 0xFF, 0x5C, 0x00, 0x00, 0x00, 0x00, 0x00, 0x0C, 0xFF, 0x94, 0x40, 0xFF, 
0x5C, 0x00, 0x00, 0x00, 0x00, 0x00, 0x0C, 0xFF, 0x94, 0x3D, 0xDC, 0xDC, 0xDC, 0xDC, 0x4F, 0x08, 
0x44, 0xDC, 0xEB, 0x49, 0x0B, 0x00, 0x00, 0xC4, 0xDC, 0x00, 0x00, 0x00, 0x00, 0xC4, 0xDC, 0x00, 
0x00, 0x00, 0x00, 0xC4, 0xDC, 0x00, 0x00, 0x00, 0x00, 0xC4, 0xDC, 0x00, 0x00, 0x00, 0x00, 0xC4, 
0xDC, 0x00, 0x00, 0x00, 0x00, 0xC4, 0xDC, 0x00, 0x00, 0x00, 0x00, 0xC4, 0xDC, 0x00, 0x00, 0x00, 
0x00, 0xC4, 0xDC, 0x00, 0x00, 0x00, 0x00, 0xC4, 0xDC, 0x00, 0x00, 0x00, 0x1D, 0xD3, 0xE5, 0x22, 
0x00, 0x45, 0xFF, 0xFF, 0xFF, 0xFF, 0x59, 0x00, 0x00, 0x00, 0x4B, 0xDC, 0x3D, 0x00, 0x00, 0x00, 
0x58, 0xFF, 0x48, 0x00, 0x00, 0x00, 0x58, 0xFF, 0x48, 0x00, 0x00, 0x00, 0x58, 0xFF, 0x48, 0x00, 
0x00, 0x00, 0x58, 0xFF, 0x48, 0x00, 0x00, 0x00, 0x58, 0xFF, 0x48, 0x00, 0x00, 0x00, 0x58, 0xFF, 
0x48, 0x00, 0x00, 0x00, 0x58, 0xFF, 0x48, 0x00, 0x00, 0x00, 0x58, 0xFF, 0x48, 0x00, 0x00, 0x00, 
0x58, 0xFF, 0x48, 0x00, 0x00, 0x00, 0x58, 0xFF, 0x48, 0x00, 0x00, 0x00, 0x58, 0xFF, 0x48, 0x00, 
0x00, 0x00, 0x58, 0xFF, 0x47, 0x00, 0x00, 0x00, 0x69, 0xFF, 0x2E, 0x0E, 0x07, 0x22, 0xCF, 0xEC, 
0x09, 0x68, 0xFF, 0xFF, 0xF4, 0x53, 0x00, 0x19, 0x62, 0x54, 0x19, 0x00, 0x00, 0x37, 0xDC, 0x4F, 
0x00, 0x00, 0x00, 0x00, 0x4A, 0xDB, 0x78, 0x00, 0x40, 0xFF, 0x5C, 0x00, 0x00, 0x00, 0x35, 0xF4, 
0xB0, 0x03, 0x00, 0x40, 0xFF, 0x5C, 0x00, 0x00, 0x24, 0xEA, 0xC2, 0x08, 0x00, 0x00, 0x40, 0xFF, 
0x5C, 0x00, 0x16, 0xDC, 0xD2, 0x10, 0x00, 0x00, 0x00, 0x40, 0xFF, 0x5C, 0x0D, 0xCC, 0xE0, 0x1A, 
0x00, 0x00, 0x00, 0x00, 0x40, 0xFF, 0x62, 0xBB, 0xF8, 0x26, 0x00, 0x00, 0x00, 0x00, 0x00, 0x40, 
0xFF, 0xE5, 0xFB, 0xFF, 0x63, 0x00, 0x00, 0x00, 0x00, 0x00, 0x40, 0xFF, 0xD4, 0x26, 0xCF, 0xF5, 
0x29, 0x00, 0x00, 0x00, 0x00, 0x40, 0xFF, 0x5C, 0x00, 0x25, 0xF3, 0xD1, 0x08, 0x00, 0x00, 0x00, 
0x40, 0xFF, 0x5C, 0x00, 0x00, 0x5C, 0xFF, 0x94, 0x00, 0x00, 0x00, 0x40, 0xFF, 0x5C, 0x00, 0x00, 
0x00, 0x9E, 0xFF, 0x50, 0x00, 0x00, 0x40, 0xFF, 0x5C, 0x00, 0x00, 0x00, 0x0A, 0xD6, 0xED, 0x1D, 
0x00, 0x40, 0xFF, 0x5C, 0x00, 0x00, 0x00, 0x00, 0x2C, 0xF6, 0xC2, 0x03, 0x37, 0xDC, 0x4F, 0x00, 
0x00, 0x00, 0x00, 0x00, 0x40, 0xFF, 0x5C, 0x00, 0x00, 0x00, 0x00, 0x00, 0x40, 0xFF, 0x5C, 0x00, 
0x00, 0x00, 0x00, 0x00, 0x40, 0xFF, 0x5C, 0x00, 0x00, 0x00, 0x00, 0x00, 0x40, 0xFF, 0x5C, 0x00, 
0x00, 0x00, 0x00, 0x00, 0x40, 0xFF, 0x5C, 0x00, 0x00, 0x00, 0x00, 0x00, 0x40, 0xFF, 0x5C, 0x00, 
0x00, 0x00, 0x00, 0x00, 0x40, 0xFF, 0x5C, 0x00, 0x00, 0x00, 0x00, 0x00, 0x40, 0xFF, 0x5C, 0x00, 
0x00, 0x00, 0x00, 0x00, 0x40, 0xFF, 0x5C, 0x00, 0x00, 0x00, 0x00, 0x00, 0x40, 0xFF, 0x5C, 0x00, 
0x00, 0x00, 0x00, 0x00, 0x40, 0xFF, 0xA3, 0x70, 0x70, 0x70, 0x70, 0x6E, 0x40, 0xFF, 0xFF, 0xFF, 
0xFF, 0xFF, 0xFF, 0xFC, 0x37, 0xDC, 0xDC, 0x42, 0x00, 0x00, 0x00, 0x00, 0x00, 0x00, 0x05, 0xCE, 
0xDC, 0x7F, 0x40, 0xFF, 0xF8, 0xA6, 0x00, 0x00, 0x00, 0x00, 0x00, 0x00, 0x52, 0xFE, 0xF9, 0x94, 
0x40, 0xFF, 0xB1, 0xF6, 0x0F, 0x00, 0x00, 0x00, 0x00, 0x00, 0xB4, 0xBE, 0xF1, 0x94, 0x40, 0xFF, 
0x5B, 0xFF, 0x66, 0x00, 0x00, 0x00, 0x00, 0x19, 0xFC, 0x5D, 0xFD, 0x94, 0x40, 0xFF, 0x39, 0xC6, 
0xC6, 0x00, 0x00, 0x00, 0x00, 0x78, 0xF1, 0x0B, 0xFF, 0x94, 0x40, 0xFF, 0x3B, 0x66, 0xFF, 0x27, 
0x00, 0x00, 0x00, 0xD8, 0x9A, 0x04, 0xFF, 0x94, 0x40, 0xFF, 0x3C, 0x0F, 0xF6, 0x87, 0x00, 0x00, 
0x3C, 0xFF, 0x38, 0x04, 0xFF, 0x94, 0x40, 0xFF, 0x3C, 0x00, 0xA6, 0xE4, 0x02, 0x00, 0x9E, 0xD7, 
0x00, 0x04, 0xFF, 0x94, 0x40, 0xFF, 0x3C, 0x00, 0x45, 0xFF, 0x47, 0x0B, 0xF3, 0x76, 0x00, 0x04, 
0xFF, 0x94, 0x40, 0xFF, 0x3C, 0x00, 0x02, 0xE2, 0xA7, 0x62, 0xFC, 0x18, 0x00, 0x04, 0xFF, 0x94, 
0x40, 0xFF, 0x3C, 0x00, 0x00, 0x85, 0xF7, 0xCF, 0xB3, 0x00, 0x00, 0x04, 0xFF, 0x94, 0x40, 0xFF, 
0x3C, 0x00, 0x00, 0x25, 0xFF, 0xFF, 0x51, 0x00, 0x00, 0x04, 0xFF, 0x94, 0x40, 0xFF, 0x3C, 0x00, 
0x00, 0x00, 0xC4, 0xEB, 0x05, 0x00, 0x00, 0x04, 0xFF, 0x94, 0x37, 0xDC, 0xBF, 0x06, 0x00, 0x00, 
0x00, 0x00, 0x00, 0x7F, 0xCE, 0x40, 0xFF, 0xFF, 0x7F, 0x00, 0x00, 0x00, 0x00, 0x00, 0x94, 0xF0, 
0x40, 0xFF, 0xD0, 0xF9, 0x2A, 0x00, 0x00, 0x00, 0x00, 0x94, 0xF0, 0x40, 0xFF, 0x46, 0xF3, 0xC6, 
0x02, 0x00, 0x00, 0x00, 0x94, 0xF0, 0x40, 0xFF, 0x30, 0x6E, 0xFF, 0x6D, 0x00, 0x00, 0x00, 0x94, 
0xF0, 0x40, 0xFF, 0x39, 0x02, 0xC7, 0xF3, 0x1E, 0x00, 0x00, 0x94, 0xF0, 0x40, 0xFF, 0x3C, 0x00, 
0x2A, 0xF9, 0xB6, 0x00, 0x00, 0x94, 0xF0, 0x40, 0xFF, 0x3C, 0x00, 0x00, 0x7F, 0xFF, 0x5B, 0x00, 
0x93, 0xF0, 0x40, 0xFF, 0x3C, 0x00, 0x00, 0x06, 0xD4, 0xEB, 0x14, 0x90, 0xF0, 0x40, 0xFF, 0x3C, 
0x00, 0x00, 0x00, 0x38, 0xFD, 0xA4, 0x85, 0xF0, 0x40, 0xFF, 0x3C, 0x00, 0x00, 0x00, 0x00, 0x90, 
0xFF, 0xC2, 0xF0, 0x40, 0xFF, 0x3C, 0x00, 0x00, 0x00, 0x00, 0x0B, 0xDF, 0xFF, 0xF0, 0x40, 0xFF, 
0x3C, 0x00, 0x00, 0x00, 0x00, 0x00, 0x47, 0xFF, 0xF0, 0x00, 0x00, 0x00, 0x00, 0x00, 0x01, 0x03, 
0x00, 0x00, 0x00, 0x00, 0x00, 0x00, 0x00, 0x1B, 0x8A, 0xDC, 0xF9, 0xFB, 0xDF, 0x8E, 0x1C, 0x00, 
0x00, 0x00, 0x32, 0xE8, 0xF8, 0x9F, 0x6C, 0x69, 0x96, 0xF3, 0xE9, 0x35, 0x00, 0x08, 0xDC, 0xED, 
0x2D, 0x00, 0x00, 0x00, 0x00, 0x21, 0xE5, 0xDF, 0x0A, 0x63, 0xFF, 0x6B, 0x00, 0x00, 0x00, 0x00, 
0x00, 0x00, 0x5A, 0xFF, 0x69, 0xAD, 0xFE, 0x11, 0x00, 0x00, 0x00, 0x00, 0x00, 0x00, 0x07, 0xF8, 
0xB6, 0xD1, 0xE1, 0x00, 0x00, 0x00, 0x00, 0x00, 0x00, 0x00, 0x00, 0xD2, 0xDB, 0xE2, 0xD3, 0x00, 
0x00, 0x00, 0x00, 0x00, 0x00, 0x00, 0x00, 0xC4, 0xED, 0xD3, 0xDE, 0x00, 0x00, 0x00, 0x00, 0x00, 
0x00, 0x00, 0x00, 0xCF, 0xDD, 0xB3, 0xFC, 0x0A, 0x00, 0x00, 0x00, 0x00, 0x00, 0x00, 0x03, 0xF4, 
0xBD, 0x6D, 0xFF, 0x5A, 0x00, 0x00, 0x00, 0x00, 0x00, 0x00, 0x4B, 0xFF, 0x73, 0x10, 0xE9, 0xDF, 
0x16, 0x00, 0x00, 0x00, 0x00, 0x0F, 0xD5, 0xEB, 0x13, 0x00, 0x49, 0xF6, 0xE5, 0x76, 0x43, 0x41, 
0x70, 0xDF, 0xF7, 0x4B, 0x00, 0x00, 0x00, 0x31, 0xAF, 0xFC, 0xFF, 0xFF, 0xFD, 0xB3, 0x33, 0x00, 
0x00, 0x00, 0x00, 0x00, 0x00, 0x05, 0x21, 0x22, 0x06, 0x00, 0x00, 0x00, 0x00, 0x37, 0xDC, 0xDC, 
0xDC, 0xD6, 0xC1, 0x88, 0x1D, 0x00, 0x40, 0xFF, 0xB3, 0x88, 0x95, 0xBC, 0xFE, 0xF0, 0x2E, 0x40, 
0xFF, 0x5C, 0x00, 0x00, 0x00, 0x43, 0xFC, 0xB6, 0x40, 0xFF, 0x5C, 0x00, 0x00, 0x00, 0x00, 0xCC, 
0xEE, 0x40, 0xFF, 0x5C, 0x00, 0x00, 0x00, 0x00, 0xCC, 0xE6, 0x40, 0xFF, 0x5C, 0x00, 0x00, 0x00, 
0x35, 0xFA, 0xA3, 0x40, 0xFF, 0x9C, 0x65, 0x77, 0xA4, 0xF6, 0xE8, 0x1E, 0x40, 0xFF, 0xFF, 0xFF, 
0xF2, 0xD6, 0x8C, 0x16, 0x00, 0x40, 0xFF, 0x5C, 0x00, 0x00, 0x00, 0x00, 0x00, 0x00, 0x40, 0xFF, 
0x5C, 0x00, 0x00, 0x00, 0x00, 0x00, 0x00, 0x40, 0xFF, 0x5C, 0x00, 0x00, 0x00, 0x00, 0x00, 0x00, 
0x40, 0xFF, 0x5C, 0x00, 0x00, 0x00, 0x00, 0x00, 0x00, 0x40, 0xFF, 0x5C, 0x00, 0x00, 0x00, 0x00, 
0x00, 0x00, 0x00, 0x00, 0x00, 0x00, 0x00, 0x01, 0x03, 0x00, 0x00, 0x00, 0x00, 0x00, 0x00, 0x00, 
0x1B, 0x8A, 0xDC, 0xF9, 0xFB, 0xDF, 0x8E, 0x1C, 0x00, 0x00, 0x00, 0x32, 0xE8, 0xF8, 0x9F, 0x6C, 
0x69, 0x96, 0xF3, 0xE9, 0x35, 0x00, 0x08, 0xDC, 0xED, 0x2D, 0x00, 0x00, 0x00, 0x00, 0x21, 0xE5, 
0xDF, 0x0A, 0x63, 0xFF, 0x6B, 0x00, 0x00, 0x00, 0x00, 0x00, 0x00, 0x5A, 0xFF, 0x69, 0xAD, 0xFE, 
0x11, 0x00, 0x00, 0x00, 0x00, 0x00, 0x00, 0x07, 0xF8, 0xB6, 0xD1, 0xE1, 0x00, 0x00, 0x00, 0x00, 
0x00, 0x00, 0x00, 0x00, 0xD2, 0xDB, 0xE2, 0xD3, 0x00, 0x00, 0x00, 0x00, 0x00, 0x00, 0x00, 0x00, 
0xC4, 0xED, 0xD3, 0xDE, 0x00, 0x00, 0x00, 0x00, 0x00, 0x00, 0x00, 0x00, 0xCF, 0xD9, 0xB3, 0xFC, 
0x0A, 0x00, 0x00, 0x00, 0x00, 0x00, 0x00, 0x03, 0xF4, 0xBA, 0x6D, 0xFF, 0x5A, 0x00, 0x00, 0x00, 
0x00, 0x00, 0x00, 0x4B, 0xFF, 0x6A, 0x10, 0xE9, 0xDF, 0x16, 0x00, 0x00, 0x00, 0x00, 0x0F, 0xD5, 
0xEF, 0x0F, 0x00, 0x49, 0xF6, 0xE5, 0x76, 0x43, 0x41, 0x70, 0xDF, 0xFA, 0x4D, 0x00, 0x00, 0x00, 
0x31, 0xAF, 0xFC, 0xFF, 0xFF, 0xFF, 0xC3, 0x35, 0x00, 0x00, 0x00, 0x00, 0x00, 0x00, 0x05, 0x21, 
0x51, 0xF9, 0xC7, 0x0C, 0x00, 0x00, 0x00, 0x00, 0x00, 0x00, 0x00, 0x00, 0x00, 0x5E, 0xFF, 0xC1, 
0x09, 0x00, 0x00, 0x00, 0x00, 0x00, 0x00, 0x00, 0x00, 0x00, 0x83, 0xFF, 0xB9, 0x07, 0x00, 0x00, 
0x00, 0x00, 0x00, 0x00, 0x00, 0x00, 0x00, 0x10, 0x10, 0x04, 0x37, 0xDC, 0xDC, 0xDC, 0xD8, 0xC6, 
0x92, 0x28, 0x00, 0x00, 0x40, 0xFF, 0xB5, 0x8C, 0x93, 0xB3, 0xF9, 0xF8, 0x3E, 0x00, 0x40, 0xFF, 
0x5C, 0x00, 0x00, 0x00, 0x2E, 0xF7, 0xC3, 0x00, 0x40, 0xFF, 0x5C, 0x00, 0x00, 0x00, 0x00, 0xC5, 
0xF0, 0x00, 0x40, 0xFF, 0x5C, 0x00, 0x00, 0x00, 0x00, 0xCF, 0xE3, 0x00, 0x40, 0xFF, 0x5C, 0x00, 
0x00, 0x00, 0x56, 0xFF, 0x8F, 0x00, 0x40, 0xFF, 0xCA, 0xAC, 0xB3, 0xD5, 0xFE, 0xA5, 0x0A, 0x00, 
0x40, 0xFF, 0xCC, 0xB0, 0xB1, 0xFD, 0x9F, 0x00, 0x00, 0x00, 0x40, 0xFF, 0x5C, 0x00, 0x00, 0x9B, 
0xFB, 0x2E, 0x00, 0x00, 0x40, 0xFF, 0x5C, 0x00, 0x00, 0x15, 0xEF, 0xC5, 0x01, 0x00, 0x40, 0xFF, 
0x5C, 0x00, 0x00, 0x00, 0x6F, 0xFF, 0x63, 0x00, 0x40, 0xFF, 0x5C, 0x00, 0x00, 0x00, 0x04, 0xD4, 
0xEC, 0x13, 0x40, 0xFF, 0x5C, 0x00, 0x00, 0x00, 0x00, 0x43, 0xFF, 0x9D, 0x00, 0x00, 0x00, 0x00, 
0x00, 0x02, 0x00, 0x00, 0x00, 0x00, 0x00, 0x00, 0x4C, 0xC3, 0xF7, 0xFC, 0xE4, 0xB4, 0x4C, 0x00, 
0x00, 0x59, 0xFF, 0xD1, 0x78, 0x70, 0x90, 0xD6, 0x6E, 0x00, 0x00, 0xCE, 0xE6, 0x0A, 0x00, 0x00, 
0x00, 0x00, 0x02, 0x00, 0x00, 0xE0, 0xC2, 0x00, 0x00, 0x00, 0x00, 0x00, 0x00, 0x00, 0x00, 0xB0, 
0xF8, 0x31, 0x00, 0x00, 0x00, 0x00, 0x00, 0x00, 0x00, 0x2C, 0xEF, 0xF8, 0x93, 0x28, 0x00, 0x00, 
0x00, 0x00, 0x00, 0x00, 0x20, 0xA8, 0xFC, 0xFF, 0xBB, 0x33, 0x00, 0x00, 0x00, 0x00, 0x00, 0x00, 
0x1D, 0x81, 0xEF, 0xFA, 0x4F, 0x00, 0x00, 0x00, 0x00, 0x00, 0x00, 0x00, 0x1E, 0xEA, 0xDA, 0x00, 
0x00, 0x00, 0x00, 0x00, 0x00, 0x00, 0x00, 0x9E, 0xFE, 0x02, 0x00, 0x00, 0x00, 0x00, 0x00, 0x00, 
0x02, 0xCC, 0xE4, 0x00, 0x13, 0xC3, 0x79, 0x56, 0x3F, 0x55, 0xB8, 0xFF, 0x70, 0x00, 0x0B, 0xC6, 
0xFD, 0xFF, 0xFF, 0xFF, 0xD8, 0x5C, 0x00, 0x00, 0x00, 0x00, 0x08, 0x1E, 0x29, 0x0E, 0x00, 0x00, 
0x00, 0x00, 0xB2, 0xDC, 0xDC, 0xDC, 0xDC, 0xDC, 0xDC, 0xDC, 0xDC, 0xB2, 0x75, 0x90, 0x90, 0x90, 
0xEB, 0xEB, 0x90, 0x90, 0x90, 0x75, 0x00, 0x00, 0x00, 0x00, 0xD0, 0xD0, 0x00, 0x00, 0x00, 0x00, 
0x00, 0x00, 0x00, 0x00, 0xD0, 0xD0, 0x00, 0x00, 0x00, 0x00, 0x00, 0x00, 0x00, 0x00, 0xD0, 0xD0, 
0x00, 0x00, 0x00, 0x00, 0x00, 0x00, 0x00, 0x00, 0xD0, 0xD0, 0x00, 0x00, 0x00, 0x00, 0x00, 0x00, 
0x00, 0x00, 0xD0, 0xD0, 0x00, 0x00, 0x00, 0x00, 0x00, 0x00, 0x00, 0x00, 0xD0, 0xD0, 0x00, 0x00, 
0x00, 0x00, 0x00, 0x00, 0x00, 0x00, 0xD0, 0xD0, 0x00, 0x00, 0x00, 0x00, 0x00, 0x00, 0x00, 0x00, 
0xD0, 0xD0, 0x00, 0x00, 0x00, 0x00, 0x00, 0x00, 0x00, 0x00, 0xD0, 0xD0, 0x00, 0x00, 0x00, 0x00, 
0x00, 0x00, 0x00, 0x00, 0xD0, 0xD0, 0x00, 0x00, 0x00, 0x00, 0x00, 0x00, 0x00, 0x00, 0xD0, 0xD0, 
0x00, 0x00, 0x00, 0x00, 0x52, 0xDC, 0x33, 0x00, 0x00, 0x00, 0x00, 0x00, 0x11, 0xDC, 0x71, 0x60, 
0xFF, 0x3C, 0x00, 0x00, 0x00, 0x00, 0x00, 0x14, 0xFF, 0x84, 0x60, 0xFF, 0x3C, 0x00, 0x00, 0x00, 
0x00, 0x00, 0x14, 0xFF, 0x84, 0x60, 0xFF, 0x3C, 0x00, 0x00, 0x00, 0x00, 0x00, 0x14, 0xFF, 0x84, 
0x60, 0xFF, 0x3C, 0x00, 0x00, 0x00, 0x00, 0x00, 0x14, 0xFF, 0x84, 0x60, 0xFF, 0x3C, 0x00, 0x00, 
0x00, 0x00, 0x00, 0x14, 0xFF, 0x84, 0x60, 0xFF, 0x3C, 0x00, 0x00, 0x00, 0x00, 0x00, 0x14, 0xFF, 
0x84, 0x60, 0xFF, 0x3C, 0x00, 0x00, 0x00, 0x00, 0x00, 0x14, 0xFF, 0x84, 0x5C, 0xFF, 0x40, 0x00, 
0x00, 0x00, 0x00, 0x00, 0x19, 0xFF, 0x80, 0x43, 0xFF, 0x63, 0x00, 0x00, 0x00, 0x00, 0x00, 0x3D, 
0xFF, 0x65, 0x0B, 0xEF, 0xCC, 0x03, 0x00, 0x00, 0x00, 0x00, 0xAB, 0xFD, 0x1C, 0x00, 0x68, 0xFF, 
0xCC, 0x61, 0x41, 0x5A, 0xB5, 0xFF, 0x84, 0x00, 0x00, 0x00, 0x5C, 0xDC, 0xFF, 0xFF, 0xFF, 0xDE, 
0x69, 0x00, 0x00, 0x00, 0x00, 0x00, 0x00, 0x19, 0x2A, 0x17, 0x00, 0x00, 0x00, 0x00, 0xBA, 0xB8, 
0x00, 0x00, 0x00, 0x00, 0x00, 0x00, 0x0F, 0xD8, 0x8D, 0x84, 0xFF, 0x2A, 0x00, 0x00, 0x00, 0x00, 
0x00, 0x63, 0xFF, 0x4F, 0x28, 0xFF, 0x84, 0x00, 0x00, 0x00, 0x00, 0x00, 0xBD, 0xED, 0x06, 0x00, 
0xCD, 0xDD, 0x00, 0x00, 0x00, 0x00, 0x19, 0xFD, 0x98, 0x00, 0x00, 0x72, 0xFF, 0x39, 0x00, 0x00, 
0x00, 0x71, 0xFF, 0x3D, 0x00, 0x00, 0x19, 0xFD, 0x93, 0x00, 0x00, 0x00, 0xCB, 0xE0, 0x01, 0x00, 
0x00, 0x00, 0xBB, 0xE9, 0x03, 0x00, 0x25, 0xFF, 0x86, 0x00, 0x00, 0x00, 0x00, 0x5F, 0xFF, 0x47, 
0x00, 0x7F, 0xFF, 0x2A, 0x00, 0x00, 0x00, 0x00, 0x0D, 0xF6, 0xA0, 0x00, 0xD7, 0xCF, 0x00, 0x00, 
0x00, 0x00, 0x00, 0x00, 0xA8, 0xEE, 0x2E, 0xFF, 0x73, 0x00, 0x00, 0x00, 0x00, 0x00, 0x00, 0x4D, 
0xFF, 0xA9, 0xFD, 0x1A, 0x00, 0x00, 0x00, 0x00, 0x00, 0x00, 0x05, 0xEC, 0xFD, 0xBC, 0x00, 0x00, 
0x00, 0x00, 0x00, 0x00, 0x00, 0x00, 0x96, 0xFF, 0x61, 0x00, 0x00, 0x00, 0x00, 0x92, 0xD7, 0x07, 
0x00, 0x00, 0x00, 0x00, 0x90, 0xDC, 0x3B, 0x00, 0x00, 0x00, 0x00, 0x41, 0xDC, 0x54, 0x6C, 0xFF, 
0x40, 0x00, 0x00, 0x00, 0x02, 0xEB, 0xFF, 0x8C, 0x00, 0x00, 0x00, 0x00, 0x88, 0xFF, 0x23, 0x28, 
0xFF, 0x81, 0x00, 0x00, 0x00, 0x38, 0xFF, 0xD0, 0xD9, 0x00, 0x00, 0x00, 0x00, 0xC9, 0xDF, 0x00, 
0x00, 0xE4, 0xC2, 0x00, 0x00, 0x00, 0x83, 0xF5, 0x60, 0xFF, 0x27, 0x00, 0x00, 0x0D, 0xFC, 0x9B, 
0x00, 0x00, 0xA1, 0xF9, 0x0A, 0x00, 0x00, 0xCE, 0xB7, 0x14, 0xFD, 0x74, 0x00, 0x00, 0x4A, 0xFF, 
0x56, 0x00, 0x00, 0x5D, 0xFF, 0x44, 0x00, 0x19, 0xFE, 0x6E, 0x00, 0xC6, 0xC1, 0x00, 0x00, 0x8B, 
0xFE, 0x14, 0x00, 0x00, 0x19, 0xFF, 0x85, 0x00, 0x63, 0xFF, 0x24, 0x00, 0x7A, 0xFC, 0x12, 0x00, 
0xCC, 0xCE, 0x00, 0x00, 0x00, 0x00, 0xD5, 0xC7, 0x00, 0xAD, 0xD9, 0x00, 0x00, 0x2E, 0xFF, 0x5C, 
0x0F, 0xFD, 0x8A, 0x00, 0x00, 0x00, 0x00, 0x92, 0xFA, 0x0C, 0xF0, 0x8F, 0x00, 0x00, 0x00, 0xE1, 
0xA3, 0x4B, 0xFF, 0x46, 0x00, 0x00, 0x00, 0x00, 0x4E, 0xFF, 0x70, 0xFF, 0x44, 0x00, 0x00, 0x00, 
0x96, 0xE3, 0x84, 0xF8, 0x09, 0x00, 0x00, 0x00, 0x00, 0x0E, 0xFB, 0xCE, 0xF3, 0x06, 0x00, 0x00, 
0x00, 0x4A, 0xFF, 0xCB, 0xBE, 0x00, 0x00, 0x00, 0x00, 0x00, 0x00, 0xC6, 0xFF, 0xAF, 0x00, 0x00, 
0x00, 0x00, 0x08, 0xF5, 0xFF, 0x7A, 0x00, 0x00, 0x00, 0x00, 0x00, 0x00, 0x82, 0xFF, 0x65, 0x00, 
0x00, 0x00, 0x00, 0x00, 0xB2, 0xFF, 0x36, 0x00, 0x00, 0x00, 0x53, 0xDC, 0x59, 0x00, 0x00, 0x00, 
0x00, 0x01, 0xB1, 0xBE, 0x05, 0x01, 0xC4, 0xEA, 0x12, 0x00, 0x00, 0x00, 0x66, 0xFF, 0x49, 0x00, 
0x00, 0x27, 0xF8, 0x9D, 0x00, 0x00, 0x17, 0xEE, 0xA2, 0x00, 0x00, 0x00, 0x00, 0x7A, 0xFE, 0x3E, 
0x00, 0xA6, 0xE9, 0x12, 0x00, 0x00, 0x00, 0x00, 0x04, 0xCE, 0xD6, 0x4C, 0xFF, 0x55, 0x00, 0x00, 
0x00, 0x00, 0x00, 0x00, 0x31, 0xFB, 0xFA, 0xAF, 0x00, 0x00, 0x00, 0x00, 0x00, 0x00, 0x00, 0x02, 
0xD5, 0xFF, 0x61, 0x00, 0x00, 0x00, 0x00, 0x00, 0x00, 0x00, 0x6C, 0xFC, 0xCE, 0xE7, 0x10, 0x00, 
0x00, 0x00, 0x00, 0x00, 0x1C, 0xF2, 0x90, 0x23, 0xF7, 0x9B, 0x00, 0x00, 0x00, 0x00, 0x00, 0xB2, 
0xE4, 0x0D, 0x00, 0x7F, 0xFE, 0x3F, 0x00, 0x00, 0x00, 0x55, 0xFF, 0x53, 0x00, 0x00, 0x07, 0xDB, 
0xD8, 0x07, 0x00, 0x10, 0xE7, 0xB5, 0x00, 0x00, 0x00, 0x00, 0x47, 0xFF, 0x83, 0x00, 0x9B, 0xF6, 
0x21, 0x00, 0x00, 0x00, 0x00, 0x00, 0xAA, 0xFA, 0x2C, 0xA9, 0xCE, 0x0B, 0x00, 0x00, 0x00, 0x00, 
0x00, 0xAD, 0xC9, 0x08, 0x45, 0xFF, 0x7A, 0x00, 0x00, 0x00, 0x00, 0x48, 0xFF, 0x72, 0x00, 0x00, 
0xBB, 0xEF, 0x11, 0x00, 0x00, 0x01, 0xCD, 0xE0, 0x07, 0x00, 0x00, 0x32, 0xFE, 0x87, 0x00, 0x00, 
0x57, 0xFF, 0x5C, 0x00, 0x00, 0x00, 0x00, 0xA8, 0xF5, 0x18, 0x04, 0xD9, 0xCF, 0x01, 0x00, 0x00, 
0x00, 0x00, 0x23, 0xFA, 0x95, 0x65, 0xFF, 0x45, 0x00, 0x00, 0x00, 0x00, 0x00, 0x00, 0x94, 0xFA, 
0xE8, 0xBA, 0x00, 0x00, 0x00, 0x00, 0x00, 0x00, 0x00, 0x16, 0xF3, 0xFE, 0x31, 0x00, 0x00, 0x00, 
0x00, 0x00, 0x00, 0x00, 0x00, 0xB8, 0xE8, 0x00, 0x00, 0x00, 0x00, 0x00, 0x00, 0x00, 0x00, 0x00, 
0xB8, 0xE8, 0x00, 0x00, 0x00, 0x00, 0x00, 0x00, 0x00, 0x00, 0x00, 0xB8, 0xE8, 0x00, 0x00, 0x00, 
0x00, 0x00, 0x00, 0x00, 0x00, 0x00, 0xB8, 0xE8, 0x00, 0x00, 0x00, 0x00, 0x00, 0x00, 0x00, 0x00, 
0x00, 0xB8, 0xE8, 0x00, 0x00, 0x00, 0x00, 0x00, 0x14, 0xDC, 0xDC, 0xDC, 0xDC, 0xDC, 0xDC, 0xDC, 
0xDC, 0x59, 0x0E, 0x98, 0x98, 0x98, 0x98, 0x98, 0x98, 0xDF, 0xFF, 0x46, 0x00, 0x00, 0x00, 0x00, 
0x00, 0x00, 0x2C, 0xF9, 0xA8, 0x00, 0x00, 0x00, 0x00, 0x00, 0x00, 0x04, 0xCC, 0xEA, 0x14, 0x00, 
0x00, 0x00, 0x00, 0x00, 0x00, 0x7B, 0xFF, 0x54, 0x00, 0x00, 0x00, 0x00, 0x00, 0x00, 0x2B, 0xF9, 
0xAA, 0x00, 0x00, 0x00, 0x00, 0x00, 0x00, 0x03, 0xCA, 0xEB, 0x15, 0x00, 0x00, 0x00, 0x00, 0x00, 
0x00, 0x79, 0xFF, 0x56, 0x00, 0x00, 0x00, 0x00, 0x00, 0x00, 0x29, 0xF8, 0xAC, 0x00, 0x00, 0x00, 
0x00, 0x00, 0x00, 0x03, 0xC9, 0xEB, 0x16, 0x00, 0x00, 0x00, 0x00, 0x00, 0x00, 0x77, 0xFF, 0x58, 
0x00, 0x00, 0x00, 0x00, 0x00, 0x00, 0x24, 0xF7, 0xE7, 0x70, 0x70, 0x70, 0x70, 0x70, 0x70, 0x42, 
0x50, 0xFF, 0xFF, 0xFF, 0xFF, 0xFF, 0xFF, 0xFF, 0xFF, 0x98, 0x7B, 0xDC, 0xDC, 0xDC, 0x67, 0x90, 
0xFD, 0x70, 0x70, 0x34, 0x90, 0xFC, 0x00, 0x00, 0x00, 0x90, 0xFC, 0x00, 0x00, 0x00, 0x90, 0xFC, 
0x00, 0x00, 0x00, 0x90, 0xFC, 0x00, 0x00, 0x00, 0x90, 0xFC, 0x00, 0x00, 0x00, 0x90, 0xFC, 0x00, 
0x00, 0x00, 0x90, 0xFC, 0x00, 0x00, 0x00, 0x90, 0xFC, 0x00, 0x00, 0x00, 0x90, 0xFC, 0x00, 0x00, 
0x00, 0x90, 0xFC, 0x00, 0x00, 0x00, 0x90, 0xFC, 0x00, 0x00, 0x00, 0x90, 0xFC, 0x00, 0x00, 0x00, 
0x90, 0xFD, 0x74, 0x74, 0x36, 0x79, 0xD8, 0xD8, 0xD8, 0x65, 0x8F, 0xC3, 0x01, 0x00, 0x00, 0x00, 
0x00, 0x4F, 0xFF, 0x3D, 0x00, 0x00, 0x00, 0x00, 0x05, 0xEA, 0x9D, 0x00, 0x00, 0x00, 0x00, 0x00, 
0x90, 0xF2, 0x0A, 0x00, 0x00, 0x00, 0x00, 0x31, 0xFF, 0x5C, 0x00, 0x00, 0x00, 0x00, 0x00, 0xD2, 
0xBB, 0x00, 0x00, 0x00, 0x00, 0x00, 0x73, 0xFD, 0x1D, 0x00, 0x00, 0x00, 0x00, 0x18, 0xFB, 0x7A, 
0x00, 0x00, 0x00, 0x00, 0x00, 0xB4, 0xD9, 0x00, 0x00, 0x00, 0x00, 0x00, 0x55, 0xFF, 0x39, 0x00, 
0x00, 0x00, 0x00, 0x07, 0xEE, 0x99, 0x00, 0x00, 0x00, 0x00, 0x00, 0x97, 0xF0, 0x08, 0x00, 0x00, 
0x00, 0x00, 0x38, 0xFF, 0x58, 0x78, 0xDC, 0xDC, 0xDC, 0x6A, 0x3D, 0x70, 0x79, 0xFF, 0x7C, 0x00, 
0x00, 0x10, 0xFF, 0x7C, 0x00, 0x00, 0x10, 0xFF, 0x7C, 0x00, 0x00, 0x10, 0xFF, 0x7C, 0x00, 0x00, 
0x10, 0xFF, 0x7C, 0x00, 0x00, 0x10, 0xFF, 0x7C, 0x00, 0x00, 0x10, 0xFF, 0x7C, 0x00, 0x00, 0x10, 
0xFF, 0x7C, 0x00, 0x00, 0x10, 0xFF, 0x7C, 0x00, 0x00, 0x10, 0xFF, 0x7C, 0x00, 0x00, 0x10, 0xFF, 
0x7C, 0x00, 0x00, 0x10, 0xFF, 0x7C, 0x00, 0x00, 0x10, 0xFF, 0x7C, 0x3F, 0x74, 0x7C, 0xFF, 0x7C, 
0x76, 0xD8, 0xD8, 0xD8, 0x68, 0x00, 0x00, 0x00, 0x00, 0xAC, 0x9B, 0x00, 0x00, 0x00, 0x00, 0x00, 
0x00, 0x00, 0x2D, 0xF9, 0xFA, 0x29, 0x00, 0x00, 0x00, 0x00, 0x00, 0x00, 0xA5, 0xA0, 0xA6, 0xAA, 
0x00, 0x00, 0x00, 0x00, 0x00, 0x20, 0xFB, 0x2E, 0x28, 0xFB, 0x30, 0x00, 0x00, 0x00, 0x00, 0x95, 
0xBC, 0x00, 0x00, 0xA5, 0xB3, 0x00, 0x00, 0x00, 0x16, 0xF7, 0x4A, 0x00, 0x00, 0x27, 0xFC, 0x38, 
0x00, 0x00, 0x86, 0xD7, 0x01, 0x00, 0x00, 0x00, 0xA5, 0xBC, 0x00, 0x0D, 0xEF, 0x66, 0x00, 0x00, 
0x00, 0x00, 0x27, 0xFD, 0x40, 0x0C, 0x30, 0x06, 0x00, 0x00, 0x00, 0x00, 0x00, 0x28, 0x1A, 0x03, 
0x60, 0x60, 0x60, 0x60, 0x60, 0x60, 0x60, 0x60, 0x03, 0x06, 0xC4, 0xC4, 0xC4, 0xC4, 0xC4, 0xC4, 
0xC4, 0xC4, 0x06, 0x19, 0xC1, 0xA5, 0x00, 0x00, 0x00, 0x60, 0xFE, 0x5D, 0x00, 0x00, 0x00, 0x66, 
0xEB, 0x1F, 0x00, 0x00, 0x00, 0x12, 0x08, 0x00, 0x00, 0x38, 0x8F, 0xB7, 0xC4, 0xA0, 0x32, 0x00, 
0x00, 0x04, 0xE5, 0xC7, 0x91, 0x87, 0xE0, 0xF9, 0x28, 0x00, 0x00, 0x0F, 0x00, 0x00, 0x00, 0x22, 
0xFF, 0x81, 0x00, 0x00, 0x00, 0x00, 0x00, 0x00, 0x00, 0xEE, 0xA0, 0x00, 0x00, 0x2F, 0x84, 0xAF, 
0xC2, 0xCB, 0xFB, 0xA4, 0x00, 0x75, 0xFE, 0xC2, 0x76, 0x5B, 0x4F, 0xF1, 0xA4, 0x0E, 0xFA, 0xBA, 
0x01, 0x00, 0x00, 0x03, 0xF8, 0xA4, 0x20, 0xFF, 0x84, 0x00, 0x00, 0x00, 0x41, 0xFF, 0xA4, 0x02, 
0xEB, 0xDE, 0x3D, 0x23, 0x5E, 0xDE, 0xEB, 0xA4, 0x00, 0x45, 0xE4, 0xFF, 0xFF, 0xE3, 0x46, 0xA0, 
0xA4, 0x00, 0x00, 0x03, 0x22, 0x22, 0x02, 0x00, 0x00, 0x00, 0x52, 0xB0, 0x13, 0x00, 0x00, 0x00, 
0x00, 0x00, 0x00, 0x00, 0x78, 0xFF, 0x1C, 0x00, 0x00, 0x00, 0x00, 0x00, 0x00, 0x00, 0x78, 0xFF, 
0x1C, 0x00, 0x00, 0x00, 0x00, 0x00, 0x00, 0x00, 0x78, 0xFF, 0x1B, 0x00, 0x00, 0x00, 0x00, 0x00, 
0x00, 0x00, 0x78, 0xFF, 0x1D, 0x79, 0xBF, 0xC6, 0x8E, 0x18, 0x00, 0x00, 0x78, 0xFF, 0xC9, 0xCD, 
0x90, 0xA2, 0xF7, 0xE3, 0x19, 0x00, 0x78, 0xFF, 0xB5, 0x03, 0x00, 0x00, 0x3E, 0xFF, 0x9A, 0x00, 
0x78, 0xFF, 0x4C, 0x00, 0x00, 0x00, 0x00, 0xC8, 0xE7, 0x00, 0x78, 0xFF, 0x2A, 0x00, 0x00, 0x00, 
0x00, 0xA2, 0xFF, 0x09, 0x78, 0xFF, 0x23, 0x00, 0x00, 0x00, 0x00, 0x99, 0xFF, 0x0E, 0x78, 0xFF, 
0x3C, 0x00, 0x00, 0x00, 0x00, 0xB5, 0xF6, 0x01, 0x78, 0xFF, 0x87, 0x00, 0x00, 0x00, 0x12, 0xF7, 
0xBB, 0x00, 0x78, 0xFD, 0xEF, 0x79, 0x35, 0x45, 0xC9, 0xFE, 0x44, 0x00, 0x78, 0xCA, 0x3A, 0xDB, 
0xFF, 0xFF, 0xE9, 0x5A, 0x00, 0x00, 0x00, 0x00, 0x00, 0x01, 0x20, 0x26, 0x03, 0x00, 0x00, 0x00, 
0x00, 0x04, 0x67, 0xB4, 0xCC, 0xB7, 0x7A, 0x05, 0xBF, 0xFF, 0xC1, 0x9A, 0xB7, 0xB5, 0x74, 0xFF, 
0x6B, 0x00, 0x00, 0x00, 0x00, 0xCE, 0xDF, 0x02, 0x00, 0x00, 0x00, 0x00, 0xF3, 0xB4, 0x00, 0x00, 
0x00, 0x00, 0x00, 0xFC, 0xA9, 0x00, 0x00, 0x00, 0x00, 0x00, 0xE5, 0xC7, 0x00, 0x00, 0x00, 0x00, 
0x00, 0xA3, 0xFD, 0x26, 0x00, 0x00, 0x00, 0x00, 0x2A, 0xF6, 0xE0, 0x5D, 0x38, 0x51, 0x86, 0x00, 
0x39, 0xCD, 0xFF, 0xFF, 0xFF, 0xBA, 0x00, 0x00, 0x00, 0x16, 0x29, 0x13, 0x00, 0x00, 0x00, 0x00, 
0x00, 0x00, 0x00, 0x00, 0x08, 0xB0, 0x60, 0x00, 0x00, 0x00, 0x00, 0x00, 0x00, 0x00, 0x0C, 0xFF, 
0x8C, 0x00, 0x00, 0x00, 0x00, 0x00, 0x00, 0x00, 0x0C, 0xFF, 0x8C, 0x00, 0x00, 0x00, 0x00, 0x00, 
0x00, 0x00, 0x0C, 0xFF, 0x8C, 0x00, 0x00, 0x13, 0x8A, 0xC8, 0xC5, 0x82, 0x12, 0xFF, 0x8C, 0x00, 
0x11, 0xDC, 0xF7, 0x9A, 0x8C, 0xC9, 0xCD, 0xFA, 0x8C, 0x00, 0x8A, 0xFF, 0x51, 0x00, 0x00, 0x02, 
0xAD, 0xFF, 0x8C, 0x00, 0xD7, 0xDF, 0x01, 0x00, 0x00, 0x00, 0x3F, 0xFF, 0x8C, 0x00, 0xF9, 0xB3, 
0x00, 0x00, 0x00, 0x00, 0x19, 0xFF, 0x8C, 0x01, 0xFE, 0xA8, 0x00, 0x00, 0x00, 0x00, 0x0C, 0xFF, 
0x8C, 0x00, 0xE9, 0xC3, 0x00, 0x00, 0x00, 0x00, 0x23, 0xFF, 0x8C, 0x00, 0xAE, 0xFB, 0x1D, 0x00, 
0x00, 0x00, 0x6C, 0xFF, 0x8C, 0x00, 0x3B, 0xFD, 0xD2, 0x49, 0x31, 0x6A, 0xE4, 0xFB, 0x8C, 0x00, 
0x00, 0x54, 0xE6, 0xFF, 0xFF, 0xDB, 0x3A, 0xD3, 0x8C, 0x00, 0x00, 0x00, 0x02, 0x25, 0x21, 0x01, 
0x00, 0x00, 0x00, 0x00, 0x06, 0x6E, 0xBA, 0xCA, 0xA0, 0x30, 0x00, 0x00, 0x04, 0xBD, 0xF9, 0x9D, 
0x87, 0xD3, 0xF8, 0x41, 0x00, 0x6E, 0xFF, 0x4A, 0x00, 0x00, 0x09, 0xDC, 0xD4, 0x00, 0xCA, 0xD3, 
0x00, 0x00, 0x00, 0x00, 0x86, 0xFF, 0x1E, 0xF3, 0xEE, 0xC8, 0xC8, 0xC8, 0xC8, 0xE0, 0xFF, 0x38, 
0xFB, 0xD3, 0x7C, 0x7C, 0x7C, 0x7C, 0x7C, 0x7C, 0x1D, 0xE2, 0xC8, 0x00, 0x00, 0x00, 0x00, 0x00, 
0x00, 0x00, 0x98, 0xFD, 0x2F, 0x00, 0x00, 0x00, 0x00, 0x00, 0x00, 0x1D, 0xED, 0xE8, 0x69, 0x37, 
0x41, 0x6A, 0x90, 0x00, 0x00, 0x26, 0xBA, 0xFD, 0xFF, 0xFF, 0xF2, 0x8B, 0x00, 0x00, 0x00, 0x00, 
0x0E, 0x2A, 0x24, 0x05, 0x00, 0x00, 0x00, 0x00, 0x00, 0x5E, 0xAB, 0xBA, 0x86, 0x00, 0x00, 0x80, 
0xFF, 0xB3, 0x94, 0x80, 0x00, 0x00, 0xE6, 0xC0, 0x00, 0x00, 0x00, 0x00, 0x04, 0xFF, 0x92, 0x00, 
0x00, 0x00, 0x33, 0x8F, 0xFF, 0xD6, 0xA4, 0x9E, 0x00, 0x6C, 0x97, 0xFF, 0xCF, 0x94, 0x8F, 0x00, 
0x00, 0x08, 0xFF, 0x8C, 0x00, 0x00, 0x00, 0x00, 0x08, 0xFF, 0x8C, 0x00, 0x00, 0x00, 0x00, 0x08, 
0xFF, 0x8C, 0x00, 0x00, 0x00, 0x00, 0x08, 0xFF, 0x8C, 0x00, 0x00, 0x00, 0x00, 0x08, 0xFF, 0x8C, 
0x00, 0x00, 0x00, 0x00, 0x08, 0xFF, 0x8C, 0x00, 0x00, 0x00, 0x00, 0x08, 0xFF, 0x8C, 0x00, 0x00, 
0x00, 0x00, 0x08, 0xFF, 0x8C, 0x00, 0x00, 0x00, 0x00, 0x00, 0x12, 0x8A, 0xC8, 0xC5, 0x82, 0x0D, 
0x7F, 0x59, 0x00, 0x0E, 0xD8, 0xFB, 0xA7, 0x90, 0xCE, 0xCC, 0xED, 0x8C, 0x00, 0x82, 0xFF, 0x57, 
0x00, 0x00, 0x03, 0xA8, 0xFF, 0x8C, 0x00, 0xD4, 0xDD, 0x00, 0x00, 0x00, 0x00, 0x35, 0xFF, 0x8C, 
0x00, 0xF9, 0xB2, 0x00, 0x00, 0x00, 0x00, 0x0D, 0xFF, 0x8C, 0x01, 0xFE, 0xA8, 0x00, 0x00, 0x00, 
0x00, 0x07, 0xFF, 0x8C, 0x00, 0xE8, 0xC3, 0x00, 0x00, 0x00, 0x00, 0x1F, 0xFF, 0x8C, 0x00, 0xAA, 
0xFB, 0x1B, 0x00, 0x00, 0x00, 0x64, 0xFF, 0x8C, 0x00, 0x36, 0xFC, 0xCE, 0x42, 0x29, 0x63, 0xE1, 
0xFE, 0x8C, 0x00, 0x00, 0x52, 0xE6, 0xFF, 0xFF, 0xE0, 0x46, 0xFF, 0x8C, 0x00, 0x00, 0x00, 0x02, 
0x24, 0x23, 0x01, 0x12, 0xFF, 0x85, 0x00, 0x00, 0x00, 0x00, 0x00, 0x00, 0x00, 0x4E, 0xFF, 0x64, 
0x00, 0x2D, 0x7C, 0x30, 0x13, 0x0A, 0x46, 0xE2, 0xF1, 0x14, 0x00, 0x2F, 0xEB, 0xFF, 0xFF, 0xFF, 
0xFF, 0xE2, 0x41, 0x00, 0x00, 0x00, 0x02, 0x2B, 0x42, 0x4A, 0x31, 0x03, 0x00, 0x00, 0x52, 0xB0, 
0x13, 0x00, 0x00, 0x00, 0x00, 0x00, 0x00, 0x78, 0xFF, 0x1C, 0x00, 0x00, 0x00, 0x00, 0x00, 0x00, 
0x78, 0xFF, 0x1C, 0x00, 0x00, 0x00, 0x00, 0x00, 0x00, 0x78, 0xFF, 0x1C, 0x00, 0x00, 0x00, 0x00, 
0x00, 0x00, 0x78, 0xFF, 0x1E, 0x6F, 0xBC, 0xC2, 0x9A, 0x26, 0x00, 0x78, 0xFF, 0xBF, 0xCB, 0x89, 
0x97, 0xF1, 0xF6, 0x27, 0x78, 0xFF, 0xB6, 0x01, 0x00, 0x00, 0x39, 0xFF, 0x87, 0x78, 0xFF, 0x4D, 
0x00, 0x00, 0x00, 0x00, 0xF3, 0xA7, 0x78, 0xFF, 0x28, 0x00, 0x00, 0x00, 0x00, 0xE8, 0xAC, 0x78, 
0xFF, 0x1C, 0x00, 0x00, 0x00, 0x00, 0xE8, 0xAC, 0x78, 0xFF, 0x1C, 0x00, 0x00, 0x00, 0x00, 0xE8, 
0xAC, 0x78, 0xFF, 0x1C, 0x00, 0x00, 0x00, 0x00, 0xE8, 0xAC, 0x78, 0xFF, 0x1C, 0x00, 0x00, 0x00, 
0x00, 0xE8, 0xAC, 0x78, 0xFF, 0x1C, 0x00, 0x00, 0x00, 0x00, 0xE8, 0xAC, 0x06, 0x28, 0x00, 0x87, 
0xFF, 0x31, 0x41, 0xA4, 0x11, 0x00, 0x00, 0x00, 0x4C, 0xA4, 0x11, 0x78, 0xFF, 0x1C, 0x78, 0xFF, 
0x1C, 0x78, 0xFF, 0x1C, 0x78, 0xFF, 0x1C, 0x78, 0xFF, 0x1C, 0x78, 0xFF, 0x1C, 0x78, 0xFF, 0x1C, 
0x78, 0xFF, 0x1C, 0x78, 0xFF, 0x1C, 0x00, 0x00, 0x06, 0x28, 0x00, 0x00, 0x00, 0x87, 0xFF, 0x31, 
0x00, 0x00, 0x41, 0xA4, 0x11, 0x00, 0x00, 0x00, 0x00, 0x00, 0x00, 0x00, 0x4C, 0xA4, 0x11, 0x00, 
0x00, 0x78, 0xFF, 0x1C, 0x00, 0x00, 0x78, 0xFF, 0x1C, 0x00, 0x00, 0x78, 0xFF, 0x1C, 0x00, 0x00, 
0x78, 0xFF, 0x1C, 0x00, 0x00, 0x78, 0xFF, 0x1C, 0x00, 0x00, 0x78, 0xFF, 0x1C, 0x00, 0x00, 0x78, 
0xFF, 0x1C, 0x00, 0x00, 0x78, 0xFF, 0x1C, 0x00, 0x00, 0x78, 0xFF, 0x1C, 0x00, 0x00, 0x78, 0xFF, 
0x1C, 0x00, 0x00, 0x7C, 0xFF, 0x16, 0x12, 0x0F, 0xC0, 0xEF, 0x00, 0xFC, 0xFF, 0xFC, 0x68, 0x00, 
0x36, 0x47, 0x1E, 0x00, 0x00, 0x52, 0xB0, 0x10, 0x00, 0x00, 0x00, 0x00, 0x00, 0x00, 0x78, 0xFF, 
0x18, 0x00, 0x00, 0x00, 0x00, 0x00, 0x00, 0x78, 0xFF, 0x18, 0x00, 0x00, 0x00, 0x00, 0x00, 0x00, 
0x78, 0xFF, 0x18, 0x00, 0x00, 0x00, 0x00, 0x00, 0x00, 0x78, 0xFF, 0x18, 0x00, 0x00, 0x0A, 0x95, 
0x8C, 0x04, 0x78, 0xFF, 0x18, 0x00, 0x06, 0xB9, 0xED, 0x2D, 0x00, 0x78, 0xFF, 0x18, 0x04, 0xAE, 
0xF2, 0x35, 0x00, 0x00, 0x78, 0xFF, 0x17, 0xA2, 0xF6, 0x3D, 0x00, 0x00, 0x00, 0x78, 0xFF, 0x87, 
0xFF, 0x7D, 0x00, 0x00, 0x00, 0x00, 0x78, 0xFF, 0xEE, 0xD4, 0xEE, 0x20, 0x00, 0x00, 0x00, 0x78, 
0xFF, 0x36, 0x21, 0xF0, 0xC9, 0x06, 0x00, 0x00, 0x78, 0xFF, 0x18, 0x00, 0x52, 0xFF, 0x90, 0x00, 
0x00, 0x78, 0xFF, 0x18, 0x00, 0x00, 0x93, 0xFF, 0x52, 0x00, 0x78, 0xFF, 0x18, 0x00, 0x00, 0x07, 
0xCC, 0xF0, 0x22, 0x52, 0xB0, 0x13, 0x78, 0xFF, 0x1C, 0x78, 0xFF, 0x1C, 0x78, 0xFF, 0x1C, 0x78, 
0xFF, 0x1C, 0x78, 0xFF, 0x1C, 0x78, 0xFF, 0x1C, 0x78, 0xFF, 0x1C, 0x78, 0xFF, 0x1C, 0x78, 0xFF, 
0x1C, 0x78, 0xFF, 0x1C, 0x78, 0xFF, 0x1C, 0x78, 0xFF, 0x1C, 0x78, 0xFF, 0x1C, 0x4C, 0x8E, 0x09, 
0x7D, 0xC5, 0xC6, 0x8A, 0x0E, 0x07, 0x76, 0xC1, 0xC4, 0x92, 0x16, 0x00, 0x78, 0xFC, 0xBD, 0xC8, 
0x8D, 0xB0, 0xFF, 0xBD, 0xBB, 0xD2, 0x90, 0xA2, 0xFB, 0xDC, 0x04, 0x78, 0xFF, 0xB0, 0x02, 0x00, 
0x00, 0x9D, 0xFF, 0xC3, 0x05, 0x00, 0x00, 0x79, 0xFF, 0x3F, 0x78, 0xFF, 0x49, 0x00, 0x00, 0x00, 
0x5E, 0xFF, 0x60, 0x00, 0x00, 0x00, 0x3A, 0xFF, 0x5C, 0x78, 0xFF, 0x27, 0x00, 0x00, 0x00, 0x54, 
0xFF, 0x42, 0x00, 0x00, 0x00, 0x30, 0xFF, 0x60, 0x78, 0xFF, 0x1C, 0x00, 0x00, 0x00, 0x54, 0xFF, 
0x3C, 0x00, 0x00, 0x00, 0x30, 0xFF, 0x60, 0x78, 0xFF, 0x1C, 0x00, 0x00, 0x00, 0x54, 0xFF, 0x3C, 
0x00, 0x00, 0x00, 0x30, 0xFF, 0x60, 0x78, 0xFF, 0x1C, 0x00, 0x00, 0x00, 0x54, 0xFF, 0x3C, 0x00, 
0x00, 0x00, 0x30, 0xFF, 0x60, 0x78, 0xFF, 0x1C, 0x00, 0x00, 0x00, 0x54, 0xFF, 0x3C, 0x00, 0x00, 
0x00, 0x30, 0xFF, 0x60, 0x78, 0xFF, 0x1C, 0x00, 0x00, 0x00, 0x54, 0xFF, 0x3C, 0x00, 0x00, 0x00, 
0x30, 0xFF, 0x60, 0x4C, 0x8E, 0x07, 0x73, 0xBF, 0xC7, 0x9F, 0x2A, 0x00, 0x78, 0xFC, 0xBB, 0xD3, 
0x93, 0x97, 0xF1, 0xF7, 0x28, 0x78, 0xFF, 0xBA, 0x05, 0x00, 0x00, 0x39, 0xFF, 0x88, 0x78, 0xFF, 
0x4C, 0x00, 0x00, 0x00, 0x00, 0xF3, 0xA7, 0x78, 0xFF, 0x28, 0x00, 0x00, 0x00, 0x00, 0xE8, 0xAC, 
0x78, 0xFF, 0x1C, 0x00, 0x00, 0x00, 0x00, 0xE8, 0xAC, 0x78, 0xFF, 0x1C, 0x00, 0x00, 0x00, 0x00, 
0xE8, 0xAC, 0x78, 0xFF, 0x1C, 0x00, 0x00, 0x00, 0x00, 0xE8, 0xAC, 0x78, 0xFF, 0x1C, 0x00, 0x00, 
0x00, 0x00, 0xE8, 0xAC, 0x78, 0xFF, 0x1C, 0x00, 0x00, 0x00, 0x00, 0xE8, 0xAC, 0x00, 0x06, 0x6C, 
0xB9, 0xCC, 0xB0, 0x57, 0x00, 0x00, 0x07, 0xC2, 0xFD, 0xB0, 0x8C, 0xBB, 0xFF, 0x9F, 0x00, 0x79, 
0xFF, 0x5C, 0x00, 0x00, 0x00, 0x7C, 0xFF, 0x53, 0xD2, 0xDD, 0x01, 0x00, 0x00, 0x00, 0x08, 0xF0, 
0xB2, 0xF8, 0xB1, 0x00, 0x00, 0x00, 0x00, 0x00, 0xCB, 0xDB, 0xFA, 0xAA, 0x00, 0x00, 0x00, 0x00, 
0x00, 0xC2, 0xE5, 0xDE, 0xC9, 0x00, 0x00, 0x00, 0x00, 0x00, 0xE2, 0xC9, 0x92, 0xFE, 0x26, 0x00, 
0x00, 0x00, 0x40, 0xFF, 0x82, 0x18, 0xEB, 0xDE, 0x55, 0x30, 0x5E, 0xEA, 0xE4, 0x13, 0x00, 0x26, 
0xC0, 0xFF, 0xFF, 0xFE, 0xBA, 0x22, 0x00, 0x00, 0x00, 0x00, 0x13, 0x2A, 0x11, 0x00, 0x00, 0x00, 
0x4C, 0x90, 0x07, 0x7A, 0xC2, 0xCA, 0x93, 0x1A, 0x00, 0x00, 0x78, 0xFC, 0xBC, 0xCD, 0x8F, 0xA5, 
0xF8, 0xE5, 0x1A, 0x00, 0x78, 0xFF, 0xB5, 0x03, 0x00, 0x00, 0x49, 0xFF, 0x9C, 0x00, 0x78, 0xFF, 
0x4C, 0x00, 0x00, 0x00, 0x00, 0xCE, 0xE8, 0x00, 0x78, 0xFF, 0x27, 0x00, 0x00, 0x00, 0x00, 0xA2, 
0xFF, 0x09, 0x78, 0xFF, 0x24, 0x00, 0x00, 0x00, 0x00, 0x97, 0xFF, 0x0D, 0x78, 0xFF, 0x3D, 0x00, 
0x00, 0x00, 0x00, 0xB7, 0xF5, 0x01, 0x78, 0xFF, 0x8A, 0x00, 0x00, 0x00, 0x17, 0xF6, 0xB9, 0x00, 
0x78, 0xFF, 0xF0, 0x7A, 0x35, 0x41, 0xCB, 0xFE, 0x41, 0x00, 0x78, 0xFF, 0x48, 0xD8, 0xFF, 0xFF, 
0xE9, 0x59, 0x00, 0x00, 0x78, 0xFF, 0x1B, 0x00, 0x20, 0x26, 0x03, 0x00, 0x00, 0x00, 0x78, 0xFF, 
0x1C, 0x00, 0x00, 0x00, 0x00, 0x00, 0x00, 0x00, 0x78, 0xFF, 0x1C, 0x00, 0x00, 0x00, 0x00, 0x00, 
0x00, 0x00, 0x78, 0xFF, 0x1C, 0x00, 0x00, 0x00, 0x00, 0x00, 0x00, 0x00, 0x25, 0x50, 0x08, 0x00, 
0x00, 0x00, 0x00, 0x00, 0x00, 0x00, 0x00, 0x00, 0x12, 0x88, 0xC7, 0xC5, 0x84, 0x0B, 0x7F, 0x59, 
0x00, 0x0F, 0xD9, 0xF7, 0x9A, 0x8C, 0xCA, 0xC9, 0xED, 0x8C, 0x00, 0x88, 0xFF, 0x4D, 0x00, 0x00, 
0x02, 0xAE, 0xFF, 0x8C, 0x00, 0xD7, 0xDD, 0x00, 0x00, 0x00, 0x00, 0x3F, 0xFF, 0x8C, 0x00, 0xF9, 
0xB2, 0x00, 0x00, 0x00, 0x00, 0x1A, 0xFF, 0x8C, 0x01, 0xFE, 0xA8, 0x00, 0x00, 0x00, 0x00, 0x0B, 
0xFF, 0x8C, 0x00, 0xE9, 0xC4, 0x00, 0x00, 0x00, 0x00, 0x24, 0xFF, 0x8C, 0x00, 0xAD, 0xFC, 0x1D, 
0x00, 0x00, 0x00, 0x6C, 0xFF, 0x8C, 0x00, 0x39, 0xFD, 0xD3, 0x4A, 0x31, 0x6A, 0xE3, 0xFD, 0x8C, 
0x00, 0x00, 0x52, 0xE6, 0xFF, 0xFF, 0xDA, 0x40, 0xFF, 0x8C, 0x00, 0x00, 0x00, 0x03, 0x25, 0x20, 
0x01, 0x0B, 0xFF, 0x8C, 0x00, 0x00, 0x00, 0x00, 0x00, 0x00, 0x00, 0x0C, 0xFF, 0x8C, 0x00, 0x00, 
0x00, 0x00, 0x00, 0x00, 0x00, 0x0C, 0xFF, 0x8C, 0x00, 0x00, 0x00, 0x00, 0x00, 0x00, 0x00, 0x0C, 
0xFF, 0x8C, 0x00, 0x00, 0x00, 0x00, 0x00, 0x00, 0x00, 0x03, 0x50, 0x2B, 0x4C, 0x8C, 0x00, 0x5A, 
0xBE, 0xCB, 0x14, 0x78, 0xF0, 0x73, 0xF5, 0xAD, 0xAA, 0x03, 0x78, 0xFF, 0xE0, 0x20, 0x00, 0x00, 
0x00, 0x78, 0xFF, 0x60, 0x00, 0x00, 0x00, 0x00, 0x78, 0xFF, 0x25, 0x00, 0x00, 0x00, 0x00, 0x78, 
0xFF, 0x1C, 0x00, 0x00, 0x00, 0x00, 0x78, 0xFF, 0x1C, 0x00, 0x00, 0x00, 0x00, 0x78, 0xFF, 0x1C, 
0x00, 0x00, 0x00, 0x00, 0x78, 0xFF, 0x1C, 0x00, 0x00, 0x00, 0x00, 0x78, 0xFF, 0x1C, 0x00, 0x00, 
0x00, 0x00, 0x00, 0x06, 0x68, 0xB5, 0xCC, 0xB9, 0x8C, 0x2A, 0x00, 0xA6, 0xF6, 0x99, 0x80, 0x9F, 
0xE2, 0x51, 0x07, 0xFB, 0x84, 0x00, 0x00, 0x00, 0x01, 0x01, 0x02, 0xEC, 0xD2, 0x23, 0x00, 0x00, 
0x00, 0x00, 0x00, 0x48, 0xED, 0xFC, 0xB2, 0x49, 0x00, 0x00, 0x00, 0x00, 0x0E, 0x71, 0xD9, 0xFF, 
0xC8, 0x1A, 0x00, 0x00, 0x00, 0x00, 0x01, 0x5E, 0xFB, 0xA5, 0x00, 0x00, 0x00, 0x00, 0x00, 0x00, 
0xC9, 0xC8, 0x0D, 0xA7, 0x51, 0x29, 0x24, 0x69, 0xFA, 0x8B, 0x09, 0xC5, 0xFF, 0xFF, 0xFF, 0xF5, 
0x93, 0x09, 0x00, 0x00, 0x12, 0x2B, 0x20, 0x05, 0x00, 0x00, 0x00, 0x00, 0xB7, 0x33, 0x00, 0x00, 
0x00, 0x00, 0x1F, 0xFF, 0x3C, 0x00, 0x00, 0x00, 0x3F, 0xC4, 0xFF, 0xB9, 0xA4, 0xA4, 0x05, 0x6A, 
0xB9, 0xFF, 0xAD, 0x94, 0x94, 0x04, 0x00, 0x58, 0xFF, 0x3C, 0x00, 0x00, 0x00, 0x00, 0x58, 0xFF, 
0x3C, 0x00, 0x00, 0x00, 0x00, 0x58, 0xFF, 0x3C, 0x00, 0x00, 0x00, 0x00, 0x58, 0xFF, 0x3C, 0x00, 
0x00, 0x00, 0x00, 0x58, 0xFF, 0x3C, 0x00, 0x00, 0x00, 0x00, 0x50, 0xFF, 0x48, 0x00, 0x00, 0x00, 
0x00, 0x24, 0xFF, 0xBC, 0x2A, 0x30, 0x08, 0x00, 0x00, 0x7C, 0xFB, 0xFF, 0xFD, 0x19, 0x00, 0x00, 
0x00, 0x0E, 0x2A, 0x11, 0x00, 0x5E, 0xA4, 0x05, 0x00, 0x00, 0x00, 0x00, 0xA1, 0x61, 0x94, 0xFF, 
0x08, 0x00, 0x00, 0x00, 0x00, 0xFC, 0x98, 0x94, 0xFF, 0x08, 0x00, 0x00, 0x00, 0x00, 0xFC, 0x98, 
0x94, 0xFF, 0x08, 0x00, 0x00, 0x00, 0x00, 0xFC, 0x98, 0x94, 0xFF, 0x08, 0x00, 0x00, 0x00, 0x00, 
0xFC, 0x98, 0x94, 0xFF, 0x08, 0x00, 0x00, 0x00, 0x03, 0xFE, 0x98, 0x92, 0xFF, 0x0B, 0x00, 0x00, 
0x00, 0x1B, 0xFF, 0x98, 0x77, 0xFF, 0x31, 0x00, 0x00, 0x00, 0x69, 0xFF, 0x98, 0x33, 0xFE, 0xCA, 
0x40, 0x32, 0x6D, 0xEA, 0xF9, 0x98, 0x00, 0x6B, 0xF1, 0xFF, 0xFF, 0xE2, 0x49, 0xCB, 0x98, 0x00, 
0x00, 0x03, 0x20, 0x22, 0x01, 0x00, 0x00, 0x00, 0x90, 0x83, 0x00, 0x00, 0x00, 0x00, 0x00, 0x6C, 
0xA0, 0x06, 0x91, 0xFD, 0x1B, 0x00, 0x00, 0x00, 0x06, 0xEE, 0xB4, 0x00, 0x30, 0xFF, 0x76, 0x00, 
0x00, 0x00, 0x52, 0xFF, 0x53, 0x00, 0x00, 0xCF, 0xD3, 0x00, 0x00, 0x00, 0xAE, 0xEB, 0x06, 0x00, 
0x00, 0x6E, 0xFF, 0x2F, 0x00, 0x10, 0xF8, 0x90, 0x00, 0x00, 0x00, 0x13, 0xF9, 0x8C, 0x00, 0x66, 
0xFF, 0x2E, 0x00, 0x00, 0x00, 0x00, 0xAC, 0xE5, 0x01, 0xC0, 0xCD, 0x00, 0x00, 0x00, 0x00, 0x00, 
0x4B, 0xFF, 0x53, 0xFD, 0x6B, 0x00, 0x00, 0x00, 0x00, 0x00, 0x03, 0xE6, 0xDD, 0xF8, 0x11, 0x00, 
0x00, 0x00, 0x00, 0x00, 0x00, 0x89, 0xFF, 0xA8, 0x00, 0x00, 0x00, 0x00, 0x79, 0x9F, 0x00, 0x00, 
0x00, 0x00, 0x96, 0xAB, 0x0A, 0x00, 0x00, 0x00, 0x82, 0x93, 0x7A, 0xFF, 0x25, 0x00, 0x00, 0x23, 
0xFF, 0xFF, 0x4F, 0x00, 0x00, 0x05, 0xF4, 0xA0, 0x34, 0xFF, 0x67, 0x00, 0x00, 0x74, 0xE9, 0xC9, 
0x9D, 0x00, 0x00, 0x3D, 0xFF, 0x58, 0x02, 0xEB, 0xA9, 0x00, 0x00, 0xC5, 0xAB, 0x87, 0xE9, 0x02, 
0x00, 0x80, 0xFD, 0x13, 0x00, 0xA8, 0xE9, 0x01, 0x18, 0xFD, 0x63, 0x3F, 0xFF, 0x39, 0x00, 0xC2, 
0xCA, 0x00, 0x00, 0x62, 0xFF, 0x2B, 0x66, 0xFD, 0x16, 0x04, 0xEE, 0x87, 0x0A, 0xFA, 0x83, 0x00, 
0x00, 0x1C, 0xFF, 0x67, 0xAF, 0xC1, 0x00, 0x00, 0xA5, 0xD2, 0x46, 0xFF, 0x3B, 0x00, 0x00, 0x00, 
0xD6, 0xA2, 0xEE, 0x6F, 0x00, 0x00, 0x58, 0xFF, 0x97, 0xF0, 0x04, 0x00, 0x00, 0x00, 0x90, 0xF2, 
0xFF, 0x1E, 0x00, 0x00, 0x10, 0xFB, 0xF4, 0xAD, 0x00, 0x00, 0x00, 0x00, 0x49, 0xFC, 0xC8, 0x00, 
0x00, 0x00, 0x00, 0xBB, 0xFC, 0x65, 0x00, 0x00, 0x2F, 0xA4, 0x52, 0x00, 0x00, 0x00, 0x07, 0x99, 
0x81, 0x00, 0x00, 0xB4, 0xF1, 0x1E, 0x00, 0x00, 0x8B, 0xFC, 0x38, 0x00, 0x00, 0x16, 0xE9, 0xBD, 
0x01, 0x3B, 0xFD, 0x7F, 0x00, 0x00, 0x00, 0x00, 0x4C, 0xFF, 0x7A, 0xDC, 0xC7, 0x03, 0x00, 0x00, 
0x00, 0x00, 0x00, 0x96, 0xFF, 0xF2, 0x22, 0x00, 0x00, 0x00, 0x00, 0x00, 0x00, 0x80, 0xFF, 0xE9, 
0x16, 0x00, 0x00, 0x00, 0x00, 0x00, 0x38, 0xFB, 0x95, 0xE9, 0xB4, 0x00, 0x00, 0x00, 0x00, 0x0C, 
0xDC, 0xCE, 0x05, 0x4F, 0xFF, 0x6C, 0x00, 0x00, 0x00, 0x9D, 0xF8, 0x2B, 0x00, 0x00, 0xA2, 0xF7, 
0x2A, 0x00, 0x51, 0xFF, 0x74, 0x00, 0x00, 0x00, 0x0F, 0xE3, 0xD1, 0x07, 0x8C, 0x87, 0x00, 0x00, 
0x00, 0x00, 0x00, 0x6A, 0xA2, 0x0B, 0x87, 0xFF, 0x24, 0x00, 0x00, 0x00, 0x05, 0xEB, 0xC0, 0x00, 
0x21, 0xFE, 0x85, 0x00, 0x00, 0x00, 0x4C, 0xFF, 0x5F, 0x00, 0x00, 0xB9, 0xE3, 0x02, 0x00, 0x00, 
0xA7, 0xF2, 0x0B, 0x00, 0x00, 0x52, 0xFF, 0x48, 0x00, 0x0C, 0xF5, 0x9C, 0x00, 0x00, 0x00, 0x04, 
0xE6, 0xAA, 0x00, 0x5E, 0xFF, 0x3B, 0x00, 0x00, 0x00, 0x00, 0x84, 0xF7, 0x0F, 0xB7, 0xD9, 0x00, 
0x00, 0x00, 0x00, 0x00, 0x1F, 0xFD, 0x6A, 0xFA, 0x78, 0x00, 0x00, 0x00, 0x00, 0x00, 0x00, 0xB6, 
0xE8, 0xFC, 0x1A, 0x00, 0x00, 0x00, 0x00, 0x00, 0x00, 0x4F, 0xFF, 0xB5, 0x00, 0x00, 0x00, 0x00, 
0x00, 0x00, 0x00, 0x47, 0xFF, 0x54, 0x00, 0x00, 0x00, 0x00, 0x00, 0x00, 0x00, 0xB1, 0xE7, 0x06, 
0x00, 0x00, 0x00, 0x00, 0x04, 0x05, 0x6D, 0xFF, 0x70, 0x00, 0x00, 0x00, 0x00, 0x00, 0xCB, 0xFD, 
0xFF, 0xA0, 0x02, 0x00, 0x00, 0x00, 0x00, 0x00, 0x32, 0x4A, 0x25, 0x00, 0x00, 0x00, 0x00, 0x00, 
0x00, 0x00, 0x00, 0xA1, 0xA4, 0xA4, 0xA4, 0xA4, 0xA4, 0x66, 0x00, 0x91, 0x94, 0x94, 0x94, 0xAF, 
0xFF, 0x8D, 0x00, 0x00, 0x00, 0x00, 0x02, 0xBF, 0xE2, 0x10, 0x00, 0x00, 0x00, 0x00, 0x77, 0xFD, 
0x41, 0x00, 0x00, 0x00, 0x00, 0x30, 0xF9, 0x89, 0x00, 0x00, 0x00, 0x00, 0x08, 0xD5, 0xCE, 0x06, 
0x00, 0x00, 0x00, 0x00, 0x93, 0xF6, 0x29, 0x00, 0x00, 0x00, 0x00, 0x47, 0xFE, 0x6B, 0x00, 0x00, 
0x00, 0x00, 0x13, 0xE6, 0xD5, 0x38, 0x38, 0x38, 0x38, 0x2A, 0x4C, 0xFF, 0xFF, 0xFF, 0xFF, 0xFF, 
0xFF, 0xC4, 0x00, 0x00, 0x00, 0x14, 0x86, 0xC3, 0x39, 0x00, 0x00, 0x05, 0xD0, 0xF4, 0x94, 0x1F, 
0x00, 0x00, 0x33, 0xFF, 0x6B, 0x00, 0x00, 0x00, 0x00, 0x4C, 0xFF, 0x44, 0x00, 0x00, 0x00, 0x00, 
0x4C, 0xFF, 0x44, 0x00, 0x00, 0x00, 0x00, 0x4E, 0xFF, 0x42, 0x00, 0x00, 0x00, 0x00, 0x90, 0xFD, 
0x1E, 0x00, 0x00, 0x59, 0xD4, 0xDE, 0x62, 0x00, 0x00, 0x00, 0x55, 0xCC, 0xE6, 0x6B, 0x00, 0x00, 
0x00, 0x00, 0x00, 0x8D, 0xFE, 0x20, 0x00, 0x00, 0x00, 0x00, 0x4E, 0xFF, 0x42, 0x00, 0x00, 0x00, 
0x00, 0x4C, 0xFF, 0x44, 0x00, 0x00, 0x00, 0x00, 0x4C, 0xFF, 0x44, 0x00, 0x00, 0x00, 0x00, 0x33, 
0xFF, 0x69, 0x00, 0x00, 0x00, 0x00, 0x05, 0xCF, 0xF3, 0x94, 0x1F, 0x00, 0x00, 0x00, 0x13, 0x83, 
0xBF, 0x38, 0x7B, 0x6B, 0xB4, 0x9C, 0xB4, 0x9C, 0xB4, 0x9C, 0xB4, 0x9C, 0xB4, 0x9C, 0xB4, 0x9C, 
0xB4, 0x9C, 0xB4, 0x9C, 0xB4, 0x9C, 0xB4, 0x9C, 0xB4, 0x9C, 0xB4, 0x9C, 0xB4, 0x9C, 0xB4, 0x9C, 
0xB4, 0x9C, 0xB4, 0x9C, 0xB4, 0x9C, 0x3D, 0x35, 0x59, 0xBC, 0x72, 0x09, 0x00, 0x00, 0x00, 0x32, 
0xA0, 0xFC, 0xAD, 0x00, 0x00, 0x00, 0x00, 0x00, 0x92, 0xFE, 0x0C, 0x00, 0x00, 0x00, 0x00, 0x6C, 
0xFF, 0x23, 0x00, 0x00, 0x00, 0x00, 0x6C, 0xFF, 0x24, 0x00, 0x00, 0x00, 0x00, 0x6A, 0xFF, 0x26, 
0x00, 0x00, 0x00, 0x00, 0x46, 0xFF, 0x65, 0x00, 0x00, 0x00, 0x00, 0x00, 0x84, 0xEA, 0xC7, 0x3C, 
0x00, 0x00, 0x00, 0x87, 0xEC, 0xC3, 0x3A, 0x00, 0x00, 0x46, 0xFF, 0x63, 0x00, 0x00, 0x00, 0x00, 
0x6A, 0xFF, 0x26, 0x00, 0x00, 0x00, 0x00, 0x6C, 0xFF, 0x24, 0x00, 0x00, 0x00, 0x00, 0x6C, 0xFF, 
0x24, 0x00, 0x00, 0x00, 0x00, 0x94, 0xFD, 0x0C, 0x00, 0x00, 0x34, 0xA4, 0xFC, 0xA8, 0x00, 0x00, 
0x00, 0x58, 0xBB, 0x70, 0x08, 0x00, 0x00, 0x00, 0x00, 0x17, 0x6A, 0x7B, 0x4C, 0x05, 0x00, 0x00, 
0x09, 0x24, 0x0E, 0xE8, 0xDC, 0xD8, 0xFF, 0xE9, 0x98, 0x82, 0xD7, 0x5C, 0x13, 0x60, 0x00, 0x00, 
0x24, 0x81, 0xC0, 0xC3, 0x77, 0x03, 0x00, 0x54, 0xC6, 0x35, 0xAA, 0xFF, 0x7E, 0x34, 0x90, 0x1E, 
0x00, 0x00, 0x00, 0x23, 0xE2, 0x00, 0x32, 0xFC, 0x00, 0x3F, 0xFF, 0x09, 0x4B, 0xFF, 0x15, 0x58, 
0xFF, 0x21, 0x65, 0xFF, 0x2D, 0x71, 0xFF, 0x3A, 0x7E, 0xFF, 0x46, 0x8A, 0xFF, 0x52, 0x29, 0x48, 
0x19, 0x00, 0x00, 0x00, 0x00, 0x07, 0x02, 0x00, 0x00, 0x00, 0x00, 0x00, 0x00, 0xE0, 0x5C, 0x00, 
0x00, 0x00, 0x00, 0x07, 0x58, 0xEF, 0xB6, 0x6E, 0x22, 0x00, 0x21, 0xDB, 0xFF, 0xE4, 0xD5, 0xF8, 
0x88, 0x00, 0xC1, 0xF6, 0x47, 0x00, 0x00, 0x0C, 0x11, 0x1F, 0xFF, 0x97, 0x00, 0x00, 0x00, 0x00, 
0x00, 0x4B, 0xFF, 0x5D, 0x00, 0x00, 0x00, 0x00, 0x00, 0x57, 0xFF, 0x48, 0x00, 0x00, 0x00, 0x00, 
0x00, 0x49, 0xFF, 0x57, 0x00, 0x00, 0x00, 0x00, 0x00, 0x1B, 0xFF, 0x99, 0x00, 0x00, 0x00, 0x00, 
0x00, 0x00, 0xB7, 0xFA, 0x6B, 0x0D, 0x04, 0x27, 0x38, 0x00, 0x17, 0xC7, 0xFF, 0xFE, 0xFD, 0xFF, 
0x8B, 0x00, 0x00, 0x00, 0x37, 0xEB, 0x99, 0x40, 0x03, 0x00, 0x00, 0x00, 0x00, 0xE0, 0x58, 0x00, 
0x00, 0x00, 0x00, 0x00, 0x00, 0x2A, 0x10, 0x00, 0x00, 0x00, 0x00, 0x00, 0x31, 0xB9, 0xEF, 0xF4, 
0xD3, 0x89, 0x0B, 0x00, 0x00, 0x1F, 0xF1, 0xD0, 0x61, 0x5E, 0x90, 0xC2, 0x01, 0x00, 0x00, 0x7C, 
0xFF, 0x22, 0x00, 0x00, 0x00, 0x00, 0x00, 0x00, 0x00, 0xA0, 0xF4, 0x00, 0x00, 0x00, 0x00, 0x00, 
0x00, 0x00, 0x00, 0xA4, 0xF0, 0x00, 0x00, 0x00, 0x00, 0x00, 0x00, 0x00, 0x00, 0xA4, 0xF0, 0x00, 
0x00, 0x00, 0x00, 0x00, 0x00, 0x5B, 0xF4, 0xFB, 0xFF, 0xF4, 0xF4, 0xF4, 0x94, 0x00, 0x00, 0x16, 
0x3C, 0xB9, 0xF3, 0x3C, 0x3C, 0x3C, 0x24, 0x00, 0x00, 0x00, 0x00, 0xA4, 0xF0, 0x00, 0x00, 0x00, 
0x00, 0x00, 0x00, 0x00, 0x00, 0xB0, 0xE5, 0x00, 0x00, 0x00, 0x00, 0x00, 0x00, 0x00, 0x0C, 0xE9, 
0xA3, 0x00, 0x00, 0x00, 0x00, 0x00, 0x00, 0x2C, 0xCC, 0xF6, 0x7A, 0x70, 0x70, 0x70, 0x70, 0x70, 
0x46, 0x6C, 0xFF, 0xFF, 0xFF, 0xFF, 0xFF, 0xFF, 0xFF, 0xFF, 0xA0, 0x1B, 0x0F, 0x00, 0x00, 0x00, 
0x00, 0x01, 0x2A, 0x00, 0xAF, 0xCB, 0x72, 0xC7, 0xD1, 0x8F, 0x9E, 0xE9, 0x0A, 0x15, 0xE9, 0xE9, 
0x69, 0x56, 0xC5, 0xFF, 0x45, 0x00, 0x23, 0xFB, 0x2D, 0x00, 0x00, 0x0A, 0xD4, 0x6B, 0x00, 0x55, 
0xDC, 0x00, 0x00, 0x00, 0x00, 0x8C, 0xA0, 0x00, 0x39, 0xF5, 0x0E, 0x00, 0x00, 0x00, 0xB5, 0x88, 
0x00, 0x02, 0xE7, 0xC2, 0x26, 0x15, 0x8A, 0xFF, 0x35, 0x00, 0x91, 0xEF, 0xBA, 0xFF, 0xFF, 0xD8, 
0xD7, 0xCB, 0x08, 0x45, 0x31, 0x00, 0x10, 0x19, 0x00, 0x14, 0x6D, 0x00, 0x73, 0xDA, 0x1F, 0x00, 
0x00, 0x00, 0x00, 0x01, 0xBB, 0xAC, 0x15, 0xF2, 0x9C, 0x00, 0x00, 0x00, 0x00, 0x57, 0xFF, 0x48, 
0x00, 0x80, 0xFB, 0x23, 0x00, 0x00, 0x02, 0xD7, 0xBF, 0x00, 0x00, 0x0D, 0xEB, 0xA1, 0x00, 0x00, 
0x5E, 0xFF, 0x36, 0x00, 0x00, 0x00, 0x71, 0xFC, 0x26, 0x04, 0xDC, 0xAC, 0x00, 0x00, 0x00, 0x00, 
0x07, 0xE1, 0xA5, 0x65, 0xFB, 0x27, 0x00, 0x00, 0x00, 0x0A, 0x1C, 0x79, 0xFD, 0xE9, 0xAB, 0x1C, 
0x11, 0x00, 0x00, 0x5C, 0xFF, 0xFF, 0xFF, 0xFF, 0xFF, 0xFF, 0xA0, 0x00, 0x00, 0x04, 0x0C, 0x0C, 
0xA8, 0xE9, 0x0C, 0x0C, 0x07, 0x00, 0x00, 0x2B, 0x78, 0x78, 0xCF, 0xF3, 0x78, 0x78, 0x4B, 0x00, 
0x00, 0x3D, 0xAC, 0xAC, 0xE1, 0xF8, 0xAC, 0xAC, 0x6B, 0x00, 0x00, 0x00, 0x00, 0x00, 0xA4, 0xE8, 
0x00, 0x00, 0x00, 0x00, 0x00, 0x00, 0x00, 0x00, 0xA4, 0xE8, 0x00, 0x00, 0x00, 0x00, 0x7B, 0x6B, 
0xB4, 0x9C, 0xB4, 0x9C, 0xB4, 0x9C, 0xB4, 0x9C, 0xB4, 0x9C, 0xB4, 0x9C, 0x1E, 0x1A, 0x00, 0x00, 
0x00, 0x00, 0x00, 0x00, 0x5C, 0x50, 0xB4, 0x9C, 0xB4, 0x9C, 0xB4, 0x9C, 0xB4, 0x9C, 0xB4, 0x9C, 
0xB4, 0x9C, 0x3D, 0x35, 0x00, 0x44, 0x9D, 0xBA, 0xBA, 0x93, 0x42, 0x00, 0x5E, 0xFE, 0xA3, 0x7A, 
0x8C, 0xBE, 0x9A, 0x00, 0xAF, 0xCC, 0x00, 0x00, 0x00, 0x00, 0x00, 0x00, 0x7C, 0xFD, 0x7F, 0x10, 
0x00, 0x00, 0x00, 0x00, 0x03, 0xBD, 0xFF, 0xF6, 0x9B, 0x25, 0x00, 0x00, 0x5C, 0xF4, 0x57, 0x61, 
0xD0, 0xF7, 0x54, 0x00, 0xBE, 0x9F, 0x00, 0x00, 0x02, 0xAD, 0xEA, 0x00, 0xB3, 0xD6, 0x0C, 0x00, 
0x00, 0x62, 0xFB, 0x03, 0x36, 0xEF, 0xE2, 0x6E, 0x29, 0xD2, 0xA5, 0x00, 0x00, 0x18, 0x88, 0xEE, 
0xFF, 0xEF, 0x1A, 0x00, 0x00, 0x00, 0x00, 0x08, 0x68, 0xF2, 0xBB, 0x00, 0x00, 0x00, 0x00, 0x00, 
0x00, 0x8F, 0xFD, 0x01, 0xA0, 0x5C, 0x33, 0x23, 0x4D, 0xE1, 0xC4, 0x00, 0x9D, 0xF0, 0xFF, 0xFF, 
0xF0, 0x9C, 0x18, 0x00, 0x00, 0x00, 0x11, 0x0D, 0x00, 0x00, 0x00, 0x00, 0x00, 0x0D, 0x00, 0x00, 
0x0A, 0x03, 0x31, 0xFE, 0x40, 0x00, 0xD2, 0x9C, 0x0F, 0x8C, 0x16, 0x00, 0x69, 0x47, 0x00, 0x00, 
0x00, 0x00, 0x00, 0x00, 0x00, 0x02, 0x00, 0x00, 0x00, 0x00, 0x00, 0x00, 0x00, 0x00, 0x00, 0x00, 
0x02, 0x5D, 0xBC, 0xF1, 0xF2, 0xED, 0xB4, 0x4F, 0x00, 0x00, 0x00, 0x00, 0x00, 0x00, 0x14, 0xC2, 
0xBF, 0x4A, 0x0A, 0x00, 0x08, 0x4C, 0xC8, 0xB1, 0x0C, 0x00, 0x00, 0x00, 0x05, 0xC5, 0x8B, 0x01, 
0x00, 0x31, 0x64, 0x5B, 0x1D, 0x03, 0xA0, 0xB4, 0x01, 0x00, 0x00, 0x69, 0xBD, 0x01, 0x00, 0x9C, 
0xFC, 0xCE, 0xD8, 0xD5, 0x00, 0x05, 0xD0, 0x57, 0x00, 0x00, 0xCE, 0x46, 0x00, 0x56, 0xFF, 0x46, 
0x00, 0x00, 0x0F, 0x00, 0x00, 0x57, 0xBF, 0x00, 0x08, 0xFC, 0x05, 0x00, 0xA8, 0xC3, 0x00, 0x00, 
0x00, 0x00, 0x00, 0x00, 0x0F, 0xFA, 0x02, 0x1A, 0xEA, 0x00, 0x00, 0xC1, 0xA3, 0x00, 0x00, 0x00, 
0x00, 0x00, 0x00, 0x00, 0xF6, 0x11, 0x0B, 0xF8, 0x02, 0x00, 0xA9, 0xB6, 0x00, 0x00, 0x00, 0x00, 
0x00, 0x00, 0x08, 0xFD, 0x04, 0x00, 0xD9, 0x38, 0x00, 0x68, 0xF7, 0x1D, 0x00, 0x00, 0x00, 0x00, 
0x00, 0x46, 0xD0, 0x00, 0x00, 0x7C, 0xAE, 0x00, 0x06, 0xD1, 0xE9, 0xA0, 0xA5, 0x9F, 0x00, 0x00, 
0xBA, 0x74, 0x00, 0x00, 0x0C, 0xDA, 0x70, 0x00, 0x0B, 0x6A, 0x95, 0x85, 0x36, 0x00, 0x7C, 0xD7, 
0x09, 0x00, 0x00, 0x00, 0x24, 0xDB, 0xA1, 0x24, 0x00, 0x00, 0x00, 0x29, 0xAA, 0xD9, 0x22, 0x00, 
0x00, 0x00, 0x00, 0x00, 0x0E, 0x84, 0xE4, 0xE1, 0xCD, 0xE3, 0xE2, 0x81, 0x0D, 0x00, 0x00, 0x00, 
0x00, 0x00, 0x00, 0x00, 0x00, 0x00, 0x1A, 0x2A, 0x18, 0x00, 0x00, 0x00, 0x00, 0x00, 0x00, 0x01, 
0xA5, 0xE7, 0xF1, 0xBA, 0x12, 0x00, 0x39, 0x0A, 0x0C, 0xBF, 0x74, 0x00, 0x21, 0x70, 0x8E, 0xD4, 
0x8B, 0x2B, 0xED, 0x6D, 0x42, 0xAE, 0x8C, 0x5F, 0xD5, 0x00, 0x0A, 0xD3, 0x8C, 0x19, 0xDF, 0xE3, 
0xCB, 0xA1, 0x8C, 0x00, 0x02, 0x10, 0x00, 0x00, 0x00, 0x00, 0x00, 0x00, 0x33, 0x18, 0x00, 0x00, 
0x49, 0x01, 0x00, 0x00, 0x24, 0xED, 0x91, 0x00, 0x7D, 0xF8, 0x2D, 0x00, 0x10, 0xD8, 0xC4, 0x06, 
0x56, 0xFE, 0x5E, 0x00, 0x04, 0xBA, 0xE2, 0x16, 0x36, 0xF6, 0x8C, 0x00, 0x00, 0x24, 0xF7, 0x9D, 
0x00, 0x8B, 0xFE, 0x32, 0x00, 0x00, 0x00, 0x57, 0xFE, 0x61, 0x05, 0xBE, 0xE0, 0x15, 0x00, 0x00, 
0x00, 0x7F, 0xF9, 0x39, 0x11, 0xD9, 0xC1, 0x05, 0x00, 0x00, 0x00, 0xA1, 0x77, 0x00, 0x24, 0xC9, 
0x2A, 0x17, 0xFC, 0xFC, 0xFC, 0xFC, 0xFC, 0xFC, 0xFC, 0xFC, 0x5A, 0x07, 0x4C, 0x4C, 0x4C, 0x4C, 
0x4C, 0x4C, 0x4C, 0xF1, 0x5C, 0x00, 0x00, 0x00, 0x00, 0x00, 0x00, 0x00, 0x00, 0xEC, 0x5C, 0x00, 
0x00, 0x00, 0x00, 0x00, 0x00, 0x00, 0x00, 0xEC, 0x5C, 0x00, 0x00, 0x00, 0x00, 0x00, 0x00, 0x00, 
0x00, 0xA5, 0x40, 0x26, 0x88, 0x88, 0x88, 0x88, 0x0A, 0x3F, 0xE0, 0xE0, 0xE0, 0xE0, 0x11, 0x00, 
0x00, 0x00, 0x00, 0x00, 0x00, 0x00, 0x02, 0x00, 0x00, 0x00, 0x00, 0x00, 0x00, 0x00, 0x00, 0x00, 
0x00, 0x02, 0x5D, 0xBC, 0xF1, 0xF2, 0xED, 0xB4, 0x4F, 0x00, 0x00, 0x00, 0x00, 0x00, 0x00, 0x14, 
0xC2, 0xBF, 0x4A, 0x0A, 0x00, 0x08, 0x4C, 0xC8, 0xB1, 0x0C, 0x00, 0x00, 0x00, 0x05, 0xC5, 0x8B, 
0x01, 0x56, 0x58, 0x51, 0x2D, 0x00, 0x03, 0xA0, 0xB4, 0x01, 0x00, 0x00, 0x69, 0xBD, 0x01, 0x00, 
0xFC, 0xE0, 0xD3, 0xFC, 0xA3, 0x00, 0x05, 0xD0, 0x57, 0x00, 0x00, 0xCE, 0x46, 0x00, 0x00, 0xFC, 
0x64, 0x00, 0x5E, 0xFF, 0x17, 0x00, 0x57, 0xBF, 0x00, 0x08, 0xFC, 0x05, 0x00, 0x00, 0xFC, 0x64, 
0x00, 0x62, 0xFE, 0x15, 0x00, 0x0F, 0xFA, 0x02, 0x1A, 0xEA, 0x00, 0x00, 0x00, 0xFC, 0xD4, 0xC1, 
0xF9, 0x7F, 0x00, 0x00, 0x00, 0xF6, 0x11, 0x0B, 0xF8, 0x02, 0x00, 0x00, 0xFC, 0xA3, 0x99, 0xF2, 
0x19, 0x00, 0x00, 0x08, 0xFD, 0x04, 0x00, 0xD9, 0x38, 0x00, 0x00, 0xFC, 0x64, 0x05, 0xD7, 0xA5, 
0x00, 0x00, 0x46, 0xD0, 0x00, 0x00, 0x7C, 0xAE, 0x00, 0x00, 0xFC, 0x64, 0x00, 0x48, 0xFF, 0x3F, 
0x00, 0xBA, 0x74, 0x00, 0x00, 0x0C, 0xDA, 0x70, 0x00, 0x81, 0x33, 0x00, 0x00, 0x6E, 0x5C, 0x7C, 
0xD7, 0x09, 0x00, 0x00, 0x00, 0x24, 0xDB, 0xA1, 0x24, 0x00, 0x00, 0x00, 0x29, 0xAA, 0xD9, 0x22, 
0x00, 0x00, 0x00, 0x00, 0x00, 0x0E, 0x84, 0xE4, 0xE1, 0xCD, 0xE3, 0xE2, 0x81, 0x0D, 0x00, 0x00, 
0x00, 0x00, 0x00, 0x00, 0x00, 0x00, 0x00, 0x1A, 0x2A, 0x18, 0x00, 0x00, 0x00, 0x00, 0x00, 0x00, 
0x0A, 0xE0, 0xE0, 0xE0, 0xE0, 0xE0, 0xE0, 0xE0, 0xE0, 0xE0, 0x0A, 0x03, 0x50, 0x50, 0x50, 0x50, 
0x50, 0x50, 0x50, 0x50, 0x50, 0x03, 0x00, 0x00, 0x01, 0x00, 0x00, 0x00, 0x1A, 0xB3, 0xF6, 0xEB, 
0x84, 0x01, 0xB5, 0xA3, 0x13, 0x28, 0xDA, 0x65, 0xF6, 0x33, 0x00, 0x00, 0x7F, 0xA9, 0xE0, 0x56, 
0x00, 0x00, 0xA2, 0x93, 0x5E, 0xF0, 0x9F, 0xB2, 0xEA, 0x21, 0x00, 0x2E, 0x70, 0x65, 0x13, 0x00, 
0x00, 0x00, 0x00, 0x00, 0x65, 0x99, 0x00, 0x00, 0x00, 0x00, 0x00, 0x00, 0x00, 0x00, 0x84, 0xC8, 
0x00, 0x00, 0x00, 0x00, 0x00, 0x00, 0x00, 0x00, 0x84, 0xC8, 0x00, 0x00, 0x00, 0x00, 0x00, 0x08, 
0x08, 0x08, 0x87, 0xC9, 0x08, 0x08, 0x08, 0x02, 0x18, 0xFF, 0xFF, 0xFF, 0xFF, 0xFF, 0xFF, 0xFF, 
0xFF, 0x5C, 0x05, 0x3C, 0x3C, 0x3C, 0xA1, 0xD5, 0x3C, 0x3C, 0x3C, 0x15, 0x00, 0x00, 0x00, 0x00, 
0x84, 0xC8, 0x00, 0x00, 0x00, 0x00, 0x00, 0x00, 0x00, 0x00, 0x84, 0xC8, 0x00, 0x00, 0x00, 0x00, 
0x00, 0x00, 0x00, 0x00, 0x7D, 0xBE, 0x00, 0x00, 0x00, 0x00, 0x06, 0x48, 0x48, 0x48, 0x48, 0x48, 
0x48, 0x48, 0x48, 0x1B, 0x18, 0xFF, 0xFF, 0xFF, 0xFF, 0xFF, 0xFF, 0xFF, 0xFF, 0x60, 0x00, 0x00, 
0x9D, 0xC4, 0x22, 0x00, 0x55, 0xFF, 0x6A, 0x00, 0x17, 0xE9, 0x6D, 0x00, 0x00, 0x06, 0x13, 0x00, 
0x00, 0x00, 0x4C, 0xA4, 0x11, 0x00, 0x00, 0x00, 0x00, 0x94, 0x70, 0x78, 0xFF, 0x1C, 0x00, 0x00, 
0x00, 0x00, 0xE8, 0xB0, 0x78, 0xFF, 0x1C, 0x00, 0x00, 0x00, 0x00, 0xE8, 0xB0, 0x78, 0xFF, 0x1C, 
0x00, 0x00, 0x00, 0x00, 0xE8, 0xB0, 0x78, 0xFF, 0x1C, 0x00, 0x00, 0x00, 0x00, 0xE8, 0xB0, 0x78, 
0xFF, 0x1C, 0x00, 0x00, 0x00, 0x00, 0xED, 0xB0, 0x78, 0xFF, 0x1E, 0x00, 0x00, 0x00, 0x07, 0xFE, 
0xB0, 0x78, 0xFF, 0x45, 0x00, 0x00, 0x00, 0x52, 0xFF, 0xB0, 0x78, 0xFF, 0xD6, 0x47, 0x30, 0x62, 
0xE7, 0xF2, 0xB0, 0x78, 0xFF, 0xB0, 0xFF, 0xFF, 0xED, 0x56, 0xB1, 0xB0, 0x78, 0xFF, 0x15, 0x11, 
0x26, 0x05, 0x00, 0x00, 0x00, 0x78, 0xFF, 0x1A, 0x00, 0x00, 0x00, 0x00, 0x00, 0x00, 0x78, 0xFF, 
0x1C, 0x00, 0x00, 0x00, 0x00, 0x00, 0x00, 0x78, 0xFF, 0x1C, 0x00, 0x00, 0x00, 0x00, 0x00, 0x00, 
0x25, 0x50, 0x08, 0x00, 0x00, 0x00, 0x00, 0x00, 0x00, 0x00, 0x16, 0x77, 0xA4, 0xB0, 0xB0, 0xB0, 
0xB0, 0x9A, 0x20, 0xE9, 0xFF, 0xFF, 0xFF, 0xFF, 0x54, 0x6E, 0xE0, 0xA2, 0xFF, 0xFF, 0xFF, 0xFF, 
0xFF, 0x00, 0x28, 0xE0, 0xE5, 0xFF, 0xFF, 0xFF, 0xFF, 0xFF, 0x00, 0x28, 0xE0, 0xFB, 0xFF, 0xFF, 
0xFF, 0xFF, 0xFF, 0x00, 0x28, 0xE0, 0xF7, 0xFF, 0xFF, 0xFF, 0xFF, 0xFF, 0x00, 0x28, 0xE0, 0xD6, 
0xFF, 0xFF, 0xFF, 0xFF, 0xFF, 0x00, 0x28, 0xE0, 0x7E, 0xFF, 0xFF, 0xFF, 0xFF, 0xFF, 0x00, 0x28, 
0xE0, 0x07, 0xA6, 0xFE, 0xFF, 0xFF, 0xFF, 0x00, 0x28, 0xE0, 0x00, 0x00, 0x17, 0x39, 0x35, 0xFF, 
0x00, 0x28, 0xE0, 0x00, 0x00, 0x00, 0x00, 0x0C, 0xFF, 0x00, 0x28, 0xE0, 0x00, 0x00, 0x00, 0x00, 
0x0C, 0xFF, 0x00, 0x28, 0xE0, 0x00, 0x00, 0x00, 0x00, 0x0C, 0xFF, 0x00, 0x28, 0xE0, 0x00, 0x00, 
0x00, 0x00, 0x0C, 0xFF, 0x00, 0x28, 0xE0, 0x00, 0x00, 0x00, 0x00, 0x0C, 0xFF, 0x00, 0x28, 0xE0, 
0x00, 0x00, 0x00, 0x00, 0x0C, 0xFF, 0x00, 0x28, 0xE0, 0x00, 0x00, 0x00, 0x00, 0x03, 0x48, 0x00, 
0x0B, 0x3F, 0x03, 0x20, 0x00, 0x92, 0xFF, 0x63, 0x98, 0xFF, 0x69, 0x08, 0x33, 0x01, 0x00, 0x94, 
0x79, 0x00, 0x02, 0xAD, 0xE2, 0x54, 0x00, 0x00, 0x8C, 0xC2, 0x87, 0xB3, 0xF1, 0x68, 0x33, 0x46, 
0x1C, 0x00, 0x00, 0x4E, 0xD5, 0xF1, 0xC3, 0x2C, 0x00, 0x1C, 0xF1, 0x37, 0x02, 0x6D, 0xD8, 0x02, 
0x58, 0xC3, 0x00, 0x00, 0x03, 0xFC, 0x1F, 0x5A, 0xC0, 0x00, 0x00, 0x02, 0xFA, 0x22, 0x22, 0xF0, 
0x23, 0x00, 0x58, 0xDF, 0x02, 0x00, 0x60, 0xE9, 0xE3, 0xDA, 0x38, 0x00, 0x00, 0x00, 0x01, 0x10, 
0x00, 0x00, 0x00, 0x00, 0x44, 0x07, 0x00, 0x0E, 0x3D, 0x00, 0x00, 0x00, 0x14, 0xE9, 0xA3, 0x00, 
0x6E, 0xF8, 0x3B, 0x00, 0x00, 0x00, 0x3C, 0xFA, 0x7A, 0x00, 0xA6, 0xEB, 0x21, 0x00, 0x00, 0x00, 
0x65, 0xFE, 0x53, 0x09, 0xCC, 0xD5, 0x0F, 0x00, 0x00, 0x18, 0xF1, 0xAF, 0x00, 0x79, 0xFE, 0x44, 
0x00, 0x07, 0xC6, 0xD8, 0x10, 0x42, 0xFB, 0x7B, 0x00, 0x00, 0x9E, 0xEC, 0x23, 0x22, 0xEC, 0xA1, 
0x00, 0x00, 0x14, 0xC4, 0x3E, 0x00, 0x5B, 0xB6, 0x06, 0x00, 0x00, 0x00, 0x00, 0x00, 0x37, 0xC7, 
0x50, 0x00, 0x00, 0x00, 0x00, 0x00, 0x82, 0xFF, 0xA2, 0x00, 0x00, 0x00, 0x00, 0x00, 0x20, 0x91, 
0x32, 0x00, 0x00, 0x00, 0x00, 0x00, 0x00, 0x00, 0x00, 0x00, 0x00, 0x00, 0x00, 0x00, 0x06, 0xF4, 
0x39, 0x00, 0x00, 0x00, 0x00, 0x00, 0x45, 0xFF, 0x1E, 0x00, 0x00, 0x00, 0x00, 0x26, 0xE3, 0xB3, 
0x00, 0x00, 0x00, 0x00, 0x37, 0xEB, 0xC5, 0x10, 0x00, 0x00, 0x00, 0x16, 0xEA, 0xB9, 0x08, 0x00, 
0x00, 0x00, 0x00, 0x6A, 0xFF, 0x1A, 0x00, 0x00, 0x00, 0x00, 0x00, 0x83, 0xFA, 0x03, 0x00, 0x00, 
0x00, 0x00, 0x00, 0x50, 0xFF, 0x7F, 0x07, 0x03, 0x23, 0x7B, 0x1A, 0x00, 0xA1, 0xFF, 0xFD, 0xFA, 
0xFF, 0xF2, 0x50, 0x00, 0x00, 0x31, 0x62, 0x64, 0x43, 0x0B, 0x00, 0x00, 0x00, 0x00, 0x19, 0xC1, 
0xA5, 0x00, 0x00, 0x00, 0x00, 0x00, 0x00, 0x00, 0x00, 0x00, 0x00, 0x60, 0xFE, 0x5D, 0x00, 0x00, 
0x00, 0x00, 0x00, 0x00, 0x00, 0x00, 0x00, 0x00, 0x66, 0xEB, 0x1F, 0x00, 0x00, 0x00, 0x00, 0x00, 
0x00, 0x00, 0x00, 0x00, 0x00, 0x12, 0x08, 0x00, 0x00, 0x00, 0x00, 0x00, 0x00, 0x00, 0x00, 0x25, 
0xE7, 0x98, 0x00, 0x00, 0x00, 0x00, 0x00, 0x00, 0x00, 0x00, 0x00, 0x88, 0xFC, 0xF6, 0x10, 0x00, 
0x00, 0x00, 0x00, 0x00, 0x00, 0x00, 0x04, 0xE7, 0x9A, 0xFC, 0x6A, 0x00, 0x00, 0x00, 0x00, 0x00, 
0x00, 0x00, 0x4F, 0xFF, 0x3A, 0xB9, 0xCD, 0x00, 0x00, 0x00, 0x00, 0x00, 0x00, 0x00, 0xB3, 0xDC, 
0x00, 0x5B, 0xFF, 0x30, 0x00, 0x00, 0x00, 0x00, 0x00, 0x19, 0xFC, 0x7C, 0x00, 0x0A, 0xF2, 0x93, 
0x00, 0x00, 0x00, 0x00, 0x00, 0x7A, 0xFD, 0x1E, 0x00, 0x00, 0x9E, 0xEE, 0x08, 0x00, 0x00, 0x00, 
0x01, 0xDC, 0xE3, 0x6C, 0x6C, 0x6C, 0x9C, 0xFF, 0x5A, 0x00, 0x00, 0x00, 0x41, 0xFF, 0xFF, 0xFF, 
0xFF, 0xFF, 0xFF, 0xFF, 0xBD, 0x00, 0x00, 0x00, 0xA4, 0xF1, 0x0D, 0x04, 0x04, 0x04, 0x04, 0x8D, 
0xFE, 0x21, 0x00, 0x10, 0xF6, 0x99, 0x00, 0x00, 0x00, 0x00, 0x00, 0x29, 0xFF, 0x83, 0x00, 0x6B, 
0xFF, 0x37, 0x00, 0x00, 0x00, 0x00, 0x00, 0x00, 0xC5, 0xE3, 0x03, 0xCE, 0xD5, 0x00, 0x00, 0x00, 
0x00, 0x00, 0x00, 0x00, 0x62, 0xFF, 0x4A, 0x00, 0x00, 0x00, 0x00, 0x00, 0x00, 0x9D, 0xC4, 0x22, 
0x00, 0x00, 0x00, 0x00, 0x00, 0x00, 0x00, 0x00, 0x55, 0xFF, 0x6A, 0x00, 0x00, 0x00, 0x00, 0x00, 
0x00, 0x00, 0x00, 0x17, 0xE9, 0x6D, 0x00, 0x00, 0x00, 0x00, 0x00, 0x00, 0x00, 0x00, 0x00, 0x06, 
0x13, 0x00, 0x00, 0x00, 0x00, 0x00, 0x00, 0x00, 0x00, 0x00, 0x00, 0x25, 0xE7, 0x98, 0x00, 0x00, 
0x00, 0x00, 0x00, 0x00, 0x00, 0x00, 0x00, 0x88, 0xFC, 0xF6, 0x10, 0x00, 0x00, 0x00, 0x00, 0x00, 
0x00, 0x00, 0x04, 0xE7, 0x9A, 0xFC, 0x6A, 0x00, 0x00, 0x00, 0x00, 0x00, 0x00, 0x00, 0x4F, 0xFF, 
0x3A, 0xB9, 0xCD, 0x00, 0x00, 0x00, 0x00, 0x00, 0x00, 0x00, 0xB3, 0xDC, 0x00, 0x5B, 0xFF, 0x30, 
0x00, 0x00, 0x00, 0x00, 0x00, 0x19, 0xFC, 0x7C, 0x00, 0x0A, 0xF2, 0x93, 0x00, 0x00, 0x00, 0x00, 
0x00, 0x7A, 0xFD, 0x1E, 0x00, 0x00, 0x9E, 0xEE, 0x08, 0x00, 0x00, 0x00, 0x01, 0xDC, 0xE3, 0x6C, 
0x6C, 0x6C, 0x9C, 0xFF, 0x5A, 0x00, 0x00, 0x00, 0x41, 0xFF, 0xFF, 0xFF, 0xFF, 0xFF, 0xFF, 0xFF, 
0xBD, 0x00, 0x00, 0x00, 0xA4, 0xF1, 0x0D, 0x04, 0x04, 0x04, 0x04, 0x8D, 0xFE, 0x21, 0x00, 0x10, 
0xF6, 0x99, 0x00, 0x00, 0x00, 0x00, 0x00, 0x29, 0xFF, 0x83, 0x00, 0x6B, 0xFF, 0x37, 0x00, 0x00, 
0x00, 0x00, 0x00, 0x00, 0xC5, 0xE3, 0x03, 0xCE, 0xD5, 0x00, 0x00, 0x00, 0x00, 0x00, 0x00, 0x00, 
0x62, 0xFF, 0x4A, 0x00, 0x00, 0x00, 0x00, 0x44, 0xC8, 0xA2, 0x01, 0x00, 0x00, 0x00, 0x00, 0x00, 
0x00, 0x00, 0x20, 0xE9, 0xBC, 0xF5, 0x83, 0x00, 0x00, 0x00, 0x00, 0x00, 0x00, 0x12, 0xD6, 0x8F, 
0x02, 0x36, 0xE1, 0x6A, 0x00, 0x00, 0x00, 0x00, 0x00, 0x06, 0x14, 0x00, 0x00, 0x00, 0x09, 0x13, 
0x00, 0x00, 0x00, 0x00, 0x00, 0x00, 0x00, 0x25, 0xE7, 0x98, 0x00, 0x00, 0x00, 0x00, 0x00, 0x00, 
0x00, 0x00, 0x00, 0x88, 0xFC, 0xF6, 0x10, 0x00, 0x00, 0x00, 0x00, 0x00, 0x00, 0x00, 0x04, 0xE7, 
0x9A, 0xFC, 0x6A, 0x00, 0x00, 0x00, 0x00, 0x00, 0x00, 0x00, 0x4F, 0xFF, 0x3A, 0xB9, 0xCD, 0x00, 
0x00, 0x00, 0x00, 0x00, 0x00, 0x00, 0xB3, 0xDC, 0x00, 0x5B, 0xFF, 0x30, 0x00, 0x00, 0x00, 0x00, 
0x00, 0x19, 0xFC, 0x7C, 0x00, 0x0A, 0xF2, 0x93, 0x00, 0x00, 0x00, 0x00, 0x00, 0x7A, 0xFD, 0x1E, 
0x00, 0x00, 0x9E, 0xEE, 0x08, 0x00, 0x00, 0x00, 0x01, 0xDC, 0xE3, 0x6C, 0x6C, 0x6C, 0x9C, 0xFF, 
0x5A, 0x00, 0x00, 0x00, 0x41, 0xFF, 0xFF, 0xFF, 0xFF, 0xFF, 0xFF, 0xFF, 0xBD, 0x00, 0x00, 0x00, 
0xA4, 0xF1, 0x0D, 0x04, 0x04, 0x04, 0x04, 0x8D, 0xFE, 0x21, 0x00, 0x10, 0xF6, 0x99, 0x00, 0x00, 
0x00, 0x00, 0x00, 0x29, 0xFF, 0x83, 0x00, 0x6B, 0xFF, 0x37, 0x00, 0x00, 0x00, 0x00, 0x00, 0x00, 
0xC5, 0xE3, 0x03, 0xCE, 0xD5, 0x00, 0x00, 0x00, 0x00, 0x00, 0x00, 0x00, 0x62, 0xFF, 0x4A, 0x00, 
0x00, 0x00, 0x01, 0x29, 0x10, 0x00, 0x00, 0x25, 0x12, 0x00, 0x00, 0x00, 0x00, 0x00, 0xA6, 0xFF, 
0xF5, 0x86, 0x47, 0xDF, 0x26, 0x00, 0x00, 0x00, 0x00, 0x25, 0xDD, 0x1C, 0x57, 0xD6, 0xFE, 0x91, 
0x00, 0x00, 0x00, 0x00, 0x00, 0x06, 0x0F, 0x00, 0x00, 0x00, 0x06, 0x00, 0x00, 0x00, 0x00, 0x00, 
0x00, 0x00, 0x00, 0x25, 0xE7, 0x98, 0x00, 0x00, 0x00, 0x00, 0x00, 0x00, 0x00, 0x00, 0x00, 0x88, 
0xFC, 0xF6, 0x10, 0x00, 0x00, 0x00, 0x00, 0x00, 0x00, 0x00, 0x04, 0xE7, 0x9A, 0xFC, 0x6A, 0x00, 
0x00, 0x00, 0x00, 0x00, 0x00, 0x00, 0x4F, 0xFF, 0x3A, 0xB9, 0xCD, 0x00, 0x00, 0x00, 0x00, 0x00, 
0x00, 0x00, 0xB3, 0xDC, 0x00, 0x5B, 0xFF, 0x30, 0x00, 0x00, 0x00, 0x00, 0x00, 0x19, 0xFC, 0x7C, 
0x00, 0x0A, 0xF2, 0x93, 0x00, 0x00, 0x00, 0x00, 0x00, 0x7A, 0xFD, 0x1E, 0x00, 0x00, 0x9E, 0xEE, 
0x08, 0x00, 0x00, 0x00, 0x01, 0xDC, 0xE3, 0x6C, 0x6C, 0x6C, 0x9C, 0xFF, 0x5A, 0x00, 0x00, 0x00, 
0x41, 0xFF, 0xFF, 0xFF, 0xFF, 0xFF, 0xFF, 0xFF, 0xBD, 0x00, 0x00, 0x00, 0xA4, 0xF1, 0x0D, 0x04, 
0x04, 0x04, 0x04, 0x8D, 0xFE, 0x21, 0x00, 0x10, 0xF6, 0x99, 0x00, 0x00, 0x00, 0x00, 0x00, 0x29, 
0xFF, 0x83, 0x00, 0x6B, 0xFF, 0x37, 0x00, 0x00, 0x00, 0x00, 0x00, 0x00, 0xC5, 0xE3, 0x03, 0xCE, 
0xD5, 0x00, 0x00, 0x00, 0x00, 0x00, 0x00, 0x00, 0x62, 0xFF, 0x4A, 0x00, 0x00, 0x00, 0x00, 0x0D, 
0x00, 0x00, 0x0A, 0x03, 0x00, 0x00, 0x00, 0x00, 0x00, 0x00, 0x31, 0xFE, 0x40, 0x00, 0xD2, 0x9C, 
0x00, 0x00, 0x00, 0x00, 0x00, 0x00, 0x0F, 0x8C, 0x16, 0x00, 0x69, 0x47, 0x00, 0x00, 0x00, 0x00, 
0x00, 0x00, 0x00, 0x00, 0x00, 0x00, 0x00, 0x00, 0x00, 0x00, 0x00, 0x00, 0x00, 0x00, 0x00, 0x25, 
0xE7, 0x98, 0x00, 0x00, 0x00, 0x00, 0x00, 0x00, 0x00, 0x00, 0x00, 0x88, 0xFC, 0xF6, 0x10, 0x00, 
0x00, 0x00, 0x00, 0x00, 0x00, 0x00, 0x04, 0xE7, 0x9A, 0xFC, 0x6A, 0x00, 0x00, 0x00, 0x00, 0x00, 
0x00, 0x00, 0x4F, 0xFF, 0x3A, 0xB9, 0xCD, 0x00, 0x00, 0x00, 0x00, 0x00, 0x00, 0x00, 0xB3, 0xDC, 
0x00, 0x5B, 0xFF, 0x30, 0x00, 0x00, 0x00, 0x00, 0x00, 0x19, 0xFC, 0x7C, 0x00, 0x0A, 0xF2, 0x93, 
0x00, 0x00, 0x00, 0x00, 0x00, 0x7A, 0xFD, 0x1E, 0x00, 0x00, 0x9E, 0xEE, 0x08, 0x00, 0x00, 0x00, 
0x01, 0xDC, 0xE3, 0x6C, 0x6C, 0x6C, 0x9C, 0xFF, 0x5A, 0x00, 0x00, 0x00, 0x41, 0xFF, 0xFF, 0xFF, 
0xFF, 0xFF, 0xFF, 0xFF, 0xBD, 0x00, 0x00, 0x00, 0xA4, 0xF1, 0x0D, 0x04, 0x04, 0x04, 0x04, 0x8D, 
0xFE, 0x21, 0x00, 0x10, 0xF6, 0x99, 0x00, 0x00, 0x00, 0x00, 0x00, 0x29, 0xFF, 0x83, 0x00, 0x6B, 
0xFF, 0x37, 0x00, 0x00, 0x00, 0x00, 0x00, 0x00, 0xC5, 0xE3, 0x03, 0xCE, 0xD5, 0x00, 0x00, 0x00, 
0x00, 0x00, 0x00, 0x00, 0x62, 0xFF, 0x4A, 0x00, 0x00, 0x00, 0x00, 0x54, 0xA8, 0x83, 0x0A, 0x00, 
0x00, 0x00, 0x00, 0x00, 0x00, 0x00, 0x23, 0xE0, 0x3D, 0xA5, 0x85, 0x00, 0x00, 0x00, 0x00, 0x00, 
0x00, 0x00, 0x39, 0xC4, 0x00, 0x69, 0x9F, 0x00, 0x00, 0x00, 0x00, 0x00, 0x00, 0x00, 0x03, 0xDB, 
0xFF, 0xFF, 0x31, 0x00, 0x00, 0x00, 0x00, 0x00, 0x00, 0x00, 0x00, 0x88, 0xFF, 0xF8, 0x10, 0x00, 
0x00, 0x00, 0x00, 0x00, 0x00, 0x00, 0x04, 0xE7, 0x9A, 0xFC, 0x6A, 0x00, 0x00, 0x00, 0x00, 0x00, 
0x00, 0x00, 0x4F, 0xFF, 0x3A, 0xB9, 0xCD, 0x00, 0x00, 0x00, 0x00, 0x00, 0x00, 0x00, 0xB3, 0xDC, 
0x00, 0x5B, 0xFF, 0x30, 0x00, 0x00, 0x00, 0x00, 0x00, 0x19, 0xFC, 0x7C, 0x00, 0x0A, 0xF2, 0x93, 
0x00, 0x00, 0x00, 0x00, 0x00, 0x7A, 0xFD, 0x1E, 0x00, 0x00, 0x9E, 0xEE, 0x08, 0x00, 0x00, 0x00, 
0x01, 0xDC, 0xE3, 0x6C, 0x6C, 0x6C, 0x9C, 0xFF, 0x5A, 0x00, 0x00, 0x00, 0x41, 0xFF, 0xFF, 0xFF, 
0xFF, 0xFF, 0xFF, 0xFF, 0xBD, 0x00, 0x00, 0x00, 0xA4, 0xF1, 0x0D, 0x04, 0x04, 0x04, 0x04, 0x8D, 
0xFE, 0x21, 0x00, 0x10, 0xF6, 0x99, 0x00, 0x00, 0x00, 0x00, 0x00, 0x29, 0xFF, 0x83, 0x00, 0x6B, 
0xFF, 0x37, 0x00, 0x00, 0x00, 0x00, 0x00, 0x00, 0xC5, 0xE3, 0x03, 0xCE, 0xD5, 0x00, 0x00, 0x00, 
0x00, 0x00, 0x00, 0x00, 0x62, 0xFF, 0x4A, 0x00, 0x00, 0x00, 0x00, 0x00, 0x1D, 0xDA, 0xDC, 0xDC, 
0xDC, 0xDC, 0xDC, 0xDC, 0xDC, 0xAB, 0x00, 0x00, 0x00, 0x00, 0x00, 0x91, 0xF9, 0x98, 0xF7, 0xDE, 
0x90, 0x90, 0x90, 0x90, 0x70, 0x00, 0x00, 0x00, 0x00, 0x14, 0xF5, 0x9A, 0x00, 0xEC, 0xB4, 0x00, 
0x00, 0x00, 0x00, 0x00, 0x00, 0x00, 0x00, 0x00, 0x84, 0xFD, 0x25, 0x00, 0xEC, 0xB4, 0x00, 0x00, 
0x00, 0x00, 0x00, 0x00, 0x00, 0x00, 0x0D, 0xEF, 0xAA, 0x00, 0x00, 0xEC, 0xB4, 0x00, 0x00, 0x00, 
0x00, 0x00, 0x00, 0x00, 0x00, 0x76, 0xFF, 0x32, 0x00, 0x00, 0xEC, 0xD4, 0x6C, 0x6C, 0x6C, 0x6C, 
0x2F, 0x00, 0x00, 0x08, 0xE7, 0xB9, 0x00, 0x00, 0x00, 0xEC, 0xFE, 0xFC, 0xFC, 0xFC, 0xFC, 0x6E, 
0x00, 0x00, 0x69, 0xFF, 0xA0, 0x6C, 0x6C, 0x6C, 0xF4, 0xB4, 0x00, 0x00, 0x00, 0x00, 0x00, 0x00, 
0x03, 0xDE, 0xFF, 0xFF, 0xFF, 0xFF, 0xFF, 0xFF, 0xB4, 0x00, 0x00, 0x00, 0x00, 0x00, 0x00, 0x5C, 
0xFF, 0x59, 0x04, 0x04, 0x04, 0x04, 0xEC, 0xB4, 0x00, 0x00, 0x00, 0x00, 0x00, 0x01, 0xD3, 0xD9, 
0x02, 0x00, 0x00, 0x00, 0x00, 0xEC, 0xB4, 0x00, 0x00, 0x00, 0x00, 0x00, 0x4E, 0xFF, 0x60, 0x00, 
0x00, 0x00, 0x00, 0x00, 0xEC, 0xD4, 0x6C, 0x6C, 0x6C, 0x6C, 0x54, 0xC7, 0xE0, 0x05, 0x00, 0x00, 
0x00, 0x00, 0x00, 0xEC, 0xFF, 0xFF, 0xFF, 0xFF, 0xFF, 0xC8, 0x00, 0x00, 0x00, 0x00, 0x00, 0x00, 
0x02, 0x00, 0x00, 0x00, 0x00, 0x00, 0x0A, 0x6E, 0xCC, 0xF1, 0xFD, 0xE8, 0xBA, 0x52, 0x00, 0x1D, 
0xD0, 0xFF, 0xBC, 0x77, 0x6E, 0x90, 0xD9, 0x72, 0x02, 0xC5, 0xFB, 0x56, 0x00, 0x00, 0x00, 0x00, 
0x00, 0x03, 0x53, 0xFF, 0x88, 0x00, 0x00, 0x00, 0x00, 0x00, 0x00, 0x00, 0xA5, 0xFF, 0x1B, 0x00, 
0x00, 0x00, 0x00, 0x00, 0x00, 0x00, 0xCE, 0xE5, 0x00, 0x00, 0x00, 0x00, 0x00, 0x00, 0x00, 0x00, 
0xE2, 0xD3, 0x00, 0x00, 0x00, 0x00, 0x00, 0x00, 0x00, 0x00, 0xD4, 0xDF, 0x00, 0x00, 0x00, 0x00, 
0x00, 0x00, 0x00, 0x00, 0xB4, 0xFD, 0x0E, 0x00, 0x00, 0x00, 0x00, 0x00, 0x00, 0x00, 0x6D, 0xFF, 
0x66, 0x00, 0x00, 0x00, 0x00, 0x00, 0x00, 0x00, 0x12, 0xEA, 0xEA, 0x24, 0x00, 0x00, 0x00, 0x00, 
0x00, 0x00, 0x00, 0x4C, 0xF7, 0xF1, 0x88, 0x4C, 0x42, 0x59, 0x8B, 0x38, 0x00, 0x00, 0x34, 0xB2, 
0xFC, 0xFF, 0xFF, 0xFF, 0xE0, 0x37, 0x00, 0x00, 0x00, 0x00, 0x06, 0xB6, 0xA5, 0x18, 0x00, 0x00, 
0x00, 0x00, 0x00, 0x00, 0x02, 0xAD, 0xE2, 0x54, 0x00, 0x00, 0x00, 0x00, 0x00, 0x00, 0x00, 0x00, 
0x8C, 0xC2, 0x00, 0x00, 0x00, 0x00, 0x00, 0x00, 0x87, 0xB3, 0xF1, 0x68, 0x00, 0x00, 0x00, 0x00, 
0x00, 0x00, 0x33, 0x46, 0x1C, 0x00, 0x00, 0x00, 0x00, 0x19, 0xC1, 0xA5, 0x00, 0x00, 0x00, 0x00, 
0x00, 0x00, 0x60, 0xFE, 0x5D, 0x00, 0x00, 0x00, 0x00, 0x00, 0x00, 0x66, 0xEB, 0x1F, 0x00, 0x00, 
0x00, 0x00, 0x00, 0x00, 0x12, 0x08, 0x00, 0x00, 0x37, 0xDC, 0xDC, 0xDC, 0xDC, 0xDC, 0xDC, 0xCA, 
0x40, 0xFF, 0xB8, 0x90, 0x90, 0x90, 0x90, 0x84, 0x40, 0xFF, 0x5C, 0x00, 0x00, 0x00, 0x00, 0x00, 
0x40, 0xFF, 0x5C, 0x00, 0x00, 0x00, 0x00, 0x00, 0x40, 0xFF, 0x5C, 0x00, 0x00, 0x00, 0x00, 0x00, 
0x40, 0xFF, 0xA1, 0x6C, 0x6C, 0x6C, 0x6C, 0x41, 0x40, 0xFF, 0xFD, 0xFC, 0xFC, 0xFC, 0xFC, 0x99, 
0x40, 0xFF, 0x5C, 0x00, 0x00, 0x00, 0x00, 0x00, 0x40, 0xFF, 0x5C, 0x00, 0x00, 0x00, 0x00, 0x00, 
0x40, 0xFF, 0x5C, 0x00, 0x00, 0x00, 0x00, 0x00, 0x40, 0xFF, 0x5C, 0x00, 0x00, 0x00, 0x00, 0x00, 
0x40, 0xFF, 0xA1, 0x6C, 0x6C, 0x6C, 0x6C, 0x63, 0x40, 0xFF, 0xFF, 0xFF, 0xFF, 0xFF, 0xFF, 0xEC, 
0x00, 0x00, 0x00, 0x00, 0x00, 0x9D, 0xC4, 0x22, 0x00, 0x00, 0x00, 0x00, 0x55, 0xFF, 0x6A, 0x00, 
0x00, 0x00, 0x00, 0x17, 0xE9, 0x6D, 0x00, 0x00, 0x00, 0x00, 0x00, 0x06, 0x13, 0x00, 0x00, 0x00, 
0x37, 0xDC, 0xDC, 0xDC, 0xDC, 0xDC, 0xDC, 0xCA, 0x40, 0xFF, 0xB8, 0x90, 0x90, 0x90, 0x90, 0x84, 
0x40, 0xFF, 0x5C, 0x00, 0x00, 0x00, 0x00, 0x00, 0x40, 0xFF, 0x5C, 0x00, 0x00, 0x00, 0x00, 0x00, 
0x40, 0xFF, 0x5C, 0x00, 0x00, 0x00, 0x00, 0x00, 0x40, 0xFF, 0xA1, 0x6C, 0x6C, 0x6C, 0x6C, 0x41, 
0x40, 0xFF, 0xFD, 0xFC, 0xFC, 0xFC, 0xFC, 0x99, 0x40, 0xFF, 0x5C, 0x00, 0x00, 0x00, 0x00, 0x00, 
0x40, 0xFF, 0x5C, 0x00, 0x00, 0x00, 0x00, 0x00, 0x40, 0xFF, 0x5C, 0x00, 0x00, 0x00, 0x00, 0x00, 
0x40, 0xFF, 0x5C, 0x00, 0x00, 0x00, 0x00, 0x00, 0x40, 0xFF, 0xA1, 0x6C, 0x6C, 0x6C, 0x6C, 0x63, 
0x40, 0xFF, 0xFF, 0xFF, 0xFF, 0xFF, 0xFF, 0xEC, 0x00, 0x00, 0x00, 0x44, 0xC8, 0xA2, 0x01, 0x00, 
0x00, 0x00, 0x20, 0xE9, 0xBC, 0xF5, 0x83, 0x00, 0x00, 0x12, 0xD6, 0x8F, 0x02, 0x36, 0xE1, 0x6A, 
0x00, 0x06, 0x14, 0x00, 0x00, 0x00, 0x09, 0x13, 0x37, 0xDC, 0xDC, 0xDC, 0xDC, 0xDC, 0xDC, 0xCA, 
0x40, 0xFF, 0xB8, 0x90, 0x90, 0x90, 0x90, 0x84, 0x40, 0xFF, 0x5C, 0x00, 0x00, 0x00, 0x00, 0x00, 
0x40, 0xFF, 0x5C, 0x00, 0x00, 0x00, 0x00, 0x00, 0x40, 0xFF, 0x5C, 0x00, 0x00, 0x00, 0x00, 0x00, 
0x40, 0xFF, 0xA1, 0x6C, 0x6C, 0x6C, 0x6C, 0x41, 0x40, 0xFF, 0xFD, 0xFC, 0xFC, 0xFC, 0xFC, 0x99, 
0x40, 0xFF, 0x5C, 0x00, 0x00, 0x00, 0x00, 0x00, 0x40, 0xFF, 0x5C, 0x00, 0x00, 0x00, 0x00, 0x00, 
0x40, 0xFF, 0x5C, 0x00, 0x00, 0x00, 0x00, 0x00, 0x40, 0xFF, 0x5C, 0x00, 0x00, 0x00, 0x00, 0x00, 
0x40, 0xFF, 0xA1, 0x6C, 0x6C, 0x6C, 0x6C, 0x63, 0x40, 0xFF, 0xFF, 0xFF, 0xFF, 0xFF, 0xFF, 0xEC, 
0x00, 0x00, 0x0D, 0x00, 0x00, 0x0A, 0x03, 0x00, 0x00, 0x31, 0xFE, 0x40, 0x00, 0xD2, 0x9C, 0x00, 
0x00, 0x0F, 0x8C, 0x16, 0x00, 0x69, 0x47, 0x00, 0x00, 0x00, 0x00, 0x00, 0x00, 0x00, 0x00, 0x00, 
0x37, 0xDC, 0xDC, 0xDC, 0xDC, 0xDC, 0xDC, 0xCA, 0x40, 0xFF, 0xB8, 0x90, 0x90, 0x90, 0x90, 0x84, 
0x40, 0xFF, 0x5C, 0x00, 0x00, 0x00, 0x00, 0x00, 0x40, 0xFF, 0x5C, 0x00, 0x00, 0x00, 0x00, 0x00, 
0x40, 0xFF, 0x5C, 0x00, 0x00, 0x00, 0x00, 0x00, 0x40, 0xFF, 0xA1, 0x6C, 0x6C, 0x6C, 0x6C, 0x41, 
0x40, 0xFF, 0xFD, 0xFC, 0xFC, 0xFC, 0xFC, 0x99, 0x40, 0xFF, 0x5C, 0x00, 0x00, 0x00, 0x00, 0x00, 
0x40, 0xFF, 0x5C, 0x00, 0x00, 0x00, 0x00, 0x00, 0x40, 0xFF, 0x5C, 0x00, 0x00, 0x00, 0x00, 0x00, 
0x40, 0xFF, 0x5C, 0x00, 0x00, 0x00, 0x00, 0x00, 0x40, 0xFF, 0xA1, 0x6C, 0x6C, 0x6C, 0x6C, 0x63, 
0x40, 0xFF, 0xFF, 0xFF, 0xFF, 0xFF, 0xFF, 0xEC, 0x19, 0xC1, 0xA5, 0x00, 0x00, 0x00, 0x00, 0x60, 
0xFE, 0x5D, 0x00, 0x00, 0x00, 0x00, 0x66, 0xEB, 0x1F, 0x00, 0x00, 0x00, 0x00, 0x12, 0x08, 0x00, 
0x3D, 0xDC, 0xDC, 0xDC, 0xDC, 0x4F, 0x08, 0x44, 0xDC, 0xEB, 0x49, 0x0B, 0x00, 0x00, 0xC4, 0xDC, 
0x00, 0x00, 0x00, 0x00, 0xC4, 0xDC, 0x00, 0x00, 0x00, 0x00, 0xC4, 0xDC, 0x00, 0x00, 0x00, 0x00, 
0xC4, 0xDC, 0x00, 0x00, 0x00, 0x00, 0xC4, 0xDC, 0x00, 0x00, 0x00, 0x00, 0xC4, 0xDC, 0x00, 0x00, 
0x00, 0x00, 0xC4, 0xDC, 0x00, 0x00, 0x00, 0x00, 0xC4, 0xDC, 0x00, 0x00, 0x00, 0x00, 0xC4, 0xDC, 
0x00, 0x00, 0x00, 0x1D, 0xD3, 0xE5, 0x22, 0x00, 0x45, 0xFF, 0xFF, 0xFF, 0xFF, 0x59, 0x00, 0x00, 
0x00, 0x9D, 0xC4, 0x22, 0x00, 0x00, 0x55, 0xFF, 0x6A, 0x00, 0x00, 0x17, 0xE9, 0x6D, 0x00, 0x00, 
0x00, 0x06, 0x13, 0x00, 0x00, 0x00, 0x3D, 0xDC, 0xDC, 0xDC, 0xDC, 0x4F, 0x08, 0x44, 0xDC, 0xEB, 
0x49, 0x0B, 0x00, 0x00, 0xC4, 0xDC, 0x00, 0x00, 0x00, 0x00, 0xC4, 0xDC, 0x00, 0x00, 0x00, 0x00, 
0xC4, 0xDC, 0x00, 0x00, 0x00, 0x00, 0xC4, 0xDC, 0x00, 0x00, 0x00, 0x00, 0xC4, 0xDC, 0x00, 0x00, 
0x00, 0x00, 0xC4, 0xDC, 0x00, 0x00, 0x00, 0x00, 0xC4, 0xDC, 0x00, 0x00, 0x00, 0x00, 0xC4, 0xDC, 
0x00, 0x00, 0x00, 0x00, 0xC4, 0xDC, 0x00, 0x00, 0x00, 0x1D, 0xD3, 0xE5, 0x22, 0x00, 0x45, 0xFF, 
0xFF, 0xFF, 0xFF, 0x59, 0x00, 0x00, 0x44, 0xC8, 0xA2, 0x01, 0x00, 0x00, 0x20, 0xE9, 0xBC, 0xF5, 
0x83, 0x00, 0x12, 0xD6, 0x8F, 0x02, 0x36, 0xE1, 0x6A, 0x06, 0x14, 0x00, 0x00, 0x00, 0x09, 0x13, 
0x00, 0x3D, 0xDC, 0xDC, 0xDC, 0xDC, 0x4F, 0x00, 0x08, 0x44, 0xDC, 0xEB, 0x49, 0x0B, 0x00, 0x00, 
0x00, 0xC4, 0xDC, 0x00, 0x00, 0x00, 0x00, 0x00, 0xC4, 0xDC, 0x00, 0x00, 0x00, 0x00, 0x00, 0xC4, 
0xDC, 0x00, 0x00, 0x00, 0x00, 0x00, 0xC4, 0xDC, 0x00, 0x00, 0x00, 0x00, 0x00, 0xC4, 0xDC, 0x00, 
0x00, 0x00, 0x00, 0x00, 0xC4, 0xDC, 0x00, 0x00, 0x00, 0x00, 0x00, 0xC4, 0xDC, 0x00, 0x00, 0x00, 
0x00, 0x00, 0xC4, 0xDC, 0x00, 0x00, 0x00, 0x00, 0x00, 0xC4, 0xDC, 0x00, 0x00, 0x00, 0x00, 0x1D, 
0xD3, 0xE5, 0x22, 0x00, 0x00, 0x45, 0xFF, 0xFF, 0xFF, 0xFF, 0x59, 0x00, 0x0D, 0x00, 0x00, 0x0A, 
0x03, 0x31, 0xFE, 0x40, 0x00, 0xD2, 0x9C, 0x0F, 0x8C, 0x16, 0x00, 0x69, 0x47, 0x00, 0x00, 0x00, 
0x00, 0x00, 0x00, 0x3D, 0xDC, 0xDC, 0xDC, 0xDC, 0x4F, 0x08, 0x44, 0xDC, 0xEB, 0x49, 0x0B, 0x00, 
0x00, 0xC4, 0xDC, 0x00, 0x00, 0x00, 0x00, 0xC4, 0xDC, 0x00, 0x00, 0x00, 0x00, 0xC4, 0xDC, 0x00, 
0x00, 0x00, 0x00, 0xC4, 0xDC, 0x00, 0x00, 0x00, 0x00, 0xC4, 0xDC, 0x00, 0x00, 0x00, 0x00, 0xC4, 
0xDC, 0x00, 0x00, 0x00, 0x00, 0xC4, 0xDC, 0x00, 0x00, 0x00, 0x00, 0xC4, 0xDC, 0x00, 0x00, 0x00, 
0x00, 0xC4, 0xDC, 0x00, 0x00, 0x00, 0x1D, 0xD3, 0xE5, 0x22, 0x00, 0x45, 0xFF, 0xFF, 0xFF, 0xFF, 
0x59, 0x00, 0x00, 0x00, 0x01, 0x29, 0x10, 0x00, 0x00, 0x25, 0x12, 0x00, 0x00, 0x00, 0x00, 0xA6, 
0xFF, 0xF5, 0x86, 0x47, 0xDF, 0x26, 0x00, 0x00, 0x00, 0x25, 0xDD, 0x1C, 0x57, 0xD6, 0xFE, 0x91, 
0x00, 0x00, 0x00, 0x00, 0x06, 0x0F, 0x00, 0x00, 0x00, 0x06, 0x00, 0x00, 0x00, 0x37, 0xDC, 0xBF, 
0x06, 0x00, 0x00, 0x00, 0x00, 0x00, 0x7F, 0xCE, 0x40, 0xFF, 0xFF, 0x7F, 0x00, 0x00, 0x00, 0x00, 
0x00, 0x94, 0xF0, 0x40, 0xFF, 0xD0, 0xF9, 0x2A, 0x00, 0x00, 0x00, 0x00, 0x94, 0xF0, 0x40, 0xFF, 
0x46, 0xF3, 0xC6, 0x02, 0x00, 0x00, 0x00, 0x94, 0xF0, 0x40, 0xFF, 0x30, 0x6E, 0xFF, 0x6D, 0x00, 
0x00, 0x00, 0x94, 0xF0, 0x40, 0xFF, 0x39, 0x02, 0xC7, 0xF3, 0x1E, 0x00, 0x00, 0x94, 0xF0, 0x40, 
0xFF, 0x3C, 0x00, 0x2A, 0xF9, 0xB6, 0x00, 0x00, 0x94, 0xF0, 0x40, 0xFF, 0x3C, 0x00, 0x00, 0x7F, 
0xFF, 0x5B, 0x00, 0x93, 0xF0, 0x40, 0xFF, 0x3C, 0x00, 0x00, 0x06, 0xD4, 0xEB, 0x14, 0x90, 0xF0, 
0x40, 0xFF, 0x3C, 0x00, 0x00, 0x00, 0x38, 0xFD, 0xA4, 0x85, 0xF0, 0x40, 0xFF, 0x3C, 0x00, 0x00, 
0x00, 0x00, 0x90, 0xFF, 0xC2, 0xF0, 0x40, 0xFF, 0x3C, 0x00, 0x00, 0x00, 0x00, 0x0B, 0xDF, 0xFF, 
0xF0, 0x40, 0xFF, 0x3C, 0x00, 0x00, 0x00, 0x00, 0x00, 0x47, 0xFF, 0xF0, 0x00, 0x00, 0x00, 0x19, 
0xC1, 0xA5, 0x00, 0x00, 0x00, 0x00, 0x00, 0x00, 0x00, 0x00, 0x00, 0x00, 0x60, 0xFE, 0x5D, 0x00, 
0x00, 0x00, 0x00, 0x00, 0x00, 0x00, 0x00, 0x00, 0x00, 0x66, 0xEB, 0x1F, 0x00, 0x00, 0x00, 0x00, 
0x00, 0x00, 0x00, 0x00, 0x00, 0x01, 0x15, 0x08, 0x00, 0x00, 0x00, 0x00, 0x00, 0x00, 0x1B, 0x8A, 
0xDC, 0xF9, 0xFB, 0xDF, 0x8E, 0x1C, 0x00, 0x00, 0x00, 0x32, 0xE8, 0xF8, 0x9F, 0x6C, 0x69, 0x96, 
0xF3, 0xE9, 0x35, 0x00, 0x08, 0xDC, 0xED, 0x2D, 0x00, 0x00, 0x00, 0x00, 0x21, 0xE5, 0xDF, 0x0A, 
0x63, 0xFF, 0x6B, 0x00, 0x00, 0x00, 0x00, 0x00, 0x00, 0x5A, 0xFF, 0x69, 0xAD, 0xFE, 0x11, 0x00, 
0x00, 0x00, 0x00, 0x00, 0x00, 0x07, 0xF8, 0xB6, 0xD1, 0xE1, 0x00, 0x00, 0x00, 0x00, 0x00, 0x00, 
0x00, 0x00, 0xD2, 0xDB, 0xE2, 0xD3, 0x00, 0x00, 0x00, 0x00, 0x00, 0x00, 0x00, 0x00, 0xC4, 0xED, 
0xD3, 0xDE, 0x00, 0x00, 0x00, 0x00, 0x00, 0x00, 0x00, 0x00, 0xCF, 0xDD, 0xB3, 0xFC, 0x0A, 0x00, 
0x00, 0x00, 0x00, 0x00, 0x00, 0x03, 0xF4, 0xBD, 0x6D, 0xFF, 0x5A, 0x00, 0x00, 0x00, 0x00, 0x00, 
0x00, 0x4B, 0xFF, 0x73, 0x10, 0xE9, 0xDF, 0x16, 0x00, 0x00, 0x00, 0x00, 0x0F, 0xD5, 0xEB, 0x13, 
0x00, 0x49, 0xF6, 0xE5, 0x76, 0x43, 0x41, 0x70, 0xDF, 0xF7, 0x4B, 0x00, 0x00, 0x00, 0x31, 0xAF, 
0xFC, 0xFF, 0xFF, 0xFD, 0xB3, 0x33, 0x00, 0x00, 0x00, 0x00, 0x00, 0x00, 0x05, 0x21, 0x22, 0x06, 
0x00, 0x00, 0x00, 0x00, 0x00, 0x00, 0x00, 0x00, 0x00, 0x00, 0x9D, 0xC4, 0x22, 0x00, 0x00, 0x00, 
0x00, 0x00, 0x00, 0x00, 0x00, 0x55, 0xFF, 0x6A, 0x00, 0x00, 0x00, 0x00, 0x00, 0x00, 0x00, 0x00, 
0x17, 0xE9, 0x6D, 0x00, 0x00, 0x00, 0x00, 0x00, 0x00, 0x00, 0x00, 0x00, 0x06, 0x15, 0x03, 0x00, 
0x00, 0x00, 0x00, 0x00, 0x00, 0x00, 0x1B, 0x8A, 0xDC, 0xF9, 0xFB, 0xDF, 0x8E, 0x1C, 0x00, 0x00, 
0x00, 0x32, 0xE8, 0xF8, 0x9F, 0x6C, 0x69, 0x96, 0xF3, 0xE9, 0x35, 0x00, 0x08, 0xDC, 0xED, 0x2D, 
0x00, 0x00, 0x00, 0x00, 0x21, 0xE5, 0xDF, 0x0A, 0x63, 0xFF, 0x6B, 0x00, 0x00, 0x00, 0x00, 0x00, 
0x00, 0x5A, 0xFF, 0x69, 0xAD, 0xFE, 0x11, 0x00, 0x00, 0x00, 0x00, 0x00, 0x00, 0x07, 0xF8, 0xB6, 
0xD1, 0xE1, 0x00, 0x00, 0x00, 0x00, 0x00, 0x00, 0x00, 0x00, 0xD2, 0xDB, 0xE2, 0xD3, 0x00, 0x00, 
0x00, 0x00, 0x00, 0x00, 0x00, 0x00, 0xC4, 0xED, 0xD3, 0xDE, 0x00, 0x00, 0x00, 0x00, 0x00, 0x00, 
0x00, 0x00, 0xCF, 0xDD, 0xB3, 0xFC, 0x0A, 0x00, 0x00, 0x00, 0x00, 0x00, 0x00, 0x03, 0xF4, 0xBD, 
0x6D, 0xFF, 0x5A, 0x00, 0x00, 0x00, 0x00, 0x00, 0x00, 0x4B, 0xFF, 0x73, 0x10, 0xE9, 0xDF, 0x16, 
0x00, 0x00, 0x00, 0x00, 0x0F, 0xD5, 0xEB, 0x13, 0x00, 0x49, 0xF6, 0xE5, 0x76, 0x43, 0x41, 0x70, 
0xDF, 0xF7, 0x4B, 0x00, 0x00, 0x00, 0x31, 0xAF, 0xFC, 0xFF, 0xFF, 0xFD, 0xB3, 0x33, 0x00, 0x00, 
0x00, 0x00, 0x00, 0x00, 0x05, 0x21, 0x22, 0x06, 0x00, 0x00, 0x00, 0x00, 0x00, 0x00, 0x00, 0x00, 
0x44, 0xC8, 0xA2, 0x01, 0x00, 0x00, 0x00, 0x00, 0x00, 0x00, 0x00, 0x20, 0xE9, 0xBC, 0xF5, 0x83, 
0x00, 0x00, 0x00, 0x00, 0x00, 0x00, 0x12, 0xD6, 0x8F, 0x02, 0x36, 0xE1, 0x6A, 0x00, 0x00, 0x00, 
0x00, 0x00, 0x06, 0x14, 0x00, 0x01, 0x03, 0x09, 0x13, 0x00, 0x00, 0x00, 0x00, 0x00, 0x1B, 0x8A, 
0xDC, 0xF9, 0xFB, 0xDF, 0x8E, 0x1C, 0x00, 0x00, 0x00, 0x32, 0xE8, 0xF8, 0x9F, 0x6C, 0x69, 0x96, 
0xF3, 0xE9, 0x35, 0x00, 0x08, 0xDC, 0xED, 0x2D, 0x00, 0x00, 0x00, 0x00, 0x21, 0xE5, 0xDF, 0x0A, 
0x63, 0xFF, 0x6B, 0x00, 0x00, 0x00, 0x00, 0x00, 0x00, 0x5A, 0xFF, 0x69, 0xAD, 0xFE, 0x11, 0x00, 
0x00, 0x00, 0x00, 0x00, 0x00, 0x07, 0xF8, 0xB6, 0xD1, 0xE1, 0x00, 0x00, 0x00, 0x00, 0x00, 0x00, 
0x00, 0x00, 0xD2, 0xDB, 0xE2, 0xD3, 0x00, 0x00, 0x00, 0x00, 0x00, 0x00, 0x00, 0x00, 0xC4, 0xED, 
0xD3, 0xDE, 0x00, 0x00, 0x00, 0x00, 0x00, 0x00, 0x00, 0x00, 0xCF, 0xDD, 0xB3, 0xFC, 0x0A, 0x00, 
0x00, 0x00, 0x00, 0x00, 0x00, 0x03, 0xF4, 0xBD, 0x6D, 0xFF, 0x5A, 0x00, 0x00, 0x00, 0x00, 0x00, 
0x00, 0x4B, 0xFF, 0x73, 0x10, 0xE9, 0xDF, 0x16, 0x00, 0x00, 0x00, 0x00, 0x0F, 0xD5, 0xEB, 0x13, 
0x00, 0x49, 0xF6, 0xE5, 0x76, 0x43, 0x41, 0x70, 0xDF, 0xF7, 0x4B, 0x00, 0x00, 0x00, 0x31, 0xAF, 
0xFC, 0xFF, 0xFF, 0xFD, 0xB3, 0x33, 0x00, 0x00, 0x00, 0x00, 0x00, 0x00, 0x05, 0x21, 0x22, 0x06, 
0x00, 0x00, 0x00, 0x00, 0x00, 0x00, 0x00, 0x01, 0x29, 0x10, 0x00, 0x00, 0x25, 0x12, 0x00, 0x00, 
0x00, 0x00, 0x00, 0xA6, 0xFF, 0xF5, 0x86, 0x47, 0xDF, 0x26, 0x00, 0x00, 0x00, 0x00, 0x25, 0xDD, 
0x1C, 0x57, 0xD6, 0xFE, 0x91, 0x00, 0x00, 0x00, 0x00, 0x00, 0x06, 0x0F, 0x00, 0x01, 0x03, 0x06, 
0x00, 0x00, 0x00, 0x00, 0x00, 0x00, 0x1B, 0x8A, 0xDC, 0xF9, 0xFB, 0xDF, 0x8E, 0x1C, 0x00, 0x00, 
0x00, 0x32, 0xE8, 0xF8, 0x9F, 0x6C, 0x69, 0x96, 0xF3, 0xE9, 0x35, 0x00, 0x08, 0xDC, 0xED, 0x2D, 
0x00, 0x00, 0x00, 0x00, 0x21, 0xE5, 0xDF, 0x0A, 0x63, 0xFF, 0x6B, 0x00, 0x00, 0x00, 0x00, 0x00, 
0x00, 0x5A, 0xFF, 0x69, 0xAD, 0xFE, 0x11, 0x00, 0x00, 0x00, 0x00, 0x00, 0x00, 0x07, 0xF8, 0xB6, 
0xD1, 0xE1, 0x00, 0x00, 0x00, 0x00, 0x00, 0x00, 0x00, 0x00, 0xD2, 0xDB, 0xE2, 0xD3, 0x00, 0x00, 
0x00, 0x00, 0x00, 0x00, 0x00, 0x00, 0xC4, 0xED, 0xD3, 0xDE, 0x00, 0x00, 0x00, 0x00, 0x00, 0x00, 
0x00, 0x00, 0xCF, 0xDD, 0xB3, 0xFC, 0x0A, 0x00, 0x00, 0x00, 0x00, 0x00, 0x00, 0x03, 0xF4, 0xBD, 
0x6D, 0xFF, 0x5A, 0x00, 0x00, 0x00, 0x00, 0x00, 0x00, 0x4B, 0xFF, 0x73, 0x10, 0xE9, 0xDF, 0x16, 
0x00, 0x00, 0x00, 0x00, 0x0F, 0xD5, 0xEB, 0x13, 0x00, 0x49, 0xF6, 0xE5, 0x76, 0x43, 0x41, 0x70, 
0xDF, 0xF7, 0x4B, 0x00, 0x00, 0x00, 0x31, 0xAF, 0xFC, 0xFF, 0xFF, 0xFD, 0xB3, 0x33, 0x00, 0x00, 
0x00, 0x00, 0x00, 0x00, 0x05, 0x21, 0x22, 0x06, 0x00, 0x00, 0x00, 0x00, 0x00, 0x00, 0x00, 0x00, 
0x0D, 0x00, 0x00, 0x0A, 0x03, 0x00, 0x00, 0x00, 0x00, 0x00, 0x00, 0x31, 0xFE, 0x40, 0x00, 0xD2, 
0x9C, 0x00, 0x00, 0x00, 0x00, 0x00, 0x00, 0x0F, 0x8C, 0x16, 0x00, 0x69, 0x47, 0x00, 0x00, 0x00, 
0x00, 0x00, 0x00, 0x00, 0x00, 0x01, 0x03, 0x00, 0x00, 0x00, 0x00, 0x00, 0x00, 0x00, 0x1B, 0x8A, 
0xDC, 0xF9, 0xFB, 0xDF, 0x8E, 0x1C, 0x00, 0x00, 0x00, 0x32, 0xE8, 0xF8, 0x9F, 0x6C, 0x69, 0x96, 
0xF3, 0xE9, 0x35, 0x00, 0x08, 0xDC, 0xED, 0x2D, 0x00, 0x00, 0x00, 0x00, 0x21, 0xE5, 0xDF, 0x0A, 
0x63, 0xFF, 0x6B, 0x00, 0x00, 0x00, 0x00, 0x00, 0x00, 0x5A, 0xFF, 0x69, 0xAD, 0xFE, 0x11, 0x00, 
0x00, 0x00, 0x00, 0x00, 0x00, 0x07, 0xF8, 0xB6, 0xD1, 0xE1, 0x00, 0x00, 0x00, 0x00, 0x00, 0x00, 
0x00, 0x00, 0xD2, 0xDB, 0xE2, 0xD3, 0x00, 0x00, 0x00, 0x00, 0x00, 0x00, 0x00, 0x00, 0xC4, 0xED, 
0xD3, 0xDE, 0x00, 0x00, 0x00, 0x00, 0x00, 0x00, 0x00, 0x00, 0xCF, 0xDD, 0xB3, 0xFC, 0x0A, 0x00, 
0x00, 0x00, 0x00, 0x00, 0x00, 0x03, 0xF4, 0xBD, 0x6D, 0xFF, 0x5A, 0x00, 0x00, 0x00, 0x00, 0x00, 
0x00, 0x4B, 0xFF, 0x73, 0x10, 0xE9, 0xDF, 0x16, 0x00, 0x00, 0x00, 0x00, 0x0F, 0xD5, 0xEB, 0x13, 
0x00, 0x49, 0xF6, 0xE5, 0x76, 0x43, 0x41, 0x70, 0xDF, 0xF7, 0x4B, 0x00, 0x00, 0x00, 0x31, 0xAF, 
0xFC, 0xFF, 0xFF, 0xFD, 0xB3, 0x33, 0x00, 0x00, 0x00, 0x00, 0x00, 0x00, 0x05, 0x21, 0x22, 0x06, 
0x00, 0x00, 0x00, 0x00, 0x07, 0x14, 0x00, 0x00, 0x00, 0x00, 0x01, 0x19, 0x00, 0x95, 0xD3, 0x14, 
0x00, 0x00, 0x01, 0x9E, 0xD7, 0x03, 0x19, 0xD8, 0xD1, 0x13, 0x01, 0x9E, 0xF4, 0x3E, 0x00, 0x00, 
0x18, 0xD6, 0xCE, 0xA2, 0xF3, 0x3D, 0x00, 0x00, 0x00, 0x00, 0x19, 0xF3, 0xFF, 0x50, 0x00, 0x00, 
0x00, 0x00, 0x02, 0xA0, 0xF3, 0xDE, 0xD1, 0x14, 0x00, 0x00, 0x02, 0x9F, 0xF5, 0x3E, 0x1B, 0xDA, 
0xD1, 0x13, 0x00, 0x89, 0xF6, 0x41, 0x00, 0x00, 0x1A, 0xD9, 0xCB, 0x02, 0x23, 0x41, 0x00, 0x00, 
0x00, 0x00, 0x19, 0x4A, 0x00, 0x00, 0x00, 0x00, 0x00, 0x00, 0x01, 0x02, 0x00, 0x00, 0x07, 0x2A, 
0x00, 0x00, 0x00, 0x1B, 0x8A, 0xDC, 0xF9, 0xFA, 0xDB, 0x8A, 0x9B, 0xE8, 0x09, 0x00, 0x32, 0xE8, 
0xF8, 0x9F, 0x6C, 0x6E, 0x9F, 0xF7, 0xFF, 0x74, 0x00, 0x08, 0xDC, 0xED, 0x2D, 0x00, 0x00, 0x00, 
0x12, 0xE4, 0xFE, 0xE0, 0x0A, 0x63, 0xFF, 0x6B, 0x00, 0x00, 0x00, 0x00, 0xAA, 0xDE, 0x6A, 0xFF, 
0x6A, 0xAD, 0xFE, 0x11, 0x00, 0x00, 0x00, 0x60, 0xFC, 0x3A, 0x08, 0xF7, 0xB6, 0xD1, 0xE1, 0x00, 
0x00, 0x00, 0x21, 0xF2, 0x83, 0x00, 0x00, 0xD2, 0xE0, 0xE3, 0xD4, 0x00, 0x00, 0x03, 0xC5, 0xCA, 
0x04, 0x00, 0x00, 0xC3, 0xEE, 0xD8, 0xE8, 0x00, 0x00, 0x7E, 0xF5, 0x26, 0x00, 0x00, 0x00, 0xCF, 
0xDD, 0xB4, 0xFD, 0x0B, 0x36, 0xFB, 0x67, 0x00, 0x00, 0x00, 0x03, 0xF4, 0xBD, 0x72, 0xFF, 0x71, 
0xDB, 0xB2, 0x00, 0x00, 0x00, 0x00, 0x4B, 0xFF, 0x73, 0x11, 0xED, 0xFD, 0xE8, 0x16, 0x00, 0x00, 
0x00, 0x0F, 0xD5, 0xEB, 0x13, 0x00, 0x7D, 0xFF, 0xEB, 0x7C, 0x48, 0x41, 0x70, 0xDF, 0xF7, 0x4B, 
0x00, 0x10, 0xEB, 0xA9, 0xAC, 0xFB, 0xFF, 0xFF, 0xFD, 0xB3, 0x33, 0x00, 0x00, 0x00, 0x50, 0x0A, 
0x00, 0x05, 0x21, 0x22, 0x06, 0x00, 0x00, 0x00, 0x00, 0x00, 0x00, 0x00, 0x19, 0xC1, 0xA5, 0x00, 
0x00, 0x00, 0x00, 0x00, 0x00, 0x00, 0x00, 0x00, 0x60, 0xFE, 0x5D, 0x00, 0x00, 0x00, 0x00, 0x00, 
0x00, 0x00, 0x00, 0x00, 0x66, 0xEB, 0x1F, 0x00, 0x00, 0x00, 0x00, 0x00, 0x00, 0x00, 0x00, 0x00, 
0x12, 0x08, 0x00, 0x00, 0x00, 0x52, 0xDC, 0x33, 0x00, 0x00, 0x00, 0x00, 0x00, 0x11, 0xDC, 0x71, 
0x60, 0xFF, 0x3C, 0x00, 0x00, 0x00, 0x00, 0x00, 0x14, 0xFF, 0x84, 0x60, 0xFF, 0x3C, 0x00, 0x00, 
0x00, 0x00, 0x00, 0x14, 0xFF, 0x84, 0x60, 0xFF, 0x3C, 0x00, 0x00, 0x00, 0x00, 0x00, 0x14, 0xFF, 
0x84, 0x60, 0xFF, 0x3C, 0x00, 0x00, 0x00, 0x00, 0x00, 0x14, 0xFF, 0x84, 0x60, 0xFF, 0x3C, 0x00, 
0x00, 0x00, 0x00, 0x00, 0x14, 0xFF, 0x84, 0x60, 0xFF, 0x3C, 0x00, 0x00, 0x00, 0x00, 0x00, 0x14, 
0xFF, 0x84, 0x60, 0xFF, 0x3C, 0x00, 0x00, 0x00, 0x00, 0x00, 0x14, 0xFF, 0x84, 0x5C, 0xFF, 0x40, 
0x00, 0x00, 0x00, 0x00, 0x00, 0x19, 0xFF, 0x80, 0x43, 0xFF, 0x63, 0x00, 0x00, 0x00, 0x00, 0x00, 
0x3D, 0xFF, 0x65, 0x0B, 0xEF, 0xCC, 0x03, 0x00, 0x00, 0x00, 0x00, 0xAB, 0xFD, 0x1C, 0x00, 0x68, 
0xFF, 0xCC, 0x61, 0x41, 0x5A, 0xB5, 0xFF, 0x84, 0x00, 0x00, 0x00, 0x5C, 0xDC, 0xFF, 0xFF, 0xFF, 
0xDE, 0x69, 0x00, 0x00, 0x00, 0x00, 0x00, 0x00, 0x19, 0x2A, 0x17, 0x00, 0x00, 0x00, 0x00, 0x00, 
0x00, 0x00, 0x00, 0x00, 0x00, 0x9D, 0xC4, 0x22, 0x00, 0x00, 0x00, 0x00, 0x00, 0x00, 0x00, 0x55, 
0xFF, 0x6A, 0x00, 0x00, 0x00, 0x00, 0x00, 0x00, 0x00, 0x17, 0xE9, 0x6D, 0x00, 0x00, 0x00, 0x00, 
0x00, 0x00, 0x00, 0x00, 0x06, 0x13, 0x00, 0x00, 0x00, 0x00, 0x00, 0x52, 0xDC, 0x33, 0x00, 0x00, 
0x00, 0x00, 0x00, 0x11, 0xDC, 0x71, 0x60, 0xFF, 0x3C, 0x00, 0x00, 0x00, 0x00, 0x00, 0x14, 0xFF, 
0x84, 0x60, 0xFF, 0x3C, 0x00, 0x00, 0x00, 0x00, 0x00, 0x14, 0xFF, 0x84, 0x60, 0xFF, 0x3C, 0x00, 
0x00, 0x00, 0x00, 0x00, 0x14, 0xFF, 0x84, 0x60, 0xFF, 0x3C, 0x00, 0x00, 0x00, 0x00, 0x00, 0x14, 
0xFF, 0x84, 0x60, 0xFF, 0x3C, 0x00, 0x00, 0x00, 0x00, 0x00, 0x14, 0xFF, 0x84, 0x60, 0xFF, 0x3C, 
0x00, 0x00, 0x00, 0x00, 0x00, 0x14, 0xFF, 0x84, 0x60, 0xFF, 0x3C, 0x00, 0x00, 0x00, 0x00, 0x00, 
0x14, 0xFF, 0x84, 0x5C, 0xFF, 0x40, 0x00, 0x00, 0x00, 0x00, 0x00, 0x19, 0xFF, 0x80, 0x43, 0xFF, 
0x63, 0x00, 0x00, 0x00, 0x00, 0x00, 0x3D, 0xFF, 0x65, 0x0B, 0xEF, 0xCC, 0x03, 0x00, 0x00, 0x00, 
0x00, 0xAB, 0xFD, 0x1C, 0x00, 0x68, 0xFF, 0xCC, 0x61, 0x41, 0x5A, 0xB5, 0xFF, 0x84, 0x00, 0x00, 
0x00, 0x5C, 0xDC, 0xFF, 0xFF, 0xFF, 0xDE, 0x69, 0x00, 0x00, 0x00, 0x00, 0x00, 0x00, 0x19, 0x2A, 
0x17, 0x00, 0x00, 0x00, 0x00, 0x00, 0x00, 0x00, 0x00, 0x44, 0xC8, 0xA2, 0x01, 0x00, 0x00, 0x00, 
0x00, 0x00, 0x00, 0x20, 0xE9, 0xBC, 0xF5, 0x83, 0x00, 0x00, 0x00, 0x00, 0x00, 0x12, 0xD6, 0x8F, 
0x02, 0x36, 0xE1, 0x6A, 0x00, 0x00, 0x00, 0x00, 0x06, 0x14, 0x00, 0x00, 0x00, 0x09, 0x13, 0x00, 
0x00, 0x52, 0xDC, 0x33, 0x00, 0x00, 0x00, 0x00, 0x00, 0x11, 0xDC, 0x71, 0x60, 0xFF, 0x3C, 0x00, 
0x00, 0x00, 0x00, 0x00, 0x14, 0xFF, 0x84, 0x60, 0xFF, 0x3C, 0x00, 0x00, 0x00, 0x00, 0x00, 0x14, 
0xFF, 0x84, 0x60, 0xFF, 0x3C, 0x00, 0x00, 0x00, 0x00, 0x00, 0x14, 0xFF, 0x84, 0x60, 0xFF, 0x3C, 
0x00, 0x00, 0x00, 0x00, 0x00, 0x14, 0xFF, 0x84, 0x60, 0xFF, 0x3C, 0x00, 0x00, 0x00, 0x00, 0x00, 
0x14, 0xFF, 0x84, 0x60, 0xFF, 0x3C, 0x00, 0x00, 0x00, 0x00, 0x00, 0x14, 0xFF, 0x84, 0x60, 0xFF, 
0x3C, 0x00, 0x00, 0x00, 0x00, 0x00, 0x14, 0xFF, 0x84, 0x5C, 0xFF, 0x40, 0x00, 0x00, 0x00, 0x00, 
0x00, 0x19, 0xFF, 0x80, 0x43, 0xFF, 0x63, 0x00, 0x00, 0x00, 0x00, 0x00, 0x3D, 0xFF, 0x65, 0x0B, 
0xEF, 0xCC, 0x03, 0x00, 0x00, 0x00, 0x00, 0xAB, 0xFD, 0x1C, 0x00, 0x68, 0xFF, 0xCC, 0x61, 0x41, 
0x5A, 0xB5, 0xFF, 0x84, 0x00, 0x00, 0x00, 0x5C, 0xDC, 0xFF, 0xFF, 0xFF, 0xDE, 0x69, 0x00, 0x00, 
0x00, 0x00, 0x00, 0x00, 0x19, 0x2A, 0x17, 0x00, 0x00, 0x00, 0x00, 0x00, 0x00, 0x00, 0x0D, 0x00, 
0x00, 0x0A, 0x03, 0x00, 0x00, 0x00, 0x00, 0x00, 0x31, 0xFE, 0x40, 0x00, 0xD2, 0x9C, 0x00, 0x00, 
0x00, 0x00, 0x00, 0x0F, 0x8C, 0x16, 0x00, 0x69, 0x47, 0x00, 0x00, 0x00, 0x00, 0x00, 0x00, 0x00, 
0x00, 0x00, 0x00, 0x00, 0x00, 0x00, 0x00, 0x52, 0xDC, 0x33, 0x00, 0x00, 0x00, 0x00, 0x00, 0x11, 
0xDC, 0x71, 0x60, 0xFF, 0x3C, 0x00, 0x00, 0x00, 0x00, 0x00, 0x14, 0xFF, 0x84, 0x60, 0xFF, 0x3C, 
0x00, 0x00, 0x00, 0x00, 0x00, 0x14, 0xFF, 0x84, 0x60, 0xFF, 0x3C, 0x00, 0x00, 0x00, 0x00, 0x00, 
0x14, 0xFF, 0x84, 0x60, 0xFF, 0x3C, 0x00, 0x00, 0x00, 0x00, 0x00, 0x14, 0xFF, 0x84, 0x60, 0xFF, 
0x3C, 0x00, 0x00, 0x00, 0x00, 0x00, 0x14, 0xFF, 0x84, 0x60, 0xFF, 0x3C, 0x00, 0x00, 0x00, 0x00, 
0x00, 0x14, 0xFF, 0x84, 0x60, 0xFF, 0x3C, 0x00, 0x00, 0x00, 0x00, 0x00, 0x14, 0xFF, 0x84, 0x5C, 
0xFF, 0x40, 0x00, 0x00, 0x00, 0x00, 0x00, 0x19, 0xFF, 0x80, 0x43, 0xFF, 0x63, 0x00, 0x00, 0x00, 
0x00, 0x00, 0x3D, 0xFF, 0x65, 0x0B, 0xEF, 0xCC, 0x03, 0x00, 0x00, 0x00, 0x00, 0xAB, 0xFD, 0x1C, 
0x00, 0x68, 0xFF, 0xCC, 0x61, 0x41, 0x5A, 0xB5, 0xFF, 0x84, 0x00, 0x00, 0x00, 0x5C, 0xDC, 0xFF, 
0xFF, 0xFF, 0xDE, 0x69, 0x00, 0x00, 0x00, 0x00, 0x00, 0x00, 0x19, 0x2A, 0x17, 0x00, 0x00, 0x00, 
0x00, 0x00, 0x00, 0x00, 0x00, 0x00, 0x9D, 0xC4, 0x22, 0x00, 0x00, 0x00, 0x00, 0x00, 0x00, 0x00, 
0x55, 0xFF, 0x6A, 0x00, 0x00, 0x00, 0x00, 0x00, 0x00, 0x00, 0x17, 0xE9, 0x6D, 0x00, 0x00, 0x00, 
0x00, 0x00, 0x00, 0x00, 0x00, 0x06, 0x13, 0x00, 0x00, 0x00, 0x00, 0x00, 0x00, 0xA9, 0xCE, 0x0B, 
0x00, 0x00, 0x00, 0x00, 0x00, 0xAD, 0xC9, 0x08, 0x45, 0xFF, 0x7A, 0x00, 0x00, 0x00, 0x00, 0x48, 
0xFF, 0x72, 0x00, 0x00, 0xBB, 0xEF, 0x11, 0x00, 0x00, 0x01, 0xCD, 0xE0, 0x07, 0x00, 0x00, 0x32, 
0xFE, 0x87, 0x00, 0x00, 0x57, 0xFF, 0x5C, 0x00, 0x00, 0x00, 0x00, 0xA8, 0xF5, 0x18, 0x04, 0xD9, 
0xCF, 0x01, 0x00, 0x00, 0x00, 0x00, 0x23, 0xFA, 0x95, 0x65, 0xFF, 0x45, 0x00, 0x00, 0x00, 0x00, 
0x00, 0x00, 0x94, 0xFA, 0xE8, 0xBA, 0x00, 0x00, 0x00, 0x00, 0x00, 0x00, 0x00, 0x16, 0xF3, 0xFE, 
0x31, 0x00, 0x00, 0x00, 0x00, 0x00, 0x00, 0x00, 0x00, 0xB8, 0xE8, 0x00, 0x00, 0x00, 0x00, 0x00, 
0x00, 0x00, 0x00, 0x00, 0xB8, 0xE8, 0x00, 0x00, 0x00, 0x00, 0x00, 0x00, 0x00, 0x00, 0x00, 0xB8, 
0xE8, 0x00, 0x00, 0x00, 0x00, 0x00, 0x00, 0x00, 0x00, 0x00, 0xB8, 0xE8, 0x00, 0x00, 0x00, 0x00, 
0x00, 0x00, 0x00, 0x00, 0x00, 0xB8, 0xE8, 0x00, 0x00, 0x00, 0x00, 0x00, 0x00, 0x0A, 0x6E, 0xAC, 
0xBE, 0xA8, 0x6C, 0x0D, 0x00, 0x00, 0x06, 0xCD, 0xFF, 0xB9, 0x94, 0xAE, 0xF8, 0xDB, 0x0E, 0x00, 
0x52, 0xFF, 0x66, 0x00, 0x00, 0x00, 0x5E, 0xFF, 0x55, 0x00, 0x74, 0xFF, 0x1F, 0x00, 0x00, 0x00, 
0x5F, 0xFF, 0x3F, 0x00, 0x78, 0xFF, 0x1C, 0x00, 0x00, 0x3B, 0xED, 0xB6, 0x02, 0x00, 0x78, 0xFF, 
0x1C, 0x00, 0x3A, 0xF9, 0xA4, 0x06, 0x00, 0x00, 0x78, 0xFF, 0x1C, 0x00, 0x97, 0xF3, 0x04, 0x00, 
0x00, 0x00, 0x78, 0xFF, 0x1C, 0x00, 0x72, 0xFF, 0x82, 0x02, 0x00, 0x00, 0x78, 0xFF, 0x1C, 0x00, 
0x03, 0x98, 0xFF, 0xC2, 0x1A, 0x00, 0x78, 0xFF, 0x1C, 0x00, 0x00, 0x00, 0x53, 0xF0, 0xDC, 0x0E, 
0x78, 0xFF, 0x1C, 0x00, 0x00, 0x00, 0x00, 0x45, 0xFF, 0x6B, 0x78, 0xFF, 0x1C, 0x00, 0x00, 0x00, 
0x00, 0x0B, 0xFF, 0x7E, 0x78, 0xFF, 0x1C, 0x4F, 0x72, 0x32, 0x23, 0x8C, 0xFF, 0x45, 0x78, 0xFF, 
0x1C, 0x43, 0xEA, 0xFF, 0xFF, 0xF4, 0x7A, 0x00, 0x00, 0x00, 0x00, 0x00, 0x03, 0x1D, 0x25, 0x06, 
0x00, 0x00, 0x00, 0x00, 0x19, 0xC1, 0xA5, 0x00, 0x00, 0x00, 0x00, 0x00, 0x00, 0x00, 0x60, 0xFE, 
0x5D, 0x00, 0x00, 0x00, 0x00, 0x00, 0x00, 0x00, 0x66, 0xEB, 0x1F, 0x00, 0x00, 0x00, 0x00, 0x00, 
0x00, 0x00, 0x12, 0x08, 0x00, 0x00, 0x00, 0x00, 0x38, 0x8F, 0xB7, 0xC4, 0xA0, 0x32, 0x00, 0x00, 
0x04, 0xE5, 0xC7, 0x91, 0x87, 0xE0, 0xF9, 0x28, 0x00, 0x00, 0x0F, 0x00, 0x00, 0x00, 0x22, 0xFF, 
0x81, 0x00, 0x00, 0x00, 0x00, 0x00, 0x00, 0x00, 0xEE, 0xA0, 0x00, 0x00, 0x2F, 0x84, 0xAF, 0xC2, 
0xCB, 0xFB, 0xA4, 0x00, 0x75, 0xFE, 0xC2, 0x76, 0x5B, 0x4F, 0xF1, 0xA4, 0x0E, 0xFA, 0xBA, 0x01, 
0x00, 0x00, 0x03, 0xF8, 0xA4, 0x20, 0xFF, 0x84, 0x00, 0x00, 0x00, 0x41, 0xFF, 0xA4, 0x02, 0xEB, 
0xDE, 0x3D, 0x23, 0x5E, 0xDE, 0xEB, 0xA4, 0x00, 0x45, 0xE4, 0xFF, 0xFF, 0xE3, 0x46, 0xA0, 0xA4, 
0x00, 0x00, 0x03, 0x22, 0x22, 0x02, 0x00, 0x00, 0x00, 0x00, 0x00, 0x00, 0x00, 0x00, 0x9D, 0xC4, 
0x22, 0x00, 0x00, 0x00, 0x00, 0x00, 0x55, 0xFF, 0x6A, 0x00, 0x00, 0x00, 0x00, 0x00, 0x17, 0xE9, 
0x6D, 0x00, 0x00, 0x00, 0x00, 0x00, 0x00, 0x06, 0x13, 0x00, 0x00, 0x00, 0x00, 0x00, 0x00, 0x38, 
0x8F, 0xB7, 0xC4, 0xA0, 0x32, 0x00, 0x00, 0x04, 0xE5, 0xC7, 0x91, 0x87, 0xE0, 0xF9, 0x28, 0x00, 
0x00, 0x0F, 0x00, 0x00, 0x00, 0x22, 0xFF, 0x81, 0x00, 0x00, 0x00, 0x00, 0x00, 0x00, 0x00, 0xEE, 
0xA0, 0x00, 0x00, 0x2F, 0x84, 0xAF, 0xC2, 0xCB, 0xFB, 0xA4, 0x00, 0x75, 0xFE, 0xC2, 0x76, 0x5B, 
0x4F, 0xF1, 0xA4, 0x0E, 0xFA, 0xBA, 0x01, 0x00, 0x00, 0x03, 0xF8, 0xA4, 0x20, 0xFF, 0x84, 0x00, 
0x00, 0x00, 0x41, 0xFF, 0xA4, 0x02, 0xEB, 0xDE, 0x3D, 0x23, 0x5E, 0xDE, 0xEB, 0xA4, 0x00, 0x45, 
0xE4, 0xFF, 0xFF, 0xE3, 0x46, 0xA0, 0xA4, 0x00, 0x00, 0x03, 0x22, 0x22, 0x02, 0x00, 0x00, 0x00, 
0x00, 0x00, 0x00, 0x44, 0xC8, 0xA2, 0x01, 0x00, 0x00, 0x00, 0x00, 0x20, 0xE9, 0xBC, 0xF5, 0x83, 
0x00, 0x00, 0x00, 0x12, 0xD6, 0x8F, 0x02, 0x36, 0xE1, 0x6A, 0x00, 0x00, 0x06, 0x14, 0x00, 0x00, 
0x00, 0x09, 0x13, 0x00, 0x00, 0x00, 0x38, 0x8F, 0xB7, 0xC4, 0xA0, 0x32, 0x00, 0x00, 0x04, 0xE5, 
0xC7, 0x91, 0x87, 0xE0, 0xF9, 0x28, 0x00, 0x00, 0x0F, 0x00, 0x00, 0x00, 0x22, 0xFF, 0x81, 0x00, 
0x00, 0x00, 0x00, 0x00, 0x00, 0x00, 0xEE, 0xA0, 0x00, 0x00, 0x2F, 0x84, 0xAF, 0xC2, 0xCB, 0xFB, 
0xA4, 0x00, 0x75, 0xFE, 0xC2, 0x76, 0x5B, 0x4F, 0xF1, 0xA4, 0x0E, 0xFA, 0xBA, 0x01, 0x00, 0x00, 
0x03, 0xF8, 0xA4, 0x20, 0xFF, 0x84, 0x00, 0x00, 0x00, 0x41, 0xFF, 0xA4, 0x02, 0xEB, 0xDE, 0x3D, 
0x23, 0x5E, 0xDE, 0xEB, 0xA4, 0x00, 0x45, 0xE4, 0xFF, 0xFF, 0xE3, 0x46, 0xA0, 0xA4, 0x00, 0x00, 
0x03, 0x22, 0x22, 0x02, 0x00, 0x00, 0x00, 0x00, 0x00, 0x01, 0x29, 0x10, 0x00, 0x00, 0x25, 0x12, 
0x00, 0x00, 0xA6, 0xFF, 0xF5, 0x86, 0x47, 0xDF, 0x26, 0x00, 0x25, 0xDD, 0x1C, 0x57, 0xD6, 0xFE, 
0x91, 0x00, 0x00, 0x06, 0x0F, 0x00, 0x00, 0x00, 0x06, 0x00, 0x00, 0x00, 0x00, 0x38, 0x8F, 0xB7, 
0xC4, 0xA0, 0x32, 0x00, 0x00, 0x04, 0xE5, 0xC7, 0x91, 0x87, 0xE0, 0xF9, 0x28, 0x00, 0x00, 0x0F, 
0x00, 0x00, 0x00, 0x22, 0xFF, 0x81, 0x00, 0x00, 0x00, 0x00, 0x00, 0x00, 0x00, 0xEE, 0xA0, 0x00, 
0x00, 0x2F, 0x84, 0xAF, 0xC2, 0xCB, 0xFB, 0xA4, 0x00, 0x75, 0xFE, 0xC2, 0x76, 0x5B, 0x4F, 0xF1, 
0xA4, 0x0E, 0xFA, 0xBA, 0x01, 0x00, 0x00, 0x03, 0xF8, 0xA4, 0x20, 0xFF, 0x84, 0x00, 0x00, 0x00, 
0x41, 0xFF, 0xA4, 0x02, 0xEB, 0xDE, 0x3D, 0x23, 0x5E, 0xDE, 0xEB, 0xA4, 0x00, 0x45, 0xE4, 0xFF, 
0xFF, 0xE3, 0x46, 0xA0, 0xA4, 0x00, 0x00, 0x03, 0x22, 0x22, 0x02, 0x00, 0x00, 0x00, 0x00, 0x00, 
0x00, 0x0D, 0x00, 0x00, 0x0A, 0x03, 0x00, 0x00, 0x00, 0x31, 0xFE, 0x40, 0x00, 0xD2, 0x9C, 0x00, 
0x00, 0x00, 0x0F, 0x8C, 0x16, 0x00, 0x69, 0x47, 0x00, 0x00, 0x00, 0x00, 0x00, 0x00, 0x00, 0x00, 
0x00, 0x00, 0x00, 0x00, 0x38, 0x8F, 0xB7, 0xC4, 0xA0, 0x32, 0x00, 0x00, 0x04, 0xE5, 0xC7, 0x91, 
0x87, 0xE0, 0xF9, 0x28, 0x00, 0x00, 0x0F, 0x00, 0x00, 0x00, 0x22, 0xFF, 0x81, 0x00, 0x00, 0x00, 
0x00, 0x00, 0x00, 0x00, 0xEE, 0xA0, 0x00, 0x00, 0x2F, 0x84, 0xAF, 0xC2, 0xCB, 0xFB, 0xA4, 0x00, 
0x75, 0xFE, 0xC2, 0x76, 0x5B, 0x4F, 0xF1, 0xA4, 0x0E, 0xFA, 0xBA, 0x01, 0x00, 0x00, 0x03, 0xF8, 
0xA4, 0x20, 0xFF, 0x84, 0x00, 0x00, 0x00, 0x41, 0xFF, 0xA4, 0x02, 0xEB, 0xDE, 0x3D, 0x23, 0x5E, 
0xDE, 0xEB, 0xA4, 0x00, 0x45, 0xE4, 0xFF, 0xFF, 0xE3, 0x46, 0xA0, 0xA4, 0x00, 0x00, 0x03, 0x22, 
0x22, 0x02, 0x00, 0x00, 0x00, 0x00, 0x00, 0x00, 0x54, 0xA8, 0x83, 0x0A, 0x00, 0x00, 0x00, 0x00, 
0x23, 0xE0, 0x3D, 0xA5, 0x85, 0x00, 0x00, 0x00, 0x00, 0x39, 0xC4, 0x00, 0x69, 0x9F, 0x00, 0x00, 
0x00, 0x00, 0x03, 0xB5, 0xDE, 0xE0, 0x31, 0x00, 0x00, 0x00, 0x00, 0x00, 0x00, 0x0C, 0x01, 0x00, 
0x00, 0x00, 0x00, 0x00, 0x38, 0x8F, 0xB7, 0xC4, 0xA0, 0x32, 0x00, 0x00, 0x04, 0xE5, 0xC7, 0x91, 
0x87, 0xE0, 0xF9, 0x28, 0x00, 0x00, 0x0F, 0x00, 0x00, 0x00, 0x22, 0xFF, 0x81, 0x00, 0x00, 0x00, 
0x00, 0x00, 0x00, 0x00, 0xEE, 0xA0, 0x00, 0x00, 0x2F, 0x84, 0xAF, 0xC2, 0xCB, 0xFB, 0xA4, 0x00, 
0x75, 0xFE, 0xC2, 0x76, 0x5B, 0x4F, 0xF1, 0xA4, 0x0E, 0xFA, 0xBA, 0x01, 0x00, 0x00, 0x03, 0xF8, 
0xA4, 0x20, 0xFF, 0x84, 0x00, 0x00, 0x00, 0x41, 0xFF, 0xA4, 0x02, 0xEB, 0xDE, 0x3D, 0x23, 0x5E, 
0xDE, 0xEB, 0xA4, 0x00, 0x45, 0xE4, 0xFF, 0xFF, 0xE3, 0x46, 0xA0, 0xA4, 0x00, 0x00, 0x03, 0x22, 
0x22, 0x02, 0x00, 0x00, 0x00, 0x00, 0x06, 0x5B, 0x9E, 0xC0, 0xC2, 0x87, 0x0E, 0x11, 0x8C, 0xC8, 
0xBF, 0x71, 0x04, 0x00, 0x00, 0x29, 0xF8, 0xB1, 0x86, 0x97, 0xF5, 0xC1, 0xD6, 0xE1, 0x8A, 0x9E, 
0xFC, 0xAB, 0x00, 0x00, 0x00, 0x0F, 0x00, 0x00, 0x00, 0x65, 0xFF, 0xF0, 0x17, 0x00, 0x00, 0x76, 
0xFF, 0x40, 0x00, 0x00, 0x00, 0x00, 0x00, 0x00, 0x2E, 0xFF, 0xA2, 0x00, 0x00, 0x00, 0x22, 0xFF, 
0x88, 0x00, 0x00, 0x37, 0x8B, 0xB4, 0xC5, 0xD4, 0xFF, 0xE5, 0xC8, 0xC8, 0xC8, 0xCB, 0xFF, 0xA0, 
0x00, 0x7C, 0xFF, 0xBA, 0x71, 0x58, 0x71, 0xFF, 0xBA, 0x78, 0x78, 0x78, 0x78, 0x78, 0x4C, 0x0F, 
0xFB, 0xB7, 0x00, 0x00, 0x00, 0x43, 0xFF, 0x99, 0x00, 0x00, 0x00, 0x00, 0x00, 0x00, 0x20, 0xFF, 
0x83, 0x00, 0x00, 0x00, 0x84, 0xFF, 0xE6, 0x09, 0x00, 0x00, 0x00, 0x00, 0x00, 0x02, 0xEA, 0xDC, 
0x38, 0x27, 0x74, 0xF6, 0x79, 0xFB, 0xC3, 0x4D, 0x34, 0x4F, 0x96, 0x29, 0x00, 0x43, 0xE3, 0xFF, 
0xFF, 0xE2, 0x50, 0x00, 0x48, 0xDB, 0xFF, 0xFF, 0xFF, 0xC9, 0x1E, 0x00, 0x00, 0x03, 0x21, 0x1F, 
0x02, 0x00, 0x00, 0x00, 0x01, 0x1D, 0x27, 0x0E, 0x00, 0x00, 0x00, 0x04, 0x67, 0xB4, 0xCC, 0xB7, 
0x7A, 0x05, 0xBF, 0xFF, 0xC1, 0x9A, 0xB7, 0xB5, 0x74, 0xFF, 0x6B, 0x00, 0x00, 0x00, 0x00, 0xCE, 
0xDF, 0x02, 0x00, 0x00, 0x00, 0x00, 0xF3, 0xB4, 0x00, 0x00, 0x00, 0x00, 0x00, 0xFC, 0xA9, 0x00, 
0x00, 0x00, 0x00, 0x00, 0xE5, 0xC7, 0x00, 0x00, 0x00, 0x00, 0x00, 0xA3, 0xFD, 0x26, 0x00, 0x00, 
0x00, 0x00, 0x2A, 0xF6, 0xE0, 0x5D, 0x38, 0x51, 0x86, 0x00, 0x39, 0xCD, 0xFF, 0xFF, 0xFF, 0xBA, 
0x00, 0x00, 0x00, 0xAA, 0xA2, 0x13, 0x00, 0x00, 0x00, 0x02, 0xAD, 0xE2, 0x54, 0x00, 0x00, 0x00, 
0x00, 0x00, 0x8C, 0xC2, 0x00, 0x00, 0x00, 0x87, 0xB3, 0xF1, 0x68, 0x00, 0x00, 0x00, 0x33, 0x46, 
0x1C, 0x00, 0x00, 0x00, 0x19, 0xC1, 0xA5, 0x00, 0x00, 0x00, 0x00, 0x00, 0x00, 0x00, 0x60, 0xFE, 
0x5D, 0x00, 0x00, 0x00, 0x00, 0x00, 0x00, 0x00, 0x66, 0xEB, 0x1F, 0x00, 0x00, 0x00, 0x00, 0x00, 
0x00, 0x00, 0x12, 0x08, 0x00, 0x00, 0x00, 0x00, 0x06, 0x6E, 0xBA, 0xCA, 0xA0, 0x30, 0x00, 0x00, 
0x04, 0xBD, 0xF9, 0x9D, 0x87, 0xD3, 0xF8, 0x41, 0x00, 0x6E, 0xFF, 0x4A, 0x00, 0x00, 0x09, 0xDC, 
0xD4, 0x00, 0xCA, 0xD3, 0x00, 0x00, 0x00, 0x00, 0x86, 0xFF, 0x1E, 0xF3, 0xEE, 0xC8, 0xC8, 0xC8, 
0xC8, 0xE0, 0xFF, 0x38, 0xFB, 0xD3, 0x7C, 0x7C, 0x7C, 0x7C, 0x7C, 0x7C, 0x1D, 0xE2, 0xC8, 0x00, 
0x00, 0x00, 0x00, 0x00, 0x00, 0x00, 0x98, 0xFD, 0x2F, 0x00, 0x00, 0x00, 0x00, 0x00, 0x00, 0x1D, 
0xED, 0xE8, 0x69, 0x37, 0x41, 0x6A, 0x90, 0x00, 0x00, 0x26, 0xBA, 0xFD, 0xFF, 0xFF, 0xF2, 0x8B, 
0x00, 0x00, 0x00, 0x00, 0x0E, 0x2A, 0x24, 0x05, 0x00, 0x00, 0x00, 0x00, 0x00, 0x00, 0x9D, 0xC4, 
0x22, 0x00, 0x00, 0x00, 0x00, 0x00, 0x55, 0xFF, 0x6A, 0x00, 0x00, 0x00, 0x00, 0x00, 0x17, 0xE9, 
0x6D, 0x00, 0x00, 0x00, 0x00, 0x00, 0x00, 0x06, 0x13, 0x00, 0x00, 0x00, 0x00, 0x00, 0x00, 0x06, 
0x6E, 0xBA, 0xCA, 0xA0, 0x30, 0x00, 0x00, 0x04, 0xBD, 0xF9, 0x9D, 0x87, 0xD3, 0xF8, 0x41, 0x00, 
0x6E, 0xFF, 0x4A, 0x00, 0x00, 0x09, 0xDC, 0xD4, 0x00, 0xCA, 0xD3, 0x00, 0x00, 0x00, 0x00, 0x86, 
0xFF, 0x1E, 0xF3, 0xEE, 0xC8, 0xC8, 0xC8, 0xC8, 0xE0, 0xFF, 0x38, 0xFB, 0xD3, 0x7C, 0x7C, 0x7C, 
0x7C, 0x7C, 0x7C, 0x1D, 0xE2, 0xC8, 0x00, 0x00, 0x00, 0x00, 0x00, 0x00, 0x00, 0x98, 0xFD, 0x2F, 
0x00, 0x00, 0x00, 0x00, 0x00, 0x00, 0x1D, 0xED, 0xE8, 0x69, 0x37, 0x41, 0x6A, 0x90, 0x00, 0x00, 
0x26, 0xBA, 0xFD, 0xFF, 0xFF, 0xF2, 0x8B, 0x00, 0x00, 0x00, 0x00, 0x0E, 0x2A, 0x24, 0x05, 0x00, 
0x00, 0x00, 0x00, 0x44, 0xC8, 0xA2, 0x01, 0x00, 0x00, 0x00, 0x00, 0x20, 0xE9, 0xBC, 0xF5, 0x83, 
0x00, 0x00, 0x00, 0x12, 0xD6, 0x8F, 0x02, 0x36, 0xE1, 0x6A, 0x00, 0x00, 0x06, 0x14, 0x00, 0x00, 
0x00, 0x09, 0x13, 0x00, 0x00, 0x00, 0x06, 0x6E, 0xBA, 0xCA, 0xA0, 0x30, 0x00, 0x00, 0x04, 0xBD, 
0xF9, 0x9D, 0x87, 0xD3, 0xF8, 0x41, 0x00, 0x6E, 0xFF, 0x4A, 0x00, 0x00, 0x09, 0xDC, 0xD4, 0x00, 
0xCA, 0xD3, 0x00, 0x00, 0x00, 0x00, 0x86, 0xFF, 0x1E, 0xF3, 0xEE, 0xC8, 0xC8, 0xC8, 0xC8, 0xE0, 
0xFF, 0x38, 0xFB, 0xD3, 0x7C, 0x7C, 0x7C, 0x7C, 0x7C, 0x7C, 0x1D, 0xE2, 0xC8, 0x00, 0x00, 0x00, 
0x00, 0x00, 0x00, 0x00, 0x98, 0xFD, 0x2F, 0x00, 0x00, 0x00, 0x00, 0x00, 0x00, 0x1D, 0xED, 0xE8, 
0x69, 0x37, 0x41, 0x6A, 0x90, 0x00, 0x00, 0x26, 0xBA, 0xFD, 0xFF, 0xFF, 0xF2, 0x8B, 0x00, 0x00, 
0x00, 0x00, 0x0E, 0x2A, 0x24, 0x05, 0x00, 0x00, 0x00, 0x00, 0x0D, 0x00, 0x00, 0x0A, 0x03, 0x00, 
0x00, 0x00, 0x31, 0xFE, 0x40, 0x00, 0xD2, 0x9C, 0x00, 0x00, 0x00, 0x0F, 0x8C, 0x16, 0x00, 0x69, 
0x47, 0x00, 0x00, 0x00, 0x00, 0x00, 0x00, 0x00, 0x00, 0x00, 0x00, 0x00, 0x00, 0x06, 0x6E, 0xBA, 
0xCA, 0xA0, 0x30, 0x00, 0x00, 0x04, 0xBD, 0xF9, 0x9D, 0x87, 0xD3, 0xF8, 0x41, 0x00, 0x6E, 0xFF, 
0x4A, 0x00, 0x00, 0x09, 0xDC, 0xD4, 0x00, 0xCA, 0xD3, 0x00, 0x00, 0x00, 0x00, 0x86, 0xFF, 0x1E, 
0xF3, 0xEE, 0xC8, 0xC8, 0xC8, 0xC8, 0xE0, 0xFF, 0x38, 0xFB, 0xD3, 0x7C, 0x7C, 0x7C, 0x7C, 0x7C, 
0x7C, 0x1D, 0xE2, 0xC8, 0x00, 0x00, 0x00, 0x00, 0x00, 0x00, 0x00, 0x98, 0xFD, 0x2F, 0x00, 0x00, 
0x00, 0x00, 0x00, 0x00, 0x1D, 0xED, 0xE8, 0x69, 0x37, 0x41, 0x6A, 0x90, 0x00, 0x00, 0x26, 0xBA, 
0xFD, 0xFF, 0xFF, 0xF2, 0x8B, 0x00, 0x00, 0x00, 0x00, 0x0E, 0x2A, 0x24, 0x05, 0x00, 0x00, 0x19, 
0xC1, 0xA5, 0x00, 0x00, 0x00, 0x60, 0xFE, 0x5D, 0x00, 0x00, 0x00, 0x66, 0xEB, 0x1F, 0x00, 0x00, 
0x00, 0x12, 0x08, 0x00, 0x00, 0x4C, 0xA4, 0x11, 0x00, 0x00, 0x78, 0xFF, 0x1C, 0x00, 0x00, 0x78, 
0xFF, 0x1C, 0x00, 0x00, 0x78, 0xFF, 0x1C, 0x00, 0x00, 0x78, 0xFF, 0x1C, 0x00, 0x00, 0x78, 0xFF, 
0x1C, 0x00, 0x00, 0x78, 0xFF, 0x1C, 0x00, 0x00, 0x78, 0xFF, 0x1C, 0x00, 0x00, 0x78, 0xFF, 0x1C, 
0x00, 0x00, 0x78, 0xFF, 0x1C, 0x00, 0x00, 0x9D, 0xC4, 0x22, 0x00, 0x55, 0xFF, 0x6A, 0x00, 0x17, 
0xE9, 0x6D, 0x00, 0x00, 0x06, 0x13, 0x00, 0x00, 0x00, 0x4C, 0xA4, 0x11, 0x00, 0x00, 0x78, 0xFF, 
0x1C, 0x00, 0x00, 0x78, 0xFF, 0x1C, 0x00, 0x00, 0x78, 0xFF, 0x1C, 0x00, 0x00, 0x78, 0xFF, 0x1C, 
0x00, 0x00, 0x78, 0xFF, 0x1C, 0x00, 0x00, 0x78, 0xFF, 0x1C, 0x00, 0x00, 0x78, 0xFF, 0x1C, 0x00, 
0x00, 0x78, 0xFF, 0x1C, 0x00, 0x00, 0x78, 0xFF, 0x1C, 0x00, 0x00, 0x00, 0x00, 0x44, 0xC8, 0xA2, 
0x01, 0x00, 0x00, 0x20, 0xE9, 0xBC, 0xF5, 0x83, 0x00, 0x12, 0xD6, 0x8F, 0x02, 0x36, 0xE1, 0x6A, 
0x06, 0x14, 0x00, 0x00, 0x00, 0x09, 0x13, 0x00, 0x00, 0x4C, 0xA4, 0x11, 0x00, 0x00, 0x00, 0x00, 
0x78, 0xFF, 0x1C, 0x00, 0x00, 0x00, 0x00, 0x78, 0xFF, 0x1C, 0x00, 0x00, 0x00, 0x00, 0x78, 0xFF, 
0x1C, 0x00, 0x00, 0x00, 0x00, 0x78, 0xFF, 0x1C, 0x00, 0x00, 0x00, 0x00, 0x78, 0xFF, 0x1C, 0x00, 
0x00, 0x00, 0x00, 0x78, 0xFF, 0x1C, 0x00, 0x00, 0x00, 0x00, 0x78, 0xFF, 0x1C, 0x00, 0x00, 0x00, 
0x00, 0x78, 0xFF, 0x1C, 0x00, 0x00, 0x00, 0x00, 0x78, 0xFF, 0x1C, 0x00, 0x00, 0x00, 0x0D, 0x00, 
0x00, 0x0A, 0x03, 0x31, 0xFE, 0x40, 0x00, 0xD2, 0x9C, 0x0F, 0x8C, 0x16, 0x00, 0x69, 0x47, 0x00, 
0x00, 0x00, 0x00, 0x00, 0x00, 0x00, 0x00, 0x4C, 0xA4, 0x11, 0x00, 0x00, 0x00, 0x78, 0xFF, 0x1C, 
0x00, 0x00, 0x00, 0x78, 0xFF, 0x1C, 0x00, 0x00, 0x00, 0x78, 0xFF, 0x1C, 0x00, 0x00, 0x00, 0x78, 
0xFF, 0x1C, 0x00, 0x00, 0x00, 0x78, 0xFF, 0x1C, 0x00, 0x00, 0x00, 0x78, 0xFF, 0x1C, 0x00, 0x00, 
0x00, 0x78, 0xFF, 0x1C, 0x00, 0x00, 0x00, 0x78, 0xFF, 0x1C, 0x00, 0x00, 0x00, 0x78, 0xFF, 0x1C, 
0x00, 0x00, 0x00, 0x01, 0x29, 0x10, 0x00, 0x00, 0x25, 0x12, 0x00, 0x00, 0xA6, 0xFF, 0xF5, 0x86, 
0x47, 0xDF, 0x26, 0x00, 0x25, 0xDD, 0x1C, 0x57, 0xD6, 0xFE, 0x91, 0x00, 0x00, 0x06, 0x0F, 0x00, 
0x00, 0x00, 0x06, 0x00, 0x00, 0x4C, 0x8E, 0x07, 0x73, 0xBF, 0xC7, 0x9F, 0x2A, 0x00, 0x78, 0xFC, 
0xBB, 0xD3, 0x93, 0x97, 0xF1, 0xF7, 0x28, 0x78, 0xFF, 0xBA, 0x05, 0x00, 0x00, 0x39, 0xFF, 0x88, 
0x78, 0xFF, 0x4C, 0x00, 0x00, 0x00, 0x00, 0xF3, 0xA7, 0x78, 0xFF, 0x28, 0x00, 0x00, 0x00, 0x00, 
0xE8, 0xAC, 0x78, 0xFF, 0x1C, 0x00, 0x00, 0x00, 0x00, 0xE8, 0xAC, 0x78, 0xFF, 0x1C, 0x00, 0x00, 
0x00, 0x00, 0xE8, 0xAC, 0x78, 0xFF, 0x1C, 0x00, 0x00, 0x00, 0x00, 0xE8, 0xAC, 0x78, 0xFF, 0x1C, 
0x00, 0x00, 0x00, 0x00, 0xE8, 0xAC, 0x78, 0xFF, 0x1C, 0x00, 0x00, 0x00, 0x00, 0xE8, 0xAC, 0x00, 
0x19, 0xC1, 0xA5, 0x00, 0x00, 0x00, 0x00, 0x00, 0x00, 0x00, 0x60, 0xFE, 0x5D, 0x00, 0x00, 0x00, 
0x00, 0x00, 0x00, 0x00, 0x66, 0xEB, 0x1F, 0x00, 0x00, 0x00, 0x00, 0x00, 0x00, 0x00, 0x12, 0x08, 
0x00, 0x00, 0x00, 0x00, 0x06, 0x6C, 0xB9, 0xCC, 0xB0, 0x57, 0x00, 0x00, 0x07, 0xC2, 0xFD, 0xB0, 
0x8C, 0xBB, 0xFF, 0x9F, 0x00, 0x79, 0xFF, 0x5C, 0x00, 0x00, 0x00, 0x7C, 0xFF, 0x53, 0xD2, 0xDD, 
0x01, 0x00, 0x00, 0x00, 0x08, 0xF0, 0xB2, 0xF8, 0xB1, 0x00, 0x00, 0x00, 0x00, 0x00, 0xCB, 0xDB, 
0xFA, 0xAA, 0x00, 0x00, 0x00, 0x00, 0x00, 0xC2, 0xE5, 0xDE, 0xC9, 0x00, 0x00, 0x00, 0x00, 0x00, 
0xE2, 0xC9, 0x92, 0xFE, 0x26, 0x00, 0x00, 0x00, 0x40, 0xFF, 0x82, 0x18, 0xEB, 0xDE, 0x55, 0x30, 
0x5E, 0xEA, 0xE4, 0x13, 0x00, 0x26, 0xC0, 0xFF, 0xFF, 0xFE, 0xBA, 0x22, 0x00, 0x00, 0x00, 0x00, 
0x13, 0x2A, 0x11, 0x00, 0x00, 0x00, 0x00, 0x00, 0x00, 0x00, 0x00, 0x9D, 0xC4, 0x22, 0x00, 0x00, 
0x00, 0x00, 0x00, 0x55, 0xFF, 0x6A, 0x00, 0x00, 0x00, 0x00, 0x00, 0x17, 0xE9, 0x6D, 0x00, 0x00, 
0x00, 0x00, 0x00, 0x00, 0x06, 0x13, 0x00, 0x00, 0x00, 0x00, 0x00, 0x06, 0x6C, 0xB9, 0xCC, 0xB0, 
0x57, 0x00, 0x00, 0x07, 0xC2, 0xFD, 0xB0, 0x8C, 0xBB, 0xFF, 0x9F, 0x00, 0x79, 0xFF, 0x5C, 0x00, 
0x00, 0x00, 0x7C, 0xFF, 0x53, 0xD2, 0xDD, 0x01, 0x00, 0x00, 0x00, 0x08, 0xF0, 0xB2, 0xF8, 0xB1, 
0x00, 0x00, 0x00, 0x00, 0x00, 0xCB, 0xDB, 0xFA, 0xAA, 0x00, 0x00, 0x00, 0x00, 0x00, 0xC2, 0xE5, 
0xDE, 0xC9, 0x00, 0x00, 0x00, 0x00, 0x00, 0xE2, 0xC9, 0x92, 0xFE, 0x26, 0x00, 0x00, 0x00, 0x40, 
0xFF, 0x82, 0x18, 0xEB, 0xDE, 0x55, 0x30, 0x5E, 0xEA, 0xE4, 0x13, 0x00, 0x26, 0xC0, 0xFF, 0xFF, 
0xFE, 0xBA, 0x22, 0x00, 0x00, 0x00, 0x00, 0x13, 0x2A, 0x11, 0x00, 0x00, 0x00, 0x00, 0x00, 0x00, 
0x44, 0xC8, 0xA2, 0x01, 0x00, 0x00, 0x00, 0x00, 0x20, 0xE9, 0xBC, 0xF5, 0x83, 0x00, 0x00, 0x00, 
0x12, 0xD6, 0x8F, 0x02, 0x36, 0xE1, 0x6A, 0x00, 0x00, 0x06, 0x14, 0x00, 0x00, 0x00, 0x09, 0x13, 
0x00, 0x00, 0x06, 0x6C, 0xB9, 0xCC, 0xB0, 0x57, 0x00, 0x00, 0x07, 0xC2, 0xFD, 0xB0, 0x8C, 0xBB, 
0xFF, 0x9F, 0x00, 0x79, 0xFF, 0x5C, 0x00, 0x00, 0x00, 0x7C, 0xFF, 0x53, 0xD2, 0xDD, 0x01, 0x00, 
0x00, 0x00, 0x08, 0xF0, 0xB2, 0xF8, 0xB1, 0x00, 0x00, 0x00, 0x00, 0x00, 0xCB, 0xDB, 0xFA, 0xAA, 
0x00, 0x00, 0x00, 0x00, 0x00, 0xC2, 0xE5, 0xDE, 0xC9, 0x00, 0x00, 0x00, 0x00, 0x00, 0xE2, 0xC9, 
0x92, 0xFE, 0x26, 0x00, 0x00, 0x00, 0x40, 0xFF, 0x82, 0x18, 0xEB, 0xDE, 0x55, 0x30, 0x5E, 0xEA, 
0xE4, 0x13, 0x00, 0x26, 0xC0, 0xFF, 0xFF, 0xFE, 0xBA, 0x22, 0x00, 0x00, 0x00, 0x00, 0x13, 0x2A, 
0x11, 0x00, 0x00, 0x00, 0x00, 0x01, 0x29, 0x10, 0x00, 0x00, 0x25, 0x12, 0x00, 0x00, 0xA6, 0xFF, 
0xF5, 0x86, 0x47, 0xDF, 0x26, 0x00, 0x25, 0xDD, 0x1C, 0x57, 0xD6, 0xFE, 0x91, 0x00, 0x00, 0x06, 
0x0F, 0x00, 0x00, 0x00, 0x06, 0x00, 0x00, 0x00, 0x00, 0x06, 0x6C, 0xB9, 0xCC, 0xB0, 0x57, 0x00, 
0x00, 0x07, 0xC2, 0xFD, 0xB0, 0x8C, 0xBB, 0xFF, 0x9F, 0x00, 0x79, 0xFF, 0x5C, 0x00, 0x00, 0x00, 
0x7C, 0xFF, 0x53, 0xD2, 0xDD, 0x01, 0x00, 0x00, 0x00, 0x08, 0xF0, 0xB2, 0xF8, 0xB1, 0x00, 0x00, 
0x00, 0x00, 0x00, 0xCB, 0xDB, 0xFA, 0xAA, 0x00, 0x00, 0x00, 0x00, 0x00, 0xC2, 0xE5, 0xDE, 0xC9, 
0x00, 0x00, 0x00, 0x00, 0x00, 0xE2, 0xC9, 0x92, 0xFE, 0x26, 0x00, 0x00, 0x00, 0x40, 0xFF, 0x82, 
0x18, 0xEB, 0xDE, 0x55, 0x30, 0x5E, 0xEA, 0xE4, 0x13, 0x00, 0x26, 0xC0, 0xFF, 0xFF, 0xFE, 0xBA, 
0x22, 0x00, 0x00, 0x00, 0x00, 0x13, 0x2A, 0x11, 0x00, 0x00, 0x00, 0x00, 0x00, 0x0D, 0x00, 0x00, 
0x0A, 0x03, 0x00, 0x00, 0x00, 0x31, 0xFE, 0x40, 0x00, 0xD2, 0x9C, 0x00, 0x00, 0x00, 0x0F, 0x8C, 
0x16, 0x00, 0x69, 0x47, 0x00, 0x00, 0x00, 0x00, 0x00, 0x00, 0x00, 0x00, 0x00, 0x00, 0x00, 0x00, 
0x06, 0x6C, 0xB9, 0xCC, 0xB0, 0x57, 0x00, 0x00, 0x07, 0xC2, 0xFD, 0xB0, 0x8C, 0xBB, 0xFF, 0x9F, 
0x00, 0x79, 0xFF, 0x5C, 0x00, 0x00, 0x00, 0x7C, 0xFF, 0x53, 0xD2, 0xDD, 0x01, 0x00, 0x00, 0x00, 
0x08, 0xF0, 0xB2, 0xF8, 0xB1, 0x00, 0x00, 0x00, 0x00, 0x00, 0xCB, 0xDB, 0xFA, 0xAA, 0x00, 0x00, 
0x00, 0x00, 0x00, 0xC2, 0xE5, 0xDE, 0xC9, 0x00, 0x00, 0x00, 0x00, 0x00, 0xE2, 0xC9, 0x92, 0xFE, 
0x26, 0x00, 0x00, 0x00, 0x40, 0xFF, 0x82, 0x18, 0xEB, 0xDE, 0x55, 0x30, 0x5E, 0xEA, 0xE4, 0x13, 
0x00, 0x26, 0xC0, 0xFF, 0xFF, 0xFE, 0xBA, 0x22, 0x00, 0x00, 0x00, 0x00, 0x13, 0x2A, 0x11, 0x00, 
0x00, 0x00, 0x00, 0x00, 0x00, 0x00, 0x3B, 0x5A, 0x00, 0x00, 0x00, 0x00, 0x00, 0x00, 0x00, 0x00, 
0xD6, 0xFF, 0x16, 0x00, 0x00, 0x00, 0x00, 0x00, 0x00, 0x00, 0x63, 0x8D, 0x01, 0x00, 0x00, 0x00, 
0x00, 0x00, 0x00, 0x00, 0x00, 0x00, 0x00, 0x00, 0x00, 0x00, 0x17, 0xFC, 0xFC, 0xFC, 0xFC, 0xFC, 
0xFC, 0xFC, 0xFC, 0x5E, 0x07, 0x4C, 0x4C, 0x4C, 0x4C, 0x4C, 0x4C, 0x4C, 0x4C, 0x1C, 0x00, 0x00, 
0x00, 0x00, 0x22, 0x37, 0x00, 0x00, 0x00, 0x00, 0x00, 0x00, 0x00, 0x00, 0xD2, 0xFE, 0x13, 0x00, 
0x00, 0x00, 0x00, 0x00, 0x00, 0x00, 0x81, 0xB1, 0x04, 0x00, 0x00, 0x00, 0x00, 0x00, 0x00, 0x00, 
0x00, 0x00, 0x00, 0x0A, 0x00, 0x00, 0x06, 0x6C, 0xB9, 0xCC, 0xAE, 0x5B, 0xE0, 0x51, 0x07, 0xC2, 
0xFD, 0xB0, 0x8A, 0xB9, 0xFF, 0xEC, 0x09, 0x79, 0xFF, 0x5C, 0x00, 0x00, 0x61, 0xFF, 0xFF, 0x40, 
0xD2, 0xDD, 0x01, 0x00, 0x24, 0xF3, 0x7A, 0xF0, 0xB0, 0xF8, 0xB1, 0x00, 0x05, 0xCA, 0xBB, 0x01, 
0xC7, 0xDF, 0xFC, 0xA6, 0x00, 0x87, 0xEC, 0x19, 0x00, 0xC2, 0xE5, 0xE1, 0xC3, 0x40, 0xFD, 0x4F, 
0x00, 0x00, 0xE2, 0xC9, 0x97, 0xFC, 0xE5, 0x96, 0x00, 0x00, 0x40, 0xFF, 0x82, 0x1D, 0xF8, 0xFD, 
0x58, 0x2E, 0x5E, 0xEA, 0xE4, 0x13, 0x5F, 0xF9, 0xC4, 0xFF, 0xFF, 0xFE, 0xBA, 0x22, 0x00, 0x16, 
0x4D, 0x00, 0x13, 0x2A, 0x11, 0x00, 0x00, 0x00, 0x00, 0x00, 0x19, 0xC1, 0xA5, 0x00, 0x00, 0x00, 
0x00, 0x00, 0x00, 0x00, 0x60, 0xFE, 0x5D, 0x00, 0x00, 0x00, 0x00, 0x00, 0x00, 0x00, 0x66, 0xEB, 
0x1F, 0x00, 0x00, 0x00, 0x00, 0x00, 0x00, 0x00, 0x12, 0x08, 0x00, 0x00, 0x5E, 0xA4, 0x05, 0x00, 
0x00, 0x00, 0x00, 0xA1, 0x61, 0x94, 0xFF, 0x08, 0x00, 0x00, 0x00, 0x00, 0xFC, 0x98, 0x94, 0xFF, 
0x08, 0x00, 0x00, 0x00, 0x00, 0xFC, 0x98, 0x94, 0xFF, 0x08, 0x00, 0x00, 0x00, 0x00, 0xFC, 0x98, 
0x94, 0xFF, 0x08, 0x00, 0x00, 0x00, 0x00, 0xFC, 0x98, 0x94, 0xFF, 0x08, 0x00, 0x00, 0x00, 0x03, 
0xFE, 0x98, 0x92, 0xFF, 0x0B, 0x00, 0x00, 0x00, 0x1B, 0xFF, 0x98, 0x77, 0xFF, 0x31, 0x00, 0x00, 
0x00, 0x69, 0xFF, 0x98, 0x33, 0xFE, 0xCA, 0x40, 0x32, 0x6D, 0xEA, 0xF9, 0x98, 0x00, 0x6B, 0xF1, 
0xFF, 0xFF, 0xE2, 0x49, 0xCB, 0x98, 0x00, 0x00, 0x03, 0x20, 0x22, 0x01, 0x00, 0x00, 0x00, 0x00, 
0x00, 0x00, 0x00, 0x00, 0x9D, 0xC4, 0x22, 0x00, 0x00, 0x00, 0x00, 0x00, 0x55, 0xFF, 0x6A, 0x00, 
0x00, 0x00, 0x00, 0x00, 0x17, 0xE9, 0x6D, 0x00, 0x00, 0x00, 0x00, 0x00, 0x00, 0x06, 0x13, 0x00, 
0x00, 0x00, 0x00, 0x5E, 0xA4, 0x05, 0x00, 0x00, 0x00, 0x00, 0xA1, 0x61, 0x94, 0xFF, 0x08, 0x00, 
0x00, 0x00, 0x00, 0xFC, 0x98, 0x94, 0xFF, 0x08, 0x00, 0x00, 0x00, 0x00, 0xFC, 0x98, 0x94, 0xFF, 
0x08, 0x00, 0x00, 0x00, 0x00, 0xFC, 0x98, 0x94, 0xFF, 0x08, 0x00, 0x00, 0x00, 0x00, 0xFC, 0x98, 
0x94, 0xFF, 0x08, 0x00, 0x00, 0x00, 0x03, 0xFE, 0x98, 0x92, 0xFF, 0x0B, 0x00, 0x00, 0x00, 0x1B, 
0xFF, 0x98, 0x77, 0xFF, 0x31, 0x00, 0x00, 0x00, 0x69, 0xFF, 0x98, 0x33, 0xFE, 0xCA, 0x40, 0x32, 
0x6D, 0xEA, 0xF9, 0x98, 0x00, 0x6B, 0xF1, 0xFF, 0xFF, 0xE2, 0x49, 0xCB, 0x98, 0x00, 0x00, 0x03, 
0x20, 0x22, 0x01, 0x00, 0x00, 0x00, 0x00, 0x00, 0x00, 0x44, 0xC8, 0xA2, 0x01, 0x00, 0x00, 0x00, 
0x00, 0x20, 0xE9, 0xBC, 0xF5, 0x83, 0x00, 0x00, 0x00, 0x12, 0xD6, 0x8F, 0x02, 0x36, 0xE1, 0x6A, 
0x00, 0x00, 0x06, 0x14, 0x00, 0x00, 0x00, 0x09, 0x13, 0x00, 0x5E, 0xA4, 0x05, 0x00, 0x00, 0x00, 
0x00, 0xA1, 0x61, 0x94, 0xFF, 0x08, 0x00, 0x00, 0x00, 0x00, 0xFC, 0x98, 0x94, 0xFF, 0x08, 0x00, 
0x00, 0x00, 0x00, 0xFC, 0x98, 0x94, 0xFF, 0x08, 0x00, 0x00, 0x00, 0x00, 0xFC, 0x98, 0x94, 0xFF, 
0x08, 0x00, 0x00, 0x00, 0x00, 0xFC, 0x98, 0x94, 0xFF, 0x08, 0x00, 0x00, 0x00, 0x03, 0xFE, 0x98, 
0x92, 0xFF, 0x0B, 0x00, 0x00, 0x00, 0x1B, 0xFF, 0x98, 0x77, 0xFF, 0x31, 0x00, 0x00, 0x00, 0x69, 
0xFF, 0x98, 0x33, 0xFE, 0xCA, 0x40, 0x32, 0x6D, 0xEA, 0xF9, 0x98, 0x00, 0x6B, 0xF1, 0xFF, 0xFF, 
0xE2, 0x49, 0xCB, 0x98, 0x00, 0x00, 0x03, 0x20, 0x22, 0x01, 0x00, 0x00, 0x00, 0x00, 0x00, 0x0D, 
0x00, 0x00, 0x0A, 0x03, 0x00, 0x00, 0x00, 0x31, 0xFE, 0x40, 0x00, 0xD2, 0x9C, 0x00, 0x00, 0x00, 
0x0F, 0x8C, 0x16, 0x00, 0x69, 0x47, 0x00, 0x00, 0x00, 0x00, 0x00, 0x00, 0x00, 0x00, 0x00, 0x00, 
0x00, 0x5E, 0xA4, 0x05, 0x00, 0x00, 0x00, 0x00, 0xA1, 0x61, 0x94, 0xFF, 0x08, 0x00, 0x00, 0x00, 
0x00, 0xFC, 0x98, 0x94, 0xFF, 0x08, 0x00, 0x00, 0x00, 0x00, 0xFC, 0x98, 0x94, 0xFF, 0x08, 0x00, 
0x00, 0x00, 0x00, 0xFC, 0x98, 0x94, 0xFF, 0x08, 0x00, 0x00, 0x00, 0x00, 0xFC, 0x98, 0x94, 0xFF, 
0x08, 0x00, 0x00, 0x00, 0x03, 0xFE, 0x98, 0x92, 0xFF, 0x0B, 0x00, 0x00, 0x00, 0x1B, 0xFF, 0x98, 
0x77, 0xFF, 0x31, 0x00, 0x00, 0x00, 0x69, 0xFF, 0x98, 0x33, 0xFE, 0xCA, 0x40, 0x32, 0x6D, 0xEA, 
0xF9, 0x98, 0x00, 0x6B, 0xF1, 0xFF, 0xFF, 0xE2, 0x49, 0xCB, 0x98, 0x00, 0x00, 0x03, 0x20, 0x22, 
0x01, 0x00, 0x00, 0x00, 0x00, 0x00, 0x00, 0x00, 0x00, 0x9D, 0xC4, 0x22, 0x00, 0x00, 0x00, 0x00, 
0x00, 0x00, 0x55, 0xFF, 0x6A, 0x00, 0x00, 0x00, 0x00, 0x00, 0x00, 0x17, 0xE9, 0x6D, 0x00, 0x00, 
0x00, 0x00, 0x00, 0x00, 0x00, 0x06, 0x13, 0x00, 0x00, 0x00, 0x00, 0x00, 0x8C, 0x87, 0x00, 0x00, 
0x00, 0x00, 0x00, 0x6A, 0xA2, 0x0B, 0x87, 0xFF, 0x24, 0x00, 0x00, 0x00, 0x05, 0xEB, 0xC0, 0x00, 
0x21, 0xFE, 0x85, 0x00, 0x00, 0x00, 0x4C, 0xFF, 0x5F, 0x00, 0x00, 0xB9, 0xE3, 0x02, 0x00, 0x00, 
0xA7, 0xF2, 0x0B, 0x00, 0x00, 0x52, 0xFF, 0x48, 0x00, 0x0C, 0xF5, 0x9C, 0x00, 0x00, 0x00, 0x04, 
0xE6, 0xAA, 0x00, 0x5E, 0xFF, 0x3B, 0x00, 0x00, 0x00, 0x00, 0x84, 0xF7, 0x0F, 0xB7, 0xD9, 0x00, 
0x00, 0x00, 0x00, 0x00, 0x1F, 0xFD, 0x6A, 0xFA, 0x78, 0x00, 0x00, 0x00, 0x00, 0x00, 0x00, 0xB6, 
0xE8, 0xFC, 0x1A, 0x00, 0x00, 0x00, 0x00, 0x00, 0x00, 0x4F, 0xFF, 0xB5, 0x00, 0x00, 0x00, 0x00, 
0x00, 0x00, 0x00, 0x47, 0xFF, 0x54, 0x00, 0x00, 0x00, 0x00, 0x00, 0x00, 0x00, 0xB1, 0xE7, 0x06, 
0x00, 0x00, 0x00, 0x00, 0x04, 0x05, 0x6D, 0xFF, 0x70, 0x00, 0x00, 0x00, 0x00, 0x00, 0xCB, 0xFD, 
0xFF, 0xA0, 0x02, 0x00, 0x00, 0x00, 0x00, 0x00, 0x32, 0x4A, 0x25, 0x00, 0x00, 0x00, 0x00, 0x00, 
0x00, 0x00, 0x00, 0x00, 0x0D, 0x00, 0x00, 0x0A, 0x03, 0x00, 0x00, 0x00, 0x00, 0x31, 0xFE, 0x40, 
0x00, 0xD2, 0x9C, 0x00, 0x00, 0x00, 0x00, 0x0F, 0x8C, 0x16, 0x00, 0x69, 0x47, 0x00, 0x00, 0x00, 
0x00, 0x00, 0x00, 0x00, 0x00, 0x00, 0x00, 0x00, 0x00, 0x00, 0x8C, 0x87, 0x00, 0x00, 0x00, 0x00, 
0x00, 0x6A, 0xA2, 0x0B, 0x87, 0xFF, 0x24, 0x00, 0x00, 0x00, 0x05, 0xEB, 0xC0, 0x00, 0x21, 0xFE, 
0x85, 0x00, 0x00, 0x00, 0x4C, 0xFF, 0x5F, 0x00, 0x00, 0xB9, 0xE3, 0x02, 0x00, 0x00, 0xA7, 0xF2, 
0x0B, 0x00, 0x00, 0x52, 0xFF, 0x48, 0x00, 0x0C, 0xF5, 0x9C, 0x00, 0x00, 0x00, 0x04, 0xE6, 0xAA, 
0x00, 0x5E, 0xFF, 0x3B, 0x00, 0x00, 0x00, 0x00, 0x84, 0xF7, 0x0F, 0xB7, 0xD9, 0x00, 0x00, 0x00, 
0x00, 0x00, 0x1F, 0xFD, 0x6A, 0xFA, 0x78, 0x00, 0x00, 0x00, 0x00, 0x00, 0x00, 0xB6, 0xE8, 0xFC, 
0x1A, 0x00, 0x00, 0x00, 0x00, 0x00, 0x00, 0x4F, 0xFF, 0xB5, 0x00, 0x00, 0x00, 0x00, 0x00, 0x00, 
0x00, 0x47, 0xFF, 0x54, 0x00, 0x00, 0x00, 0x00, 0x00, 0x00, 0x00, 0xB1, 0xE7, 0x06, 0x00, 0x00, 
0x00, 0x00, 0x04, 0x05, 0x6D, 0xFF, 0x70, 0x00, 0x00, 0x00, 0x00, 0x00, 0xCB, 0xFD, 0xFF, 0xA0, 
0x02, 0x00, 0x00, 0x00, 0x00, 0x00, 0x32, 0x4A, 0x25, 0x00, 0x00, 0x00, 0x00, 0x00, 0x00, 0x00, 
0x00, 0x00, 0x13, 0x3A, 0x00, 0x00, 0x00, 0x3A, 0x15, 0x00, 0x00, 0x00, 0x00, 0x00, 0x17, 0xEB, 
0x54, 0x37, 0x63, 0xED, 0x1A, 0x00, 0x00, 0x00, 0x00, 0x00, 0x00, 0x61, 0xEF, 0xFF, 0xEA, 0x5C, 
0x00, 0x00, 0x00, 0x00, 0x00, 0x00, 0x00, 0x00, 0x00, 0x0F, 0x00, 0x00, 0x00, 0x00, 0x00, 0x00, 
0x00, 0x00, 0x00, 0x00, 0x25, 0xE7, 0x98, 0x00, 0x00, 0x00, 0x00, 0x00, 0x00, 0x00, 0x00, 0x00, 
0x88, 0xFC, 0xF6, 0x10, 0x00, 0x00, 0x00, 0x00, 0x00, 0x00, 0x00, 0x04, 0xE7, 0x9A, 0xFC, 0x6A, 
0x00, 0x00, 0x00, 0x00, 0x00, 0x00, 0x00, 0x4F, 0xFF, 0x3A, 0xB9, 0xCD, 0x00, 0x00, 0x00, 0x00, 
0x00, 0x00, 0x00, 0xB3, 0xDC, 0x00, 0x5B, 0xFF, 0x30, 0x00, 0x00, 0x00, 0x00, 0x00, 0x19, 0xFC, 
0x7C, 0x00, 0x0A, 0xF2, 0x93, 0x00, 0x00, 0x00, 0x00, 0x00, 0x7A, 0xFD, 0x1E, 0x00, 0x00, 0x9E, 
0xEE, 0x08, 0x00, 0x00, 0x00, 0x01, 0xDC, 0xE3, 0x6C, 0x6C, 0x6C, 0x9C, 0xFF, 0x5A, 0x00, 0x00, 
0x00, 0x41, 0xFF, 0xFF, 0xFF, 0xFF, 0xFF, 0xFF, 0xFF, 0xBD, 0x00, 0x00, 0x00, 0xA4, 0xF1, 0x0D, 
0x04, 0x04, 0x04, 0x04, 0x8D, 0xFE, 0x21, 0x00, 0x10, 0xF6, 0x99, 0x00, 0x00, 0x00, 0x00, 0x00, 
0x29, 0xFF, 0x83, 0x00, 0x6B, 0xFF, 0x37, 0x00, 0x00, 0x00, 0x00, 0x00, 0x00, 0xC5, 0xE3, 0x03, 
0xCE, 0xD5, 0x00, 0x00, 0x00, 0x00, 0x00, 0x00, 0x00, 0x62, 0xFF, 0x4A, 0x00, 0x00, 0x13, 0x3A, 
0x00, 0x00, 0x00, 0x3A, 0x15, 0x00, 0x00, 0x17, 0xEB, 0x54, 0x37, 0x63, 0xED, 0x1A, 0x00, 0x00, 
0x00, 0x61, 0xEF, 0xFF, 0xEA, 0x5C, 0x00, 0x00, 0x00, 0x00, 0x00, 0x00, 0x0F, 0x00, 0x00, 0x00, 
0x00, 0x00, 0x38, 0x8F, 0xB7, 0xC4, 0xA0, 0x32, 0x00, 0x00, 0x04, 0xE5, 0xC7, 0x91, 0x87, 0xE0, 
0xF9, 0x28, 0x00, 0x00, 0x0F, 0x00, 0x00, 0x00, 0x22, 0xFF, 0x81, 0x00, 0x00, 0x00, 0x00, 0x00, 
0x00, 0x00, 0xEE, 0xA0, 0x00, 0x00, 0x2F, 0x84, 0xAF, 0xC2, 0xCB, 0xFB, 0xA4, 0x00, 0x75, 0xFE, 
0xC2, 0x76, 0x5B, 0x4F, 0xF1, 0xA4, 0x0E, 0xFA, 0xBA, 0x01, 0x00, 0x00, 0x03, 0xF8, 0xA4, 0x20, 
0xFF, 0x84, 0x00, 0x00, 0x00, 0x41, 0xFF, 0xA4, 0x02, 0xEB, 0xDE, 0x3D, 0x23, 0x5E, 0xDE, 0xEB, 
0xA4, 0x00, 0x45, 0xE4, 0xFF, 0xFF, 0xE3, 0x46, 0xA0, 0xA4, 0x00, 0x00, 0x03, 0x22, 0x22, 0x02, 
0x00, 0x00, 0x00, 0x00, 0x00, 0x00, 0x00, 0x25, 0xE7, 0x98, 0x00, 0x00, 0x00, 0x00, 0x00, 0x00, 
0x00, 0x00, 0x00, 0x88, 0xFC, 0xF6, 0x10, 0x00, 0x00, 0x00, 0x00, 0x00, 0x00, 0x00, 0x04, 0xE7, 
0x9A, 0xFC, 0x6A, 0x00, 0x00, 0x00, 0x00, 0x00, 0x00, 0x00, 0x4F, 0xFF, 0x3A, 0xB9, 0xCD, 0x00, 
0x00, 0x00, 0x00, 0x00, 0x00, 0x00, 0xB3, 0xDC, 0x00, 0x5B, 0xFF, 0x30, 0x00, 0x00, 0x00, 0x00, 
0x00, 0x19, 0xFC, 0x7C, 0x00, 0x0A, 0xF2, 0x93, 0x00, 0x00, 0x00, 0x00, 0x00, 0x7A, 0xFD, 0x1E, 
0x00, 0x00, 0x9E, 0xEE, 0x08, 0x00, 0x00, 0x00, 0x01, 0xDC, 0xE3, 0x6C, 0x6C, 0x6C, 0x9C, 0xFF, 
0x5A, 0x00, 0x00, 0x00, 0x41, 0xFF, 0xFF, 0xFF, 0xFF, 0xFF, 0xFF, 0xFF, 0xBD, 0x00, 0x00, 0x00, 
0xA4, 0xF1, 0x0D, 0x04, 0x04, 0x04, 0x04, 0x8D, 0xFE, 0x21, 0x00, 0x10, 0xF6, 0x99, 0x00, 0x00, 
0x00, 0x00, 0x00, 0x29, 0xFF, 0x83, 0x00, 0x6B, 0xFF, 0x37, 0x00, 0x00, 0x00, 0x00, 0x00, 0x00, 
0xC5, 0xE3, 0x03, 0xCE, 0xD5, 0x00, 0x00, 0x00, 0x00, 0x00, 0x00, 0x00, 0x62, 0xFF, 0x4C, 0x00, 
0x00, 0x00, 0x00, 0x00, 0x00, 0x00, 0x00, 0x00, 0x6E, 0xBD, 0x07, 0x00, 0x00, 0x00, 0x00, 0x00, 
0x00, 0x00, 0x00, 0x17, 0xFB, 0x25, 0x00, 0x00, 0x00, 0x00, 0x00, 0x00, 0x00, 0x00, 0x00, 0x3A, 
0xFF, 0x49, 0x1A, 0x00, 0x00, 0x00, 0x00, 0x00, 0x00, 0x00, 0x00, 0x04, 0xAC, 0xED, 0x9A, 0x00, 
0x00, 0x38, 0x8F, 0xB7, 0xC4, 0xA0, 0x32, 0x00, 0x00, 0x04, 0xE5, 0xC7, 0x91, 0x87, 0xE0, 0xF9, 
0x28, 0x00, 0x00, 0x0F, 0x00, 0x00, 0x00, 0x22, 0xFF, 0x81, 0x00, 0x00, 0x00, 0x00, 0x00, 0x00, 
0x00, 0xEE, 0xA0, 0x00, 0x00, 0x2F, 0x84, 0xAF, 0xC2, 0xCB, 0xFB, 0xA4, 0x00, 0x75, 0xFE, 0xC2, 
0x76, 0x5B, 0x4F, 0xF1, 0xA4, 0x0E, 0xFA, 0xBA, 0x01, 0x00, 0x00, 0x03, 0xF8, 0xA4, 0x20, 0xFF, 
0x84, 0x00, 0x00, 0x00, 0x41, 0xFF, 0xA4, 0x02, 0xEB, 0xDE, 0x3D, 0x23, 0x5E, 0xDE, 0xEB, 0xA4, 
0x00, 0x45, 0xE4, 0xFF, 0xFF, 0xE3, 0x46, 0xC5, 0xA6, 0x00, 0x00, 0x03, 0x22, 0x22, 0x02, 0x6E, 
0xBD, 0x07, 0x00, 0x00, 0x00, 0x00, 0x00, 0x17, 0xFB, 0x25, 0x00, 0x00, 0x00, 0x00, 0x00, 0x00, 
0x3A, 0xFF, 0x49, 0x1A, 0x00, 0x00, 0x00, 0x00, 0x00, 0x04, 0xAC, 0xED, 0x9A, 0x00, 0x00, 0x00, 
0x00, 0x00, 0x00, 0x9D, 0xC4, 0x22, 0x00, 0x00, 0x00, 0x00, 0x00, 0x00, 0x55, 0xFF, 0x6A, 0x00, 
0x00, 0x00, 0x00, 0x00, 0x00, 0x17, 0xE9, 0x6D, 0x00, 0x00, 0x00, 0x00, 0x00, 0x00, 0x00, 0x06, 
0x13, 0x02, 0x00, 0x00, 0x00, 0x00, 0x00, 0x0A, 0x6E, 0xCC, 0xF1, 0xFD, 0xE8, 0xBA, 0x52, 0x00, 
0x1D, 0xD0, 0xFF, 0xBC, 0x77, 0x6E, 0x90, 0xD9, 0x72, 0x02, 0xC5, 0xFB, 0x56, 0x00, 0x00, 0x00, 
0x00, 0x00, 0x03, 0x53, 0xFF, 0x88, 0x00, 0x00, 0x00, 0x00, 0x00, 0x00, 0x00, 0xA5, 0xFF, 0x1B, 
0x00, 0x00, 0x00, 0x00, 0x00, 0x00, 0x00, 0xCE, 0xE5, 0x00, 0x00, 0x00, 0x00, 0x00, 0x00, 0x00, 
0x00, 0xE2, 0xD3, 0x00, 0x00, 0x00, 0x00, 0x00, 0x00, 0x00, 0x00, 0xD4, 0xDF, 0x00, 0x00, 0x00, 
0x00, 0x00, 0x00, 0x00, 0x00, 0xB4, 0xFD, 0x0E, 0x00, 0x00, 0x00, 0x00, 0x00, 0x00, 0x00, 0x6D, 
0xFF, 0x66, 0x00, 0x00, 0x00, 0x00, 0x00, 0x00, 0x00, 0x12, 0xEA, 0xEA, 0x24, 0x00, 0x00, 0x00, 
0x00, 0x00, 0x00, 0x00, 0x4C, 0xF7, 0xF1, 0x88, 0x4C, 0x42, 0x59, 0x8B, 0x38, 0x00, 0x00, 0x34, 
0xB2, 0xFC, 0xFF, 0xFF, 0xFF, 0xE0, 0x37, 0x00, 0x00, 0x00, 0x00, 0x06, 0x22, 0x2B, 0x18, 0x00, 
0x00, 0x00, 0x00, 0x00, 0x00, 0x9D, 0xC4, 0x22, 0x00, 0x00, 0x00, 0x55, 0xFF, 0x6A, 0x00, 0x00, 
0x00, 0x17, 0xE9, 0x6D, 0x00, 0x00, 0x00, 0x00, 0x06, 0x13, 0x00, 0x00, 0x00, 0x00, 0x04, 0x67, 
0xB4, 0xCC, 0xB7, 0x7A, 0x05, 0xBF, 0xFF, 0xC1, 0x9A, 0xB7, 0xB5, 0x74, 0xFF, 0x6B, 0x00, 0x00, 
0x00, 0x00, 0xCE, 0xDF, 0x02, 0x00, 0x00, 0x00, 0x00, 0xF3, 0xB4, 0x00, 0x00, 0x00, 0x00, 0x00, 
0xFC, 0xA9, 0x00, 0x00, 0x00, 0x00, 0x00, 0xE5, 0xC7, 0x00, 0x00, 0x00, 0x00, 0x00, 0xA3, 0xFD, 
0x26, 0x00, 0x00, 0x00, 0x00, 0x2A, 0xF6, 0xE0, 0x5D, 0x38, 0x51, 0x86, 0x00, 0x39, 0xCD, 0xFF, 
0xFF, 0xFF, 0xBA, 0x00, 0x00, 0x00, 0x16, 0x29, 0x13, 0x00, 0x00, 0x00, 0x1B, 0xBC, 0x42, 0x00, 
0x0B, 0x99, 0x79, 0x00, 0x00, 0x00, 0x00, 0x53, 0xF9, 0x68, 0xCB, 0xC3, 0x08, 0x00, 0x00, 0x00, 
0x00, 0x00, 0x7E, 0xFF, 0xE4, 0x13, 0x00, 0x00, 0x00, 0x00, 0x00, 0x00, 0x02, 0x18, 0x10, 0x00, 
0x00, 0x00, 0x00, 0x00, 0x0A, 0x6E, 0xCC, 0xF1, 0xFD, 0xE8, 0xBA, 0x52, 0x00, 0x1D, 0xD0, 0xFF, 
0xBC, 0x77, 0x6E, 0x90, 0xD9, 0x72, 0x02, 0xC5, 0xFB, 0x56, 0x00, 0x00, 0x00, 0x00, 0x00, 0x03, 
0x53, 0xFF, 0x88, 0x00, 0x00, 0x00, 0x00, 0x00, 0x00, 0x00, 0xA5, 0xFF, 0x1B, 0x00, 0x00, 0x00, 
0x00, 0x00, 0x00, 0x00, 0xCE, 0xE5, 0x00, 0x00, 0x00, 0x00, 0x00, 0x00, 0x00, 0x00, 0xE2, 0xD3, 
0x00, 0x00, 0x00, 0x00, 0x00, 0x00, 0x00, 0x00, 0xD4, 0xDF, 0x00, 0x00, 0x00, 0x00, 0x00, 0x00, 
0x00, 0x00, 0xB4, 0xFD, 0x0E, 0x00, 0x00, 0x00, 0x00, 0x00, 0x00, 0x00, 0x6D, 0xFF, 0x66, 0x00, 
0x00, 0x00, 0x00, 0x00, 0x00, 0x00, 0x12, 0xEA, 0xEA, 0x24, 0x00, 0x00, 0x00, 0x00, 0x00, 0x00, 
0x00, 0x4C, 0xF7, 0xF1, 0x88, 0x4C, 0x42, 0x59, 0x8B, 0x38, 0x00, 0x00, 0x34, 0xB2, 0xFC, 0xFF, 
0xFF, 0xFF, 0xE0, 0x37, 0x00, 0x00, 0x00, 0x00, 0x06, 0x22, 0x2B, 0x18, 0x00, 0x00, 0x1B, 0xBC, 
0x42, 0x00, 0x0B, 0x99, 0x79, 0x00, 0x53, 0xF9, 0x68, 0xCB, 0xC3, 0x08, 0x00, 0x00, 0x7E, 0xFF, 
0xE4, 0x13, 0x00, 0x00, 0x00, 0x02, 0x18, 0x0D, 0x00, 0x00, 0x00, 0x04, 0x67, 0xB4, 0xCC, 0xB7, 
0x7A, 0x05, 0xBF, 0xFF, 0xC1, 0x9A, 0xB7, 0xB5, 0x74, 0xFF, 0x6B, 0x00, 0x00, 0x00, 0x00, 0xCE, 
0xDF, 0x02, 0x00, 0x00, 0x00, 0x00, 0xF3, 0xB4, 0x00, 0x00, 0x00, 0x00, 0x00, 0xFC, 0xA9, 0x00, 
0x00, 0x00, 0x00, 0x00, 0xE5, 0xC7, 0x00, 0x00, 0x00, 0x00, 0x00, 0xA3, 0xFD, 0x26, 0x00, 0x00, 
0x00, 0x00, 0x2A, 0xF6, 0xE0, 0x5D, 0x38, 0x51, 0x86, 0x00, 0x39, 0xCD, 0xFF, 0xFF, 0xFF, 0xBA, 
0x00, 0x00, 0x00, 0x16, 0x29, 0x13, 0x00, 0x00, 0x00, 0x1B, 0xBC, 0x42, 0x00, 0x0B, 0x99, 0x79, 
0x00, 0x00, 0x00, 0x00, 0x00, 0x00, 0x53, 0xF9, 0x68, 0xCB, 0xC3, 0x08, 0x00, 0x00, 0x00, 0x00, 
0x00, 0x00, 0x00, 0x7E, 0xFF, 0xE4, 0x13, 0x00, 0x00, 0x00, 0x00, 0x00, 0x00, 0x00, 0x00, 0x02, 
0x18, 0x0D, 0x00, 0x00, 0x00, 0x00, 0x00, 0x37, 0xDC, 0xDC, 0xDC, 0xDA, 0xC7, 0xA5, 0x54, 0x05, 
0x00, 0x00, 0x00, 0x40, 0xFF, 0xB3, 0x88, 0x8A, 0x9E, 0xD9, 0xFF, 0xCD, 0x24, 0x00, 0x00, 0x40, 
0xFF, 0x5C, 0x00, 0x00, 0x00, 0x00, 0x55, 0xF4, 0xD8, 0x0C, 0x00, 0x40, 0xFF, 0x5C, 0x00, 0x00, 
0x00, 0x00, 0x00, 0x61, 0xFF, 0x75, 0x00, 0x40, 0xFF, 0x5C, 0x00, 0x00, 0x00, 0x00, 0x00, 0x03, 
0xEE, 0xCE, 0x00, 0x40, 0xFF, 0x5C, 0x00, 0x00, 0x00, 0x00, 0x00, 0x00, 0xBF, 0xF2, 0x00, 0x40, 
0xFF, 0x5C, 0x00, 0x00, 0x00, 0x00, 0x00, 0x00, 0xB0, 0xFF, 0x06, 0x40, 0xFF, 0x5C, 0x00, 0x00, 
0x00, 0x00, 0x00, 0x00, 0xBF, 0xF8, 0x00, 0x40, 0xFF, 0x5C, 0x00, 0x00, 0x00, 0x00, 0x00, 0x03, 
0xEF, 0xCD, 0x00, 0x40, 0xFF, 0x5C, 0x00, 0x00, 0x00, 0x00, 0x00, 0x60, 0xFF, 0x7D, 0x00, 0x40, 
0xFF, 0x5C, 0x00, 0x00, 0x00, 0x00, 0x47, 0xF2, 0xE3, 0x10, 0x00, 0x40, 0xFF, 0x9C, 0x64, 0x6A, 
0x83, 0xC5, 0xFF, 0xDE, 0x2D, 0x00, 0x00, 0x40, 0xFF, 0xFF, 0xFF, 0xFC, 0xEB, 0xBE, 0x6E, 0x0B, 
0x00, 0x00, 0x00, 0x00, 0x00, 0x00, 0x00, 0x00, 0x00, 0x00, 0x08, 0xB0, 0x60, 0x2A, 0xB0, 0x38, 
0x00, 0x00, 0x00, 0x00, 0x00, 0x00, 0x00, 0x0C, 0xFF, 0x8C, 0x65, 0xF0, 0x0D, 0x00, 0x00, 0x00, 
0x00, 0x00, 0x00, 0x00, 0x0C, 0xFF, 0x8C, 0xA4, 0x7F, 0x00, 0x00, 0x00, 0x00, 0x00, 0x00, 0x00, 
0x00, 0x0C, 0xFF, 0x8C, 0x28, 0x07, 0x00, 0x00, 0x00, 0x13, 0x8A, 0xC8, 0xC5, 0x82, 0x12, 0xFF, 
0x8C, 0x00, 0x00, 0x00, 0x00, 0x11, 0xDC, 0xF7, 0x9A, 0x8C, 0xC9, 0xCD, 0xFA, 0x8C, 0x00, 0x00, 
0x00, 0x00, 0x8A, 0xFF, 0x51, 0x00, 0x00, 0x02, 0xAD, 0xFF, 0x8C, 0x00, 0x00, 0x00, 0x00, 0xD7, 
0xDF, 0x01, 0x00, 0x00, 0x00, 0x3F, 0xFF, 0x8C, 0x00, 0x00, 0x00, 0x00, 0xF9, 0xB3, 0x00, 0x00, 
0x00, 0x00, 0x19, 0xFF, 0x8C, 0x00, 0x00, 0x00, 0x01, 0xFE, 0xA8, 0x00, 0x00, 0x00, 0x00, 0x0C, 
0xFF, 0x8C, 0x00, 0x00, 0x00, 0x00, 0xE9, 0xC3, 0x00, 0x00, 0x00, 0x00, 0x23, 0xFF, 0x8C, 0x00, 
0x00, 0x00, 0x00, 0xAE, 0xFB, 0x1D, 0x00, 0x00, 0x00, 0x6C, 0xFF, 0x8C, 0x00, 0x00, 0x00, 0x00, 
0x3B, 0xFD, 0xD2, 0x49, 0x31, 0x6A, 0xE4, 0xFB, 0x8C, 0x00, 0x00, 0x00, 0x00, 0x00, 0x54, 0xE6, 
0xFF, 0xFF, 0xDB, 0x3A, 0xD3, 0x8C, 0x00, 0x00, 0x00, 0x00, 0x00, 0x00, 0x02, 0x25, 0x21, 0x01, 
0x00, 0x00, 0x00, 0x00, 0x00, 0x00, 0x00, 0x1B, 0xDC, 0xDC, 0xDC, 0xDA, 0xC7, 0xA4, 0x51, 0x04, 
0x00, 0x00, 0x00, 0x00, 0x20, 0xFF, 0xC2, 0x88, 0x8A, 0x9F, 0xDA, 0xFF, 0xC9, 0x20, 0x00, 0x00, 
0x00, 0x20, 0xFF, 0x7C, 0x00, 0x00, 0x00, 0x00, 0x58, 0xF5, 0xD4, 0x0B, 0x00, 0x00, 0x20, 0xFF, 
0x7C, 0x00, 0x00, 0x00, 0x00, 0x00, 0x63, 0xFF, 0x72, 0x00, 0x00, 0x20, 0xFF, 0x7C, 0x00, 0x00, 
0x00, 0x00, 0x00, 0x03, 0xEE, 0xCC, 0x00, 0x07, 0x2E, 0xFF, 0x84, 0x10, 0x10, 0x0B, 0x00, 0x00, 
0x00, 0xBF, 0xF2, 0x00, 0x74, 0xFF, 0xFF, 0xFF, 0xFF, 0xFF, 0xB4, 0x00, 0x00, 0x00, 0xB0, 0xFF, 
0x06, 0x27, 0x6D, 0xFF, 0xA9, 0x58, 0x58, 0x3D, 0x00, 0x00, 0x00, 0xBF, 0xF8, 0x00, 0x00, 0x20, 
0xFF, 0x7C, 0x00, 0x00, 0x00, 0x00, 0x00, 0x03, 0xEF, 0xCD, 0x00, 0x00, 0x20, 0xFF, 0x7C, 0x00, 
0x00, 0x00, 0x00, 0x00, 0x60, 0xFF, 0x7D, 0x00, 0x00, 0x20, 0xFF, 0x7C, 0x00, 0x00, 0x00, 0x00, 
0x47, 0xF2, 0xE3, 0x10, 0x00, 0x00, 0x20, 0xFF, 0xAF, 0x64, 0x6A, 0x83, 0xC5, 0xFF, 0xDE, 0x2D, 
0x00, 0x00, 0x00, 0x20, 0xFF, 0xFF, 0xFF, 0xFC, 0xEB, 0xBE, 0x6E, 0x0B, 0x00, 0x00, 0x00, 0x00, 
0x00, 0x00, 0x00, 0x00, 0x00, 0x00, 0x08, 0xB0, 0x60, 0x00, 0x00, 0x00, 0x00, 0x00, 0x11, 0x14, 
0x14, 0x1F, 0xFF, 0x95, 0x12, 0x00, 0x00, 0x00, 0x00, 0xE0, 0xFF, 0xFF, 0xFF, 0xFF, 0xFF, 0xE8, 
0x00, 0x00, 0x00, 0x00, 0x18, 0x1C, 0x1C, 0x26, 0xFF, 0x98, 0x19, 0x00, 0x00, 0x0F, 0x7F, 0xBC, 
0xB9, 0x76, 0x10, 0xFF, 0x8C, 0x00, 0x00, 0x0F, 0xD7, 0xFD, 0xB3, 0x9C, 0xD4, 0xC5, 0xFB, 0x8C, 
0x00, 0x00, 0x87, 0xFF, 0x5F, 0x00, 0x00, 0x04, 0xB2, 0xFF, 0x8C, 0x00, 0x00, 0xD6, 0xE2, 0x01, 
0x00, 0x00, 0x00, 0x40, 0xFF, 0x8C, 0x00, 0x00, 0xF9, 0xB7, 0x00, 0x00, 0x00, 0x00, 0x1A, 0xFF, 
0x8C, 0x00, 0x01, 0xFE, 0xAB, 0x00, 0x00, 0x00, 0x00, 0x0B, 0xFF, 0x8C, 0x00, 0x00, 0xEA, 0xC6, 
0x00, 0x00, 0x00, 0x00, 0x22, 0xFF, 0x8C, 0x00, 0x00, 0xAF, 0xFC, 0x1C, 0x00, 0x00, 0x00, 0x6B, 
0xFF, 0x8C, 0x00, 0x00, 0x3B, 0xFD, 0xD1, 0x49, 0x31, 0x6A, 0xE2, 0xFC, 0x8C, 0x00, 0x00, 0x00, 
0x54, 0xE6, 0xFF, 0xFF, 0xD9, 0x37, 0xD7, 0x8C, 0x00, 0x00, 0x00, 0x00, 0x02, 0x25, 0x20, 0x01, 
0x00, 0x00, 0x00, 0x00, 0x37, 0xDC, 0xDC, 0xDC, 0xDC, 0xDC, 0xDC, 0xCA, 0x40, 0xFF, 0xB8, 0x90, 
0x90, 0x90, 0x90, 0x84, 0x40, 0xFF, 0x5C, 0x00, 0x00, 0x00, 0x00, 0x00, 0x40, 0xFF, 0x5C, 0x00, 
0x00, 0x00, 0x00, 0x00, 0x40, 0xFF, 0x5C, 0x00, 0x00, 0x00, 0x00, 0x00, 0x40, 0xFF, 0xA1, 0x6C, 
0x6C, 0x6C, 0x6C, 0x41, 0x40, 0xFF, 0xFD, 0xFC, 0xFC, 0xFC, 0xFC, 0x99, 0x40, 0xFF, 0x5C, 0x00, 
0x00, 0x00, 0x00, 0x00, 0x40, 0xFF, 0x5C, 0x00, 0x00, 0x00, 0x00, 0x00, 0x40, 0xFF, 0x5C, 0x00, 
0x00, 0x00, 0x00, 0x00, 0x40, 0xFF, 0x5C, 0x00, 0x00, 0x00, 0x00, 0x00, 0x40, 0xFF, 0xA1, 0x6C, 
0x6C, 0x6C, 0x6C, 0x63, 0x40, 0xFF, 0xFF, 0xFF, 0xFF, 0xFF, 0xFF, 0xEE, 0x00, 0x00, 0x00, 0x00, 
0x00, 0x6E, 0xBD, 0x07, 0x00, 0x00, 0x00, 0x00, 0x17, 0xFB, 0x25, 0x00, 0x00, 0x00, 0x00, 0x00, 
0x3A, 0xFF, 0x49, 0x1A, 0x00, 0x00, 0x00, 0x00, 0x04, 0xAC, 0xED, 0x9A, 0x00, 0x06, 0x6E, 0xBA, 
0xCA, 0xA0, 0x30, 0x00, 0x00, 0x04, 0xBD, 0xF9, 0x9D, 0x87, 0xD3, 0xF8, 0x41, 0x00, 0x6E, 0xFF, 
0x4A, 0x00, 0x00, 0x09, 0xDC, 0xD4, 0x00, 0xCA, 0xD3, 0x00, 0x00, 0x00, 0x00, 0x86, 0xFF, 0x1E, 
0xF3, 0xEE, 0xC8, 0xC8, 0xC8, 0xC8, 0xE0, 0xFF, 0x38, 0xFB, 0xD3, 0x7C, 0x7C, 0x7C, 0x7C, 0x7C, 
0x7C, 0x1D, 0xE2, 0xC8, 0x00, 0x00, 0x00, 0x00, 0x00, 0x00, 0x00, 0x98, 0xFD, 0x2F, 0x00, 0x00, 
0x00, 0x00, 0x00, 0x00, 0x1D, 0xED, 0xE8, 0x69, 0x37, 0x41, 0x6A, 0x90, 0x00, 0x00, 0x26, 0xBA, 
0xFD, 0xFF, 0xFF, 0xFF, 0xAC, 0x00, 0x00, 0x00, 0x00, 0x0E, 0x29, 0x91, 0xBF, 0x08, 0x00, 0x00, 
0x00, 0x00, 0x00, 0x1F, 0xFC, 0x23, 0x00, 0x00, 0x00, 0x00, 0x00, 0x00, 0x3F, 0xFF, 0x45, 0x19, 
0x00, 0x00, 0x00, 0x00, 0x00, 0x05, 0xAE, 0xED, 0x96, 0x00, 0x00, 0x1B, 0xBC, 0x42, 0x00, 0x0B, 
0x99, 0x79, 0x00, 0x00, 0x53, 0xF9, 0x68, 0xCB, 0xC3, 0x08, 0x00, 0x00, 0x00, 0x7E, 0xFF, 0xE4, 
0x13, 0x00, 0x00, 0x00, 0x00, 0x02, 0x18, 0x0D, 0x00, 0x00, 0x37, 0xDC, 0xDC, 0xDC, 0xDC, 0xDC, 
0xDC, 0xCA, 0x40, 0xFF, 0xB8, 0x90, 0x90, 0x90, 0x90, 0x84, 0x40, 0xFF, 0x5C, 0x00, 0x00, 0x00, 
0x00, 0x00, 0x40, 0xFF, 0x5C, 0x00, 0x00, 0x00, 0x00, 0x00, 0x40, 0xFF, 0x5C, 0x00, 0x00, 0x00, 
0x00, 0x00, 0x40, 0xFF, 0xA1, 0x6C, 0x6C, 0x6C, 0x6C, 0x41, 0x40, 0xFF, 0xFD, 0xFC, 0xFC, 0xFC, 
0xFC, 0x99, 0x40, 0xFF, 0x5C, 0x00, 0x00, 0x00, 0x00, 0x00, 0x40, 0xFF, 0x5C, 0x00, 0x00, 0x00, 
0x00, 0x00, 0x40, 0xFF, 0x5C, 0x00, 0x00, 0x00, 0x00, 0x00, 0x40, 0xFF, 0x5C, 0x00, 0x00, 0x00, 
0x00, 0x00, 0x40, 0xFF, 0xA1, 0x6C, 0x6C, 0x6C, 0x6C, 0x63, 0x40, 0xFF, 0xFF, 0xFF, 0xFF, 0xFF, 
0xFF, 0xEC, 0x1B, 0xBC, 0x42, 0x00, 0x0B, 0x99, 0x79, 0x00, 0x00, 0x00, 0x53, 0xF9, 0x68, 0xCB, 
0xC3, 0x08, 0x00, 0x00, 0x00, 0x00, 0x7E, 0xFF, 0xE4, 0x13, 0x00, 0x00, 0x00, 0x00, 0x00, 0x02, 
0x18, 0x0D, 0x00, 0x00, 0x00, 0x00, 0x00, 0x06, 0x6E, 0xBA, 0xCA, 0xA0, 0x30, 0x00, 0x00, 0x04, 
0xBD, 0xF9, 0x9D, 0x87, 0xD3, 0xF8, 0x41, 0x00, 0x6E, 0xFF, 0x4A, 0x00, 0x00, 0x09, 0xDC, 0xD4, 
0x00, 0xCA, 0xD3, 0x00, 0x00, 0x00, 0x00, 0x86, 0xFF, 0x1E, 0xF3, 0xEE, 0xC8, 0xC8, 0xC8, 0xC8, 
0xE0, 0xFF, 0x38, 0xFB, 0xD3, 0x7C, 0x7C, 0x7C, 0x7C, 0x7C, 0x7C, 0x1D, 0xE2, 0xC8, 0x00, 0x00, 
0x00, 0x00, 0x00, 0x00, 0x00, 0x98, 0xFD, 0x2F, 0x00, 0x00, 0x00, 0x00, 0x00, 0x00, 0x1D, 0xED, 
0xE8, 0x69, 0x37, 0x41, 0x6A, 0x90, 0x00, 0x00, 0x26, 0xBA, 0xFD, 0xFF, 0xFF, 0xF2, 0x8B, 0x00, 
0x00, 0x00, 0x00, 0x0E, 0x2A, 0x24, 0x05, 0x00, 0x00, 0x4C, 0xA4, 0x11, 0x78, 0xFF, 0x1C, 0x78, 
0xFF, 0x1C, 0x78, 0xFF, 0x1C, 0x78, 0xFF, 0x1C, 0x78, 0xFF, 0x1C, 0x78, 0xFF, 0x1C, 0x78, 0xFF, 
0x1C, 0x78, 0xFF, 0x1C, 0x78, 0xFF, 0x1C, 0x00, 0x00, 0x9D, 0xC4, 0x22, 0x00, 0x00, 0x00, 0x00, 
0x55, 0xFF, 0x6A, 0x00, 0x00, 0x00, 0x00, 0x17, 0xE9, 0x6D, 0x00, 0x00, 0x00, 0x00, 0x00, 0x06, 
0x13, 0x00, 0x00, 0x00, 0x00, 0x00, 0x00, 0x37, 0xDC, 0x4F, 0x00, 0x00, 0x00, 0x00, 0x00, 0x40, 
0xFF, 0x5C, 0x00, 0x00, 0x00, 0x00, 0x00, 0x40, 0xFF, 0x5C, 0x00, 0x00, 0x00, 0x00, 0x00, 0x40, 
0xFF, 0x5C, 0x00, 0x00, 0x00, 0x00, 0x00, 0x40, 0xFF, 0x5C, 0x00, 0x00, 0x00, 0x00, 0x00, 0x40, 
0xFF, 0x5C, 0x00, 0x00, 0x00, 0x00, 0x00, 0x40, 0xFF, 0x5C, 0x00, 0x00, 0x00, 0x00, 0x00, 0x40, 
0xFF, 0x5C, 0x00, 0x00, 0x00, 0x00, 0x00, 0x40, 0xFF, 0x5C, 0x00, 0x00, 0x00, 0x00, 0x00, 0x40, 
0xFF, 0x5C, 0x00, 0x00, 0x00, 0x00, 0x00, 0x40, 0xFF, 0x5C, 0x00, 0x00, 0x00, 0x00, 0x00, 0x40, 
0xFF, 0xA3, 0x70, 0x70, 0x70, 0x70, 0x6E, 0x40, 0xFF, 0xFF, 0xFF, 0xFF, 0xFF, 0xFF, 0xFC, 0x00, 
0x00, 0x9D, 0xC4, 0x22, 0x00, 0x55, 0xFF, 0x6A, 0x00, 0x17, 0xE9, 0x6D, 0x00, 0x00, 0x06, 0x13, 
0x00, 0x00, 0x00, 0x52, 0xB0, 0x13, 0x00, 0x00, 0x78, 0xFF, 0x1C, 0x00, 0x00, 0x78, 0xFF, 0x1C, 
0x00, 0x00, 0x78, 0xFF, 0x1C, 0x00, 0x00, 0x78, 0xFF, 0x1C, 0x00, 0x00, 0x78, 0xFF, 0x1C, 0x00, 
0x00, 0x78, 0xFF, 0x1C, 0x00, 0x00, 0x78, 0xFF, 0x1C, 0x00, 0x00, 0x78, 0xFF, 0x1C, 0x00, 0x00, 
0x78, 0xFF, 0x1C, 0x00, 0x00, 0x78, 0xFF, 0x1C, 0x00, 0x00, 0x78, 0xFF, 0x1C, 0x00, 0x00, 0x78, 
0xFF, 0x1C, 0x00, 0x00, 0x78, 0xFF, 0x1C, 0x00, 0x00, 0x37, 0xDC, 0x4F, 0x00, 0x00, 0x00, 0x8E, 
0xC3, 0x40, 0xFF, 0x5C, 0x00, 0x00, 0x00, 0xD3, 0x85, 0x40, 0xFF, 0x5C, 0x00, 0x00, 0x15, 0xEB, 
0x12, 0x40, 0xFF, 0x5C, 0x00, 0x00, 0x01, 0x05, 0x00, 0x40, 0xFF, 0x5C, 0x00, 0x00, 0x00, 0x00, 
0x00, 0x40, 0xFF, 0x5C, 0x00, 0x00, 0x00, 0x00, 0x00, 0x40, 0xFF, 0x5C, 0x00, 0x00, 0x00, 0x00, 
0x00, 0x40, 0xFF, 0x5C, 0x00, 0x00, 0x00, 0x00, 0x00, 0x40, 0xFF, 0x5C, 0x00, 0x00, 0x00, 0x00, 
0x00, 0x40, 0xFF, 0x5C, 0x00, 0x00, 0x00, 0x00, 0x00, 0x40, 0xFF, 0x5C, 0x00, 0x00, 0x00, 0x00, 
0x00, 0x40, 0xFF, 0xA3, 0x70, 0x70, 0x70, 0x70, 0x6E, 0x40, 0xFF, 0xFF, 0xFF, 0xFF, 0xFF, 0xFF, 
0xFC, 0x52, 0xB0, 0x13, 0x61, 0xAB, 0x04, 0x78, 0xFF, 0x1C, 0xB5, 0xAD, 0x00, 0x78, 0xFF, 0x20, 
0xED, 0x31, 0x00, 0x78, 0xFF, 0x20, 0x2A, 0x00, 0x00, 0x78, 0xFF, 0x1C, 0x00, 0x00, 0x00, 0x78, 
0xFF, 0x1C, 0x00, 0x00, 0x00, 0x78, 0xFF, 0x1C, 0x00, 0x00, 0x00, 0x78, 0xFF, 0x1C, 0x00, 0x00, 
0x00, 0x78, 0xFF, 0x1C, 0x00, 0x00, 0x00, 0x78, 0xFF, 0x1C, 0x00, 0x00, 0x00, 0x78, 0xFF, 0x1C, 
0x00, 0x00, 0x00, 0x78, 0xFF, 0x1C, 0x00, 0x00, 0x00, 0x78, 0xFF, 0x1C, 0x00, 0x00, 0x00, 0x78, 
0xFF, 0x1C, 0x00, 0x00, 0x00, 0x00, 0x37, 0xDC, 0x4F, 0x00, 0x00, 0x00, 0x00, 0x00, 0x00, 0x40, 
0xFF, 0x5C, 0x00, 0x00, 0x00, 0x00, 0x00, 0x00, 0x40, 0xFF, 0x5C, 0x00, 0x00, 0x00, 0x00, 0x00, 
0x00, 0x40, 0xFF, 0x5C, 0x00, 0x00, 0x00, 0x00, 0x00, 0x00, 0x40, 0xFF, 0x5C, 0x00, 0x1F, 0x00, 
0x00, 0x00, 0x00, 0x40, 0xFF, 0x69, 0x8B, 0xFA, 0x42, 0x00, 0x00, 0x00, 0x40, 0xFF, 0xFC, 0xE4, 
0x5D, 0x01, 0x00, 0x00, 0x2F, 0xC5, 0xFF, 0x9F, 0x0B, 0x00, 0x00, 0x00, 0x00, 0x77, 0xD3, 0xFF, 
0x5C, 0x00, 0x00, 0x00, 0x00, 0x00, 0x01, 0x40, 0xFF, 0x5C, 0x00, 0x00, 0x00, 0x00, 0x00, 0x00, 
0x40, 0xFF, 0x5C, 0x00, 0x00, 0x00, 0x00, 0x00, 0x00, 0x40, 0xFF, 0xA3, 0x70, 0x70, 0x70, 0x70, 
0x6E, 0x00, 0x40, 0xFF, 0xFF, 0xFF, 0xFF, 0xFF, 0xFF, 0xFC, 0x00, 0x00, 0x68, 0xAD, 0x00, 0x00, 
0x00, 0x00, 0x98, 0xFC, 0x00, 0x00, 0x00, 0x00, 0x98, 0xFC, 0x00, 0x00, 0x00, 0x00, 0x98, 0xFC, 
0x00, 0x00, 0x00, 0x00, 0x98, 0xFC, 0x00, 0x00, 0x00, 0x00, 0x98, 0xFC, 0x16, 0x1D, 0x00, 0x00, 
0x98, 0xFE, 0xEA, 0x94, 0x00, 0x19, 0xCB, 0xFF, 0x80, 0x05, 0x07, 0xE6, 0xFC, 0xFC, 0x00, 0x00, 
0x00, 0x36, 0x9B, 0xFC, 0x00, 0x00, 0x00, 0x00, 0x98, 0xFC, 0x00, 0x00, 0x00, 0x00, 0x98, 0xFC, 
0x00, 0x00, 0x00, 0x00, 0x98, 0xFC, 0x00, 0x00, 0x00, 0x00, 0x98, 0xFC, 0x00, 0x00, 0x00, 0x00, 
0x00, 0x00, 0x00, 0x00, 0x9D, 0xC4, 0x22, 0x00, 0x00, 0x00, 0x00, 0x00, 0x00, 0x00, 0x55, 0xFF, 
0x6A, 0x00, 0x00, 0x00, 0x00, 0x00, 0x00, 0x00, 0x17, 0xE9, 0x6D, 0x00, 0x00, 0x00, 0x00, 0x00, 
0x00, 0x00, 0x00, 0x06, 0x13, 0x00, 0x00, 0x00, 0x00, 0x00, 0x37, 0xDC, 0xBF, 0x06, 0x00, 0x00, 
0x00, 0x00, 0x00, 0x7F, 0xCE, 0x40, 0xFF, 0xFF, 0x7F, 0x00, 0x00, 0x00, 0x00, 0x00, 0x94, 0xF0, 
0x40, 0xFF, 0xD0, 0xF9, 0x2A, 0x00, 0x00, 0x00, 0x00, 0x94, 0xF0, 0x40, 0xFF, 0x46, 0xF3, 0xC6, 
0x02, 0x00, 0x00, 0x00, 0x94, 0xF0, 0x40, 0xFF, 0x30, 0x6E, 0xFF, 0x6D, 0x00, 0x00, 0x00, 0x94, 
0xF0, 0x40, 0xFF, 0x39, 0x02, 0xC7, 0xF3, 0x1E, 0x00, 0x00, 0x94, 0xF0, 0x40, 0xFF, 0x3C, 0x00, 
0x2A, 0xF9, 0xB6, 0x00, 0x00, 0x94, 0xF0, 0x40, 0xFF, 0x3C, 0x00, 0x00, 0x7F, 0xFF, 0x5B, 0x00, 
0x93, 0xF0, 0x40, 0xFF, 0x3C, 0x00, 0x00, 0x06, 0xD4, 0xEB, 0x14, 0x90, 0xF0, 0x40, 0xFF, 0x3C, 
0x00, 0x00, 0x00, 0x38, 0xFD, 0xA4, 0x85, 0xF0, 0x40, 0xFF, 0x3C, 0x00, 0x00, 0x00, 0x00, 0x90, 
0xFF, 0xC2, 0xF0, 0x40, 0xFF, 0x3C, 0x00, 0x00, 0x00, 0x00, 0x0B, 0xDF, 0xFF, 0xF0, 0x40, 0xFF, 
0x3C, 0x00, 0x00, 0x00, 0x00, 0x00, 0x47, 0xFF, 0xF0, 0x00, 0x00, 0x00, 0x00, 0x00, 0x9D, 0xC4, 
0x22, 0x00, 0x00, 0x00, 0x00, 0x00, 0x55, 0xFF, 0x6A, 0x00, 0x00, 0x00, 0x00, 0x00, 0x17, 0xE9, 
0x6D, 0x00, 0x00, 0x00, 0x00, 0x00, 0x00, 0x06, 0x13, 0x00, 0x00, 0x00, 0x00, 0x4C, 0x8E, 0x07, 
0x73, 0xBF, 0xC7, 0x9F, 0x2A, 0x00, 0x78, 0xFC, 0xBB, 0xD3, 0x93, 0x97, 0xF1, 0xF7, 0x28, 0x78, 
0xFF, 0xBA, 0x05, 0x00, 0x00, 0x39, 0xFF, 0x88, 0x78, 0xFF, 0x4C, 0x00, 0x00, 0x00, 0x00, 0xF3, 
0xA7, 0x78, 0xFF, 0x28, 0x00, 0x00, 0x00, 0x00, 0xE8, 0xAC, 0x78, 0xFF, 0x1C, 0x00, 0x00, 0x00, 
0x00, 0xE8, 0xAC, 0x78, 0xFF, 0x1C, 0x00, 0x00, 0x00, 0x00, 0xE8, 0xAC, 0x78, 0xFF, 0x1C, 0x00, 
0x00, 0x00, 0x00, 0xE8, 0xAC, 0x78, 0xFF, 0x1C, 0x00, 0x00, 0x00, 0x00, 0xE8, 0xAC, 0x78, 0xFF, 
0x1C, 0x00, 0x00, 0x00, 0x00, 0xE8, 0xAC, 0x00, 0x00, 0x1B, 0xBC, 0x42, 0x00, 0x0B, 0x99, 0x79, 
0x00, 0x00, 0x00, 0x00, 0x00, 0x53, 0xF9, 0x68, 0xCB, 0xC3, 0x08, 0x00, 0x00, 0x00, 0x00, 0x00, 
0x00, 0x7E, 0xFF, 0xE4, 0x13, 0x00, 0x00, 0x00, 0x00, 0x00, 0x00, 0x00, 0x02, 0x18, 0x0D, 0x00, 
0x00, 0x00, 0x00, 0x37, 0xDC, 0xBF, 0x06, 0x00, 0x00, 0x00, 0x00, 0x00, 0x7F, 0xCE, 0x40, 0xFF, 
0xFF, 0x7F, 0x00, 0x00, 0x00, 0x00, 0x00, 0x94, 0xF0, 0x40, 0xFF, 0xD0, 0xF9, 0x2A, 0x00, 0x00, 
0x00, 0x00, 0x94, 0xF0, 0x40, 0xFF, 0x46, 0xF3, 0xC6, 0x02, 0x00, 0x00, 0x00, 0x94, 0xF0, 0x40, 
0xFF, 0x30, 0x6E, 0xFF, 0x6D, 0x00, 0x00, 0x00, 0x94, 0xF0, 0x40, 0xFF, 0x39, 0x02, 0xC7, 0xF3, 
0x1E, 0x00, 0x00, 0x94, 0xF0, 0x40, 0xFF, 0x3C, 0x00, 0x2A, 0xF9, 0xB6, 0x00, 0x00, 0x94, 0xF0, 
0x40, 0xFF, 0x3C, 0x00, 0x00, 0x7F, 0xFF, 0x5B, 0x00, 0x93, 0xF0, 0x40, 0xFF, 0x3C, 0x00, 0x00, 
0x06, 0xD4, 0xEB, 0x14, 0x90, 0xF0, 0x40, 0xFF, 0x3C, 0x00, 0x00, 0x00, 0x38, 0xFD, 0xA4, 0x85, 
0xF0, 0x40, 0xFF, 0x3C, 0x00, 0x00, 0x00, 0x00, 0x90, 0xFF, 0xC2, 0xF0, 0x40, 0xFF, 0x3C, 0x00, 
0x00, 0x00, 0x00, 0x0B, 0xDF, 0xFF, 0xF0, 0x40, 0xFF, 0x3C, 0x00, 0x00, 0x00, 0x00, 0x00, 0x47, 
0xFF, 0xF0, 0x00, 0x1B, 0xBC, 0x42, 0x00, 0x0B, 0x99, 0x79, 0x00, 0x00, 0x00, 0x53, 0xF9, 0x68, 
0xCB, 0xC3, 0x08, 0x00, 0x00, 0x00, 0x00, 0x7E, 0xFF, 0xE4, 0x13, 0x00, 0x00, 0x00, 0x00, 0x00, 
0x02, 0x18, 0x0D, 0x00, 0x00, 0x00, 0x4C, 0x8E, 0x07, 0x73, 0xBF, 0xC7, 0x9F, 0x2A, 0x00, 0x78, 
0xFC, 0xBB, 0xD3, 0x93, 0x97, 0xF1, 0xF7, 0x28, 0x78, 0xFF, 0xBA, 0x05, 0x00, 0x00, 0x39, 0xFF, 
0x88, 0x78, 0xFF, 0x4C, 0x00, 0x00, 0x00, 0x00, 0xF3, 0xA7, 0x78, 0xFF, 0x28, 0x00, 0x00, 0x00, 
0x00, 0xE8, 0xAC, 0x78, 0xFF, 0x1C, 0x00, 0x00, 0x00, 0x00, 0xE8, 0xAC, 0x78, 0xFF, 0x1C, 0x00, 
0x00, 0x00, 0x00, 0xE8, 0xAC, 0x78, 0xFF, 0x1C, 0x00, 0x00, 0x00, 0x00, 0xE8, 0xAC, 0x78, 0xFF, 
0x1C, 0x00, 0x00, 0x00, 0x00, 0xE8, 0xAC, 0x78, 0xFF, 0x1C, 0x00, 0x00, 0x00, 0x00, 0xE8, 0xAC, 
0x00, 0x00, 0x00, 0x04, 0xB5, 0xA7, 0x00, 0x95, 0xBC, 0x0E, 0x00, 0x00, 0x00, 0x00, 0x00, 0x69, 
0xF5, 0x33, 0x3D, 0xFD, 0x56, 0x00, 0x00, 0x00, 0x00, 0x00, 0x18, 0xE6, 0x48, 0x05, 0xD4, 0x6B, 
0x00, 0x00, 0x00, 0x00, 0x00, 0x00, 0x06, 0x10, 0x00, 0x04, 0x17, 0x00, 0x00, 0x00, 0x00, 0x00, 
0x00, 0x00, 0x1B, 0x8A, 0xDC, 0xF9, 0xFB, 0xDF, 0x8E, 0x1C, 0x00, 0x00, 0x00, 0x32, 0xE8, 0xF8, 
0x9F, 0x6C, 0x69, 0x96, 0xF3, 0xE9, 0x35, 0x00, 0x08, 0xDC, 0xED, 0x2D, 0x00, 0x00, 0x00, 0x00, 
0x21, 0xE5, 0xDF, 0x0A, 0x63, 0xFF, 0x6B, 0x00, 0x00, 0x00, 0x00, 0x00, 0x00, 0x5A, 0xFF, 0x69, 
0xAD, 0xFE, 0x11, 0x00, 0x00, 0x00, 0x00, 0x00, 0x00, 0x07, 0xF8, 0xB6, 0xD1, 0xE1, 0x00, 0x00, 
0x00, 0x00, 0x00, 0x00, 0x00, 0x00, 0xD2, 0xDB, 0xE2, 0xD3, 0x00, 0x00, 0x00, 0x00, 0x00, 0x00, 
0x00, 0x00, 0xC4, 0xED, 0xD3, 0xDE, 0x00, 0x00, 0x00, 0x00, 0x00, 0x00, 0x00, 0x00, 0xCF, 0xDD, 
0xB3, 0xFC, 0x0A, 0x00, 0x00, 0x00, 0x00, 0x00, 0x00, 0x03, 0xF4, 0xBD, 0x6D, 0xFF, 0x5A, 0x00, 
0x00, 0x00, 0x00, 0x00, 0x00, 0x4B, 0xFF, 0x73, 0x10, 0xE9, 0xDF, 0x16, 0x00, 0x00, 0x00, 0x00, 
0x0F, 0xD5, 0xEB, 0x13, 0x00, 0x49, 0xF6, 0xE5, 0x76, 0x43, 0x41, 0x70, 0xDF, 0xF7, 0x4B, 0x00, 
0x00, 0x00, 0x31, 0xAF, 0xFC, 0xFF, 0xFF, 0xFD, 0xB3, 0x33, 0x00, 0x00, 0x00, 0x00, 0x00, 0x00, 
0x05, 0x21, 0x22, 0x06, 0x00, 0x00, 0x00, 0x00, 0x00, 0x00, 0x04, 0xB5, 0xA7, 0x00, 0x95, 0xBC, 
0x0E, 0x00, 0x00, 0x69, 0xF5, 0x33, 0x3D, 0xFD, 0x56, 0x00, 0x00, 0x18, 0xE6, 0x48, 0x05, 0xD4, 
0x6B, 0x00, 0x00, 0x00, 0x06, 0x10, 0x00, 0x02, 0x13, 0x00, 0x00, 0x00, 0x00, 0x06, 0x6C, 0xB9, 
0xCC, 0xB0, 0x57, 0x00, 0x00, 0x07, 0xC2, 0xFD, 0xB0, 0x8C, 0xBB, 0xFF, 0x9F, 0x00, 0x79, 0xFF, 
0x5C, 0x00, 0x00, 0x00, 0x7C, 0xFF, 0x53, 0xD2, 0xDD, 0x01, 0x00, 0x00, 0x00, 0x08, 0xF0, 0xB2, 
0xF8, 0xB1, 0x00, 0x00, 0x00, 0x00, 0x00, 0xCB, 0xDB, 0xFA, 0xAA, 0x00, 0x00, 0x00, 0x00, 0x00, 
0xC2, 0xE5, 0xDE, 0xC9, 0x00, 0x00, 0x00, 0x00, 0x00, 0xE2, 0xC9, 0x92, 0xFE, 0x26, 0x00, 0x00, 
0x00, 0x40, 0xFF, 0x82, 0x18, 0xEB, 0xDE, 0x55, 0x30, 0x5E, 0xEA, 0xE4, 0x13, 0x00, 0x26, 0xC0, 
0xFF, 0xFF, 0xFE, 0xBA, 0x22, 0x00, 0x00, 0x00, 0x00, 0x13, 0x2A, 0x11, 0x00, 0x00, 0x00, 0x00, 
0x00, 0x00, 0x00, 0x00, 0x02, 0x01, 0x00, 0x00, 0x00, 0x00, 0x00, 0x00, 0x00, 0x00, 0x00, 0x00, 
0x1F, 0x91, 0xE0, 0xFB, 0xFA, 0xE2, 0xDC, 0xDC, 0xDC, 0xDC, 0xDC, 0xDC, 0x89, 0x00, 0x38, 0xEC, 
0xF8, 0xA0, 0x6C, 0x68, 0x9B, 0xFF, 0xC2, 0x90, 0x90, 0x90, 0x90, 0x5A, 0x09, 0xDF, 0xEC, 0x2C, 
0x00, 0x00, 0x00, 0x24, 0xFF, 0x74, 0x00, 0x00, 0x00, 0x00, 0x00, 0x64, 0xFF, 0x67, 0x00, 0x00, 
0x00, 0x00, 0x24, 0xFF, 0x74, 0x00, 0x00, 0x00, 0x00, 0x00, 0xAE, 0xFD, 0x0E, 0x00, 0x00, 0x00, 
0x00, 0x24, 0xFF, 0x74, 0x00, 0x00, 0x00, 0x00, 0x00, 0xD2, 0xDD, 0x00, 0x00, 0x00, 0x00, 0x00, 
0x24, 0xFF, 0xAF, 0x6C, 0x6C, 0x6C, 0x6C, 0x1E, 0xE2, 0xCF, 0x00, 0x00, 0x00, 0x00, 0x00, 0x24, 
0xFF, 0xFD, 0xFC, 0xFC, 0xFC, 0xFC, 0x46, 0xD3, 0xDA, 0x00, 0x00, 0x00, 0x00, 0x00, 0x24, 0xFF, 
0x74, 0x00, 0x00, 0x00, 0x00, 0x00, 0xB3, 0xFB, 0x09, 0x00, 0x00, 0x00, 0x00, 0x24, 0xFF, 0x74, 
0x00, 0x00, 0x00, 0x00, 0x00, 0x6D, 0xFF, 0x58, 0x00, 0x00, 0x00, 0x00, 0x24, 0xFF, 0x74, 0x00, 
0x00, 0x00, 0x00, 0x00, 0x10, 0xE9, 0xDF, 0x17, 0x00, 0x00, 0x00, 0x24, 0xFF, 0x74, 0x00, 0x00, 
0x00, 0x00, 0x00, 0x00, 0x49, 0xF6, 0xE6, 0x78, 0x44, 0x40, 0x7E, 0xFF, 0xAF, 0x6C, 0x6C, 0x6C, 
0x6C, 0x43, 0x00, 0x00, 0x31, 0xAF, 0xFC, 0xFF, 0xFF, 0xFF, 0xFF, 0xFF, 0xFF, 0xFF, 0xFF, 0xFF, 
0xA0, 0x00, 0x00, 0x00, 0x00, 0x05, 0x21, 0x29, 0x0D, 0x00, 0x00, 0x00, 0x00, 0x00, 0x00, 0x00, 
0x00, 0x00, 0x08, 0x6F, 0xB8, 0xC8, 0xA2, 0x36, 0x00, 0x01, 0x65, 0xB9, 0xC7, 0x99, 0x24, 0x00, 
0x00, 0x00, 0x09, 0xC8, 0xF9, 0xA8, 0x8E, 0xC9, 0xFC, 0x57, 0xA2, 0xF8, 0x9E, 0x8D, 0xDE, 0xF0, 
0x2B, 0x00, 0x00, 0x7F, 0xFF, 0x49, 0x00, 0x00, 0x02, 0xA6, 0xFA, 0xFF, 0x49, 0x00, 0x00, 0x14, 
0xF1, 0xB6, 0x00, 0x00, 0xD6, 0xD6, 0x00, 0x00, 0x00, 0x00, 0x2F, 0xFF, 0xDD, 0x00, 0x00, 0x00, 
0x00, 0xAB, 0xF9, 0x04, 0x01, 0xFC, 0xB0, 0x00, 0x00, 0x00, 0x00, 0x07, 0xFF, 0xF1, 0xC8, 0xC8, 
0xC8, 0xC8, 0xE9, 0xFF, 0x15, 0x02, 0xFC, 0xA9, 0x00, 0x00, 0x00, 0x00, 0x01, 0xFB, 0xDB, 0x7C, 
0x7C, 0x7C, 0x7C, 0x7C, 0x7C, 0x0B, 0x00, 0xE3, 0xC4, 0x00, 0x00, 0x00, 0x00, 0x17, 0xFF, 0xD4, 
0x00, 0x00, 0x00, 0x00, 0x00, 0x00, 0x00, 0x00, 0x99, 0xFB, 0x1C, 0x00, 0x00, 0x00, 0x6A, 0xFF, 
0xFE, 0x30, 0x00, 0x00, 0x00, 0x00, 0x00, 0x00, 0x00, 0x1D, 0xEF, 0xD4, 0x4D, 0x30, 0x6A, 0xF4, 
0xAF, 0xD1, 0xE5, 0x63, 0x34, 0x3B, 0x70, 0x7A, 0x00, 0x00, 0x00, 0x2D, 0xC8, 0xFF, 0xFF, 0xF8, 
0x9A, 0x0A, 0x17, 0xAF, 0xFC, 0xFF, 0xFF, 0xEC, 0x6E, 0x00, 0x00, 0x00, 0x00, 0x00, 0x15, 0x27, 
0x0B, 0x00, 0x00, 0x00, 0x00, 0x0F, 0x29, 0x1A, 0x02, 0x00, 0x00, 0x00, 0x00, 0x00, 0x00, 0x00, 
0x9D, 0xC4, 0x22, 0x00, 0x00, 0x00, 0x00, 0x00, 0x00, 0x55, 0xFF, 0x6A, 0x00, 0x00, 0x00, 0x00, 
0x00, 0x00, 0x17, 0xE9, 0x6D, 0x00, 0x00, 0x00, 0x00, 0x00, 0x00, 0x00, 0x06, 0x13, 0x00, 0x00, 
0x00, 0x00, 0x00, 0x37, 0xDC, 0xDC, 0xDC, 0xD8, 0xC6, 0x92, 0x28, 0x00, 0x00, 0x40, 0xFF, 0xB5, 
0x8C, 0x93, 0xB3, 0xF9, 0xF8, 0x3E, 0x00, 0x40, 0xFF, 0x5C, 0x00, 0x00, 0x00, 0x2E, 0xF7, 0xC3, 
0x00, 0x40, 0xFF, 0x5C, 0x00, 0x00, 0x00, 0x00, 0xC5, 0xF0, 0x00, 0x40, 0xFF, 0x5C, 0x00, 0x00, 
0x00, 0x00, 0xCF, 0xE3, 0x00, 0x40, 0xFF, 0x5C, 0x00, 0x00, 0x00, 0x56, 0xFF, 0x8F, 0x00, 0x40, 
0xFF, 0xCA, 0xAC, 0xB3, 0xD5, 0xFE, 0xA5, 0x0A, 0x00, 0x40, 0xFF, 0xCC, 0xB0, 0xB1, 0xFD, 0x9F, 
0x00, 0x00, 0x00, 0x40, 0xFF, 0x5C, 0x00, 0x00, 0x9B, 0xFB, 0x2E, 0x00, 0x00, 0x40, 0xFF, 0x5C, 
0x00, 0x00, 0x15, 0xEF, 0xC5, 0x01, 0x00, 0x40, 0xFF, 0x5C, 0x00, 0x00, 0x00, 0x6F, 0xFF, 0x63, 
0x00, 0x40, 0xFF, 0x5C, 0x00, 0x00, 0x00, 0x04, 0xD4, 0xEC, 0x13, 0x40, 0xFF, 0x5C, 0x00, 0x00, 
0x00, 0x00, 0x43, 0xFF, 0x9D, 0x00, 0x00, 0x00, 0x00, 0x9D, 0xC4, 0x22, 0x00, 0x00, 0x00, 0x55, 
0xFF, 0x6A, 0x00, 0x00, 0x00, 0x17, 0xE9, 0x6D, 0x00, 0x00, 0x00, 0x00, 0x06, 0x13, 0x00, 0x00, 
0x00, 0x4C, 0x8C, 0x00, 0x5A, 0xBE, 0xCB, 0x14, 0x78, 0xF0, 0x73, 0xF5, 0xAD, 0xAA, 0x03, 0x78, 
0xFF, 0xE0, 0x20, 0x00, 0x00, 0x00, 0x78, 0xFF, 0x60, 0x00, 0x00, 0x00, 0x00, 0x78, 0xFF, 0x25, 
0x00, 0x00, 0x00, 0x00, 0x78, 0xFF, 0x1C, 0x00, 0x00, 0x00, 0x00, 0x78, 0xFF, 0x1C, 0x00, 0x00, 
0x00, 0x00, 0x78, 0xFF, 0x1C, 0x00, 0x00, 0x00, 0x00, 0x78, 0xFF, 0x1C, 0x00, 0x00, 0x00, 0x00, 
0x78, 0xFF, 0x1C, 0x00, 0x00, 0x00, 0x00, 0x00, 0x1B, 0xBC, 0x42, 0x00, 0x0B, 0x99, 0x79, 0x00, 
0x00, 0x00, 0x00, 0x53, 0xF9, 0x68, 0xCB, 0xC3, 0x08, 0x00, 0x00, 0x00, 0x00, 0x00, 0x7E, 0xFF, 
0xE4, 0x13, 0x00, 0x00, 0x00, 0x00, 0x00, 0x00, 0x02, 0x18, 0x0D, 0x00, 0x00, 0x00, 0x00, 0x37, 
0xDC, 0xDC, 0xDC, 0xD8, 0xC6, 0x92, 0x28, 0x00, 0x00, 0x40, 0xFF, 0xB5, 0x8C, 0x93, 0xB3, 0xF9, 
0xF8, 0x3E, 0x00, 0x40, 0xFF, 0x5C, 0x00, 0x00, 0x00, 0x2E, 0xF7, 0xC3, 0x00, 0x40, 0xFF, 0x5C, 
0x00, 0x00, 0x00, 0x00, 0xC5, 0xF0, 0x00, 0x40, 0xFF, 0x5C, 0x00, 0x00, 0x00, 0x00, 0xCF, 0xE3, 
0x00, 0x40, 0xFF, 0x5C, 0x00, 0x00, 0x00, 0x56, 0xFF, 0x8F, 0x00, 0x40, 0xFF, 0xCA, 0xAC, 0xB3, 
0xD5, 0xFE, 0xA5, 0x0A, 0x00, 0x40, 0xFF, 0xCC, 0xB0, 0xB1, 0xFD, 0x9F, 0x00, 0x00, 0x00, 0x40, 
0xFF, 0x5C, 0x00, 0x00, 0x9B, 0xFB, 0x2E, 0x00, 0x00, 0x40, 0xFF, 0x5C, 0x00, 0x00, 0x15, 0xEF, 
0xC5, 0x01, 0x00, 0x40, 0xFF, 0x5C, 0x00, 0x00, 0x00, 0x6F, 0xFF, 0x63, 0x00, 0x40, 0xFF, 0x5C, 
0x00, 0x00, 0x00, 0x04, 0xD4, 0xEC, 0x13, 0x40, 0xFF, 0x5C, 0x00, 0x00, 0x00, 0x00, 0x43, 0xFF, 
0x9D, 0x1B, 0xBC, 0x42, 0x00, 0x0B, 0x99, 0x79, 0x00, 0x53, 0xF9, 0x68, 0xCB, 0xC3, 0x08, 0x00, 
0x00, 0x7E, 0xFF, 0xE4, 0x13, 0x00, 0x00, 0x00, 0x02, 0x18, 0x0D, 0x00, 0x00, 0x4C, 0x8C, 0x00, 
0x5A, 0xBE, 0xCB, 0x14, 0x78, 0xF0, 0x73, 0xF5, 0xAD, 0xAA, 0x03, 0x78, 0xFF, 0xE0, 0x20, 0x00, 
0x00, 0x00, 0x78, 0xFF, 0x60, 0x00, 0x00, 0x00, 0x00, 0x78, 0xFF, 0x25, 0x00, 0x00, 0x00, 0x00, 
0x78, 0xFF, 0x1C, 0x00, 0x00, 0x00, 0x00, 0x78, 0xFF, 0x1C, 0x00, 0x00, 0x00, 0x00, 0x78, 0xFF, 
0x1C, 0x00, 0x00, 0x00, 0x00, 0x78, 0xFF, 0x1C, 0x00, 0x00, 0x00, 0x00, 0x78, 0xFF, 0x1C, 0x00, 
0x00, 0x00, 0x00, 0x00, 0x00, 0x00, 0x00, 0x00, 0x9D, 0xC4, 0x22, 0x00, 0x00, 0x00, 0x00, 0x00, 
0x00, 0x55, 0xFF, 0x6A, 0x00, 0x00, 0x00, 0x00, 0x00, 0x00, 0x17, 0xE9, 0x6D, 0x00, 0x00, 0x00, 
0x00, 0x00, 0x00, 0x00, 0x06, 0x13, 0x02, 0x00, 0x00, 0x00, 0x00, 0x00, 0x00, 0x4C, 0xC3, 0xF7, 
0xFC, 0xE4, 0xB4, 0x4C, 0x00, 0x00, 0x59, 0xFF, 0xD1, 0x78, 0x70, 0x90, 0xD6, 0x6E, 0x00, 0x00, 
0xCE, 0xE6, 0x0A, 0x00, 0x00, 0x00, 0x00, 0x02, 0x00, 0x00, 0xE0, 0xC2, 0x00, 0x00, 0x00, 0x00, 
0x00, 0x00, 0x00, 0x00, 0xB0, 0xF8, 0x31, 0x00, 0x00, 0x00, 0x00, 0x00, 0x00, 0x00, 0x2C, 0xEF, 
0xF8, 0x93, 0x28, 0x00, 0x00, 0x00, 0x00, 0x00, 0x00, 0x20, 0xA8, 0xFC, 0xFF, 0xBB, 0x33, 0x00, 
0x00, 0x00, 0x00, 0x00, 0x00, 0x1D, 0x81, 0xEF, 0xFA, 0x4F, 0x00, 0x00, 0x00, 0x00, 0x00, 0x00, 
0x00, 0x1E, 0xEA, 0xDA, 0x00, 0x00, 0x00, 0x00, 0x00, 0x00, 0x00, 0x00, 0x9E, 0xFE, 0x02, 0x00, 
0x00, 0x00, 0x00, 0x00, 0x00, 0x02, 0xCC, 0xE4, 0x00, 0x13, 0xC3, 0x79, 0x56, 0x3F, 0x55, 0xB8, 
0xFF, 0x70, 0x00, 0x0B, 0xC6, 0xFD, 0xFF, 0xFF, 0xFF, 0xD8, 0x5C, 0x00, 0x00, 0x00, 0x00, 0x08, 
0x1E, 0x29, 0x0E, 0x00, 0x00, 0x00, 0x00, 0x00, 0x00, 0x00, 0x00, 0x00, 0x9D, 0xC4, 0x22, 0x00, 
0x00, 0x00, 0x00, 0x55, 0xFF, 0x6A, 0x00, 0x00, 0x00, 0x00, 0x17, 0xE9, 0x6D, 0x00, 0x00, 0x00, 
0x00, 0x00, 0x06, 0x13, 0x00, 0x00, 0x00, 0x00, 0x06, 0x68, 0xB5, 0xCC, 0xB9, 0x8C, 0x2A, 0x00, 
0xA6, 0xF6, 0x99, 0x80, 0x9F, 0xE2, 0x51, 0x07, 0xFB, 0x84, 0x00, 0x00, 0x00, 0x01, 0x01, 0x02, 
0xEC, 0xD2, 0x23, 0x00, 0x00, 0x00, 0x00, 0x00, 0x48, 0xED, 0xFC, 0xB2, 0x49, 0x00, 0x00, 0x00, 
0x00, 0x0E, 0x71, 0xD9, 0xFF, 0xC8, 0x1A, 0x00, 0x00, 0x00, 0x00, 0x01, 0x5E, 0xFB, 0xA5, 0x00, 
0x00, 0x00, 0x00, 0x00, 0x00, 0xC9, 0xC8, 0x0D, 0xA7, 0x51, 0x29, 0x24, 0x69, 0xFA, 0x8B, 0x09, 
0xC5, 0xFF, 0xFF, 0xFF, 0xF5, 0x93, 0x09, 0x00, 0x00, 0x12, 0x2B, 0x20, 0x05, 0x00, 0x00, 0x00, 
0x00, 0x00, 0x00, 0x00, 0x02, 0x00, 0x00, 0x00, 0x00, 0x00, 0x00, 0x4C, 0xC3, 0xF7, 0xFC, 0xE4, 
0xB4, 0x4C, 0x00, 0x00, 0x59, 0xFF, 0xD1, 0x78, 0x70, 0x90, 0xD6, 0x6E, 0x00, 0x00, 0xCE, 0xE6, 
0x0A, 0x00, 0x00, 0x00, 0x00, 0x02, 0x00, 0x00, 0xE0, 0xC2, 0x00, 0x00, 0x00, 0x00, 0x00, 0x00, 
0x00, 0x00, 0xB0, 0xF8, 0x31, 0x00, 0x00, 0x00, 0x00, 0x00, 0x00, 0x00, 0x2C, 0xEF, 0xF8, 0x93, 
0x28, 0x00, 0x00, 0x00, 0x00, 0x00, 0x00, 0x20, 0xA8, 0xFC, 0xFF, 0xBB, 0x33, 0x00, 0x00, 0x00, 
0x00, 0x00, 0x00, 0x1D, 0x81, 0xEF, 0xFA, 0x4F, 0x00, 0x00, 0x00, 0x00, 0x00, 0x00, 0x00, 0x1E, 
0xEA, 0xDA, 0x00, 0x00, 0x00, 0x00, 0x00, 0x00, 0x00, 0x00, 0x9E, 0xFE, 0x02, 0x00, 0x00, 0x00, 
0x00, 0x00, 0x00, 0x02, 0xCC, 0xE4, 0x00, 0x13, 0xC3, 0x79, 0x56, 0x3F, 0x55, 0xB8, 0xFF, 0x70, 
0x00, 0x0B, 0xC6, 0xFD, 0xFF, 0xFF, 0xFF, 0xD8, 0x5C, 0x00, 0x00, 0x00, 0x00, 0x08, 0x1E, 0xBD, 
0x87, 0x00, 0x00, 0x00, 0x00, 0x00, 0x00, 0x00, 0x02, 0xAD, 0xE2, 0x54, 0x00, 0x00, 0x00, 0x00, 
0x00, 0x00, 0x00, 0x00, 0x8C, 0xC2, 0x00, 0x00, 0x00, 0x00, 0x00, 0x00, 0x87, 0xB3, 0xF1, 0x68, 
0x00, 0x00, 0x00, 0x00, 0x00, 0x00, 0x33, 0x46, 0x1C, 0x00, 0x00, 0x00, 0x00, 0x00, 0x06, 0x68, 
0xB5, 0xCC, 0xB9, 0x8C, 0x2A, 0x00, 0xA6, 0xF6, 0x99, 0x80, 0x9F, 0xE2, 0x51, 0x07, 0xFB, 0x84, 
0x00, 0x00, 0x00, 0x01, 0x01, 0x02, 0xEC, 0xD2, 0x23, 0x00, 0x00, 0x00, 0x00, 0x00, 0x48, 0xED, 
0xFC, 0xB2, 0x49, 0x00, 0x00, 0x00, 0x00, 0x0E, 0x71, 0xD9, 0xFF, 0xC8, 0x1A, 0x00, 0x00, 0x00, 
0x00, 0x01, 0x5E, 0xFB, 0xA5, 0x00, 0x00, 0x00, 0x00, 0x00, 0x00, 0xC9, 0xC8, 0x0D, 0xA7, 0x51, 
0x29, 0x24, 0x69, 0xFA, 0x8B, 0x09, 0xC5, 0xFF, 0xFF, 0xFF, 0xF5, 0x93, 0x09, 0x00, 0x00, 0x12, 
0xBF, 0x99, 0x05, 0x00, 0x00, 0x00, 0x00, 0x02, 0xAD, 0xE2, 0x54, 0x00, 0x00, 0x00, 0x00, 0x00, 
0x00, 0x8C, 0xC2, 0x00, 0x00, 0x00, 0x00, 0x87, 0xB3, 0xF1, 0x68, 0x00, 0x00, 0x00, 0x00, 0x33, 
0x46, 0x1C, 0x00, 0x00, 0x00, 0x00, 0x1B, 0xBC, 0x42, 0x00, 0x0B, 0x99, 0x79, 0x00, 0x00, 0x00, 
0x00, 0x53, 0xF9, 0x68, 0xCB, 0xC3, 0x08, 0x00, 0x00, 0x00, 0x00, 0x00, 0x7E, 0xFF, 0xE4, 0x13, 
0x00, 0x00, 0x00, 0x00, 0x00, 0x00, 0x02, 0x18, 0x10, 0x00, 0x00, 0x00, 0x00, 0x00, 0x00, 0x4C, 
0xC3, 0xF7, 0xFC, 0xE4, 0xB4, 0x4C, 0x00, 0x00, 0x59, 0xFF, 0xD1, 0x78, 0x70, 0x90, 0xD6, 0x6E, 
0x00, 0x00, 0xCE, 0xE6, 0x0A, 0x00, 0x00, 0x00, 0x00, 0x02, 0x00, 0x00, 0xE0, 0xC2, 0x00, 0x00, 
0x00, 0x00, 0x00, 0x00, 0x00, 0x00, 0xB0, 0xF8, 0x31, 0x00, 0x00, 0x00, 0x00, 0x00, 0x00, 0x00, 
0x2C, 0xEF, 0xF8, 0x93, 0x28, 0x00, 0x00, 0x00, 0x00, 0x00, 0x00, 0x20, 0xA8, 0xFC, 0xFF, 0xBB, 
0x33, 0x00, 0x00, 0x00, 0x00, 0x00, 0x00, 0x1D, 0x81, 0xEF, 0xFA, 0x4F, 0x00, 0x00, 0x00, 0x00, 
0x00, 0x00, 0x00, 0x1E, 0xEA, 0xDA, 0x00, 0x00, 0x00, 0x00, 0x00, 0x00, 0x00, 0x00, 0x9E, 0xFE, 
0x02, 0x00, 0x00, 0x00, 0x00, 0x00, 0x00, 0x02, 0xCC, 0xE4, 0x00, 0x13, 0xC3, 0x79, 0x56, 0x3F, 
0x55, 0xB8, 0xFF, 0x70, 0x00, 0x0B, 0xC6, 0xFD, 0xFF, 0xFF, 0xFF, 0xD8, 0x5C, 0x00, 0x00, 0x00, 
0x00, 0x08, 0x1E, 0x29, 0x0E, 0x00, 0x00, 0x00, 0x00, 0x00, 0x1B, 0xBC, 0x42, 0x00, 0x0B, 0x99, 
0x79, 0x00, 0x00, 0x53, 0xF9, 0x68, 0xCB, 0xC3, 0x08, 0x00, 0x00, 0x00, 0x7E, 0xFF, 0xE4, 0x13, 
0x00, 0x00, 0x00, 0x00, 0x02, 0x18, 0x0D, 0x00, 0x00, 0x00, 0x06, 0x68, 0xB5, 0xCC, 0xB9, 0x8C, 
0x2A, 0x00, 0xA6, 0xF6, 0x99, 0x80, 0x9F, 0xE2, 0x51, 0x07, 0xFB, 0x84, 0x00, 0x00, 0x00, 0x01, 
0x01, 0x02, 0xEC, 0xD2, 0x23, 0x00, 0x00, 0x00, 0x00, 0x00, 0x48, 0xED, 0xFC, 0xB2, 0x49, 0x00, 
0x00, 0x00, 0x00, 0x0E, 0x71, 0xD9, 0xFF, 0xC8, 0x1A, 0x00, 0x00, 0x00, 0x00, 0x01, 0x5E, 0xFB, 
0xA5, 0x00, 0x00, 0x00, 0x00, 0x00, 0x00, 0xC9, 0xC8, 0x0D, 0xA7, 0x51, 0x29, 0x24, 0x69, 0xFA, 
0x8B, 0x09, 0xC5, 0xFF, 0xFF, 0xFF, 0xF5, 0x93, 0x09, 0x00, 0x00, 0x12, 0x2B, 0x20, 0x05, 0x00, 
0x00, 0xB2, 0xDC, 0xDC, 0xDC, 0xDC, 0xDC, 0xDC, 0xDC, 0xDC, 0xB2, 0x75, 0x90, 0x90, 0x90, 0xEB, 
0xEB, 0x90, 0x90, 0x90, 0x75, 0x00, 0x00, 0x00, 0x00, 0xD0, 0xD0, 0x00, 0x00, 0x00, 0x00, 0x00, 
0x00, 0x00, 0x00, 0xD0, 0xD0, 0x00, 0x00, 0x00, 0x00, 0x00, 0x00, 0x00, 0x00, 0xD0, 0xD0, 0x00, 
0x00, 0x00, 0x00, 0x00, 0x00, 0x00, 0x00, 0xD0, 0xD0, 0x00, 0x00, 0x00, 0x00, 0x00, 0x00, 0x00, 
0x00, 0xD0, 0xD0, 0x00, 0x00, 0x00, 0x00, 0x00, 0x00, 0x00, 0x00, 0xD0, 0xD0, 0x00, 0x00, 0x00, 
0x00, 0x00, 0x00, 0x00, 0x00, 0xD0, 0xD0, 0x00, 0x00, 0x00, 0x00, 0x00, 0x00, 0x00, 0x00, 0xD0, 
0xD0, 0x00, 0x00, 0x00, 0x00, 0x00, 0x00, 0x00, 0x00, 0xD0, 0xD0, 0x00, 0x00, 0x00, 0x00, 0x00, 
0x00, 0x00, 0x00, 0xD0, 0xD0, 0x00, 0x00, 0x00, 0x00, 0x00, 0x00, 0x00, 0x00, 0xD0, 0xD0, 0x00, 
0x00, 0x00, 0x00, 0x00, 0x00, 0x00, 0x00, 0x94, 0x79, 0x00, 0x00, 0x00, 0x00, 0x00, 0x00, 0x00, 
0x02, 0xAD, 0xE2, 0x54, 0x00, 0x00, 0x00, 0x00, 0x00, 0x00, 0x00, 0x00, 0x8C, 0xC2, 0x00, 0x00, 
0x00, 0x00, 0x00, 0x00, 0x87, 0xB3, 0xF1, 0x68, 0x00, 0x00, 0x00, 0x00, 0x00, 0x00, 0x33, 0x46, 
0x1C, 0x00, 0x00, 0x00, 0x00, 0x00, 0x00, 0xB7, 0x33, 0x00, 0x00, 0x00, 0x00, 0x1F, 0xFF, 0x3C, 
0x00, 0x00, 0x00, 0x3F, 0xC4, 0xFF, 0xB9, 0xA4, 0xA4, 0x05, 0x6A, 0xB9, 0xFF, 0xAD, 0x94, 0x94, 
0x04, 0x00, 0x58, 0xFF, 0x3C, 0x00, 0x00, 0x00, 0x00, 0x58, 0xFF, 0x3C, 0x00, 0x00, 0x00, 0x00, 
0x58, 0xFF, 0x3C, 0x00, 0x00, 0x00, 0x00, 0x58, 0xFF, 0x3C, 0x00, 0x00, 0x00, 0x00, 0x58, 0xFF, 
0x3C, 0x00, 0x00, 0x00, 0x00, 0x50, 0xFF, 0x48, 0x00, 0x00, 0x00, 0x00, 0x24, 0xFF, 0xBC, 0x2A, 
0x30, 0x08, 0x00, 0x00, 0x7C, 0xFB, 0xFF, 0xFD, 0x19, 0x00, 0x00, 0x00, 0xA2, 0xA3, 0x11, 0x00, 
0x00, 0x00, 0x02, 0xAD, 0xE2, 0x54, 0x00, 0x00, 0x00, 0x00, 0x00, 0x8C, 0xC2, 0x00, 0x00, 0x00, 
0x87, 0xB3, 0xF1, 0x68, 0x00, 0x00, 0x00, 0x33, 0x46, 0x1C, 0x00, 0x00, 0x00, 0x1B, 0xBC, 0x42, 
0x00, 0x0B, 0x99, 0x79, 0x00, 0x00, 0x00, 0x00, 0x53, 0xF9, 0x68, 0xCB, 0xC3, 0x08, 0x00, 0x00, 
0x00, 0x00, 0x00, 0x7E, 0xFF, 0xE4, 0x13, 0x00, 0x00, 0x00, 0x00, 0x00, 0x00, 0x02, 0x18, 0x0D, 
0x00, 0x00, 0x00, 0x00, 0xB2, 0xDC, 0xDC, 0xDC, 0xDC, 0xDC, 0xDC, 0xDC, 0xDC, 0xB2, 0x75, 0x90, 
0x90, 0x90, 0xEB, 0xEB, 0x90, 0x90, 0x90, 0x75, 0x00, 0x00, 0x00, 0x00, 0xD0, 0xD0, 0x00, 0x00, 
0x00, 0x00, 0x00, 0x00, 0x00, 0x00, 0xD0, 0xD0, 0x00, 0x00, 0x00, 0x00, 0x00, 0x00, 0x00, 0x00, 
0xD0, 0xD0, 0x00, 0x00, 0x00, 0x00, 0x00, 0x00, 0x00, 0x00, 0xD0, 0xD0, 0x00, 0x00, 0x00, 0x00, 
0x00, 0x00, 0x00, 0x00, 0xD0, 0xD0, 0x00, 0x00, 0x00, 0x00, 0x00, 0x00, 0x00, 0x00, 0xD0, 0xD0, 
0x00, 0x00, 0x00, 0x00, 0x00, 0x00, 0x00, 0x00, 0xD0, 0xD0, 0x00, 0x00, 0x00, 0x00, 0x00, 0x00, 
0x00, 0x00, 0xD0, 0xD0, 0x00, 0x00, 0x00, 0x00, 0x00, 0x00, 0x00, 0x00, 0xD0, 0xD0, 0x00, 0x00, 
0x00, 0x00, 0x00, 0x00, 0x00, 0x00, 0xD0, 0xD0, 0x00, 0x00, 0x00, 0x00, 0x00, 0x00, 0x00, 0x00, 
0xD0, 0xD0, 0x00, 0x00, 0x00, 0x00, 0x00, 0x00, 0x00, 0x00, 0x00, 0x00, 0x1C, 0xB0, 0x43, 0x00, 
0x00, 0x00, 0x00, 0x00, 0x00, 0x51, 0xF9, 0x19, 0x00, 0x00, 0xB7, 0x33, 0x00, 0x00, 0x90, 0x92, 
0x00, 0x00, 0x1F, 0xFF, 0x3C, 0x00, 0x00, 0x24, 0x0B, 0x00, 0x3F, 0xC4, 0xFF, 0xB9, 0xA4, 0xA4, 
0x05, 0x00, 0x00, 0x6A, 0xB9, 0xFF, 0xAD, 0x94, 0x94, 0x04, 0x00, 0x00, 0x00, 0x58, 0xFF, 0x3C, 
0x00, 0x00, 0x00, 0x00, 0x00, 0x00, 0x58, 0xFF, 0x3C, 0x00, 0x00, 0x00, 0x00, 0x00, 0x00, 0x58, 
0xFF, 0x3C, 0x00, 0x00, 0x00, 0x00, 0x00, 0x00, 0x58, 0xFF, 0x3C, 0x00, 0x00, 0x00, 0x00, 0x00, 
0x00, 0x58, 0xFF, 0x3C, 0x00, 0x00, 0x00, 0x00, 0x00, 0x00, 0x50, 0xFF, 0x48, 0x00, 0x00, 0x00, 
0x00, 0x00, 0x00, 0x24, 0xFF, 0xBC, 0x2A, 0x30, 0x08, 0x00, 0x00, 0x00, 0x00, 0x7C, 0xFB, 0xFF, 
0xFD, 0x19, 0x00, 0x00, 0x00, 0x00, 0x00, 0x0E, 0x2A, 0x11, 0x00, 0x00, 0x00, 0x00, 0x00, 0x00, 
0x00, 0x54, 0xA8, 0x83, 0x0A, 0x00, 0x00, 0x00, 0x00, 0x00, 0x00, 0x23, 0xE0, 0x3D, 0xA5, 0x85, 
0x00, 0x00, 0x00, 0x00, 0x00, 0x00, 0x39, 0xC4, 0x00, 0x69, 0x9F, 0x00, 0x00, 0x00, 0x00, 0x00, 
0x00, 0x03, 0xB5, 0xDE, 0xE0, 0x31, 0x00, 0x00, 0x00, 0x00, 0x00, 0x00, 0x00, 0x00, 0x0C, 0x01, 
0x00, 0x00, 0x00, 0x00, 0x52, 0xDC, 0x33, 0x00, 0x00, 0x00, 0x00, 0x00, 0x11, 0xDC, 0x71, 0x60, 
0xFF, 0x3C, 0x00, 0x00, 0x00, 0x00, 0x00, 0x14, 0xFF, 0x84, 0x60, 0xFF, 0x3C, 0x00, 0x00, 0x00, 
0x00, 0x00, 0x14, 0xFF, 0x84, 0x60, 0xFF, 0x3C, 0x00, 0x00, 0x00, 0x00, 0x00, 0x14, 0xFF, 0x84, 
0x60, 0xFF, 0x3C, 0x00, 0x00, 0x00, 0x00, 0x00, 0x14, 0xFF, 0x84, 0x60, 0xFF, 0x3C, 0x00, 0x00, 
0x00, 0x00, 0x00, 0x14, 0xFF, 0x84, 0x60, 0xFF, 0x3C, 0x00, 0x00, 0x00, 0x00, 0x00, 0x14, 0xFF, 
0x84, 0x60, 0xFF, 0x3C, 0x00, 0x00, 0x00, 0x00, 0x00, 0x14, 0xFF, 0x84, 0x5C, 0xFF, 0x40, 0x00, 
0x00, 0x00, 0x00, 0x00, 0x19, 0xFF, 0x80, 0x43, 0xFF, 0x63, 0x00, 0x00, 0x00, 0x00, 0x00, 0x3D, 
0xFF, 0x65, 0x0B, 0xEF, 0xCC, 0x03, 0x00, 0x00, 0x00, 0x00, 0xAB, 0xFD, 0x1C, 0x00, 0x68, 0xFF, 
0xCC, 0x61, 0x41, 0x5A, 0xB5, 0xFF, 0x84, 0x00, 0x00, 0x00, 0x5C, 0xDC, 0xFF, 0xFF, 0xFF, 0xDE, 
0x69, 0x00, 0x00, 0x00, 0x00, 0x00, 0x00, 0x19, 0x2A, 0x17, 0x00, 0x00, 0x00, 0x00, 0x00, 0x00, 
0x00, 0x54, 0xA8, 0x83, 0x0A, 0x00, 0x00, 0x00, 0x00, 0x23, 0xE0, 0x3D, 0xA5, 0x85, 0x00, 0x00, 
0x00, 0x00, 0x39, 0xC4, 0x00, 0x69, 0x9F, 0x00, 0x00, 0x00, 0x00, 0x03, 0xB5, 0xDE, 0xE0, 0x31, 
0x00, 0x00, 0x00, 0x00, 0x00, 0x00, 0x0C, 0x01, 0x00, 0x00, 0x00, 0x5E, 0xA4, 0x05, 0x00, 0x00, 
0x00, 0x00, 0xA1, 0x61, 0x94, 0xFF, 0x08, 0x00, 0x00, 0x00, 0x00, 0xFC, 0x98, 0x94, 0xFF, 0x08, 
0x00, 0x00, 0x00, 0x00, 0xFC, 0x98, 0x94, 0xFF, 0x08, 0x00, 0x00, 0x00, 0x00, 0xFC, 0x98, 0x94, 
0xFF, 0x08, 0x00, 0x00, 0x00, 0x00, 0xFC, 0x98, 0x94, 0xFF, 0x08, 0x00, 0x00, 0x00, 0x03, 0xFE, 
0x98, 0x92, 0xFF, 0x0B, 0x00, 0x00, 0x00, 0x1B, 0xFF, 0x98, 0x77, 0xFF, 0x31, 0x00, 0x00, 0x00, 
0x69, 0xFF, 0x98, 0x33, 0xFE, 0xCA, 0x40, 0x32, 0x6D, 0xEA, 0xF9, 0x98, 0x00, 0x6B, 0xF1, 0xFF, 
0xFF, 0xE2, 0x49, 0xCB, 0x98, 0x00, 0x00, 0x03, 0x20, 0x22, 0x01, 0x00, 0x00, 0x00, 0x00, 0x00, 
0x00, 0x04, 0xB5, 0xA7, 0x00, 0x95, 0xBC, 0x0E, 0x00, 0x00, 0x00, 0x00, 0x69, 0xF5, 0x33, 0x3D, 
0xFD, 0x56, 0x00, 0x00, 0x00, 0x00, 0x18, 0xE6, 0x48, 0x05, 0xD4, 0x6B, 0x00, 0x00, 0x00, 0x00, 
0x00, 0x06, 0x10, 0x00, 0x02, 0x13, 0x00, 0x00, 0x00, 0x00, 0x52, 0xDC, 0x33, 0x00, 0x00, 0x00, 
0x00, 0x00, 0x11, 0xDC, 0x71, 0x60, 0xFF, 0x3C, 0x00, 0x00, 0x00, 0x00, 0x00, 0x14, 0xFF, 0x84, 
0x60, 0xFF, 0x3C, 0x00, 0x00, 0x00, 0x00, 0x00, 0x14, 0xFF, 0x84, 0x60, 0xFF, 0x3C, 0x00, 0x00, 
0x00, 0x00, 0x00, 0x14, 0xFF, 0x84, 0x60, 0xFF, 0x3C, 0x00, 0x00, 0x00, 0x00, 0x00, 0x14, 0xFF, 
0x84, 0x60, 0xFF, 0x3C, 0x00, 0x00, 0x00, 0x00, 0x00, 0x14, 0xFF, 0x84, 0x60, 0xFF, 0x3C, 0x00, 
0x00, 0x00, 0x00, 0x00, 0x14, 0xFF, 0x84, 0x60, 0xFF, 0x3C, 0x00, 0x00, 0x00, 0x00, 0x00, 0x14, 
0xFF, 0x84, 0x5C, 0xFF, 0x40, 0x00, 0x00, 0x00, 0x00, 0x00, 0x19, 0xFF, 0x80, 0x43, 0xFF, 0x63, 
0x00, 0x00, 0x00, 0x00, 0x00, 0x3D, 0xFF, 0x65, 0x0B, 0xEF, 0xCC, 0x03, 0x00, 0x00, 0x00, 0x00, 
0xAB, 0xFD, 0x1C, 0x00, 0x68, 0xFF, 0xCC, 0x61, 0x41, 0x5A, 0xB5, 0xFF, 0x84, 0x00, 0x00, 0x00, 
0x5C, 0xDC, 0xFF, 0xFF, 0xFF, 0xDE, 0x69, 0x00, 0x00, 0x00, 0x00, 0x00, 0x00, 0x19, 0x2A, 0x17, 
0x00, 0x00, 0x00, 0x00, 0x00, 0x00, 0x04, 0xB5, 0xA7, 0x00, 0x95, 0xBC, 0x0E, 0x00, 0x00, 0x69, 
0xF5, 0x33, 0x3D, 0xFD, 0x56, 0x00, 0x00, 0x18, 0xE6, 0x48, 0x05, 0xD4, 0x6B, 0x00, 0x00, 0x00, 
0x06, 0x10, 0x00, 0x02, 0x13, 0x00, 0x00, 0x00, 0x5E, 0xA4, 0x05, 0x00, 0x00, 0x00, 0x00, 0xA1, 
0x61, 0x94, 0xFF, 0x08, 0x00, 0x00, 0x00, 0x00, 0xFC, 0x98, 0x94, 0xFF, 0x08, 0x00, 0x00, 0x00, 
0x00, 0xFC, 0x98, 0x94, 0xFF, 0x08, 0x00, 0x00, 0x00, 0x00, 0xFC, 0x98, 0x94, 0xFF, 0x08, 0x00, 
0x00, 0x00, 0x00, 0xFC, 0x98, 0x94, 0xFF, 0x08, 0x00, 0x00, 0x00, 0x03, 0xFE, 0x98, 0x92, 0xFF, 
0x0B, 0x00, 0x00, 0x00, 0x1B, 0xFF, 0x98, 0x77, 0xFF, 0x31, 0x00, 0x00, 0x00, 0x69, 0xFF, 0x98, 
0x33, 0xFE, 0xCA, 0x40, 0x32, 0x6D, 0xEA, 0xF9, 0x98, 0x00, 0x6B, 0xF1, 0xFF, 0xFF, 0xE2, 0x49, 
0xCB, 0x98, 0x00, 0x00, 0x03, 0x20, 0x22, 0x01, 0x00, 0x00, 0x00, 0x00, 0x00, 0x00, 0x0D, 0x00, 
0x00, 0x0A, 0x03, 0x00, 0x00, 0x00, 0x00, 0x00, 0x31, 0xFE, 0x40, 0x00, 0xD2, 0x9C, 0x00, 0x00, 
0x00, 0x00, 0x00, 0x0F, 0x8C, 0x16, 0x00, 0x69, 0x47, 0x00, 0x00, 0x00, 0x00, 0x00, 0x00, 0x00, 
0x00, 0x00, 0x00, 0x00, 0x00, 0x00, 0x00, 0xA9, 0xCE, 0x0B, 0x00, 0x00, 0x00, 0x00, 0x00, 0xAD, 
0xC9, 0x08, 0x45, 0xFF, 0x7A, 0x00, 0x00, 0x00, 0x00, 0x48, 0xFF, 0x72, 0x00, 0x00, 0xBB, 0xEF, 
0x11, 0x00, 0x00, 0x01, 0xCD, 0xE0, 0x07, 0x00, 0x00, 0x32, 0xFE, 0x87, 0x00, 0x00, 0x57, 0xFF, 
0x5C, 0x00, 0x00, 0x00, 0x00, 0xA8, 0xF5, 0x18, 0x04, 0xD9, 0xCF, 0x01, 0x00, 0x00, 0x00, 0x00, 
0x23, 0xFA, 0x95, 0x65, 0xFF, 0x45, 0x00, 0x00, 0x00, 0x00, 0x00, 0x00, 0x94, 0xFA, 0xE8, 0xBA, 
0x00, 0x00, 0x00, 0x00, 0x00, 0x00, 0x00, 0x16, 0xF3, 0xFE, 0x31, 0x00, 0x00, 0x00, 0x00, 0x00, 
0x00, 0x00, 0x00, 0xB8, 0xE8, 0x00, 0x00, 0x00, 0x00, 0x00, 0x00, 0x00, 0x00, 0x00, 0xB8, 0xE8, 
0x00, 0x00, 0x00, 0x00, 0x00, 0x00, 0x00, 0x00, 0x00, 0xB8, 0xE8, 0x00, 0x00, 0x00, 0x00, 0x00, 
0x00, 0x00, 0x00, 0x00, 0xB8, 0xE8, 0x00, 0x00, 0x00, 0x00, 0x00, 0x00, 0x00, 0x00, 0x00, 0xB8, 
0xE8, 0x00, 0x00, 0x00, 0x00, 0x00, 0x00, 0x00, 0x00, 0x00, 0x00, 0x00, 0x9D, 0xC4, 0x22, 0x00, 
0x00, 0x00, 0x00, 0x00, 0x00, 0x55, 0xFF, 0x6A, 0x00, 0x00, 0x00, 0x00, 0x00, 0x00, 0x17, 0xE9, 
0x6D, 0x00, 0x00, 0x00, 0x00, 0x00, 0x00, 0x00, 0x06, 0x13, 0x00, 0x00, 0x00, 0x00, 0x14, 0xDC, 
0xDC, 0xDC, 0xDC, 0xDC, 0xDC, 0xDC, 0xDC, 0x59, 0x0E, 0x98, 0x98, 0x98, 0x98, 0x98, 0x98, 0xDF, 
0xFF, 0x46, 0x00, 0x00, 0x00, 0x00, 0x00, 0x00, 0x2C, 0xF9, 0xA8, 0x00, 0x00, 0x00, 0x00, 0x00, 
0x00, 0x04, 0xCC, 0xEA, 0x14, 0x00, 0x00, 0x00, 0x00, 0x00, 0x00, 0x7B, 0xFF, 0x54, 0x00, 0x00, 
0x00, 0x00, 0x00, 0x00, 0x2B, 0xF9, 0xAA, 0x00, 0x00, 0x00, 0x00, 0x00, 0x00, 0x03, 0xCA, 0xEB, 
0x15, 0x00, 0x00, 0x00, 0x00, 0x00, 0x00, 0x79, 0xFF, 0x56, 0x00, 0x00, 0x00, 0x00, 0x00, 0x00, 
0x29, 0xF8, 0xAC, 0x00, 0x00, 0x00, 0x00, 0x00, 0x00, 0x03, 0xC9, 0xEB, 0x16, 0x00, 0x00, 0x00, 
0x00, 0x00, 0x00, 0x77, 0xFF, 0x58, 0x00, 0x00, 0x00, 0x00, 0x00, 0x00, 0x24, 0xF7, 0xE7, 0x70, 
0x70, 0x70, 0x70, 0x70, 0x70, 0x42, 0x50, 0xFF, 0xFF, 0xFF, 0xFF, 0xFF, 0xFF, 0xFF, 0xFF, 0x98, 
0x00, 0x00, 0x00, 0x00, 0x00, 0x9D, 0xC4, 0x22, 0x00, 0x00, 0x00, 0x00, 0x55, 0xFF, 0x6A, 0x00, 
0x00, 0x00, 0x00, 0x17, 0xE9, 0x6D, 0x00, 0x00, 0x00, 0x00, 0x00, 0x06, 0x13, 0x00, 0x00, 0x00, 
0x00, 0xA1, 0xA4, 0xA4, 0xA4, 0xA4, 0xA4, 0x66, 0x00, 0x91, 0x94, 0x94, 0x94, 0xAF, 0xFF, 0x8D, 
0x00, 0x00, 0x00, 0x00, 0x02, 0xBF, 0xE2, 0x10, 0x00, 0x00, 0x00, 0x00, 0x77, 0xFD, 0x41, 0x00, 
0x00, 0x00, 0x00, 0x30, 0xF9, 0x89, 0x00, 0x00, 0x00, 0x00, 0x08, 0xD5, 0xCE, 0x06, 0x00, 0x00, 
0x00, 0x00, 0x93, 0xF6, 0x29, 0x00, 0x00, 0x00, 0x00, 0x47, 0xFE, 0x6B, 0x00, 0x00, 0x00, 0x00, 
0x13, 0xE6, 0xD5, 0x38, 0x38, 0x38, 0x38, 0x2A, 0x4C, 0xFF, 0xFF, 0xFF, 0xFF, 0xFF, 0xFF, 0xC4, 
0x00, 0x00, 0x00, 0x00, 0x00, 0x29, 0x05, 0x00, 0x00, 0x00, 0x00, 0x00, 0x00, 0x00, 0x37, 0xFF, 
0x81, 0x00, 0x00, 0x00, 0x00, 0x00, 0x00, 0x00, 0x14, 0xA5, 0x3D, 0x00, 0x00, 0x00, 0x00, 0x00, 
0x00, 0x00, 0x00, 0x00, 0x00, 0x00, 0x00, 0x00, 0x14, 0xDC, 0xDC, 0xDC, 0xDC, 0xDC, 0xDC, 0xDC, 
0xDC, 0x59, 0x0E, 0x98, 0x98, 0x98, 0x98, 0x98, 0x98, 0xDF, 0xFF, 0x46, 0x00, 0x00, 0x00, 0x00, 
0x00, 0x00, 0x2C, 0xF9, 0xA8, 0x00, 0x00, 0x00, 0x00, 0x00, 0x00, 0x04, 0xCC, 0xEA, 0x14, 0x00, 
0x00, 0x00, 0x00, 0x00, 0x00, 0x7B, 0xFF, 0x54, 0x00, 0x00, 0x00, 0x00, 0x00, 0x00, 0x2B, 0xF9, 
0xAA, 0x00, 0x00, 0x00, 0x00, 0x00, 0x00, 0x03, 0xCA, 0xEB, 0x15, 0x00, 0x00, 0x00, 0x00, 0x00, 
0x00, 0x79, 0xFF, 0x56, 0x00, 0x00, 0x00, 0x00, 0x00, 0x00, 0x29, 0xF8, 0xAC, 0x00, 0x00, 0x00, 
0x00, 0x00, 0x00, 0x03, 0xC9, 0xEB, 0x16, 0x00, 0x00, 0x00, 0x00, 0x00, 0x00, 0x77, 0xFF, 0x58, 
0x00, 0x00, 0x00, 0x00, 0x00, 0x00, 0x24, 0xF7, 0xE7, 0x70, 0x70, 0x70, 0x70, 0x70, 0x70, 0x42, 
0x50, 0xFF, 0xFF, 0xFF, 0xFF, 0xFF, 0xFF, 0xFF, 0xFF, 0x98, 0x00, 0x00, 0x00, 0x00, 0x29, 0x05, 
0x00, 0x00, 0x00, 0x00, 0x00, 0x37, 0xFF, 0x81, 0x00, 0x00, 0x00, 0x00, 0x00, 0x14, 0xA5, 0x3D, 
0x00, 0x00, 0x00, 0x00, 0x00, 0x00, 0x00, 0x00, 0x00, 0x00, 0x00, 0xA1, 0xA4, 0xA4, 0xA4, 0xA4, 
0xA4, 0x66, 0x00, 0x91, 0x94, 0x94, 0x94, 0xAF, 0xFF, 0x8D, 0x00, 0x00, 0x00, 0x00, 0x02, 0xBF, 
0xE2, 0x10, 0x00, 0x00, 0x00, 0x00, 0x77, 0xFD, 0x41, 0x00, 0x00, 0x00, 0x00, 0x30, 0xF9, 0x89, 
0x00, 0x00, 0x00, 0x00, 0x08, 0xD5, 0xCE, 0x06, 0x00, 0x00, 0x00, 0x00, 0x93, 0xF6, 0x29, 0x00, 
0x00, 0x00, 0x00, 0x47, 0xFE, 0x6B, 0x00, 0x00, 0x00, 0x00, 0x13, 0xE6, 0xD5, 0x38, 0x38, 0x38, 
0x38, 0x2A, 0x4C, 0xFF, 0xFF, 0xFF, 0xFF, 0xFF, 0xFF, 0xC4, 0x00, 0x1B, 0xBC, 0x42, 0x00, 0x0B, 
0x99, 0x79, 0x00, 0x00, 0x00, 0x00, 0x53, 0xF9, 0x68, 0xCB, 0xC3, 0x08, 0x00, 0x00, 0x00, 0x00, 
0x00, 0x7E, 0xFF, 0xE4, 0x13, 0x00, 0x00, 0x00, 0x00, 0x00, 0x00, 0x02, 0x18, 0x0D, 0x00, 0x00, 
0x00, 0x00, 0x14, 0xDC, 0xDC, 0xDC, 0xDC, 0xDC, 0xDC, 0xDC, 0xDC, 0x59, 0x0E, 0x98, 0x98, 0x98, 
0x98, 0x98, 0x98, 0xDF, 0xFF, 0x46, 0x00, 0x00, 0x00, 0x00, 0x00, 0x00, 0x2C, 0xF9, 0xA8, 0x00, 
0x00, 0x00, 0x00, 0x00, 0x00, 0x04, 0xCC, 0xEA, 0x14, 0x00, 0x00, 0x00, 0x00, 0x00, 0x00, 0x7B, 
0xFF, 0x54, 0x00, 0x00, 0x00, 0x00, 0x00, 0x00, 0x2B, 0xF9, 0xAA, 0x00, 0x00, 0x00, 0x00, 0x00, 
0x00, 0x03, 0xCA, 0xEB, 0x15, 0x00, 0x00, 0x00, 0x00, 0x00, 0x00, 0x79, 0xFF, 0x56, 0x00, 0x00, 
0x00, 0x00, 0x00, 0x00, 0x29, 0xF8, 0xAC, 0x00, 0x00, 0x00, 0x00, 0x00, 0x00, 0x03, 0xC9, 0xEB, 
0x16, 0x00, 0x00, 0x00, 0x00, 0x00, 0x00, 0x77, 0xFF, 0x58, 0x00, 0x00, 0x00, 0x00, 0x00, 0x00, 
0x24, 0xF7, 0xE7, 0x70, 0x70, 0x70, 0x70, 0x70, 0x70, 0x42, 0x50, 0xFF, 0xFF, 0xFF, 0xFF, 0xFF, 
0xFF, 0xFF, 0xFF, 0x98, 0x1B, 0xBC, 0x42, 0x00, 0x0B, 0x99, 0x79, 0x00, 0x00, 0x53, 0xF9, 0x68, 
0xCB, 0xC3, 0x08, 0x00, 0x00, 0x00, 0x7E, 0xFF, 0xE4, 0x13, 0x00, 0x00, 0x00, 0x00, 0x02, 0x18, 
0x0D, 0x00, 0x00, 0x00, 0x00, 0xA1, 0xA4, 0xA4, 0xA4, 0xA4, 0xA4, 0x66, 0x00, 0x91, 0x94, 0x94, 
0x94, 0xAF, 0xFF, 0x8D, 0x00, 0x00, 0x00, 0x00, 0x02, 0xBF, 0xE2, 0x10, 0x00, 0x00, 0x00, 0x00, 
0x77, 0xFD, 0x41, 0x00, 0x00, 0x00, 0x00, 0x30, 0xF9, 0x89, 0x00, 0x00, 0x00, 0x00, 0x08, 0xD5, 
0xCE, 0x06, 0x00, 0x00, 0x00, 0x00, 0x93, 0xF6, 0x29, 0x00, 0x00, 0x00, 0x00, 0x47, 0xFE, 0x6B, 
0x00, 0x00, 0x00, 0x00, 0x13, 0xE6, 0xD5, 0x38, 0x38, 0x38, 0x38, 0x2A, 0x4C, 0xFF, 0xFF, 0xFF, 
0xFF, 0xFF, 0xFF, 0xC4, 0x00, 0x00, 0x00, 0x00, 0x00, 0x3A, 0xA1, 0xBC, 0xA1, 0x12, 0x00, 0x00, 
0x00, 0x00, 0x42, 0xFE, 0xD0, 0x91, 0xA8, 0x02, 0x00, 0x00, 0x00, 0x00, 0xA6, 0xF6, 0x0E, 0x00, 
0x00, 0x00, 0x00, 0x00, 0x00, 0x00, 0xC3, 0xD6, 0x00, 0x00, 0x00, 0x00, 0x00, 0x00, 0x1B, 0x77, 
0xED, 0xEE, 0xA4, 0xA4, 0x26, 0x00, 0x00, 0x00, 0x45, 0x94, 0xE8, 0xEB, 0x94, 0x94, 0x22, 0x00, 
0x00, 0x00, 0x00, 0x00, 0xC8, 0xD0, 0x00, 0x00, 0x00, 0x00, 0x00, 0x00, 0x00, 0x00, 0xC8, 0xD0, 
0x00, 0x00, 0x00, 0x00, 0x00, 0x00, 0x00, 0x00, 0xC8, 0xD0, 0x00, 0x00, 0x00, 0x00, 0x00, 0x00, 
0x00, 0x00, 0xC8, 0xD0, 0x00, 0x00, 0x00, 0x00, 0x00, 0x00, 0x00, 0x00, 0xC8, 0xD0, 0x00, 0x00, 
0x00, 0x00, 0x00, 0x00, 0x00, 0x00, 0xC8, 0xD0, 0x00, 0x00, 0x00, 0x00, 0x00, 0x00, 0x00, 0x00, 
0xC8, 0xD0, 0x00, 0x00, 0x00, 0x00, 0x00, 0x00, 0x00, 0x00, 0xC8, 0xD0, 0x00, 0x00, 0x00, 0x00, 
0x00, 0x00, 0x00, 0x00, 0xC8, 0xD0, 0x00, 0x00, 0x00, 0x00, 0x25, 0x99, 0x15, 0x00, 0xCB, 0xCA, 
0x00, 0x00, 0x00, 0x00, 0x25, 0xFF, 0x5E, 0x15, 0xF0, 0xA7, 0x00, 0x00, 0x00, 0x00, 0x00, 0xA8, 
0xFF, 0xFD, 0xF4, 0x36, 0x00, 0x00, 0x00, 0x00, 0x00, 0x00, 0x37, 0x4F, 0x1B, 0x00, 0x00, 0x00, 
0x00, 0x00, 0x00, 0x00, 0x44, 0xC8, 0xA2, 0x01, 0x00, 0x00, 0x20, 0xE9, 0xBC, 0xF5, 0x83, 0x00, 
0x12, 0xD6, 0x8F, 0x02, 0x36, 0xE1, 0x6A, 0x06, 0x14, 0x00, 0x00, 0x00, 0x09, 0x13, 0x1B, 0xBC, 
0x42, 0x00, 0x0B, 0x99, 0x79, 0x00, 0x53, 0xF9, 0x68, 0xCB, 0xC3, 0x08, 0x00, 0x00, 0x7E, 0xFF, 
0xE4, 0x13, 0x00, 0x00, 0x00, 0x02, 0x18, 0x0D, 0x00, 0x00, 0x13, 0x3A, 0x00, 0x00, 0x00, 0x3A, 
0x15, 0x17, 0xEB, 0x54, 0x37, 0x63, 0xED, 0x1A, 0x00, 0x61, 0xEF, 0xFF, 0xEA, 0x5C, 0x00, 0x00, 
0x00, 0x00, 0x0F, 0x00, 0x00, 0x00, 0x00, 0x29, 0x05, 0x37, 0xFF, 0x81, 0x14, 0xA5, 0x3D, 0x00, 
0x54, 0xA8, 0x83, 0x0A, 0x23, 0xE0, 0x3D, 0xA5, 0x85, 0x39, 0xC4, 0x00, 0x69, 0x9F, 0x03, 0xB5, 
0xDE, 0xE0, 0x31, 0x00, 0x00, 0x0C, 0x01, 0x00, 0x00, 0x00, 0x25, 0x02, 0x00, 0x6E, 0xBD, 0x07, 
0x17, 0xFB, 0x25, 0x00, 0x3A, 0xFF, 0x49, 0x1A, 0x04, 0xAC, 0xED, 0x9A, 0x00, 0x01, 0x29, 0x10, 
0x00, 0x00, 0x25, 0x12, 0x00, 0xA6, 0xFF, 0xF5, 0x86, 0x47, 0xDF, 0x26, 0x25, 0xDD, 0x1C, 0x57, 
0xD6, 0xFE, 0x91, 0x00, 0x06, 0x0F, 0x00, 0x00, 0x00, 0x06, 0x00, 0x00, 0x00, 0x04, 0xB5, 0xA7, 
0x00, 0x95, 0xBC, 0x0E, 0x00, 0x69, 0xF5, 0x33, 0x3D, 0xFD, 0x56, 0x00, 0x18, 0xE6, 0x48, 0x05, 
0xD4, 0x6B, 0x00, 0x00, 0x06, 0x10, 0x00, 0x02, 0x13, 0x00, 0x00, 0x00, 0x00, 0x00, 0x00, 0x00, 
0x00, 0x00, 0x04, 0x00, 0x00, 0x00, 0x00, 0x00, 0x00, 0x00, 0x00, 0x00, 0x58, 0xC1, 0xF0, 0xFF, 
0xEC, 0xB8, 0x4C, 0x00, 0x00, 0x00, 0x00, 0x03, 0xA5, 0xFF, 0xCF, 0x7D, 0x67, 0x82, 0xD9, 0xFF, 
0x91, 0x00, 0x00, 0x00, 0x77, 0xFF, 0x8B, 0x00, 0x00, 0x00, 0x00, 0x03, 0xA0, 0xFF, 0x5E, 0x00, 
0x06, 0xEF, 0xD3, 0x02, 0x00, 0x00, 0x00, 0x00, 0x00, 0x09, 0xE4, 0xDA, 0x00, 0x41, 0xFF, 0x7A, 
0x00, 0x00, 0x00, 0x00, 0x00, 0x00, 0x00, 0x90, 0xFF, 0x29, 0x61, 0xFF, 0x51, 0x00, 0x00, 0x00, 
0x00, 0x00, 0x00, 0x00, 0x67, 0xFF, 0x48, 0x67, 0xFF, 0x49, 0x00, 0x00, 0x00, 0x00, 0x00, 0x00, 
0x00, 0x5E, 0xFF, 0x4F, 0x49, 0xFF, 0x63, 0x00, 0x00, 0x00, 0x00, 0x00, 0x00, 0x00, 0x79, 0xFF, 
0x31, 0x0C, 0xF4, 0xA3, 0x00, 0x00, 0x00, 0x00, 0x00, 0x00, 0x00, 0xBB, 0xE9, 0x02, 0x00, 0x87, 
0xF8, 0x26, 0x00, 0x00, 0x00, 0x00, 0x00, 0x38, 0xFE, 0x75, 0x00, 0x00, 0x08, 0xC9, 0xD3, 0x13, 
0x00, 0x00, 0x00, 0x1D, 0xE0, 0xBC, 0x04, 0x00, 0x3B, 0x6C, 0x7B, 0xF6, 0xDB, 0x1D, 0x00, 0x2A, 
0xE5, 0xF1, 0x76, 0x6C, 0x30, 0x8C, 0xFF, 0xFF, 0xFF, 0xFF, 0x48, 0x00, 0x60, 0xFF, 0xFF, 0xFF, 
0xFF, 0x74, 0x75, 0xA4, 0xA4, 0xA4, 0xA4, 0xA4, 0xA4, 0xA4, 0xA4, 0xA4, 0xA4, 0x3A, 0x6A, 0x94, 
0xE5, 0xEB, 0x94, 0x94, 0x94, 0x9E, 0xFF, 0xC6, 0x94, 0x35, 0x00, 0x00, 0xC0, 0xD0, 0x00, 0x00, 
0x00, 0x18, 0xFF, 0x78, 0x00, 0x00, 0x00, 0x00, 0xC0, 0xD0, 0x00, 0x00, 0x00, 0x18, 0xFF, 0x78, 
0x00, 0x00, 0x00, 0x00, 0xC0, 0xD0, 0x00, 0x00, 0x00, 0x18, 0xFF, 0x78, 0x00, 0x00, 0x00, 0x00, 
0xC0, 0xD0, 0x00, 0x00, 0x00, 0x18, 0xFF, 0x78, 0x00, 0x00, 0x00, 0x00, 0xC0, 0xD0, 0x00, 0x00, 
0x00, 0x18, 0xFF, 0x78, 0x00, 0x00, 0x00, 0x00, 0xC0, 0xD0, 0x00, 0x00, 0x00, 0x17, 0xFF, 0x78, 
0x00, 0x00, 0x00, 0x00, 0xC0, 0xD0, 0x00, 0x00, 0x00, 0x06, 0xFD, 0xB3, 0x29, 0x06, 0x00, 0x00, 
0xC0, 0xD0, 0x00, 0x00, 0x00, 0x00, 0x94, 0xFF, 0xFF, 0x17, 0x00, 0x00, 0x00, 0x00, 0x00, 0x00, 
0x00, 0x00, 0x00, 0x1E, 0x1B, 0x00, 0x26, 0x88, 0x88, 0x88, 0x88, 0x88, 0x88, 0x88, 0x26, 0x3F, 
0xE0, 0xE0, 0xE0, 0xE0, 0xE0, 0xE0, 0xE0, 0x3F, 0x26, 0x88, 0x88, 0x88, 0x88, 0x88, 0x88, 0x88, 
0x88, 0x88, 0x88, 0x88, 0x88, 0x88, 0x88, 0x88, 0x88, 0x26, 0x3F, 0xE0, 0xE0, 0xE0, 0xE0, 0xE0, 
0xE0, 0xE0, 0xE0, 0xE0, 0xE0, 0xE0, 0xE0, 0xE0, 0xE0, 0xE0, 0xE0, 0x3F, 0x00, 0x5A, 0xB7, 0x00, 
0xCB, 0x9B, 0x2E, 0xFF, 0x65, 0x82, 0xFF, 0x35, 0x68, 0x90, 0x0A, 0x00, 0xD2, 0xB8, 0x1F, 0xFF, 
0x8F, 0x52, 0xFF, 0x38, 0x88, 0xD2, 0x00, 0x67, 0x48, 0x00, 0x00, 0xD2, 0xB8, 0x1F, 0xFF, 0x8F, 
0x52, 0xFF, 0x38, 0x88, 0xD2, 0x00, 0x67, 0x48, 0x00, 0x00, 0x5A, 0xB4, 0x00, 0x18, 0xDA, 0x21, 
0x00, 0xCB, 0x9C, 0x00, 0x7E, 0xEE, 0x01, 0x2E, 0xFF, 0x63, 0x00, 0xE1, 0xB7, 0x00, 0x82, 0xFF, 
0x32, 0x36, 0xFF, 0x86, 0x00, 0x68, 0x90, 0x08, 0x3D, 0x90, 0x37, 0x00, 0x01, 0xD5, 0xB5, 0x00, 
0x8F, 0xDC, 0x21, 0x23, 0xFF, 0x8B, 0x00, 0xCF, 0xDE, 0x00, 0x56, 0xFF, 0x34, 0x08, 0xFB, 0x88, 
0x00, 0x8B, 0xCE, 0x00, 0x3C, 0xFE, 0x23, 0x00, 0x67, 0x46, 0x00, 0x3C, 0x75, 0x00, 0x00, 0x01, 
0xD5, 0xB5, 0x00, 0x8F, 0xDC, 0x21, 0x23, 0xFF, 0x8B, 0x00, 0xCF, 0xDE, 0x00, 0x56, 0xFF, 0x34, 
0x08, 0xFB, 0x88, 0x00, 0x8B, 0xCE, 0x00, 0x3C, 0xFE, 0x23, 0x00, 0x67, 0x46, 0x00, 0x3C, 0x75, 
0x00, 0x00, 0x00, 0x00, 0x38, 0xB0, 0x45, 0x00, 0x00, 0x00, 0x00, 0x00, 0x39, 0xFF, 0x4A, 0x00, 
0x00, 0x00, 0x00, 0x00, 0x1C, 0xFF, 0x2A, 0x00, 0x00, 0x00, 0x33, 0x28, 0x13, 0xFB, 0x1A, 0x25, 
0x3B, 0x04, 0xD4, 0xFF, 0xFF, 0xFF, 0xFF, 0xFF, 0xFF, 0x10, 0x33, 0x29, 0x11, 0xF5, 0x12, 0x26, 
0x3C, 0x04, 0x00, 0x00, 0x02, 0xFF, 0x0E, 0x00, 0x00, 0x00, 0x00, 0x00, 0x0E, 0xFF, 0x1B, 0x00, 
0x00, 0x00, 0x00, 0x00, 0x1A, 0xFF, 0x28, 0x00, 0x00, 0x00, 0x00, 0x00, 0x26, 0xFF, 0x35, 0x00, 
0x00, 0x00, 0x00, 0x00, 0x32, 0xFF, 0x42, 0x00, 0x00, 0x00, 0x00, 0x00, 0x3E, 0xFF, 0x4F, 0x00, 
0x00, 0x00, 0x00, 0x00, 0x4A, 0xFF, 0x5C, 0x00, 0x00, 0x00, 0x00, 0x00, 0x56, 0xFF, 0x69, 0x00, 
0x00, 0x00, 0x00, 0x00, 0x32, 0xB0, 0x4D, 0x00, 0x00, 0x00, 0x00, 0x00, 0x2D, 0xFF, 0x55, 0x00, 
0x00, 0x00, 0x00, 0x00, 0x0B, 0xFF, 0x35, 0x00, 0x00, 0x00, 0x85, 0x7A, 0x62, 0xF5, 0x6F, 0x75, 
0x8C, 0x15, 0xD0, 0xCC, 0xB6, 0xF9, 0xB9, 0xC8, 0xDE, 0x20, 0x00, 0x00, 0x09, 0xFD, 0x30, 0x00, 
0x00, 0x00, 0x00, 0x00, 0x30, 0xFF, 0x58, 0x00, 0x00, 0x00, 0x00, 0x00, 0x38, 0xFF, 0x60, 0x00, 
0x00, 0x00, 0x00, 0x00, 0x11, 0xFF, 0x3B, 0x00, 0x00, 0x00, 0x86, 0x7B, 0x65, 0xF6, 0x73, 0x77, 
0x8D, 0x15, 0xD0, 0xCE, 0xB9, 0xF8, 0xBC, 0xCA, 0xDF, 0x21, 0x00, 0x00, 0x04, 0xFB, 0x2A, 0x00, 
0x00, 0x00, 0x00, 0x00, 0x22, 0xFF, 0x4B, 0x00, 0x00, 0x00, 0x00, 0x00, 0x43, 0xFF, 0x6B, 0x00, 
0x00, 0x00, 0x0A, 0x94, 0xC0, 0x72, 0x00, 0x72, 0xFF, 0xFF, 0xFF, 0x35, 0x93, 0xFF, 0xFF, 0xFF, 
0x56, 0x64, 0xFF, 0xFF, 0xFD, 0x29, 0x03, 0x6F, 0x9D, 0x4E, 0x00, 0x03, 0x20, 0x00, 0x00, 0x00, 
0x03, 0x20, 0x00, 0x00, 0x03, 0x20, 0x00, 0x92, 0xFF, 0x63, 0x00, 0x00, 0x92, 0xFF, 0x63, 0x00, 
0x92, 0xFF, 0x63, 0x98, 0xFF, 0x69, 0x00, 0x00, 0x98, 0xFF, 0x69, 0x00, 0x98, 0xFF, 0x69, 0x08, 
0x33, 0x01, 0x00, 0x00, 0x08, 0x33, 0x01, 0x00, 0x08, 0x33, 0x01, 0x00, 0x00, 0x00, 0x02, 0x00, 
0x00, 0x00, 0x00, 0x00, 0x00, 0x00, 0x00, 0x00, 0x00, 0x00, 0x00, 0x00, 0x00, 0x00, 0x00, 0x00, 
0x00, 0x23, 0xCE, 0xFE, 0xCF, 0x24, 0x00, 0x00, 0x00, 0x04, 0xC0, 0x6D, 0x00, 0x00, 0x00, 0x00, 
0x00, 0x00, 0x00, 0x00, 0x00, 0x00, 0xAC, 0xBF, 0x27, 0xB4, 0xB4, 0x00, 0x00, 0x00, 0x69, 0xEB, 
0x0F, 0x00, 0x00, 0x00, 0x00, 0x00, 0x00, 0x00, 0x00, 0x00, 0x01, 0xF8, 0x58, 0x00, 0x44, 0xFD, 
0x0C, 0x00, 0x0D, 0xE9, 0x6D, 0x00, 0x00, 0x00, 0x00, 0x00, 0x00, 0x00, 0x00, 0x00, 0x00, 0x14, 
0xFF, 0x3B, 0x00, 0x24, 0xFF, 0x27, 0x00, 0x85, 0xDA, 0x05, 0x00, 0x00, 0x00, 0x00, 0x00, 0x00, 
0x00, 0x00, 0x00, 0x00, 0x13, 0xFF, 0x3C, 0x00, 0x25, 0xFF, 0x26, 0x1C, 0xF6, 0x51, 0x00, 0x00, 
0x00, 0x00, 0x00, 0x00, 0x00, 0x00, 0x00, 0x00, 0x00, 0x00, 0xF5, 0x59, 0x00, 0x45, 0xFD, 0x0C, 
0xA1, 0xC3, 0x22, 0xB8, 0xDC, 0x99, 0x08, 0x00, 0x0C, 0x9F, 0xDC, 0xB4, 0x1E, 0x00, 0x00, 0xA3, 
0xC3, 0x2F, 0xB9, 0xB9, 0x30, 0xFC, 0x36, 0xBD, 0xBE, 0x54, 0xE1, 0x81, 0x00, 0x85, 0xE3, 0x54, 
0xBE, 0xBC, 0x00, 0x00, 0x1C, 0xC8, 0xFE, 0xD2, 0x29, 0xBB, 0xA8, 0x14, 0xFE, 0x3C, 0x00, 0x6E, 
0xE1, 0x00, 0xDB, 0x78, 0x00, 0x35, 0xFF, 0x1A, 0x00, 0x00, 0x00, 0x02, 0x00, 0x4A, 0xF8, 0x21, 
0x32, 0xFF, 0x19, 0x00, 0x48, 0xFE, 0x05, 0xF8, 0x55, 0x00, 0x0F, 0xFF, 0x3B, 0x00, 0x00, 0x00, 
0x00, 0x03, 0xD4, 0x8C, 0x00, 0x36, 0xFF, 0x15, 0x00, 0x43, 0xFF, 0x0C, 0xFC, 0x51, 0x00, 0x0B, 
0xFF, 0x42, 0x00, 0x00, 0x00, 0x00, 0x66, 0xED, 0x10, 0x00, 0x1C, 0xFF, 0x2D, 0x00, 0x5E, 0xF0, 
0x00, 0xE4, 0x69, 0x00, 0x25, 0xFF, 0x28, 0x00, 0x00, 0x00, 0x0B, 0xE7, 0x70, 0x00, 0x00, 0x00, 
0xD1, 0x8B, 0x0A, 0xBE, 0xA7, 0x00, 0x99, 0xC1, 0x0A, 0x8A, 0xDE, 0x01, 0x00, 0x00, 0x00, 0x81, 
0xDC, 0x06, 0x00, 0x00, 0x00, 0x44, 0xF2, 0xFE, 0xE4, 0x28, 0x00, 0x1F, 0xDE, 0xFE, 0xF6, 0x4F, 
0x00, 0x00, 0x00, 0x00, 0x00, 0x00, 0x00, 0x00, 0x00, 0x00, 0x00, 0x0C, 0x29, 0x05, 0x00, 0x00, 
0x00, 0x04, 0x28, 0x0D, 0x00, 0x00, 0x00, 0x00, 0x00, 0x33, 0x18, 0x00, 0x00, 0x24, 0xED, 0x91, 
0x00, 0x10, 0xD8, 0xC4, 0x06, 0x04, 0xBA, 0xE2, 0x16, 0x00, 0x24, 0xF7, 0x9D, 0x00, 0x00, 0x00, 
0x57, 0xFE, 0x61, 0x00, 0x00, 0x00, 0x7F, 0xF9, 0x39, 0x00, 0x00, 0x00, 0xA1, 0x77, 0x00, 0x44, 
0x07, 0x00, 0x00, 0x14, 0xE9, 0xA3, 0x00, 0x00, 0x00, 0x3C, 0xFA, 0x7A, 0x00, 0x00, 0x00, 0x65, 
0xFE, 0x53, 0x00, 0x00, 0x18, 0xF1, 0xAF, 0x00, 0x07, 0xC6, 0xD8, 0x10, 0x00, 0x9E, 0xEC, 0x23, 
0x00, 0x14, 0xC4, 0x3E, 0x00, 0x00, 0x00, 0x00, 0x00, 0x00, 0x00, 0x00, 0x00, 0x02, 0xB9, 0x6E, 
0x00, 0x00, 0x00, 0x00, 0x00, 0x00, 0x00, 0x6D, 0xE3, 0x0C, 0x00, 0x00, 0x00, 0x00, 0x00, 0x00, 
0x17, 0xF0, 0x52, 0x00, 0x00, 0x00, 0x00, 0x00, 0x00, 0x00, 0xA5, 0xB6, 0x00, 0x00, 0x00, 0x00, 
0x00, 0x00, 0x00, 0x41, 0xF6, 0x22, 0x00, 0x00, 0x00, 0x00, 0x00, 0x00, 0x05, 0xD6, 0x7D, 0x00, 
0x00, 0x00, 0x00, 0x00, 0x00, 0x00, 0x79, 0xD9, 0x07, 0x00, 0x00, 0x00, 0x00, 0x00, 0x00, 0x1F, 
0xF5, 0x44, 0x00, 0x00, 0x00, 0x00, 0x00, 0x00, 0x00, 0xB2, 0xA7, 0x00, 0x00, 0x00, 0x00, 0x00, 
0x00, 0x00, 0x4D, 0xF1, 0x19, 0x00, 0x00, 0x00, 0x00, 0x00, 0x00, 0x09, 0xDF, 0x6E, 0x00, 0x00, 
0x00, 0x00, 0x00, 0x00, 0x00, 0x86, 0xCF, 0x03, 0x00, 0x00, 0x00, 0x00, 0x00, 0x00, 0x28, 0xF7, 
0x37, 0x00, 0x00, 0x00, 0x00, 0x00, 0x00, 0x00, 0x00, 0x00, 0x00, 0x04, 0x77, 0xD7, 0xFB, 0xEF, 
0xC8, 0x6A, 0x01, 0x00, 0x00, 0x00, 0xAD, 0xFF, 0xB2, 0x70, 0x7D, 0xBC, 0xB3, 0x00, 0x00, 0x00, 
0x5E, 0xFF, 0x78, 0x00, 0x00, 0x00, 0x00, 0x04, 0x00, 0x00, 0x00, 0xC9, 0xD9, 0x02, 0x00, 0x00, 
0x00, 0x00, 0x00, 0x00, 0x1C, 0x3B, 0xFD, 0xA5, 0x30, 0x30, 0x30, 0x27, 0x00, 0x00, 0x00, 0x95, 
0xFD, 0xFF, 0xFD, 0xFC, 0xFC, 0xFC, 0xD0, 0x00, 0x00, 0x00, 0x00, 0x4F, 0xFF, 0x4C, 0x00, 0x00, 
0x00, 0x00, 0x00, 0x00, 0x00, 0x5A, 0xB7, 0xFF, 0xB7, 0x98, 0x98, 0x98, 0x2D, 0x00, 0x00, 0x00, 
0x57, 0x9C, 0xFF, 0xCC, 0x94, 0x94, 0x94, 0x2B, 0x00, 0x00, 0x00, 0x00, 0x00, 0xDA, 0xC2, 0x00, 
0x00, 0x00, 0x00, 0x00, 0x00, 0x00, 0x00, 0x00, 0x7C, 0xFF, 0x50, 0x00, 0x00, 0x00, 0x00, 0x00, 
0x00, 0x00, 0x00, 0x06, 0xCE, 0xF9, 0x8C, 0x4B, 0x47, 0x70, 0x76, 0x00, 0x00, 0x00, 0x00, 0x15, 
0xA7, 0xFA, 0xFF, 0xFF, 0xF4, 0x7B, 0x00, 0x00, 0x00, 0x00, 0x00, 0x00, 0x0A, 0x28, 0x1F, 0x04, 
0x00, 0x00, 0x97, 0xDC, 0xDC, 0xDC, 0xDC, 0x37, 0xDC, 0x98, 0x00, 0x00, 0x25, 0xDC, 0x89, 0x16, 
0x20, 0xE4, 0x5B, 0x20, 0x2B, 0xF5, 0xF3, 0x0D, 0x00, 0x81, 0xF3, 0xA0, 0x00, 0x00, 0xE0, 0x44, 
0x00, 0x28, 0xEB, 0xBC, 0x5C, 0x00, 0xDA, 0xA5, 0xA0, 0x00, 0x00, 0xE0, 0x44, 0x00, 0x28, 0xF0, 
0x62, 0xB4, 0x38, 0xBE, 0x88, 0xA0, 0x00, 0x00, 0xE0, 0x44, 0x00, 0x28, 0xF0, 0x0F, 0xF2, 0xA6, 
0x5E, 0x88, 0xA0, 0x00, 0x00, 0xE0, 0x44, 0x00, 0x28, 0xF0, 0x00, 0xAD, 0xF3, 0x0B, 0x88, 0xA0, 
0x00, 0x00, 0x6C, 0x20, 0x00, 0x13, 0x74, 0x00, 0x33, 0x58, 0x00, 0x41, 0x4D, 0x00, 0x00, 0x00, 
0x5E, 0xAB, 0xBA, 0x86, 0x06, 0x28, 0x00, 0x00, 0x00, 0x80, 0xFF, 0xB3, 0x94, 0x80, 0x87, 0xFF, 
0x31, 0x00, 0x00, 0xE6, 0xC0, 0x00, 0x00, 0x00, 0x41, 0xA4, 0x11, 0x00, 0x04, 0xFF, 0x92, 0x00, 
0x00, 0x00, 0x00, 0x00, 0x00, 0x33, 0x8F, 0xFF, 0xD6, 0xA4, 0x9E, 0x00, 0x4C, 0xA4, 0x11, 0x6C, 
0x97, 0xFF, 0xCF, 0x94, 0x8F, 0x00, 0x78, 0xFF, 0x1C, 0x00, 0x08, 0xFF, 0x8C, 0x00, 0x00, 0x00, 
0x78, 0xFF, 0x1C, 0x00, 0x08, 0xFF, 0x8C, 0x00, 0x00, 0x00, 0x78, 0xFF, 0x1C, 0x00, 0x08, 0xFF, 
0x8C, 0x00, 0x00, 0x00, 0x78, 0xFF, 0x1C, 0x00, 0x08, 0xFF, 0x8C, 0x00, 0x00, 0x00, 0x78, 0xFF, 
0x1C, 0x00, 0x08, 0xFF, 0x8C, 0x00, 0x00, 0x00, 0x78, 0xFF, 0x1C, 0x00, 0x08, 0xFF, 0x8C, 0x00, 
0x00, 0x00, 0x78, 0xFF, 0x1C, 0x00, 0x08, 0xFF, 0x8C, 0x00, 0x00, 0x00, 0x78, 0xFF, 0x1C, 0x00, 
0x08, 0xFF, 0x8C, 0x00, 0x00, 0x00, 0x78, 0xFF, 0x1C, 0x00, 0x00, 0x00, 0x5E, 0xAB, 0xBA, 0x86, 
0x52, 0xB0, 0x13, 0x00, 0x00, 0x80, 0xFF, 0xB3, 0x94, 0x80, 0x78, 0xFF, 0x1C, 0x00, 0x00, 0xE6, 
0xC0, 0x00, 0x00, 0x00, 0x78, 0xFF, 0x1C, 0x00, 0x04, 0xFF, 0x92, 0x00, 0x00, 0x00, 0x78, 0xFF, 
0x1C, 0x33, 0x8F, 0xFF, 0xD6, 0xA4, 0x9E, 0x00, 0x78, 0xFF, 0x1C, 0x6C, 0x97, 0xFF, 0xCF, 0x94, 
0x8F, 0x00, 0x78, 0xFF, 0x1C, 0x00, 0x08, 0xFF, 0x8C, 0x00, 0x00, 0x00, 0x78, 0xFF, 0x1C, 0x00, 
0x08, 0xFF, 0x8C, 0x00, 0x00, 0x00, 0x78, 0xFF, 0x1C, 0x00, 0x08, 0xFF, 0x8C, 0x00, 0x00, 0x00, 
0x78, 0xFF, 0x1C, 0x00, 0x08, 0xFF, 0x8C, 0x00, 0x00, 0x00, 0x78, 0xFF, 0x1C, 0x00, 0x08, 0xFF, 
0x8C, 0x00, 0x00, 0x00, 0x78, 0xFF, 0x1C, 0x00, 0x08, 0xFF, 0x8C, 0x00, 0x00, 0x00, 0x78, 0xFF, 
0x1C, 0x00, 0x08, 0xFF, 0x8C, 0x00, 0x00, 0x00, 0x78, 0xFF, 0x1C, 0x00, 0x08, 0xFF, 0x8C, 0x00, 
0x00, 0x00, 0x78, 0xFF, 0x1C, 0x00, 0x11, 0x4E, 0x6F, 0x74, 0x6F, 0x20, 0x53, 0x61, 0x6E, 0x73, 
0x20, 0x52, 0x65, 0x67, 0x75, 0x6C, 0x61, 0x72, 0x00, 0x10, 0x4E, 0x6F, 0x74, 0x6F, 0x53, 0x61, 
0x6E, 0x73, 0x2D, 0x52, 0x65, 0x67, 0x75, 0x6C, 0x61, 0x72, 0x01
};
#else
extern const uint8_t NotoSans18[] PROGMEM;
#endif
